[M::bwa_idx_load_from_disk] read 0 ALT contigs
[M::process] read 401802 sequences (40000160 bp)...
[M::process] read 402010 sequences (40000034 bp)...
[M::mem_pestat] # candidate unique pairs for (FF, FR, RF, RR): (3, 190169, 10, 4)
[M::mem_pestat] skip orientation FF as there are not enough pairs
[M::mem_pestat] analyzing insert size distribution for orientation FR...
[M::mem_pestat] (25, 50, 75) percentile: (106, 128, 165)
[M::mem_pestat] low and high boundaries for computing mean and std.dev: (1, 283)
[M::mem_pestat] mean and std.dev: (136.42, 44.26)
[M::mem_pestat] low and high boundaries for proper pairs: (1, 342)
[M::mem_pestat] analyzing insert size distribution for orientation RF...
[M::mem_pestat] (25, 50, 75) percentile: (13, 52, 144)
[M::mem_pestat] low and high boundaries for computing mean and std.dev: (1, 406)
[M::mem_pestat] mean and std.dev: (41.00, 46.62)
[M::mem_pestat] low and high boundaries for proper pairs: (1, 537)
[M::mem_pestat] skip orientation RR as there are not enough pairs
[M::mem_pestat] skip orientation RF
[M::mem_process_seqs] Processed 401802 reads in 14.371 CPU sec, 3.646 real sec
[M::mem_pestat] # candidate unique pairs for (FF, FR, RF, RR): (1, 190374, 11, 7)
[M::mem_pestat] skip orientation FF as there are not enough pairs
[M::mem_pestat] analyzing insert size distribution for orientation FR...
[M::mem_pestat] (25, 50, 75) percentile: (106, 128, 165)
[M::mem_pestat] low and high boundaries for computing mean and std.dev: (1, 283)
[M::mem_pestat] mean and std.dev: (136.62, 44.32)
[M::mem_pestat] low and high boundaries for proper pairs: (1, 342)
[M::mem_pestat] analyzing insert size distribution for orientation RF...
[M::mem_pestat] (25, 50, 75) percentile: (20, 26, 98)
[M::mem_pestat] low and high boundaries for computing mean and std.dev: (1, 254)
[M::mem_pestat] mean and std.dev: (33.22, 29.84)
[M::mem_pestat] low and high boundaries for proper pairs: (1, 332)
[M::mem_pestat] skip orientation RR as there are not enough pairs
[M::mem_pestat] skip orientation RF
[M::mem_process_seqs] Processed 402010 reads in 13.989 CPU sec, 4.224 real sec
[M::process] read 401964 sequences (40000140 bp)...
[M::mem_pestat] # candidate unique pairs for (FF, FR, RF, RR): (2, 190053, 12, 2)
[M::mem_pestat] skip orientation FF as there are not enough pairs
[M::mem_pestat] analyzing insert size distribution for orientation FR...
[M::mem_pestat] (25, 50, 75) percentile: (106, 128, 164)
[M::mem_pestat] low and high boundaries for computing mean and std.dev: (1, 280)
[M::mem_pestat] mean and std.dev: (136.18, 43.64)
[M::mem_pestat] low and high boundaries for proper pairs: (1, 338)
[M::mem_pestat] analyzing insert size distribution for orientation RF...
[M::mem_pestat] (25, 50, 75) percentile: (20, 37, 66)
[M::mem_pestat] low and high boundaries for computing mean and std.dev: (1, 158)
[M::mem_pestat] mean and std.dev: (30.40, 16.49)
[M::mem_pestat] low and high boundaries for proper pairs: (1, 204)
[M::mem_pestat] skip orientation RR as there are not enough pairs
[M::mem_pestat] skip orientation RF
[M::mem_process_seqs] Processed 401964 reads in 13.849 CPU sec, 4.099 real sec
[M::process] read 401888 sequences (40000108 bp)...
[M::process] read 402170 sequences (40000076 bp)...
[M::mem_pestat] # candidate unique pairs for (FF, FR, RF, RR): (6, 190179, 6, 1)
[M::mem_pestat] skip orientation FF as there are not enough pairs
[M::mem_pestat] analyzing insert size distribution for orientation FR...
[M::mem_pestat] (25, 50, 75) percentile: (106, 128, 164)
[M::mem_pestat] low and high boundaries for computing mean and std.dev: (1, 280)
[M::mem_pestat] mean and std.dev: (136.00, 43.76)
[M::mem_pestat] low and high boundaries for proper pairs: (1, 338)
[M::mem_pestat] skip orientation RF as there are not enough pairs
[M::mem_pestat] skip orientation RR as there are not enough pairs
[M::mem_process_seqs] Processed 401888 reads in 14.215 CPU sec, 4.177 real sec
[M::mem_pestat] # candidate unique pairs for (FF, FR, RF, RR): (3, 190282, 5, 1)
[M::mem_pestat] skip orientation FF as there are not enough pairs
[M::mem_pestat] analyzing insert size distribution for orientation FR...
[M::mem_pestat] (25, 50, 75) percentile: (106, 128, 164)
[M::mem_pestat] low and high boundaries for computing mean and std.dev: (1, 280)
[M::mem_pestat] mean and std.dev: (135.93, 43.80)
[M::mem_pestat] low and high boundaries for proper pairs: (1, 338)
[M::mem_pestat] skip orientation RF as there are not enough pairs
[M::mem_pestat] skip orientation RR as there are not enough pairs
[M::mem_process_seqs] Processed 402170 reads in 13.989 CPU sec, 4.231 real sec
[M::process] read 402146 sequences (40000125 bp)...
[M::mem_pestat] # candidate unique pairs for (FF, FR, RF, RR): (1, 190231, 8, 1)
[M::mem_pestat] skip orientation FF as there are not enough pairs
[M::mem_pestat] analyzing insert size distribution for orientation FR...
[M::mem_pestat] (25, 50, 75) percentile: (106, 128, 164)
[M::mem_pestat] low and high boundaries for computing mean and std.dev: (1, 280)
[M::mem_pestat] mean and std.dev: (135.93, 43.69)
[M::mem_pestat] low and high boundaries for proper pairs: (1, 338)
[M::mem_pestat] skip orientation RF as there are not enough pairs
[M::mem_pestat] skip orientation RR as there are not enough pairs
[M::process] read 402190 sequences (40000119 bp)...
[M::mem_process_seqs] Processed 402146 reads in 14.278 CPU sec, 4.206 real sec
[M::mem_pestat] # candidate unique pairs for (FF, FR, RF, RR): (3, 190299, 13, 4)
[M::mem_pestat] skip orientation FF as there are not enough pairs
[M::mem_pestat] analyzing insert size distribution for orientation FR...
[M::mem_pestat] (25, 50, 75) percentile: (105, 128, 163)
[M::mem_pestat] low and high boundaries for computing mean and std.dev: (1, 279)
[M::mem_pestat] mean and std.dev: (135.52, 43.52)
[M::mem_pestat] low and high boundaries for proper pairs: (1, 337)
[M::mem_pestat] analyzing insert size distribution for orientation RF...
[M::mem_pestat] (25, 50, 75) percentile: (11, 43, 128)
[M::mem_pestat] low and high boundaries for computing mean and std.dev: (1, 362)
[M::mem_pestat] mean and std.dev: (56.77, 48.60)
[M::mem_pestat] low and high boundaries for proper pairs: (1, 479)
[M::mem_pestat] skip orientation RR as there are not enough pairs
[M::mem_pestat] skip orientation RF
[M::mem_process_seqs] Processed 402190 reads in 13.648 CPU sec, 4.129 real sec
[M::process] read 402302 sequences (40000177 bp)...
[M::mem_pestat] # candidate unique pairs for (FF, FR, RF, RR): (4, 190323, 7, 6)
[M::mem_pestat] skip orientation FF as there are not enough pairs
[M::mem_pestat] analyzing insert size distribution for orientation FR...
[M::mem_pestat] (25, 50, 75) percentile: (105, 128, 163)
[M::mem_pestat] low and high boundaries for computing mean and std.dev: (1, 279)
[M::mem_pestat] mean and std.dev: (135.50, 43.57)
[M::mem_pestat] low and high boundaries for proper pairs: (1, 337)
[M::mem_pestat] skip orientation RF as there are not enough pairs
[M::mem_pestat] skip orientation RR as there are not enough pairs
[M::mem_process_seqs] Processed 402302 reads in 13.465 CPU sec, 4.229 real sec
[M::process] read 402224 sequences (40000005 bp)...
[M::process] read 402396 sequences (40000000 bp)...
[M::mem_pestat] # candidate unique pairs for (FF, FR, RF, RR): (0, 190061, 8, 1)
[M::mem_pestat] skip orientation FF as there are not enough pairs
[M::mem_pestat] analyzing insert size distribution for orientation FR...
[M::mem_pestat] (25, 50, 75) percentile: (105, 127, 163)
[M::mem_pestat] low and high boundaries for computing mean and std.dev: (1, 279)
[M::mem_pestat] mean and std.dev: (135.45, 43.62)
[M::mem_pestat] low and high boundaries for proper pairs: (1, 337)
[M::mem_pestat] skip orientation RF as there are not enough pairs
[M::mem_pestat] skip orientation RR as there are not enough pairs
[M::mem_process_seqs] Processed 402224 reads in 14.234 CPU sec, 4.090 real sec
[M::mem_pestat] # candidate unique pairs for (FF, FR, RF, RR): (1, 190200, 11, 2)
[M::mem_pestat] skip orientation FF as there are not enough pairs
[M::mem_pestat] analyzing insert size distribution for orientation FR...
[M::mem_pestat] (25, 50, 75) percentile: (105, 128, 163)
[M::mem_pestat] low and high boundaries for computing mean and std.dev: (1, 279)
[M::mem_pestat] mean and std.dev: (135.35, 43.54)
[M::mem_pestat] low and high boundaries for proper pairs: (1, 337)
[M::mem_pestat] analyzing insert size distribution for orientation RF...
[M::mem_pestat] (25, 50, 75) percentile: (6, 35, 65)
[M::mem_pestat] low and high boundaries for computing mean and std.dev: (1, 183)
[M::mem_pestat] mean and std.dev: (26.56, 23.75)
[M::mem_pestat] low and high boundaries for proper pairs: (1, 242)
[M::mem_pestat] skip orientation RR as there are not enough pairs
[M::mem_pestat] skip orientation RF
[M::mem_process_seqs] Processed 402396 reads in 13.869 CPU sec, 4.182 real sec
[M::process] read 402444 sequences (40000134 bp)...
[M::mem_pestat] # candidate unique pairs for (FF, FR, RF, RR): (3, 190144, 4, 2)
[M::mem_pestat] skip orientation FF as there are not enough pairs
[M::mem_pestat] analyzing insert size distribution for orientation FR...
[M::mem_pestat] (25, 50, 75) percentile: (105, 127, 162)
[M::mem_pestat] low and high boundaries for computing mean and std.dev: (1, 276)
[M::mem_pestat] mean and std.dev: (134.98, 42.90)
[M::mem_pestat] low and high boundaries for proper pairs: (1, 333)
[M::mem_pestat] skip orientation RF as there are not enough pairs
[M::mem_pestat] skip orientation RR as there are not enough pairs
[M::process] read 402478 sequences (40000031 bp)...
[M::mem_process_seqs] Processed 402444 reads in 14.254 CPU sec, 4.162 real sec
[M::mem_pestat] # candidate unique pairs for (FF, FR, RF, RR): (2, 190057, 12, 5)
[M::mem_pestat] skip orientation FF as there are not enough pairs
[M::mem_pestat] analyzing insert size distribution for orientation FR...
[M::mem_pestat] (25, 50, 75) percentile: (105, 127, 163)
[M::mem_pestat] low and high boundaries for computing mean and std.dev: (1, 279)
[M::mem_pestat] mean and std.dev: (135.22, 43.46)
[M::mem_pestat] low and high boundaries for proper pairs: (1, 337)
[M::mem_pestat] analyzing insert size distribution for orientation RF...
[M::mem_pestat] (25, 50, 75) percentile: (27, 65, 101)
[M::mem_pestat] low and high boundaries for computing mean and std.dev: (1, 249)
[M::mem_pestat] mean and std.dev: (49.50, 33.03)
[M::mem_pestat] low and high boundaries for proper pairs: (1, 323)
[M::mem_pestat] skip orientation RR as there are not enough pairs
[M::mem_pestat] skip orientation RF
[M::process] read 402730 sequences (40000003 bp)...
[M::mem_process_seqs] Processed 402478 reads in 14.402 CPU sec, 4.318 real sec
[M::mem_pestat] # candidate unique pairs for (FF, FR, RF, RR): (1, 190313, 8, 3)
[M::mem_pestat] skip orientation FF as there are not enough pairs
[M::mem_pestat] analyzing insert size distribution for orientation FR...
[M::mem_pestat] (25, 50, 75) percentile: (105, 127, 163)
[M::mem_pestat] low and high boundaries for computing mean and std.dev: (1, 279)
[M::mem_pestat] mean and std.dev: (135.24, 43.43)
[M::mem_pestat] low and high boundaries for proper pairs: (1, 337)
[M::mem_pestat] skip orientation RF as there are not enough pairs
[M::mem_pestat] skip orientation RR as there are not enough pairs
[M::process] read 402916 sequences (40000078 bp)...
[M::mem_process_seqs] Processed 402730 reads in 14.379 CPU sec, 4.308 real sec
[M::mem_pestat] # candidate unique pairs for (FF, FR, RF, RR): (1, 190292, 9, 2)
[M::mem_pestat] skip orientation FF as there are not enough pairs
[M::mem_pestat] analyzing insert size distribution for orientation FR...
[M::mem_pestat] (25, 50, 75) percentile: (105, 127, 162)
[M::mem_pestat] low and high boundaries for computing mean and std.dev: (1, 276)
[M::mem_pestat] mean and std.dev: (134.79, 42.96)
[M::mem_pestat] low and high boundaries for proper pairs: (1, 333)
[M::mem_pestat] skip orientation RF as there are not enough pairs
[M::mem_pestat] skip orientation RR as there are not enough pairs
[M::mem_process_seqs] Processed 402916 reads in 14.374 CPU sec, 4.315 real sec
[M::process] read 403808 sequences (40000173 bp)...
[M::mem_pestat] # candidate unique pairs for (FF, FR, RF, RR): (3, 190856, 8, 5)
[M::mem_pestat] skip orientation FF as there are not enough pairs
[M::mem_pestat] analyzing insert size distribution for orientation FR...
[M::mem_pestat] (25, 50, 75) percentile: (105, 127, 161)
[M::mem_pestat] low and high boundaries for computing mean and std.dev: (1, 273)
[M::mem_pestat] mean and std.dev: (134.29, 42.34)
[M::mem_pestat] low and high boundaries for proper pairs: (1, 329)
[M::mem_pestat] skip orientation RF as there are not enough pairs
[M::mem_pestat] skip orientation RR as there are not enough pairs
[M::mem_process_seqs] Processed 403808 reads in 13.603 CPU sec, 4.286 real sec
[M::process] read 404074 sequences (40000052 bp)...
[M::mem_pestat] # candidate unique pairs for (FF, FR, RF, RR): (2, 190781, 11, 2)
[M::mem_pestat] skip orientation FF as there are not enough pairs
[M::mem_pestat] analyzing insert size distribution for orientation FR...
[M::mem_pestat] (25, 50, 75) percentile: (105, 127, 161)
[M::mem_pestat] low and high boundaries for computing mean and std.dev: (1, 273)
[M::mem_pestat] mean and std.dev: (134.37, 42.36)
[M::mem_pestat] low and high boundaries for proper pairs: (1, 329)
[M::mem_pestat] analyzing insert size distribution for orientation RF...
[M::mem_pestat] (25, 50, 75) percentile: (13, 37, 84)
[M::mem_pestat] low and high boundaries for computing mean and std.dev: (1, 226)
[M::mem_pestat] mean and std.dev: (50.18, 50.45)
[M::mem_pestat] low and high boundaries for proper pairs: (1, 297)
[M::mem_pestat] skip orientation RR as there are not enough pairs
[M::mem_pestat] skip orientation RF
[M::process] read 404120 sequences (40000182 bp)...
[M::mem_process_seqs] Processed 404074 reads in 14.403 CPU sec, 4.116 real sec
[M::mem_pestat] # candidate unique pairs for (FF, FR, RF, RR): (1, 191192, 6, 3)
[M::mem_pestat] skip orientation FF as there are not enough pairs
[M::mem_pestat] analyzing insert size distribution for orientation FR...
[M::mem_pestat] (25, 50, 75) percentile: (105, 127, 161)
[M::mem_pestat] low and high boundaries for computing mean and std.dev: (1, 273)
[M::mem_pestat] mean and std.dev: (134.33, 42.32)
[M::mem_pestat] low and high boundaries for proper pairs: (1, 329)
[M::mem_pestat] skip orientation RF as there are not enough pairs
[M::mem_pestat] skip orientation RR as there are not enough pairs
[M::process] read 402080 sequences (40000004 bp)...
[M::mem_process_seqs] Processed 404120 reads in 14.352 CPU sec, 4.301 real sec
[M::mem_pestat] # candidate unique pairs for (FF, FR, RF, RR): (1, 190390, 7, 1)
[M::mem_pestat] skip orientation FF as there are not enough pairs
[M::mem_pestat] analyzing insert size distribution for orientation FR...
[M::mem_pestat] (25, 50, 75) percentile: (106, 128, 165)
[M::mem_pestat] low and high boundaries for computing mean and std.dev: (1, 283)
[M::mem_pestat] mean and std.dev: (136.55, 44.26)
[M::mem_pestat] low and high boundaries for proper pairs: (1, 342)
[M::mem_pestat] skip orientation RF as there are not enough pairs
[M::mem_pestat] skip orientation RR as there are not enough pairs
[M::process] read 402058 sequences (40000053 bp)...
[M::mem_process_seqs] Processed 402080 reads in 14.320 CPU sec, 4.291 real sec
[M::mem_pestat] # candidate unique pairs for (FF, FR, RF, RR): (0, 190360, 16, 4)
[M::mem_pestat] skip orientation FF as there are not enough pairs
[M::mem_pestat] analyzing insert size distribution for orientation FR...
[M::mem_pestat] (25, 50, 75) percentile: (106, 128, 165)
[M::mem_pestat] low and high boundaries for computing mean and std.dev: (1, 283)
[M::mem_pestat] mean and std.dev: (136.54, 44.21)
[M::mem_pestat] low and high boundaries for proper pairs: (1, 342)
[M::mem_pestat] analyzing insert size distribution for orientation RF...
[M::mem_pestat] (25, 50, 75) percentile: (20, 41, 119)
[M::mem_pestat] low and high boundaries for computing mean and std.dev: (1, 317)
[M::mem_pestat] mean and std.dev: (57.81, 45.23)
[M::mem_pestat] low and high boundaries for proper pairs: (1, 416)
[M::mem_pestat] skip orientation RR as there are not enough pairs
[M::mem_pestat] skip orientation RF
[M::mem_process_seqs] Processed 402058 reads in 14.148 CPU sec, 4.252 real sec
[M::process] read 402016 sequences (40000188 bp)...
[M::mem_pestat] # candidate unique pairs for (FF, FR, RF, RR): (3, 190319, 4, 3)
[M::mem_pestat] skip orientation FF as there are not enough pairs
[M::mem_pestat] analyzing insert size distribution for orientation FR...
[M::mem_pestat] (25, 50, 75) percentile: (106, 128, 164)
[M::mem_pestat] low and high boundaries for computing mean and std.dev: (1, 280)
[M::mem_pestat] mean and std.dev: (136.16, 43.68)
[M::mem_pestat] low and high boundaries for proper pairs: (1, 338)
[M::mem_pestat] skip orientation RF as there are not enough pairs
[M::mem_pestat] skip orientation RR as there are not enough pairs
[M::process] read 401882 sequences (40000190 bp)...
[M::mem_process_seqs] Processed 402016 reads in 14.349 CPU sec, 4.265 real sec
[M::mem_pestat] # candidate unique pairs for (FF, FR, RF, RR): (3, 190144, 10, 6)
[M::mem_pestat] skip orientation FF as there are not enough pairs
[M::mem_pestat] analyzing insert size distribution for orientation FR...
[M::mem_pestat] (25, 50, 75) percentile: (106, 128, 165)
[M::mem_pestat] low and high boundaries for computing mean and std.dev: (1, 283)
[M::mem_pestat] mean and std.dev: (136.61, 44.33)
[M::mem_pestat] low and high boundaries for proper pairs: (1, 342)
[M::mem_pestat] analyzing insert size distribution for orientation RF...
[M::mem_pestat] (25, 50, 75) percentile: (21, 57, 889)
[M::mem_pestat] low and high boundaries for computing mean and std.dev: (1, 2625)
[M::mem_pestat] mean and std.dev: (450.90, 698.81)
[M::mem_pestat] low and high boundaries for proper pairs: (1, 3493)
[M::mem_pestat] skip orientation RR as there are not enough pairs
[M::mem_pestat] skip orientation RF
[M::process] read 402090 sequences (40000040 bp)...
[M::mem_process_seqs] Processed 401882 reads in 14.337 CPU sec, 4.305 real sec
[M::mem_pestat] # candidate unique pairs for (FF, FR, RF, RR): (6, 190232, 11, 4)
[M::mem_pestat] skip orientation FF as there are not enough pairs
[M::mem_pestat] analyzing insert size distribution for orientation FR...
[M::mem_pestat] (25, 50, 75) percentile: (106, 128, 164)
[M::mem_pestat] low and high boundaries for computing mean and std.dev: (1, 280)
[M::mem_pestat] mean and std.dev: (135.98, 43.82)
[M::mem_pestat] low and high boundaries for proper pairs: (1, 338)
[M::mem_pestat] analyzing insert size distribution for orientation RF...
[M::mem_pestat] (25, 50, 75) percentile: (36, 48, 471)
[M::mem_pestat] low and high boundaries for computing mean and std.dev: (1, 1341)
[M::mem_pestat] mean and std.dev: (82.44, 138.70)
[M::mem_pestat] low and high boundaries for proper pairs: (1, 1776)
[M::mem_pestat] skip orientation RR as there are not enough pairs
[M::mem_pestat] skip orientation RF
[M::mem_process_seqs] Processed 402090 reads in 13.542 CPU sec, 4.238 real sec
[M::process] read 402086 sequences (40000103 bp)...
[M::process] read 402232 sequences (40000046 bp)...
[M::mem_pestat] # candidate unique pairs for (FF, FR, RF, RR): (1, 190169, 2, 3)
[M::mem_pestat] skip orientation FF as there are not enough pairs
[M::mem_pestat] analyzing insert size distribution for orientation FR...
[M::mem_pestat] (25, 50, 75) percentile: (106, 128, 165)
[M::mem_pestat] low and high boundaries for computing mean and std.dev: (1, 283)
[M::mem_pestat] mean and std.dev: (136.49, 44.20)
[M::mem_pestat] low and high boundaries for proper pairs: (1, 342)
[M::mem_pestat] skip orientation RF as there are not enough pairs
[M::mem_pestat] skip orientation RR as there are not enough pairs
[M::mem_process_seqs] Processed 402086 reads in 14.438 CPU sec, 4.145 real sec
[M::mem_pestat] # candidate unique pairs for (FF, FR, RF, RR): (4, 190305, 8, 3)
[M::mem_pestat] skip orientation FF as there are not enough pairs
[M::mem_pestat] analyzing insert size distribution for orientation FR...
[M::mem_pestat] (25, 50, 75) percentile: (106, 128, 164)
[M::mem_pestat] low and high boundaries for computing mean and std.dev: (1, 280)
[M::mem_pestat] mean and std.dev: (135.77, 43.65)
[M::mem_pestat] low and high boundaries for proper pairs: (1, 338)
[M::mem_pestat] skip orientation RF as there are not enough pairs
[M::mem_pestat] skip orientation RR as there are not enough pairs
[M::mem_process_seqs] Processed 402232 reads in 13.901 CPU sec, 4.191 real sec
[M::process] read 402052 sequences (40000009 bp)...
[M::mem_pestat] # candidate unique pairs for (FF, FR, RF, RR): (1, 190009, 2, 2)
[M::mem_pestat] skip orientation FF as there are not enough pairs
[M::mem_pestat] analyzing insert size distribution for orientation FR...
[M::mem_pestat] (25, 50, 75) percentile: (105, 127, 163)
[M::mem_pestat] low and high boundaries for computing mean and std.dev: (1, 279)
[M::mem_pestat] mean and std.dev: (135.43, 43.54)
[M::mem_pestat] low and high boundaries for proper pairs: (1, 337)
[M::mem_pestat] skip orientation RF as there are not enough pairs
[M::mem_pestat] skip orientation RR as there are not enough pairs
[M::process] read 402298 sequences (40000030 bp)...
[M::mem_process_seqs] Processed 402052 reads in 14.241 CPU sec, 4.164 real sec
[M::mem_pestat] # candidate unique pairs for (FF, FR, RF, RR): (4, 190084, 13, 8)
[M::mem_pestat] skip orientation FF as there are not enough pairs
[M::mem_pestat] analyzing insert size distribution for orientation FR...
[M::mem_pestat] (25, 50, 75) percentile: (106, 127, 163)
[M::mem_pestat] low and high boundaries for computing mean and std.dev: (1, 277)
[M::mem_pestat] mean and std.dev: (135.27, 43.03)
[M::mem_pestat] low and high boundaries for proper pairs: (1, 334)
[M::mem_pestat] analyzing insert size distribution for orientation RF...
[M::mem_pestat] (25, 50, 75) percentile: (39, 64, 4120)
[M::mem_pestat] low and high boundaries for computing mean and std.dev: (1, 12282)
[M::mem_pestat] mean and std.dev: (1209.77, 2145.77)
[M::mem_pestat] low and high boundaries for proper pairs: (1, 16363)
[M::mem_pestat] skip orientation RR as there are not enough pairs
[M::mem_pestat] skip orientation RF
[M::mem_process_seqs] Processed 402298 reads in 14.320 CPU sec, 4.304 real sec
[M::process] read 402256 sequences (40000107 bp)...
[M::mem_pestat] # candidate unique pairs for (FF, FR, RF, RR): (2, 190364, 7, 5)
[M::mem_pestat] skip orientation FF as there are not enough pairs
[M::mem_pestat] analyzing insert size distribution for orientation FR...
[M::mem_pestat] (25, 50, 75) percentile: (105, 128, 163)
[M::mem_pestat] low and high boundaries for computing mean and std.dev: (1, 279)
[M::mem_pestat] mean and std.dev: (135.53, 43.67)
[M::mem_pestat] low and high boundaries for proper pairs: (1, 337)
[M::mem_pestat] skip orientation RF as there are not enough pairs
[M::mem_pestat] skip orientation RR as there are not enough pairs
[M::mem_process_seqs] Processed 402256 reads in 14.219 CPU sec, 4.271 real sec
[M::process] read 402300 sequences (40000066 bp)...
[M::mem_pestat] # candidate unique pairs for (FF, FR, RF, RR): (3, 190181, 5, 6)
[M::mem_pestat] skip orientation FF as there are not enough pairs
[M::mem_pestat] analyzing insert size distribution for orientation FR...
[M::mem_pestat] (25, 50, 75) percentile: (105, 127, 163)
[M::mem_pestat] low and high boundaries for computing mean and std.dev: (1, 279)
[M::mem_pestat] mean and std.dev: (135.33, 43.41)
[M::mem_pestat] low and high boundaries for proper pairs: (1, 337)
[M::mem_pestat] skip orientation RF as there are not enough pairs
[M::mem_pestat] skip orientation RR as there are not enough pairs
[M::process] read 402420 sequences (40000035 bp)...
[M::mem_process_seqs] Processed 402300 reads in 14.349 CPU sec, 4.286 real sec
[M::mem_pestat] # candidate unique pairs for (FF, FR, RF, RR): (5, 190166, 5, 3)
[M::mem_pestat] skip orientation FF as there are not enough pairs
[M::mem_pestat] analyzing insert size distribution for orientation FR...
[M::mem_pestat] (25, 50, 75) percentile: (105, 127, 163)
[M::mem_pestat] low and high boundaries for computing mean and std.dev: (1, 279)
[M::mem_pestat] mean and std.dev: (135.43, 43.44)
[M::mem_pestat] low and high boundaries for proper pairs: (1, 337)
[M::mem_pestat] skip orientation RF as there are not enough pairs
[M::mem_pestat] skip orientation RR as there are not enough pairs
[M::mem_process_seqs] Processed 402420 reads in 13.541 CPU sec, 4.269 real sec
[M::process] read 402780 sequences (40000190 bp)...
[M::process] read 402708 sequences (40000157 bp)...
[M::mem_pestat] # candidate unique pairs for (FF, FR, RF, RR): (2, 190328, 9, 4)
[M::mem_pestat] skip orientation FF as there are not enough pairs
[M::mem_pestat] analyzing insert size distribution for orientation FR...
[M::mem_pestat] (25, 50, 75) percentile: (105, 127, 163)
[M::mem_pestat] low and high boundaries for computing mean and std.dev: (1, 279)
[M::mem_pestat] mean and std.dev: (135.36, 43.27)
[M::mem_pestat] low and high boundaries for proper pairs: (1, 337)
[M::mem_pestat] skip orientation RF as there are not enough pairs
[M::mem_pestat] skip orientation RR as there are not enough pairs
[M::mem_process_seqs] Processed 402780 reads in 14.327 CPU sec, 4.108 real sec
[M::mem_pestat] # candidate unique pairs for (FF, FR, RF, RR): (2, 190250, 7, 4)
[M::mem_pestat] skip orientation FF as there are not enough pairs
[M::mem_pestat] analyzing insert size distribution for orientation FR...
[M::mem_pestat] (25, 50, 75) percentile: (105, 127, 162)
[M::mem_pestat] low and high boundaries for computing mean and std.dev: (1, 276)
[M::mem_pestat] mean and std.dev: (134.67, 42.88)
[M::mem_pestat] low and high boundaries for proper pairs: (1, 333)
[M::mem_pestat] skip orientation RF as there are not enough pairs
[M::mem_pestat] skip orientation RR as there are not enough pairs
[M::mem_process_seqs] Processed 402708 reads in 14.083 CPU sec, 4.245 real sec
[M::process] read 402894 sequences (40000168 bp)...
[M::mem_pestat] # candidate unique pairs for (FF, FR, RF, RR): (1, 190431, 6, 4)
[M::mem_pestat] skip orientation FF as there are not enough pairs
[M::mem_pestat] analyzing insert size distribution for orientation FR...
[M::mem_pestat] (25, 50, 75) percentile: (105, 127, 162)
[M::mem_pestat] low and high boundaries for computing mean and std.dev: (1, 276)
[M::mem_pestat] mean and std.dev: (134.69, 42.85)
[M::mem_pestat] low and high boundaries for proper pairs: (1, 333)
[M::mem_pestat] skip orientation RF as there are not enough pairs
[M::mem_pestat] skip orientation RR as there are not enough pairs
[M::process] read 405580 sequences (40000143 bp)...
[M::mem_process_seqs] Processed 402894 reads in 14.351 CPU sec, 4.238 real sec
[M::mem_pestat] # candidate unique pairs for (FF, FR, RF, RR): (1, 191663, 13, 4)
[M::mem_pestat] skip orientation FF as there are not enough pairs
[M::mem_pestat] analyzing insert size distribution for orientation FR...
[M::mem_pestat] (25, 50, 75) percentile: (105, 127, 162)
[M::mem_pestat] low and high boundaries for computing mean and std.dev: (1, 276)
[M::mem_pestat] mean and std.dev: (134.84, 42.87)
[M::mem_pestat] low and high boundaries for proper pairs: (1, 333)
[M::mem_pestat] analyzing insert size distribution for orientation RF...
[M::mem_pestat] (25, 50, 75) percentile: (49, 68, 1601)
[M::mem_pestat] low and high boundaries for computing mean and std.dev: (1, 4705)
[M::mem_pestat] mean and std.dev: (197.00, 444.61)
[M::mem_pestat] low and high boundaries for proper pairs: (1, 6257)
[M::mem_pestat] skip orientation RR as there are not enough pairs
[M::mem_pestat] skip orientation RF
[M::mem_process_seqs] Processed 405580 reads in 14.234 CPU sec, 4.268 real sec
[M::process] read 403814 sequences (40000124 bp)...
[M::mem_pestat] # candidate unique pairs for (FF, FR, RF, RR): (1, 190756, 11, 4)
[M::mem_pestat] skip orientation FF as there are not enough pairs
[M::mem_pestat] analyzing insert size distribution for orientation FR...
[M::mem_pestat] (25, 50, 75) percentile: (105, 127, 161)
[M::mem_pestat] low and high boundaries for computing mean and std.dev: (1, 273)
[M::mem_pestat] mean and std.dev: (134.30, 42.13)
[M::mem_pestat] low and high boundaries for proper pairs: (1, 329)
[M::mem_pestat] analyzing insert size distribution for orientation RF...
[M::mem_pestat] (25, 50, 75) percentile: (68, 84, 3299)
[M::mem_pestat] low and high boundaries for computing mean and std.dev: (1, 9761)
[M::mem_pestat] mean and std.dev: (1777.55, 3071.61)
[M::mem_pestat] low and high boundaries for proper pairs: (1, 14064)
[M::mem_pestat] skip orientation RR as there are not enough pairs
[M::mem_pestat] skip orientation RF
[M::process] read 402350 sequences (40000018 bp)...
[M::mem_process_seqs] Processed 403814 reads in 14.377 CPU sec, 4.280 real sec
[M::mem_pestat] # candidate unique pairs for (FF, FR, RF, RR): (1, 190508, 9, 2)
[M::mem_pestat] skip orientation FF as there are not enough pairs
[M::mem_pestat] analyzing insert size distribution for orientation FR...
[M::mem_pestat] (25, 50, 75) percentile: (106, 128, 164)
[M::mem_pestat] low and high boundaries for computing mean and std.dev: (1, 280)
[M::mem_pestat] mean and std.dev: (135.94, 43.67)
[M::mem_pestat] low and high boundaries for proper pairs: (1, 338)
[M::mem_pestat] skip orientation RF as there are not enough pairs
[M::mem_pestat] skip orientation RR as there are not enough pairs
[M::mem_process_seqs] Processed 402350 reads in 14.350 CPU sec, 4.294 real sec
[M::process] read 402192 sequences (40000012 bp)...
[M::mem_pestat] # candidate unique pairs for (FF, FR, RF, RR): (4, 190651, 7, 2)
[M::mem_pestat] skip orientation FF as there are not enough pairs
[M::mem_pestat] analyzing insert size distribution for orientation FR...
[M::mem_pestat] (25, 50, 75) percentile: (106, 128, 165)
[M::mem_pestat] low and high boundaries for computing mean and std.dev: (1, 283)
[M::mem_pestat] mean and std.dev: (136.72, 44.33)
[M::mem_pestat] low and high boundaries for proper pairs: (1, 342)
[M::mem_pestat] skip orientation RF as there are not enough pairs
[M::mem_pestat] skip orientation RR as there are not enough pairs
[M::mem_process_seqs] Processed 402192 reads in 13.629 CPU sec, 4.301 real sec
[M::process] read 401822 sequences (40000162 bp)...
[M::process] read 401790 sequences (40000101 bp)...
[M::mem_pestat] # candidate unique pairs for (FF, FR, RF, RR): (1, 190266, 9, 4)
[M::mem_pestat] skip orientation FF as there are not enough pairs
[M::mem_pestat] analyzing insert size distribution for orientation FR...
[M::mem_pestat] (25, 50, 75) percentile: (106, 128, 165)
[M::mem_pestat] low and high boundaries for computing mean and std.dev: (1, 283)
[M::mem_pestat] mean and std.dev: (136.69, 44.15)
[M::mem_pestat] low and high boundaries for proper pairs: (1, 342)
[M::mem_pestat] skip orientation RF as there are not enough pairs
[M::mem_pestat] skip orientation RR as there are not enough pairs
[M::mem_process_seqs] Processed 401822 reads in 14.243 CPU sec, 4.097 real sec
[M::mem_pestat] # candidate unique pairs for (FF, FR, RF, RR): (1, 190188, 8, 2)
[M::mem_pestat] skip orientation FF as there are not enough pairs
[M::mem_pestat] analyzing insert size distribution for orientation FR...
[M::mem_pestat] (25, 50, 75) percentile: (106, 128, 164)
[M::mem_pestat] low and high boundaries for computing mean and std.dev: (1, 280)
[M::mem_pestat] mean and std.dev: (136.21, 43.69)
[M::mem_pestat] low and high boundaries for proper pairs: (1, 338)
[M::mem_pestat] skip orientation RF as there are not enough pairs
[M::mem_pestat] skip orientation RR as there are not enough pairs
[M::process] read 402138 sequences (40000132 bp)...
[M::mem_process_seqs] Processed 401790 reads in 14.492 CPU sec, 4.345 real sec
[M::mem_pestat] # candidate unique pairs for (FF, FR, RF, RR): (1, 190232, 11, 2)
[M::mem_pestat] skip orientation FF as there are not enough pairs
[M::mem_pestat] analyzing insert size distribution for orientation FR...
[M::mem_pestat] (25, 50, 75) percentile: (106, 128, 164)
[M::mem_pestat] low and high boundaries for computing mean and std.dev: (1, 280)
[M::mem_pestat] mean and std.dev: (136.11, 43.71)
[M::mem_pestat] low and high boundaries for proper pairs: (1, 338)
[M::mem_pestat] analyzing insert size distribution for orientation RF...
[M::mem_pestat] (25, 50, 75) percentile: (14, 25, 39)
[M::mem_pestat] low and high boundaries for computing mean and std.dev: (1, 89)
[M::mem_pestat] mean and std.dev: (24.30, 16.26)
[M::mem_pestat] low and high boundaries for proper pairs: (1, 114)
[M::mem_pestat] skip orientation RR as there are not enough pairs
[M::mem_pestat] skip orientation RF
[M::process] read 402068 sequences (40000032 bp)...
[M::mem_process_seqs] Processed 402138 reads in 14.346 CPU sec, 4.308 real sec
[M::mem_pestat] # candidate unique pairs for (FF, FR, RF, RR): (3, 190045, 8, 1)
[M::mem_pestat] skip orientation FF as there are not enough pairs
[M::mem_pestat] analyzing insert size distribution for orientation FR...
[M::mem_pestat] (25, 50, 75) percentile: (106, 128, 164)
[M::mem_pestat] low and high boundaries for computing mean and std.dev: (1, 280)
[M::mem_pestat] mean and std.dev: (135.96, 43.70)
[M::mem_pestat] low and high boundaries for proper pairs: (1, 338)
[M::mem_pestat] skip orientation RF as there are not enough pairs
[M::mem_pestat] skip orientation RR as there are not enough pairs
[M::mem_process_seqs] Processed 402068 reads in 14.147 CPU sec, 4.252 real sec
[M::process] read 402050 sequences (40000097 bp)...
[M::mem_pestat] # candidate unique pairs for (FF, FR, RF, RR): (4, 190152, 10, 4)
[M::mem_pestat] skip orientation FF as there are not enough pairs
[M::mem_pestat] analyzing insert size distribution for orientation FR...
[M::mem_pestat] (25, 50, 75) percentile: (106, 128, 164)
[M::mem_pestat] low and high boundaries for computing mean and std.dev: (1, 280)
[M::mem_pestat] mean and std.dev: (136.02, 43.72)
[M::mem_pestat] low and high boundaries for proper pairs: (1, 338)
[M::mem_pestat] analyzing insert size distribution for orientation RF...
[M::mem_pestat] (25, 50, 75) percentile: (12, 71, 146)
[M::mem_pestat] low and high boundaries for computing mean and std.dev: (1, 414)
[M::mem_pestat] mean and std.dev: (85.33, 118.35)
[M::mem_pestat] low and high boundaries for proper pairs: (1, 559)
[M::mem_pestat] skip orientation RR as there are not enough pairs
[M::mem_pestat] skip orientation RF
[M::process] read 402090 sequences (40000070 bp)...
[M::mem_process_seqs] Processed 402050 reads in 14.350 CPU sec, 4.251 real sec
[M::mem_pestat] # candidate unique pairs for (FF, FR, RF, RR): (3, 190272, 10, 4)
[M::mem_pestat] skip orientation FF as there are not enough pairs
[M::mem_pestat] analyzing insert size distribution for orientation FR...
[M::mem_pestat] (25, 50, 75) percentile: (106, 128, 164)
[M::mem_pestat] low and high boundaries for computing mean and std.dev: (1, 280)
[M::mem_pestat] mean and std.dev: (135.90, 43.65)
[M::mem_pestat] low and high boundaries for proper pairs: (1, 338)
[M::mem_pestat] analyzing insert size distribution for orientation RF...
[M::mem_pestat] (25, 50, 75) percentile: (13, 36, 74)
[M::mem_pestat] low and high boundaries for computing mean and std.dev: (1, 196)
[M::mem_pestat] mean and std.dev: (39.80, 32.15)
[M::mem_pestat] low and high boundaries for proper pairs: (1, 257)
[M::mem_pestat] skip orientation RR as there are not enough pairs
[M::mem_pestat] skip orientation RF
[M::process] read 402262 sequences (40000182 bp)...
[M::mem_process_seqs] Processed 402090 reads in 14.371 CPU sec, 4.312 real sec
[M::mem_pestat] # candidate unique pairs for (FF, FR, RF, RR): (1, 190025, 12, 3)
[M::mem_pestat] skip orientation FF as there are not enough pairs
[M::mem_pestat] analyzing insert size distribution for orientation FR...
[M::mem_pestat] (25, 50, 75) percentile: (106, 128, 164)
[M::mem_pestat] low and high boundaries for computing mean and std.dev: (1, 280)
[M::mem_pestat] mean and std.dev: (135.81, 43.73)
[M::mem_pestat] low and high boundaries for proper pairs: (1, 338)
[M::mem_pestat] analyzing insert size distribution for orientation RF...
[M::mem_pestat] (25, 50, 75) percentile: (26, 52, 6684)
[M::mem_pestat] low and high boundaries for computing mean and std.dev: (1, 20000)
[M::mem_pestat] mean and std.dev: (2085.75, 3597.30)
[M::mem_pestat] low and high boundaries for proper pairs: (1, 26658)
[M::mem_pestat] skip orientation RR as there are not enough pairs
[M::mem_pestat] skip orientation RF
[M::mem_process_seqs] Processed 402262 reads in 13.528 CPU sec, 4.262 real sec
[M::process] read 402150 sequences (40000017 bp)...
[M::process] read 402314 sequences (40000162 bp)...
[M::mem_pestat] # candidate unique pairs for (FF, FR, RF, RR): (2, 190207, 14, 2)
[M::mem_pestat] skip orientation FF as there are not enough pairs
[M::mem_pestat] analyzing insert size distribution for orientation FR...
[M::mem_pestat] (25, 50, 75) percentile: (105, 128, 163)
[M::mem_pestat] low and high boundaries for computing mean and std.dev: (1, 279)
[M::mem_pestat] mean and std.dev: (135.54, 43.55)
[M::mem_pestat] low and high boundaries for proper pairs: (1, 337)
[M::mem_pestat] analyzing insert size distribution for orientation RF...
[M::mem_pestat] (25, 50, 75) percentile: (21, 96, 838)
[M::mem_pestat] low and high boundaries for computing mean and std.dev: (1, 2472)
[M::mem_pestat] mean and std.dev: (141.64, 232.87)
[M::mem_pestat] low and high boundaries for proper pairs: (1, 3289)
[M::mem_pestat] skip orientation RR as there are not enough pairs
[M::mem_pestat] skip orientation RF
[M::mem_process_seqs] Processed 402150 reads in 14.359 CPU sec, 4.121 real sec
[M::mem_pestat] # candidate unique pairs for (FF, FR, RF, RR): (2, 190099, 9, 3)
[M::mem_pestat] skip orientation FF as there are not enough pairs
[M::mem_pestat] analyzing insert size distribution for orientation FR...
[M::mem_pestat] (25, 50, 75) percentile: (105, 128, 163)
[M::mem_pestat] low and high boundaries for computing mean and std.dev: (1, 279)
[M::mem_pestat] mean and std.dev: (135.44, 43.44)
[M::mem_pestat] low and high boundaries for proper pairs: (1, 337)
[M::mem_pestat] skip orientation RF as there are not enough pairs
[M::mem_pestat] skip orientation RR as there are not enough pairs
[M::mem_process_seqs] Processed 402314 reads in 14.130 CPU sec, 4.255 real sec
[M::process] read 402564 sequences (40000053 bp)...
[M::mem_pestat] # candidate unique pairs for (FF, FR, RF, RR): (0, 190320, 11, 2)
[M::mem_pestat] skip orientation FF as there are not enough pairs
[M::mem_pestat] analyzing insert size distribution for orientation FR...
[M::mem_pestat] (25, 50, 75) percentile: (105, 127, 162)
[M::mem_pestat] low and high boundaries for computing mean and std.dev: (1, 276)
[M::mem_pestat] mean and std.dev: (135.04, 43.03)
[M::mem_pestat] low and high boundaries for proper pairs: (1, 333)
[M::mem_pestat] analyzing insert size distribution for orientation RF...
[M::mem_pestat] (25, 50, 75) percentile: (31, 39, 69)
[M::mem_pestat] low and high boundaries for computing mean and std.dev: (1, 145)
[M::mem_pestat] mean and std.dev: (37.11, 20.06)
[M::mem_pestat] low and high boundaries for proper pairs: (1, 183)
[M::mem_pestat] skip orientation RR as there are not enough pairs
[M::mem_pestat] skip orientation RF
[M::process] read 402596 sequences (40000023 bp)...
[M::mem_process_seqs] Processed 402564 reads in 14.432 CPU sec, 4.262 real sec
[M::mem_pestat] # candidate unique pairs for (FF, FR, RF, RR): (4, 190361, 11, 2)
[M::mem_pestat] skip orientation FF as there are not enough pairs
[M::mem_pestat] analyzing insert size distribution for orientation FR...
[M::mem_pestat] (25, 50, 75) percentile: (105, 127, 163)
[M::mem_pestat] low and high boundaries for computing mean and std.dev: (1, 279)
[M::mem_pestat] mean and std.dev: (135.43, 43.44)
[M::mem_pestat] low and high boundaries for proper pairs: (1, 337)
[M::mem_pestat] analyzing insert size distribution for orientation RF...
[M::mem_pestat] (25, 50, 75) percentile: (14, 27, 65)
[M::mem_pestat] low and high boundaries for computing mean and std.dev: (1, 167)
[M::mem_pestat] mean and std.dev: (37.30, 38.39)
[M::mem_pestat] low and high boundaries for proper pairs: (1, 218)
[M::mem_pestat] skip orientation RR as there are not enough pairs
[M::mem_pestat] skip orientation RF
[M::process] read 402760 sequences (40000199 bp)...
[M::mem_process_seqs] Processed 402596 reads in 14.378 CPU sec, 4.311 real sec
[M::mem_pestat] # candidate unique pairs for (FF, FR, RF, RR): (3, 190235, 7, 4)
[M::mem_pestat] skip orientation FF as there are not enough pairs
[M::mem_pestat] analyzing insert size distribution for orientation FR...
[M::mem_pestat] (25, 50, 75) percentile: (105, 127, 162)
[M::mem_pestat] low and high boundaries for computing mean and std.dev: (1, 276)
[M::mem_pestat] mean and std.dev: (134.80, 42.93)
[M::mem_pestat] low and high boundaries for proper pairs: (1, 333)
[M::mem_pestat] skip orientation RF as there are not enough pairs
[M::mem_pestat] skip orientation RR as there are not enough pairs
[M::mem_process_seqs] Processed 402760 reads in 14.389 CPU sec, 4.309 real sec
[M::process] read 402868 sequences (40000079 bp)...
[M::mem_pestat] # candidate unique pairs for (FF, FR, RF, RR): (2, 190368, 4, 6)
[M::mem_pestat] skip orientation FF as there are not enough pairs
[M::mem_pestat] analyzing insert size distribution for orientation FR...
[M::mem_pestat] (25, 50, 75) percentile: (105, 127, 162)
[M::mem_pestat] low and high boundaries for computing mean and std.dev: (1, 276)
[M::mem_pestat] mean and std.dev: (134.75, 43.01)
[M::mem_pestat] low and high boundaries for proper pairs: (1, 333)
[M::mem_pestat] skip orientation RF as there are not enough pairs
[M::mem_pestat] skip orientation RR as there are not enough pairs
[M::mem_process_seqs] Processed 402868 reads in 14.306 CPU sec, 4.285 real sec
[M::process] read 404316 sequences (40000189 bp)...
[M::mem_pestat] # candidate unique pairs for (FF, FR, RF, RR): (2, 191073, 8, 2)
[M::mem_pestat] skip orientation FF as there are not enough pairs
[M::mem_pestat] analyzing insert size distribution for orientation FR...
[M::mem_pestat] (25, 50, 75) percentile: (105, 127, 162)
[M::mem_pestat] low and high boundaries for computing mean and std.dev: (1, 276)
[M::mem_pestat] mean and std.dev: (134.76, 42.71)
[M::mem_pestat] low and high boundaries for proper pairs: (1, 333)
[M::mem_pestat] skip orientation RF as there are not enough pairs
[M::mem_pestat] skip orientation RR as there are not enough pairs
[M::mem_process_seqs] Processed 404316 reads in 13.546 CPU sec, 4.264 real sec
[M::process] read 404120 sequences (40000054 bp)...
[M::mem_pestat] # candidate unique pairs for (FF, FR, RF, RR): (3, 190813, 8, 1)
[M::mem_pestat] skip orientation FF as there are not enough pairs
[M::mem_pestat] analyzing insert size distribution for orientation FR...
[M::mem_pestat] (25, 50, 75) percentile: (105, 127, 162)
[M::mem_pestat] low and high boundaries for computing mean and std.dev: (1, 276)
[M::mem_pestat] mean and std.dev: (134.84, 42.73)
[M::mem_pestat] low and high boundaries for proper pairs: (1, 333)
[M::mem_pestat] skip orientation RF as there are not enough pairs
[M::mem_pestat] skip orientation RR as there are not enough pairs
[M::process] read 403026 sequences (40000147 bp)...
[M::mem_process_seqs] Processed 404120 reads in 14.395 CPU sec, 4.116 real sec
[M::process] read 404138 sequences (40000094 bp)...
[M::mem_pestat] # candidate unique pairs for (FF, FR, RF, RR): (3, 190734, 7, 3)
[M::mem_pestat] skip orientation FF as there are not enough pairs
[M::mem_pestat] analyzing insert size distribution for orientation FR...
[M::mem_pestat] (25, 50, 75) percentile: (106, 128, 165)
[M::mem_pestat] low and high boundaries for computing mean and std.dev: (1, 283)
[M::mem_pestat] mean and std.dev: (136.35, 44.28)
[M::mem_pestat] low and high boundaries for proper pairs: (1, 342)
[M::mem_pestat] skip orientation RF as there are not enough pairs
[M::mem_pestat] skip orientation RR as there are not enough pairs
[M::mem_process_seqs] Processed 403026 reads in 15.844 CPU sec, 4.670 real sec
[M::mem_pestat] # candidate unique pairs for (FF, FR, RF, RR): (0, 191391, 7, 3)
[M::mem_pestat] skip orientation FF as there are not enough pairs
[M::mem_pestat] analyzing insert size distribution for orientation FR...
[M::mem_pestat] (25, 50, 75) percentile: (106, 128, 165)
[M::mem_pestat] low and high boundaries for computing mean and std.dev: (1, 283)
[M::mem_pestat] mean and std.dev: (136.49, 44.22)
[M::mem_pestat] low and high boundaries for proper pairs: (1, 342)
[M::mem_pestat] skip orientation RF as there are not enough pairs
[M::mem_pestat] skip orientation RR as there are not enough pairs
[M::process] read 404982 sequences (40000118 bp)...
[M::mem_process_seqs] Processed 404138 reads in 16.482 CPU sec, 4.840 real sec
[M::mem_pestat] # candidate unique pairs for (FF, FR, RF, RR): (4, 191841, 12, 6)
[M::mem_pestat] skip orientation FF as there are not enough pairs
[M::mem_pestat] analyzing insert size distribution for orientation FR...
[M::mem_pestat] (25, 50, 75) percentile: (106, 128, 165)
[M::mem_pestat] low and high boundaries for computing mean and std.dev: (1, 283)
[M::mem_pestat] mean and std.dev: (136.62, 44.13)
[M::mem_pestat] low and high boundaries for proper pairs: (1, 342)
[M::mem_pestat] analyzing insert size distribution for orientation RF...
[M::mem_pestat] (25, 50, 75) percentile: (32, 83, 1923)
[M::mem_pestat] low and high boundaries for computing mean and std.dev: (1, 5705)
[M::mem_pestat] mean and std.dev: (670.00, 1114.93)
[M::mem_pestat] low and high boundaries for proper pairs: (1, 7596)
[M::mem_pestat] skip orientation RR as there are not enough pairs
[M::mem_pestat] skip orientation RF
[M::process] read 403186 sequences (40000068 bp)...
[M::mem_process_seqs] Processed 404982 reads in 16.113 CPU sec, 4.748 real sec
[M::mem_pestat] # candidate unique pairs for (FF, FR, RF, RR): (1, 190764, 12, 3)
[M::mem_pestat] skip orientation FF as there are not enough pairs
[M::mem_pestat] analyzing insert size distribution for orientation FR...
[M::mem_pestat] (25, 50, 75) percentile: (106, 128, 165)
[M::mem_pestat] low and high boundaries for computing mean and std.dev: (1, 283)
[M::mem_pestat] mean and std.dev: (136.61, 44.16)
[M::mem_pestat] low and high boundaries for proper pairs: (1, 342)
[M::mem_pestat] analyzing insert size distribution for orientation RF...
[M::mem_pestat] (25, 50, 75) percentile: (19, 35, 105)
[M::mem_pestat] low and high boundaries for computing mean and std.dev: (1, 277)
[M::mem_pestat] mean and std.dev: (37.50, 35.97)
[M::mem_pestat] low and high boundaries for proper pairs: (1, 363)
[M::mem_pestat] skip orientation RR as there are not enough pairs
[M::mem_pestat] skip orientation RF
[M::process] read 402556 sequences (40000170 bp)...
[M::mem_process_seqs] Processed 403186 reads in 15.098 CPU sec, 4.500 real sec
[M::mem_pestat] # candidate unique pairs for (FF, FR, RF, RR): (1, 190294, 7, 1)
[M::mem_pestat] skip orientation FF as there are not enough pairs
[M::mem_pestat] analyzing insert size distribution for orientation FR...
[M::mem_pestat] (25, 50, 75) percentile: (106, 128, 165)
[M::mem_pestat] low and high boundaries for computing mean and std.dev: (1, 283)
[M::mem_pestat] mean and std.dev: (136.58, 44.12)
[M::mem_pestat] low and high boundaries for proper pairs: (1, 342)
[M::mem_pestat] skip orientation RF as there are not enough pairs
[M::mem_pestat] skip orientation RR as there are not enough pairs
[M::process] read 401904 sequences (40000138 bp)...
[M::mem_process_seqs] Processed 402556 reads in 14.829 CPU sec, 4.424 real sec
[M::mem_pestat] # candidate unique pairs for (FF, FR, RF, RR): (2, 190088, 12, 3)
[M::mem_pestat] skip orientation FF as there are not enough pairs
[M::mem_pestat] analyzing insert size distribution for orientation FR...
[M::mem_pestat] (25, 50, 75) percentile: (106, 128, 164)
[M::mem_pestat] low and high boundaries for computing mean and std.dev: (1, 280)
[M::mem_pestat] mean and std.dev: (136.01, 43.79)
[M::mem_pestat] low and high boundaries for proper pairs: (1, 338)
[M::mem_pestat] analyzing insert size distribution for orientation RF...
[M::mem_pestat] (25, 50, 75) percentile: (21, 34, 445)
[M::mem_pestat] low and high boundaries for computing mean and std.dev: (1, 1293)
[M::mem_pestat] mean and std.dev: (123.55, 188.02)
[M::mem_pestat] low and high boundaries for proper pairs: (1, 1717)
[M::mem_pestat] skip orientation RR as there are not enough pairs
[M::mem_pestat] skip orientation RF
[M::mem_process_seqs] Processed 401904 reads in 13.618 CPU sec, 4.278 real sec
[M::process] read 402038 sequences (40000025 bp)...
[M::process] read 402116 sequences (40000073 bp)...
[M::mem_pestat] # candidate unique pairs for (FF, FR, RF, RR): (1, 190072, 8, 6)
[M::mem_pestat] skip orientation FF as there are not enough pairs
[M::mem_pestat] analyzing insert size distribution for orientation FR...
[M::mem_pestat] (25, 50, 75) percentile: (106, 128, 164)
[M::mem_pestat] low and high boundaries for computing mean and std.dev: (1, 280)
[M::mem_pestat] mean and std.dev: (135.95, 43.72)
[M::mem_pestat] low and high boundaries for proper pairs: (1, 338)
[M::mem_pestat] skip orientation RF as there are not enough pairs
[M::mem_pestat] skip orientation RR as there are not enough pairs
[M::mem_process_seqs] Processed 402038 reads in 14.456 CPU sec, 4.148 real sec
[M::mem_pestat] # candidate unique pairs for (FF, FR, RF, RR): (2, 190009, 14, 3)
[M::mem_pestat] skip orientation FF as there are not enough pairs
[M::mem_pestat] analyzing insert size distribution for orientation FR...
[M::mem_pestat] (25, 50, 75) percentile: (105, 127, 164)
[M::mem_pestat] low and high boundaries for computing mean and std.dev: (1, 282)
[M::mem_pestat] mean and std.dev: (135.87, 43.93)
[M::mem_pestat] low and high boundaries for proper pairs: (1, 341)
[M::mem_pestat] analyzing insert size distribution for orientation RF...
[M::mem_pestat] (25, 50, 75) percentile: (13, 45, 79)
[M::mem_pestat] low and high boundaries for computing mean and std.dev: (1, 211)
[M::mem_pestat] mean and std.dev: (36.25, 33.00)
[M::mem_pestat] low and high boundaries for proper pairs: (1, 277)
[M::mem_pestat] skip orientation RR as there are not enough pairs
[M::mem_pestat] skip orientation RF
[M::mem_process_seqs] Processed 402116 reads in 14.321 CPU sec, 4.295 real sec
[M::process] read 402148 sequences (40000029 bp)...
[M::mem_pestat] # candidate unique pairs for (FF, FR, RF, RR): (4, 190228, 11, 6)
[M::mem_pestat] skip orientation FF as there are not enough pairs
[M::mem_pestat] analyzing insert size distribution for orientation FR...
[M::mem_pestat] (25, 50, 75) percentile: (106, 128, 164)
[M::mem_pestat] low and high boundaries for computing mean and std.dev: (1, 280)
[M::mem_pestat] mean and std.dev: (135.94, 43.73)
[M::mem_pestat] low and high boundaries for proper pairs: (1, 338)
[M::mem_pestat] analyzing insert size distribution for orientation RF...
[M::mem_pestat] (25, 50, 75) percentile: (13, 41, 1514)
[M::mem_pestat] low and high boundaries for computing mean and std.dev: (1, 4516)
[M::mem_pestat] mean and std.dev: (807.64, 1387.45)
[M::mem_pestat] low and high boundaries for proper pairs: (1, 6357)
[M::mem_pestat] skip orientation RR as there are not enough pairs
[M::mem_pestat] skip orientation RF
[M::mem_process_seqs] Processed 402148 reads in 14.009 CPU sec, 4.211 real sec
[M::process] read 402184 sequences (40000026 bp)...
[M::process] read 402158 sequences (40000131 bp)...
[M::mem_pestat] # candidate unique pairs for (FF, FR, RF, RR): (6, 190338, 13, 2)
[M::mem_pestat] skip orientation FF as there are not enough pairs
[M::mem_pestat] analyzing insert size distribution for orientation FR...
[M::mem_pestat] (25, 50, 75) percentile: (105, 128, 163)
[M::mem_pestat] low and high boundaries for computing mean and std.dev: (1, 279)
[M::mem_pestat] mean and std.dev: (135.55, 43.46)
[M::mem_pestat] low and high boundaries for proper pairs: (1, 337)
[M::mem_pestat] analyzing insert size distribution for orientation RF...
[M::mem_pestat] (25, 50, 75) percentile: (39, 68, 2116)
[M::mem_pestat] low and high boundaries for computing mean and std.dev: (1, 6270)
[M::mem_pestat] mean and std.dev: (323.36, 597.72)
[M::mem_pestat] low and high boundaries for proper pairs: (1, 8347)
[M::mem_pestat] skip orientation RR as there are not enough pairs
[M::mem_pestat] skip orientation RF
[M::mem_process_seqs] Processed 402184 reads in 14.318 CPU sec, 4.228 real sec
[M::mem_pestat] # candidate unique pairs for (FF, FR, RF, RR): (0, 190371, 9, 4)
[M::mem_pestat] skip orientation FF as there are not enough pairs
[M::mem_pestat] analyzing insert size distribution for orientation FR...
[M::mem_pestat] (25, 50, 75) percentile: (105, 128, 163)
[M::mem_pestat] low and high boundaries for computing mean and std.dev: (1, 279)
[M::mem_pestat] mean and std.dev: (135.54, 43.50)
[M::mem_pestat] low and high boundaries for proper pairs: (1, 337)
[M::mem_pestat] skip orientation RF as there are not enough pairs
[M::mem_pestat] skip orientation RR as there are not enough pairs
[M::mem_process_seqs] Processed 402158 reads in 14.204 CPU sec, 4.263 real sec
[M::process] read 402442 sequences (40000067 bp)...
[M::mem_pestat] # candidate unique pairs for (FF, FR, RF, RR): (1, 190150, 8, 4)
[M::mem_pestat] skip orientation FF as there are not enough pairs
[M::mem_pestat] analyzing insert size distribution for orientation FR...
[M::mem_pestat] (25, 50, 75) percentile: (105, 128, 163)
[M::mem_pestat] low and high boundaries for computing mean and std.dev: (1, 279)
[M::mem_pestat] mean and std.dev: (135.63, 43.57)
[M::mem_pestat] low and high boundaries for proper pairs: (1, 337)
[M::mem_pestat] skip orientation RF as there are not enough pairs
[M::mem_pestat] skip orientation RR as there are not enough pairs
[M::process] read 402554 sequences (40000185 bp)...
[M::mem_process_seqs] Processed 402442 reads in 14.413 CPU sec, 4.289 real sec
[M::mem_pestat] # candidate unique pairs for (FF, FR, RF, RR): (3, 190152, 6, 6)
[M::mem_pestat] skip orientation FF as there are not enough pairs
[M::mem_pestat] analyzing insert size distribution for orientation FR...
[M::mem_pestat] (25, 50, 75) percentile: (105, 127, 163)
[M::mem_pestat] low and high boundaries for computing mean and std.dev: (1, 279)
[M::mem_pestat] mean and std.dev: (135.38, 43.59)
[M::mem_pestat] low and high boundaries for proper pairs: (1, 337)
[M::mem_pestat] skip orientation RF as there are not enough pairs
[M::mem_pestat] skip orientation RR as there are not enough pairs
[M::mem_process_seqs] Processed 402554 reads in 13.445 CPU sec, 4.247 real sec
[M::process] read 402694 sequences (40000166 bp)...
[M::mem_pestat] # candidate unique pairs for (FF, FR, RF, RR): (2, 190322, 8, 6)
[M::mem_pestat] skip orientation FF as there are not enough pairs
[M::mem_pestat] analyzing insert size distribution for orientation FR...
[M::process] read 402760 sequences (40000150 bp)...
[M::mem_pestat] (25, 50, 75) percentile: (105, 127, 163)
[M::mem_pestat] low and high boundaries for computing mean and std.dev: (1, 279)
[M::mem_pestat] mean and std.dev: (135.47, 43.42)
[M::mem_pestat] low and high boundaries for proper pairs: (1, 337)
[M::mem_pestat] skip orientation RF as there are not enough pairs
[M::mem_pestat] skip orientation RR as there are not enough pairs
[M::mem_process_seqs] Processed 402694 reads in 14.459 CPU sec, 4.136 real sec
[M::mem_pestat] # candidate unique pairs for (FF, FR, RF, RR): (0, 190240, 11, 4)
[M::mem_pestat] skip orientation FF as there are not enough pairs
[M::mem_pestat] analyzing insert size distribution for orientation FR...
[M::mem_pestat] (25, 50, 75) percentile: (105, 127, 162)
[M::mem_pestat] low and high boundaries for computing mean and std.dev: (1, 276)
[M::mem_pestat] mean and std.dev: (134.85, 42.99)
[M::mem_pestat] low and high boundaries for proper pairs: (1, 333)
[M::mem_pestat] analyzing insert size distribution for orientation RF...
[M::mem_pestat] (25, 50, 75) percentile: (14, 30, 44)
[M::mem_pestat] low and high boundaries for computing mean and std.dev: (1, 104)
[M::mem_pestat] mean and std.dev: (31.27, 23.06)
[M::mem_pestat] low and high boundaries for proper pairs: (1, 134)
[M::mem_pestat] skip orientation RR as there are not enough pairs
[M::mem_pestat] skip orientation RF
[M::mem_process_seqs] Processed 402760 reads in 14.056 CPU sec, 4.223 real sec
[M::process] read 404938 sequences (40000078 bp)...
[M::mem_pestat] # candidate unique pairs for (FF, FR, RF, RR): (2, 191224, 15, 6)
[M::mem_pestat] skip orientation FF as there are not enough pairs
[M::mem_pestat] analyzing insert size distribution for orientation FR...
[M::mem_pestat] (25, 50, 75) percentile: (105, 127, 162)
[M::mem_pestat] low and high boundaries for computing mean and std.dev: (1, 276)
[M::mem_pestat] mean and std.dev: (134.83, 42.80)
[M::mem_pestat] low and high boundaries for proper pairs: (1, 333)
[M::mem_pestat] analyzing insert size distribution for orientation RF...
[M::mem_pestat] (25, 50, 75) percentile: (33, 87, 1113)
[M::mem_pestat] low and high boundaries for computing mean and std.dev: (1, 3273)
[M::mem_pestat] mean and std.dev: (398.08, 798.80)
[M::mem_pestat] low and high boundaries for proper pairs: (1, 4353)
[M::mem_pestat] skip orientation RR as there are not enough pairs
[M::mem_pestat] skip orientation RF
[M::mem_process_seqs] Processed 404938 reads in 14.071 CPU sec, 4.153 real sec
[M::process] read 403572 sequences (40000134 bp)...
[M::process] read 134698 sequences (13352770 bp)...
[M::mem_pestat] # candidate unique pairs for (FF, FR, RF, RR): (3, 190638, 10, 4)
[M::mem_pestat] skip orientation FF as there are not enough pairs
[M::mem_pestat] analyzing insert size distribution for orientation FR...
[M::mem_pestat] (25, 50, 75) percentile: (105, 127, 162)
[M::mem_pestat] low and high boundaries for computing mean and std.dev: (1, 276)
[M::mem_pestat] mean and std.dev: (134.87, 42.93)
[M::mem_pestat] low and high boundaries for proper pairs: (1, 333)
[M::mem_pestat] analyzing insert size distribution for orientation RF...
[M::mem_pestat] (25, 50, 75) percentile: (12, 152, 1274)
[M::mem_pestat] low and high boundaries for computing mean and std.dev: (1, 3798)
[M::mem_pestat] mean and std.dev: (840.40, 1243.28)
[M::mem_pestat] low and high boundaries for proper pairs: (1, 5814)
[M::mem_pestat] skip orientation RR as there are not enough pairs
[M::mem_pestat] skip orientation RF
[M::mem_process_seqs] Processed 403572 reads in 13.989 CPU sec, 4.131 real sec
[M::mem_pestat] # candidate unique pairs for (FF, FR, RF, RR): (2, 63532, 4, 2)
[M::mem_pestat] skip orientation FF as there are not enough pairs
[M::mem_pestat] analyzing insert size distribution for orientation FR...
[M::mem_pestat] (25, 50, 75) percentile: (105, 127, 162)
[M::mem_pestat] low and high boundaries for computing mean and std.dev: (1, 276)
[M::mem_pestat] mean and std.dev: (134.81, 42.89)
[M::mem_pestat] low and high boundaries for proper pairs: (1, 333)
[M::mem_pestat] skip orientation RF as there are not enough pairs
[M::mem_pestat] skip orientation RR as there are not enough pairs
[M::mem_process_seqs] Processed 134698 reads in 4.612 CPU sec, 1.454 real sec
[main] Version: 0.7.19-r1273
[main] CMD: bwa mem -t 4 Efaecium /home/yogesh22/Genome_Analysis/raw_data/transcriptomics_data/RNA-Seq_BH/trimmed/trim_paired_ERR1797972_pass_1.fastq.gz /home/yogesh22/Genome_Analysis/raw_data/transcriptomics_data/RNA-Seq_BH/trimmed/trim_paired_ERR1797972_pass_2.fastq.gz
[main] Real time: 324.819 sec; CPU: 985.623 sec
[bam_sort_core] merging from 9 files and 1 in-memory blocks...
[M::bwa_idx_load_from_disk] read 0 ALT contigs
[M::process] read 401682 sequences (40000163 bp)...
[M::process] read 401888 sequences (40000003 bp)...
[M::mem_pestat] # candidate unique pairs for (FF, FR, RF, RR): (2, 190309, 4, 3)
[M::mem_pestat] skip orientation FF as there are not enough pairs
[M::mem_pestat] analyzing insert size distribution for orientation FR...
[M::mem_pestat] (25, 50, 75) percentile: (110, 135, 177)
[M::mem_pestat] low and high boundaries for computing mean and std.dev: (1, 311)
[M::mem_pestat] mean and std.dev: (144.99, 49.83)
[M::mem_pestat] low and high boundaries for proper pairs: (1, 378)
[M::mem_pestat] skip orientation RF as there are not enough pairs
[M::mem_pestat] skip orientation RR as there are not enough pairs
[M::mem_process_seqs] Processed 401682 reads in 14.234 CPU sec, 3.606 real sec
[M::mem_pestat] # candidate unique pairs for (FF, FR, RF, RR): (2, 190620, 6, 2)
[M::mem_pestat] skip orientation FF as there are not enough pairs
[M::mem_pestat] analyzing insert size distribution for orientation FR...
[M::mem_pestat] (25, 50, 75) percentile: (110, 135, 177)
[M::mem_pestat] low and high boundaries for computing mean and std.dev: (1, 311)
[M::mem_pestat] mean and std.dev: (145.02, 49.60)
[M::mem_pestat] low and high boundaries for proper pairs: (1, 378)
[M::mem_pestat] skip orientation RF as there are not enough pairs
[M::mem_pestat] skip orientation RR as there are not enough pairs
[M::mem_process_seqs] Processed 401888 reads in 14.035 CPU sec, 4.235 real sec
[M::process] read 401784 sequences (40000023 bp)...
[M::mem_pestat] # candidate unique pairs for (FF, FR, RF, RR): (0, 190360, 10, 5)
[M::mem_pestat] skip orientation FF as there are not enough pairs
[M::mem_pestat] analyzing insert size distribution for orientation FR...
[M::mem_pestat] (25, 50, 75) percentile: (110, 135, 177)
[M::mem_pestat] low and high boundaries for computing mean and std.dev: (1, 311)
[M::mem_pestat] mean and std.dev: (144.83, 49.60)
[M::mem_pestat] low and high boundaries for proper pairs: (1, 378)
[M::mem_pestat] analyzing insert size distribution for orientation RF...
[M::mem_pestat] (25, 50, 75) percentile: (26, 133, 3364)
[M::mem_pestat] low and high boundaries for computing mean and std.dev: (1, 10040)
[M::mem_pestat] mean and std.dev: (2059.50, 3379.35)
[M::mem_pestat] low and high boundaries for proper pairs: (1, 15577)
[M::mem_pestat] skip orientation RR as there are not enough pairs
[M::mem_pestat] skip orientation RF
[M::mem_process_seqs] Processed 401784 reads in 14.184 CPU sec, 4.240 real sec
[M::process] read 401784 sequences (40000025 bp)...
[M::mem_pestat] # candidate unique pairs for (FF, FR, RF, RR): (1, 190172, 7, 3)
[M::mem_pestat] skip orientation FF as there are not enough pairs
[M::mem_pestat] analyzing insert size distribution for orientation FR...
[M::mem_pestat] (25, 50, 75) percentile: (110, 135, 176)
[M::mem_pestat] low and high boundaries for computing mean and std.dev: (1, 308)
[M::mem_pestat] mean and std.dev: (144.43, 49.09)
[M::mem_pestat] low and high boundaries for proper pairs: (1, 374)
[M::mem_pestat] skip orientation RF as there are not enough pairs
[M::mem_pestat] skip orientation RR as there are not enough pairs
[M::mem_process_seqs] Processed 401784 reads in 13.852 CPU sec, 4.183 real sec
[M::process] read 401982 sequences (40000185 bp)...
[M::mem_pestat] # candidate unique pairs for (FF, FR, RF, RR): (3, 190490, 9, 5)
[M::mem_pestat] skip orientation FF as there are not enough pairs
[M::mem_pestat] analyzing insert size distribution for orientation FR...
[M::mem_pestat] (25, 50, 75) percentile: (110, 135, 176)
[M::mem_pestat] low and high boundaries for computing mean and std.dev: (1, 308)
[M::mem_pestat] mean and std.dev: (144.26, 48.96)
[M::mem_pestat] low and high boundaries for proper pairs: (1, 374)
[M::mem_pestat] skip orientation RF as there are not enough pairs
[M::mem_pestat] skip orientation RR as there are not enough pairs
[M::process] read 401972 sequences (40000037 bp)...
[M::mem_process_seqs] Processed 401982 reads in 14.229 CPU sec, 4.206 real sec
[M::mem_pestat] # candidate unique pairs for (FF, FR, RF, RR): (3, 190260, 6, 1)
[M::mem_pestat] skip orientation FF as there are not enough pairs
[M::mem_pestat] analyzing insert size distribution for orientation FR...
[M::mem_pestat] (25, 50, 75) percentile: (110, 135, 176)
[M::mem_pestat] low and high boundaries for computing mean and std.dev: (1, 308)
[M::mem_pestat] mean and std.dev: (144.26, 48.96)
[M::mem_pestat] low and high boundaries for proper pairs: (1, 374)
[M::mem_pestat] skip orientation RF as there are not enough pairs
[M::mem_pestat] skip orientation RR as there are not enough pairs
[M::mem_process_seqs] Processed 401972 reads in 13.788 CPU sec, 4.172 real sec
[M::process] read 402028 sequences (40000111 bp)...
[M::mem_pestat] # candidate unique pairs for (FF, FR, RF, RR): (2, 190265, 13, 2)
[M::mem_pestat] skip orientation FF as there are not enough pairs
[M::mem_pestat] analyzing insert size distribution for orientation FR...
[M::mem_pestat] (25, 50, 75) percentile: (109, 134, 176)
[M::mem_pestat] low and high boundaries for computing mean and std.dev: (1, 310)
[M::mem_pestat] mean and std.dev: (144.31, 49.34)
[M::mem_pestat] low and high boundaries for proper pairs: (1, 377)
[M::mem_pestat] analyzing insert size distribution for orientation RF...
[M::mem_pestat] (25, 50, 75) percentile: (6, 17, 7060)
[M::mem_pestat] low and high boundaries for computing mean and std.dev: (1, 21168)
[M::mem_pestat] mean and std.dev: (1740.31, 3111.85)
[M::mem_pestat] low and high boundaries for proper pairs: (1, 28222)
[M::mem_pestat] skip orientation RR as there are not enough pairs
[M::mem_pestat] skip orientation RF
[M::process] read 402094 sequences (40000197 bp)...
[M::mem_process_seqs] Processed 402028 reads in 14.241 CPU sec, 4.168 real sec
[M::mem_pestat] # candidate unique pairs for (FF, FR, RF, RR): (3, 190557, 7, 2)
[M::mem_pestat] skip orientation FF as there are not enough pairs
[M::mem_pestat] analyzing insert size distribution for orientation FR...
[M::mem_pestat] (25, 50, 75) percentile: (109, 134, 175)
[M::mem_pestat] low and high boundaries for computing mean and std.dev: (1, 307)
[M::mem_pestat] mean and std.dev: (143.83, 48.74)
[M::mem_pestat] low and high boundaries for proper pairs: (1, 373)
[M::mem_pestat] skip orientation RF as there are not enough pairs
[M::mem_pestat] skip orientation RR as there are not enough pairs
[M::mem_process_seqs] Processed 402094 reads in 13.356 CPU sec, 4.122 real sec
[M::process] read 402044 sequences (40000105 bp)...
[M::process] read 402190 sequences (40000062 bp)...
[M::mem_pestat] # candidate unique pairs for (FF, FR, RF, RR): (1, 190120, 9, 4)
[M::mem_pestat] skip orientation FF as there are not enough pairs
[M::mem_pestat] analyzing insert size distribution for orientation FR...
[M::mem_pestat] (25, 50, 75) percentile: (109, 134, 175)
[M::mem_pestat] low and high boundaries for computing mean and std.dev: (1, 307)
[M::mem_pestat] mean and std.dev: (143.60, 48.58)
[M::mem_pestat] low and high boundaries for proper pairs: (1, 373)
[M::mem_pestat] skip orientation RF as there are not enough pairs
[M::mem_pestat] skip orientation RR as there are not enough pairs
[M::mem_process_seqs] Processed 402044 reads in 14.193 CPU sec, 4.081 real sec
[M::mem_pestat] # candidate unique pairs for (FF, FR, RF, RR): (10, 190265, 7, 8)
[M::mem_pestat] analyzing insert size distribution for orientation FF...
[M::mem_pestat] (25, 50, 75) percentile: (3777, 6459, 6608)
[M::mem_pestat] low and high boundaries for computing mean and std.dev: (1, 12270)
[M::mem_pestat] mean and std.dev: (5777.30, 1818.83)
[M::mem_pestat] low and high boundaries for proper pairs: (1, 15101)
[M::mem_pestat] analyzing insert size distribution for orientation FR...
[M::mem_pestat] (25, 50, 75) percentile: (109, 134, 175)
[M::mem_pestat] low and high boundaries for computing mean and std.dev: (1, 307)
[M::mem_pestat] mean and std.dev: (143.69, 48.70)
[M::mem_pestat] low and high boundaries for proper pairs: (1, 373)
[M::mem_pestat] skip orientation RF as there are not enough pairs
[M::mem_pestat] skip orientation RR as there are not enough pairs
[M::mem_pestat] skip orientation FF
[M::process] read 402326 sequences (40000115 bp)...
[M::mem_process_seqs] Processed 402190 reads in 14.350 CPU sec, 4.305 real sec
[M::mem_pestat] # candidate unique pairs for (FF, FR, RF, RR): (1, 190115, 7, 6)
[M::mem_pestat] skip orientation FF as there are not enough pairs
[M::mem_pestat] analyzing insert size distribution for orientation FR...
[M::mem_pestat] (25, 50, 75) percentile: (109, 134, 174)
[M::mem_pestat] low and high boundaries for computing mean and std.dev: (1, 304)
[M::mem_pestat] mean and std.dev: (143.13, 48.00)
[M::mem_pestat] low and high boundaries for proper pairs: (1, 369)
[M::mem_pestat] skip orientation RF as there are not enough pairs
[M::mem_pestat] skip orientation RR as there are not enough pairs
[M::mem_process_seqs] Processed 402326 reads in 14.235 CPU sec, 4.278 real sec
[M::process] read 402318 sequences (40000033 bp)...
[M::mem_pestat] # candidate unique pairs for (FF, FR, RF, RR): (3, 190501, 7, 2)
[M::mem_pestat] skip orientation FF as there are not enough pairs
[M::mem_pestat] analyzing insert size distribution for orientation FR...
[M::mem_pestat] (25, 50, 75) percentile: (109, 134, 174)
[M::mem_pestat] low and high boundaries for computing mean and std.dev: (1, 304)
[M::mem_pestat] mean and std.dev: (143.14, 47.98)
[M::mem_pestat] low and high boundaries for proper pairs: (1, 369)
[M::mem_pestat] skip orientation RF as there are not enough pairs
[M::mem_pestat] skip orientation RR as there are not enough pairs
[M::mem_process_seqs] Processed 402318 reads in 14.182 CPU sec, 4.248 real sec
[M::process] read 402690 sequences (40000180 bp)...
[M::mem_pestat] # candidate unique pairs for (FF, FR, RF, RR): (1, 190458, 12, 4)
[M::mem_pestat] skip orientation FF as there are not enough pairs
[M::mem_pestat] analyzing insert size distribution for orientation FR...
[M::mem_pestat] (25, 50, 75) percentile: (109, 134, 174)
[M::mem_pestat] low and high boundaries for computing mean and std.dev: (1, 304)
[M::mem_pestat] mean and std.dev: (143.05, 47.97)
[M::mem_pestat] low and high boundaries for proper pairs: (1, 369)
[M::mem_pestat] analyzing insert size distribution for orientation RF...
[M::mem_pestat] (25, 50, 75) percentile: (6, 93, 205)
[M::mem_pestat] low and high boundaries for computing mean and std.dev: (1, 603)
[M::mem_pestat] mean and std.dev: (93.18, 99.45)
[M::mem_pestat] low and high boundaries for proper pairs: (1, 802)
[M::mem_pestat] skip orientation RR as there are not enough pairs
[M::mem_pestat] skip orientation RF
[M::mem_process_seqs] Processed 402690 reads in 14.158 CPU sec, 4.250 real sec
[M::process] read 402850 sequences (40000012 bp)...
[M::mem_pestat] # candidate unique pairs for (FF, FR, RF, RR): (3, 190521, 6, 4)
[M::mem_pestat] skip orientation FF as there are not enough pairs
[M::mem_pestat] analyzing insert size distribution for orientation FR...
[M::mem_pestat] (25, 50, 75) percentile: (109, 133, 173)
[M::mem_pestat] low and high boundaries for computing mean and std.dev: (1, 301)
[M::mem_pestat] mean and std.dev: (142.48, 47.46)
[M::mem_pestat] low and high boundaries for proper pairs: (1, 365)
[M::mem_pestat] skip orientation RF as there are not enough pairs
[M::mem_pestat] skip orientation RR as there are not enough pairs
[M::mem_process_seqs] Processed 402850 reads in 14.231 CPU sec, 4.242 real sec
[M::process] read 403814 sequences (40000183 bp)...
[M::mem_pestat] # candidate unique pairs for (FF, FR, RF, RR): (1, 191050, 6, 1)
[M::mem_pestat] skip orientation FF as there are not enough pairs
[M::mem_pestat] analyzing insert size distribution for orientation FR...
[M::mem_pestat] (25, 50, 75) percentile: (109, 133, 173)
[M::mem_pestat] low and high boundaries for computing mean and std.dev: (1, 301)
[M::mem_pestat] mean and std.dev: (142.35, 47.40)
[M::mem_pestat] low and high boundaries for proper pairs: (1, 365)
[M::mem_pestat] skip orientation RF as there are not enough pairs
[M::mem_pestat] skip orientation RR as there are not enough pairs
[M::mem_process_seqs] Processed 403814 reads in 13.491 CPU sec, 4.211 real sec
[M::process] read 403596 sequences (40000023 bp)...
[M::process] read 404062 sequences (40000039 bp)...
[M::mem_pestat] # candidate unique pairs for (FF, FR, RF, RR): (3, 190921, 6, 6)
[M::mem_pestat] skip orientation FF as there are not enough pairs
[M::mem_pestat] analyzing insert size distribution for orientation FR...
[M::mem_pestat] (25, 50, 75) percentile: (109, 133, 172)
[M::mem_pestat] low and high boundaries for computing mean and std.dev: (1, 298)
[M::mem_pestat] mean and std.dev: (141.92, 46.90)
[M::mem_pestat] low and high boundaries for proper pairs: (1, 361)
[M::mem_pestat] skip orientation RF as there are not enough pairs
[M::mem_pestat] skip orientation RR as there are not enough pairs
[M::mem_process_seqs] Processed 403596 reads in 14.240 CPU sec, 4.058 real sec
[M::mem_pestat] # candidate unique pairs for (FF, FR, RF, RR): (5, 191392, 11, 1)
[M::mem_pestat] skip orientation FF as there are not enough pairs
[M::mem_pestat] analyzing insert size distribution for orientation FR...
[M::mem_pestat] (25, 50, 75) percentile: (109, 133, 172)
[M::mem_pestat] low and high boundaries for computing mean and std.dev: (1, 298)
[M::mem_pestat] mean and std.dev: (142.17, 46.87)
[M::mem_pestat] low and high boundaries for proper pairs: (1, 361)
[M::mem_pestat] analyzing insert size distribution for orientation RF...
[M::mem_pestat] (25, 50, 75) percentile: (10, 24, 1434)
[M::mem_pestat] low and high boundaries for computing mean and std.dev: (1, 4282)
[M::mem_pestat] mean and std.dev: (203.44, 442.04)
[M::mem_pestat] low and high boundaries for proper pairs: (1, 5706)
[M::mem_pestat] skip orientation RR as there are not enough pairs
[M::mem_pestat] skip orientation RF
[M::process] read 401676 sequences (40000001 bp)...
[M::mem_process_seqs] Processed 404062 reads in 14.237 CPU sec, 4.261 real sec
[M::mem_pestat] # candidate unique pairs for (FF, FR, RF, RR): (5, 190514, 8, 3)
[M::mem_pestat] skip orientation FF as there are not enough pairs
[M::mem_pestat] analyzing insert size distribution for orientation FR...
[M::mem_pestat] (25, 50, 75) percentile: (110, 136, 177)
[M::mem_pestat] low and high boundaries for computing mean and std.dev: (1, 311)
[M::mem_pestat] mean and std.dev: (145.10, 49.60)
[M::mem_pestat] low and high boundaries for proper pairs: (1, 378)
[M::mem_pestat] skip orientation RF as there are not enough pairs
[M::mem_pestat] skip orientation RR as there are not enough pairs
[M::process] read 401904 sequences (40000133 bp)...
[M::mem_process_seqs] Processed 401676 reads in 14.224 CPU sec, 4.267 real sec
[M::mem_pestat] # candidate unique pairs for (FF, FR, RF, RR): (2, 190379, 8, 4)
[M::mem_pestat] skip orientation FF as there are not enough pairs
[M::mem_pestat] analyzing insert size distribution for orientation FR...
[M::mem_pestat] (25, 50, 75) percentile: (110, 135, 177)
[M::mem_pestat] low and high boundaries for computing mean and std.dev: (1, 311)
[M::mem_pestat] mean and std.dev: (145.10, 49.58)
[M::mem_pestat] low and high boundaries for proper pairs: (1, 378)
[M::mem_pestat] skip orientation RF as there are not enough pairs
[M::mem_pestat] skip orientation RR as there are not enough pairs
[M::process] read 401918 sequences (40000176 bp)...
[M::mem_process_seqs] Processed 401904 reads in 14.262 CPU sec, 4.284 real sec
[M::mem_pestat] # candidate unique pairs for (FF, FR, RF, RR): (2, 190432, 3, 0)
[M::mem_pestat] skip orientation FF as there are not enough pairs
[M::mem_pestat] analyzing insert size distribution for orientation FR...
[M::mem_pestat] (25, 50, 75) percentile: (110, 135, 177)
[M::mem_pestat] low and high boundaries for computing mean and std.dev: (1, 311)
[M::mem_pestat] mean and std.dev: (145.04, 49.53)
[M::mem_pestat] low and high boundaries for proper pairs: (1, 378)
[M::mem_pestat] skip orientation RF as there are not enough pairs
[M::mem_pestat] skip orientation RR as there are not enough pairs
[M::mem_process_seqs] Processed 401918 reads in 14.141 CPU sec, 4.251 real sec
[M::process] read 401788 sequences (40000011 bp)...
[M::mem_pestat] # candidate unique pairs for (FF, FR, RF, RR): (0, 190427, 7, 2)
[M::mem_pestat] skip orientation FF as there are not enough pairs
[M::mem_pestat] analyzing insert size distribution for orientation FR...
[M::mem_pestat] (25, 50, 75) percentile: (110, 135, 176)
[M::mem_pestat] low and high boundaries for computing mean and std.dev: (1, 308)
[M::mem_pestat] mean and std.dev: (144.66, 49.16)
[M::mem_pestat] low and high boundaries for proper pairs: (1, 374)
[M::mem_pestat] skip orientation RF as there are not enough pairs
[M::mem_pestat] skip orientation RR as there are not enough pairs
[M::process] read 402010 sequences (40000007 bp)...
[M::mem_process_seqs] Processed 401788 reads in 14.203 CPU sec, 4.270 real sec
[M::mem_pestat] # candidate unique pairs for (FF, FR, RF, RR): (3, 190337, 5, 3)
[M::mem_pestat] skip orientation FF as there are not enough pairs
[M::mem_pestat] analyzing insert size distribution for orientation FR...
[M::mem_pestat] (25, 50, 75) percentile: (110, 135, 176)
[M::mem_pestat] low and high boundaries for computing mean and std.dev: (1, 308)
[M::mem_pestat] mean and std.dev: (144.57, 49.10)
[M::mem_pestat] low and high boundaries for proper pairs: (1, 374)
[M::mem_pestat] skip orientation RF as there are not enough pairs
[M::mem_pestat] skip orientation RR as there are not enough pairs
[M::mem_process_seqs] Processed 402010 reads in 13.351 CPU sec, 4.166 real sec
[M::process] read 401932 sequences (40000003 bp)...
[M::process] read 402068 sequences (40000041 bp)...
[M::mem_pestat] # candidate unique pairs for (FF, FR, RF, RR): (4, 190432, 5, 7)
[M::mem_pestat] skip orientation FF as there are not enough pairs
[M::mem_pestat] analyzing insert size distribution for orientation FR...
[M::mem_pestat] (25, 50, 75) percentile: (110, 135, 176)
[M::mem_pestat] low and high boundaries for computing mean and std.dev: (1, 308)
[M::mem_pestat] mean and std.dev: (144.47, 49.09)
[M::mem_pestat] low and high boundaries for proper pairs: (1, 374)
[M::mem_pestat] skip orientation RF as there are not enough pairs
[M::mem_pestat] skip orientation RR as there are not enough pairs
[M::mem_process_seqs] Processed 401932 reads in 14.088 CPU sec, 4.052 real sec
[M::mem_pestat] # candidate unique pairs for (FF, FR, RF, RR): (6, 190283, 8, 2)
[M::mem_pestat] skip orientation FF as there are not enough pairs
[M::mem_pestat] analyzing insert size distribution for orientation FR...
[M::mem_pestat] (25, 50, 75) percentile: (110, 134, 176)
[M::mem_pestat] low and high boundaries for computing mean and std.dev: (1, 308)
[M::mem_pestat] mean and std.dev: (144.18, 48.97)
[M::mem_pestat] low and high boundaries for proper pairs: (1, 374)
[M::mem_pestat] skip orientation RF as there are not enough pairs
[M::mem_pestat] skip orientation RR as there are not enough pairs
[M::mem_process_seqs] Processed 402068 reads in 14.208 CPU sec, 4.267 real sec
[M::process] read 401972 sequences (40000129 bp)...
[M::mem_pestat] # candidate unique pairs for (FF, FR, RF, RR): (2, 190468, 7, 3)
[M::mem_pestat] skip orientation FF as there are not enough pairs
[M::mem_pestat] analyzing insert size distribution for orientation FR...
[M::mem_pestat] (25, 50, 75) percentile: (109, 134, 175)
[M::mem_pestat] low and high boundaries for computing mean and std.dev: (1, 307)
[M::mem_pestat] mean and std.dev: (143.91, 48.75)
[M::mem_pestat] low and high boundaries for proper pairs: (1, 373)
[M::mem_pestat] skip orientation RF as there are not enough pairs
[M::mem_pestat] skip orientation RR as there are not enough pairs
[M::mem_process_seqs] Processed 401972 reads in 14.066 CPU sec, 4.233 real sec
[M::process] read 402126 sequences (40000006 bp)...
[M::mem_pestat] # candidate unique pairs for (FF, FR, RF, RR): (1, 190373, 10, 1)
[M::mem_pestat] skip orientation FF as there are not enough pairs
[M::mem_pestat] analyzing insert size distribution for orientation FR...
[M::mem_pestat] (25, 50, 75) percentile: (109, 134, 175)
[M::mem_pestat] low and high boundaries for computing mean and std.dev: (1, 307)
[M::mem_pestat] mean and std.dev: (143.75, 48.76)
[M::mem_pestat] low and high boundaries for proper pairs: (1, 373)
[M::mem_pestat] analyzing insert size distribution for orientation RF...
[M::mem_pestat] (25, 50, 75) percentile: (12, 54, 356)
[M::mem_pestat] low and high boundaries for computing mean and std.dev: (1, 1044)
[M::mem_pestat] mean and std.dev: (153.11, 188.20)
[M::mem_pestat] low and high boundaries for proper pairs: (1, 1388)
[M::mem_pestat] skip orientation RR as there are not enough pairs
[M::mem_pestat] skip orientation RF
[M::process] read 402132 sequences (40000023 bp)...
[M::mem_process_seqs] Processed 402126 reads in 14.258 CPU sec, 4.249 real sec
[M::process] read 402234 sequences (40000136 bp)...
[M::mem_pestat] # candidate unique pairs for (FF, FR, RF, RR): (1, 190282, 8, 7)
[M::mem_pestat] skip orientation FF as there are not enough pairs
[M::mem_pestat] analyzing insert size distribution for orientation FR...
[M::mem_pestat] (25, 50, 75) percentile: (109, 134, 175)
[M::mem_pestat] low and high boundaries for computing mean and std.dev: (1, 307)
[M::mem_pestat] mean and std.dev: (143.84, 48.73)
[M::mem_pestat] low and high boundaries for proper pairs: (1, 373)
[M::mem_pestat] skip orientation RF as there are not enough pairs
[M::mem_pestat] skip orientation RR as there are not enough pairs
[M::mem_process_seqs] Processed 402132 reads in 14.249 CPU sec, 4.283 real sec
[M::mem_pestat] # candidate unique pairs for (FF, FR, RF, RR): (2, 190148, 11, 8)
[M::mem_pestat] skip orientation FF as there are not enough pairs
[M::mem_pestat] analyzing insert size distribution for orientation FR...
[M::mem_pestat] (25, 50, 75) percentile: (109, 134, 175)
[M::mem_pestat] low and high boundaries for computing mean and std.dev: (1, 307)
[M::mem_pestat] mean and std.dev: (143.62, 48.45)
[M::mem_pestat] low and high boundaries for proper pairs: (1, 373)
[M::mem_pestat] analyzing insert size distribution for orientation RF...
[M::mem_pestat] (25, 50, 75) percentile: (13, 14, 157)
[M::mem_pestat] low and high boundaries for computing mean and std.dev: (1, 445)
[M::mem_pestat] mean and std.dev: (35.44, 46.33)
[M::mem_pestat] low and high boundaries for proper pairs: (1, 589)
[M::mem_pestat] skip orientation RR as there are not enough pairs
[M::mem_pestat] skip orientation RF
[M::mem_process_seqs] Processed 402234 reads in 13.941 CPU sec, 4.215 real sec
[M::process] read 402312 sequences (40000111 bp)...
[M::mem_pestat] # candidate unique pairs for (FF, FR, RF, RR): (1, 190464, 8, 5)
[M::mem_pestat] skip orientation FF as there are not enough pairs
[M::mem_pestat] analyzing insert size distribution for orientation FR...
[M::mem_pestat] (25, 50, 75) percentile: (109, 134, 174)
[M::mem_pestat] low and high boundaries for computing mean and std.dev: (1, 304)
[M::mem_pestat] mean and std.dev: (143.32, 48.07)
[M::mem_pestat] low and high boundaries for proper pairs: (1, 369)
[M::mem_pestat] skip orientation RF as there are not enough pairs
[M::mem_pestat] skip orientation RR as there are not enough pairs
[M::mem_process_seqs] Processed 402312 reads in 13.364 CPU sec, 4.157 real sec
[M::process] read 402642 sequences (40000072 bp)...
[M::process] read 402562 sequences (40000056 bp)...
[M::mem_pestat] # candidate unique pairs for (FF, FR, RF, RR): (5, 190483, 13, 2)
[M::mem_pestat] skip orientation FF as there are not enough pairs
[M::mem_pestat] analyzing insert size distribution for orientation FR...
[M::mem_pestat] (25, 50, 75) percentile: (109, 134, 174)
[M::mem_pestat] low and high boundaries for computing mean and std.dev: (1, 304)
[M::mem_pestat] mean and std.dev: (143.05, 47.90)
[M::mem_pestat] low and high boundaries for proper pairs: (1, 369)
[M::mem_pestat] analyzing insert size distribution for orientation RF...
[M::mem_pestat] (25, 50, 75) percentile: (38, 80, 1663)
[M::mem_pestat] low and high boundaries for computing mean and std.dev: (1, 4913)
[M::mem_pestat] mean and std.dev: (640.77, 989.29)
[M::mem_pestat] low and high boundaries for proper pairs: (1, 6538)
[M::mem_pestat] skip orientation RR as there are not enough pairs
[M::mem_pestat] skip orientation RF
[M::mem_process_seqs] Processed 402642 reads in 14.212 CPU sec, 4.029 real sec
[M::mem_pestat] # candidate unique pairs for (FF, FR, RF, RR): (0, 190492, 11, 1)
[M::mem_pestat] skip orientation FF as there are not enough pairs
[M::mem_pestat] analyzing insert size distribution for orientation FR...
[M::mem_pestat] (25, 50, 75) percentile: (109, 133, 174)
[M::mem_pestat] low and high boundaries for computing mean and std.dev: (1, 304)
[M::mem_pestat] mean and std.dev: (143.02, 47.95)
[M::mem_pestat] low and high boundaries for proper pairs: (1, 369)
[M::mem_pestat] analyzing insert size distribution for orientation RF...
[M::mem_pestat] (25, 50, 75) percentile: (9, 26, 103)
[M::mem_pestat] low and high boundaries for computing mean and std.dev: (1, 291)
[M::mem_pestat] mean and std.dev: (30.67, 33.26)
[M::mem_pestat] low and high boundaries for proper pairs: (1, 385)
[M::mem_pestat] skip orientation RR as there are not enough pairs
[M::mem_pestat] skip orientation RF
[M::mem_process_seqs] Processed 402562 reads in 14.033 CPU sec, 4.223 real sec
[M::process] read 403312 sequences (40000067 bp)...
[M::mem_pestat] # candidate unique pairs for (FF, FR, RF, RR): (0, 190787, 5, 4)
[M::mem_pestat] skip orientation FF as there are not enough pairs
[M::mem_pestat] analyzing insert size distribution for orientation FR...
[M::mem_pestat] (25, 50, 75) percentile: (109, 133, 173)
[M::mem_pestat] low and high boundaries for computing mean and std.dev: (1, 301)
[M::mem_pestat] mean and std.dev: (142.56, 47.40)
[M::mem_pestat] low and high boundaries for proper pairs: (1, 365)
[M::mem_pestat] skip orientation RF as there are not enough pairs
[M::mem_pestat] skip orientation RR as there are not enough pairs
[M::process] read 404856 sequences (40000069 bp)...
[M::mem_process_seqs] Processed 403312 reads in 14.276 CPU sec, 4.213 real sec
[M::mem_pestat] # candidate unique pairs for (FF, FR, RF, RR): (2, 191257, 6, 3)
[M::mem_pestat] skip orientation FF as there are not enough pairs
[M::mem_pestat] analyzing insert size distribution for orientation FR...
[M::mem_pestat] (25, 50, 75) percentile: (109, 133, 173)
[M::mem_pestat] low and high boundaries for computing mean and std.dev: (1, 301)
[M::mem_pestat] mean and std.dev: (142.65, 47.40)
[M::mem_pestat] low and high boundaries for proper pairs: (1, 365)
[M::mem_pestat] skip orientation RF as there are not enough pairs
[M::mem_pestat] skip orientation RR as there are not enough pairs
[M::process] read 403694 sequences (40000154 bp)...
[M::mem_process_seqs] Processed 404856 reads in 14.274 CPU sec, 4.274 real sec
[M::mem_pestat] # candidate unique pairs for (FF, FR, RF, RR): (2, 190955, 9, 2)
[M::mem_pestat] skip orientation FF as there are not enough pairs
[M::mem_pestat] analyzing insert size distribution for orientation FR...
[M::mem_pestat] (25, 50, 75) percentile: (109, 133, 173)
[M::mem_pestat] low and high boundaries for computing mean and std.dev: (1, 301)
[M::mem_pestat] mean and std.dev: (142.43, 47.48)
[M::mem_pestat] low and high boundaries for proper pairs: (1, 365)
[M::mem_pestat] skip orientation RF as there are not enough pairs
[M::mem_pestat] skip orientation RR as there are not enough pairs
[M::mem_process_seqs] Processed 403694 reads in 14.003 CPU sec, 4.210 real sec
[M::process] read 401876 sequences (40000092 bp)...
[M::mem_pestat] # candidate unique pairs for (FF, FR, RF, RR): (3, 190256, 12, 8)
[M::mem_pestat] skip orientation FF as there are not enough pairs
[M::mem_pestat] analyzing insert size distribution for orientation FR...
[M::mem_pestat] (25, 50, 75) percentile: (110, 135, 177)
[M::mem_pestat] low and high boundaries for computing mean and std.dev: (1, 311)
[M::mem_pestat] mean and std.dev: (144.92, 49.58)
[M::mem_pestat] low and high boundaries for proper pairs: (1, 378)
[M::mem_pestat] analyzing insert size distribution for orientation RF...
[M::mem_pestat] (25, 50, 75) percentile: (9, 16, 39)
[M::mem_pestat] low and high boundaries for computing mean and std.dev: (1, 99)
[M::mem_pestat] mean and std.dev: (24.25, 24.07)
[M::mem_pestat] low and high boundaries for proper pairs: (1, 129)
[M::mem_pestat] skip orientation RR as there are not enough pairs
[M::mem_pestat] skip orientation RF
[M::process] read 402016 sequences (40000001 bp)...
[M::mem_process_seqs] Processed 401876 reads in 14.137 CPU sec, 4.186 real sec
[M::mem_pestat] # candidate unique pairs for (FF, FR, RF, RR): (4, 190375, 13, 7)
[M::mem_pestat] skip orientation FF as there are not enough pairs
[M::mem_pestat] analyzing insert size distribution for orientation FR...
[M::mem_pestat] (25, 50, 75) percentile: (110, 136, 177)
[M::mem_pestat] low and high boundaries for computing mean and std.dev: (1, 311)
[M::mem_pestat] mean and std.dev: (145.23, 49.73)
[M::mem_pestat] low and high boundaries for proper pairs: (1, 378)
[M::mem_pestat] analyzing insert size distribution for orientation RF...
[M::mem_pestat] (25, 50, 75) percentile: (11, 33, 2970)
[M::mem_pestat] low and high boundaries for computing mean and std.dev: (1, 8888)
[M::mem_pestat] mean and std.dev: (1073.15, 1679.11)
[M::mem_pestat] low and high boundaries for proper pairs: (1, 11847)
[M::mem_pestat] skip orientation RR as there are not enough pairs
[M::mem_pestat] skip orientation RF
[M::mem_process_seqs] Processed 402016 reads in 13.355 CPU sec, 4.133 real sec
[M::process] read 401680 sequences (40000182 bp)...
[M::mem_pestat] # candidate unique pairs for (FF, FR, RF, RR): (5, 190364, 6, 7)
[M::mem_pestat] skip orientation FF as there are not enough pairs
[M::mem_pestat] analyzing insert size distribution for orientation FR...
[M::process] read 401682 sequences (40000142 bp)...
[M::mem_pestat] (25, 50, 75) percentile: (110, 135, 177)
[M::mem_pestat] low and high boundaries for computing mean and std.dev: (1, 311)
[M::mem_pestat] mean and std.dev: (144.95, 49.46)
[M::mem_pestat] low and high boundaries for proper pairs: (1, 378)
[M::mem_pestat] skip orientation RF as there are not enough pairs
[M::mem_pestat] skip orientation RR as there are not enough pairs
[M::mem_process_seqs] Processed 401680 reads in 14.216 CPU sec, 4.086 real sec
[M::mem_pestat] # candidate unique pairs for (FF, FR, RF, RR): (4, 190432, 14, 4)
[M::mem_pestat] skip orientation FF as there are not enough pairs
[M::mem_pestat] analyzing insert size distribution for orientation FR...
[M::mem_pestat] (25, 50, 75) percentile: (110, 135, 176)
[M::mem_pestat] low and high boundaries for computing mean and std.dev: (1, 308)
[M::mem_pestat] mean and std.dev: (144.59, 49.07)
[M::mem_pestat] low and high boundaries for proper pairs: (1, 374)
[M::mem_pestat] analyzing insert size distribution for orientation RF...
[M::mem_pestat] (25, 50, 75) percentile: (5, 33, 47)
[M::mem_pestat] low and high boundaries for computing mean and std.dev: (1, 131)
[M::mem_pestat] mean and std.dev: (28.85, 25.34)
[M::mem_pestat] low and high boundaries for proper pairs: (1, 173)
[M::mem_pestat] skip orientation RR as there are not enough pairs
[M::mem_pestat] skip orientation RF
[M::process] read 401972 sequences (40000109 bp)...
[M::mem_process_seqs] Processed 401682 reads in 14.370 CPU sec, 4.307 real sec
[M::mem_pestat] # candidate unique pairs for (FF, FR, RF, RR): (1, 190405, 9, 3)
[M::mem_pestat] skip orientation FF as there are not enough pairs
[M::mem_pestat] analyzing insert size distribution for orientation FR...
[M::mem_pestat] (25, 50, 75) percentile: (110, 135, 176)
[M::mem_pestat] low and high boundaries for computing mean and std.dev: (1, 308)
[M::mem_pestat] mean and std.dev: (144.64, 49.13)
[M::mem_pestat] low and high boundaries for proper pairs: (1, 374)
[M::mem_pestat] skip orientation RF as there are not enough pairs
[M::mem_pestat] skip orientation RR as there are not enough pairs
[M::mem_process_seqs] Processed 401972 reads in 13.928 CPU sec, 4.196 real sec
[M::process] read 401876 sequences (40000029 bp)...
[M::mem_pestat] # candidate unique pairs for (FF, FR, RF, RR): (2, 190337, 9, 3)
[M::mem_pestat] skip orientation FF as there are not enough pairs
[M::mem_pestat] analyzing insert size distribution for orientation FR...
[M::mem_pestat] (25, 50, 75) percentile: (110, 135, 176)
[M::mem_pestat] low and high boundaries for computing mean and std.dev: (1, 308)
[M::mem_pestat] mean and std.dev: (144.45, 48.95)
[M::mem_pestat] low and high boundaries for proper pairs: (1, 374)
[M::mem_pestat] skip orientation RF as there are not enough pairs
[M::mem_pestat] skip orientation RR as there are not enough pairs
[M::process] read 401898 sequences (40000074 bp)...
[M::mem_process_seqs] Processed 401876 reads in 14.637 CPU sec, 4.337 real sec
[M::mem_pestat] # candidate unique pairs for (FF, FR, RF, RR): (4, 190286, 8, 7)
[M::mem_pestat] skip orientation FF as there are not enough pairs
[M::mem_pestat] analyzing insert size distribution for orientation FR...
[M::mem_pestat] (25, 50, 75) percentile: (110, 135, 176)
[M::mem_pestat] low and high boundaries for computing mean and std.dev: (1, 308)
[M::mem_pestat] mean and std.dev: (144.17, 48.95)
[M::mem_pestat] low and high boundaries for proper pairs: (1, 374)
[M::mem_pestat] skip orientation RF as there are not enough pairs
[M::mem_pestat] skip orientation RR as there are not enough pairs
[M::mem_process_seqs] Processed 401898 reads in 14.152 CPU sec, 4.281 real sec
[M::process] read 401970 sequences (40000085 bp)...
[M::mem_pestat] # candidate unique pairs for (FF, FR, RF, RR): (4, 190402, 9, 3)
[M::mem_pestat] skip orientation FF as there are not enough pairs
[M::mem_pestat] analyzing insert size distribution for orientation FR...
[M::mem_pestat] (25, 50, 75) percentile: (110, 135, 176)
[M::mem_pestat] low and high boundaries for computing mean and std.dev: (1, 308)
[M::mem_pestat] mean and std.dev: (144.47, 49.15)
[M::mem_pestat] low and high boundaries for proper pairs: (1, 374)
[M::mem_pestat] skip orientation RF as there are not enough pairs
[M::mem_pestat] skip orientation RR as there are not enough pairs
[M::process] read 402032 sequences (40000084 bp)...
[M::mem_process_seqs] Processed 401970 reads in 14.532 CPU sec, 4.236 real sec
[M::mem_pestat] # candidate unique pairs for (FF, FR, RF, RR): (5, 190260, 11, 3)
[M::mem_pestat] skip orientation FF as there are not enough pairs
[M::mem_pestat] analyzing insert size distribution for orientation FR...
[M::mem_pestat] (25, 50, 75) percentile: (109, 134, 175)
[M::mem_pestat] low and high boundaries for computing mean and std.dev: (1, 307)
[M::mem_pestat] mean and std.dev: (143.83, 48.77)
[M::mem_pestat] low and high boundaries for proper pairs: (1, 373)
[M::mem_pestat] analyzing insert size distribution for orientation RF...
[M::mem_pestat] (25, 50, 75) percentile: (19, 44, 123)
[M::mem_pestat] low and high boundaries for computing mean and std.dev: (1, 331)
[M::mem_pestat] mean and std.dev: (35.89, 34.89)
[M::mem_pestat] low and high boundaries for proper pairs: (1, 435)
[M::mem_pestat] skip orientation RR as there are not enough pairs
[M::mem_pestat] skip orientation RF
[M::mem_process_seqs] Processed 402032 reads in 13.697 CPU sec, 4.363 real sec
[M::process] read 402124 sequences (40000026 bp)...
[M::mem_pestat] # candidate unique pairs for (FF, FR, RF, RR): (4, 190312, 12, 6)
[M::mem_pestat] skip orientation FF as there are not enough pairs
[M::mem_pestat] analyzing insert size distribution for orientation FR...
[M::mem_pestat] (25, 50, 75) percentile: (109, 134, 175)
[M::mem_pestat] low and high boundaries for computing mean and std.dev: (1, 307)
[M::mem_pestat] mean and std.dev: (143.77, 48.79)
[M::mem_pestat] low and high boundaries for proper pairs: (1, 373)
[M::mem_pestat] analyzing insert size distribution for orientation RF...
[M::mem_pestat] (25, 50, 75) percentile: (20, 50, 117)
[M::mem_pestat] low and high boundaries for computing mean and std.dev: (1, 311)
[M::mem_pestat] mean and std.dev: (55.73, 51.33)
[M::mem_pestat] low and high boundaries for proper pairs: (1, 408)
[M::mem_pestat] skip orientation RR as there are not enough pairs
[M::mem_pestat] skip orientation RF
[M::process] read 402192 sequences (40000073 bp)...
[M::mem_process_seqs] Processed 402124 reads in 14.692 CPU sec, 4.229 real sec
[M::mem_pestat] # candidate unique pairs for (FF, FR, RF, RR): (5, 190366, 12, 4)
[M::mem_pestat] skip orientation FF as there are not enough pairs
[M::mem_pestat] analyzing insert size distribution for orientation FR...
[M::mem_pestat] (25, 50, 75) percentile: (109, 134, 175)
[M::mem_pestat] low and high boundaries for computing mean and std.dev: (1, 307)
[M::mem_pestat] mean and std.dev: (143.72, 48.63)
[M::mem_pestat] low and high boundaries for proper pairs: (1, 373)
[M::mem_pestat] analyzing insert size distribution for orientation RF...
[M::mem_pestat] (25, 50, 75) percentile: (6, 13, 48)
[M::mem_pestat] low and high boundaries for computing mean and std.dev: (1, 132)
[M::mem_pestat] mean and std.dev: (24.92, 31.98)
[M::mem_pestat] low and high boundaries for proper pairs: (1, 174)
[M::mem_pestat] skip orientation RR as there are not enough pairs
[M::mem_pestat] skip orientation RF
[M::mem_process_seqs] Processed 402192 reads in 14.549 CPU sec, 4.376 real sec
[M::process] read 402428 sequences (40000185 bp)...
[M::mem_pestat] # candidate unique pairs for (FF, FR, RF, RR): (2, 190317, 15, 9)
[M::mem_pestat] skip orientation FF as there are not enough pairs
[M::mem_pestat] analyzing insert size distribution for orientation FR...
[M::mem_pestat] (25, 50, 75) percentile: (109, 134, 175)
[M::mem_pestat] low and high boundaries for computing mean and std.dev: (1, 307)
[M::mem_pestat] mean and std.dev: (143.66, 48.47)
[M::mem_pestat] low and high boundaries for proper pairs: (1, 373)
[M::mem_pestat] analyzing insert size distribution for orientation RF...
[M::mem_pestat] (25, 50, 75) percentile: (13, 65, 278)
[M::mem_pestat] low and high boundaries for computing mean and std.dev: (1, 808)
[M::mem_pestat] mean and std.dev: (67.50, 83.83)
[M::mem_pestat] low and high boundaries for proper pairs: (1, 1073)
[M::mem_pestat] skip orientation RR as there are not enough pairs
[M::mem_pestat] skip orientation RF
[M::mem_process_seqs] Processed 402428 reads in 14.478 CPU sec, 4.357 real sec
[M::process] read 402524 sequences (40000042 bp)...
[M::mem_pestat] # candidate unique pairs for (FF, FR, RF, RR): (3, 190454, 13, 5)
[M::mem_pestat] skip orientation FF as there are not enough pairs
[M::mem_pestat] analyzing insert size distribution for orientation FR...
[M::mem_pestat] (25, 50, 75) percentile: (109, 134, 175)
[M::mem_pestat] low and high boundaries for computing mean and std.dev: (1, 307)
[M::mem_pestat] mean and std.dev: (143.69, 48.69)
[M::mem_pestat] low and high boundaries for proper pairs: (1, 373)
[M::mem_pestat] analyzing insert size distribution for orientation RF...
[M::mem_pestat] (25, 50, 75) percentile: (10, 77, 84)
[M::mem_pestat] low and high boundaries for computing mean and std.dev: (1, 232)
[M::mem_pestat] mean and std.dev: (58.08, 50.21)
[M::mem_pestat] low and high boundaries for proper pairs: (1, 306)
[M::mem_pestat] skip orientation RR as there are not enough pairs
[M::mem_pestat] skip orientation RF
[M::mem_process_seqs] Processed 402524 reads in 14.330 CPU sec, 4.287 real sec
[M::process] read 402674 sequences (40000029 bp)...
[M::mem_pestat] # candidate unique pairs for (FF, FR, RF, RR): (4, 190620, 5, 5)
[M::mem_pestat] skip orientation FF as there are not enough pairs
[M::mem_pestat] analyzing insert size distribution for orientation FR...
[M::mem_pestat] (25, 50, 75) percentile: (109, 133, 174)
[M::mem_pestat] low and high boundaries for computing mean and std.dev: (1, 304)
[M::mem_pestat] mean and std.dev: (142.93, 48.02)
[M::mem_pestat] low and high boundaries for proper pairs: (1, 369)
[M::mem_pestat] skip orientation RF as there are not enough pairs
[M::mem_pestat] skip orientation RR as there are not enough pairs
[M::mem_process_seqs] Processed 402674 reads in 14.565 CPU sec, 4.317 real sec
[M::process] read 403510 sequences (40000145 bp)...
[M::mem_pestat] # candidate unique pairs for (FF, FR, RF, RR): (4, 191042, 9, 12)
[M::mem_pestat] skip orientation FF as there are not enough pairs
[M::mem_pestat] analyzing insert size distribution for orientation FR...
[M::mem_pestat] (25, 50, 75) percentile: (109, 133, 173)
[M::mem_pestat] low and high boundaries for computing mean and std.dev: (1, 301)
[M::mem_pestat] mean and std.dev: (142.64, 47.66)
[M::mem_pestat] low and high boundaries for proper pairs: (1, 365)
[M::mem_pestat] skip orientation RF as there are not enough pairs
[M::mem_pestat] analyzing insert size distribution for orientation RR...
[M::mem_pestat] (25, 50, 75) percentile: (104, 703, 7459)
[M::mem_pestat] low and high boundaries for computing mean and std.dev: (1, 22169)
[M::mem_pestat] mean and std.dev: (3051.50, 3834.29)
[M::mem_pestat] low and high boundaries for proper pairs: (1, 29524)
[M::mem_pestat] skip orientation RR
[M::mem_process_seqs] Processed 403510 reads in 14.225 CPU sec, 4.281 real sec
[M::process] read 403392 sequences (40000140 bp)...
[M::mem_pestat] # candidate unique pairs for (FF, FR, RF, RR): (4, 190881, 9, 1)
[M::mem_pestat] skip orientation FF as there are not enough pairs
[M::mem_pestat] analyzing insert size distribution for orientation FR...
[M::mem_pestat] (25, 50, 75) percentile: (109, 133, 173)
[M::mem_pestat] low and high boundaries for computing mean and std.dev: (1, 301)
[M::mem_pestat] mean and std.dev: (142.48, 47.60)
[M::mem_pestat] low and high boundaries for proper pairs: (1, 365)
[M::mem_pestat] skip orientation RF as there are not enough pairs
[M::mem_pestat] skip orientation RR as there are not enough pairs
[M::mem_process_seqs] Processed 403392 reads in 13.790 CPU sec, 4.312 real sec
[M::process] read 404012 sequences (40000157 bp)...
[M::process] read 403214 sequences (40000161 bp)...
[M::mem_pestat] # candidate unique pairs for (FF, FR, RF, RR): (1, 190940, 13, 3)
[M::mem_pestat] skip orientation FF as there are not enough pairs
[M::mem_pestat] analyzing insert size distribution for orientation FR...
[M::mem_pestat] (25, 50, 75) percentile: (109, 133, 173)
[M::mem_pestat] low and high boundaries for computing mean and std.dev: (1, 301)
[M::mem_pestat] mean and std.dev: (142.57, 47.37)
[M::mem_pestat] low and high boundaries for proper pairs: (1, 365)
[M::mem_pestat] analyzing insert size distribution for orientation RF...
[M::mem_pestat] (25, 50, 75) percentile: (24, 34, 84)
[M::mem_pestat] low and high boundaries for computing mean and std.dev: (1, 204)
[M::mem_pestat] mean and std.dev: (42.75, 30.61)
[M::mem_pestat] low and high boundaries for proper pairs: (1, 264)
[M::mem_pestat] skip orientation RR as there are not enough pairs
[M::mem_pestat] skip orientation RF
[M::mem_process_seqs] Processed 404012 reads in 14.580 CPU sec, 4.174 real sec
[M::process] read 404786 sequences (40000018 bp)...
[M::mem_pestat] # candidate unique pairs for (FF, FR, RF, RR): (1, 191005, 13, 6)
[M::mem_pestat] skip orientation FF as there are not enough pairs
[M::mem_pestat] analyzing insert size distribution for orientation FR...
[M::mem_pestat] (25, 50, 75) percentile: (110, 135, 177)
[M::mem_pestat] low and high boundaries for computing mean and std.dev: (1, 311)
[M::mem_pestat] mean and std.dev: (144.98, 49.69)
[M::mem_pestat] low and high boundaries for proper pairs: (1, 378)
[M::mem_pestat] analyzing insert size distribution for orientation RF...
[M::mem_pestat] (25, 50, 75) percentile: (24, 111, 1782)
[M::mem_pestat] low and high boundaries for computing mean and std.dev: (1, 5298)
[M::mem_pestat] mean and std.dev: (959.62, 1657.02)
[M::mem_pestat] low and high boundaries for proper pairs: (1, 7588)
[M::mem_pestat] skip orientation RR as there are not enough pairs
[M::mem_pestat] skip orientation RF
[M::mem_process_seqs] Processed 403214 reads in 16.627 CPU sec, 4.887 real sec
[M::mem_pestat] # candidate unique pairs for (FF, FR, RF, RR): (2, 191879, 8, 2)
[M::mem_pestat] skip orientation FF as there are not enough pairs
[M::mem_pestat] analyzing insert size distribution for orientation FR...
[M::mem_pestat] (25, 50, 75) percentile: (110, 136, 177)
[M::mem_pestat] low and high boundaries for computing mean and std.dev: (1, 311)
[M::mem_pestat] mean and std.dev: (145.34, 49.74)
[M::mem_pestat] low and high boundaries for proper pairs: (1, 378)
[M::mem_pestat] skip orientation RF as there are not enough pairs
[M::mem_pestat] skip orientation RR as there are not enough pairs
[M::process] read 403878 sequences (40000194 bp)...
[M::mem_process_seqs] Processed 404786 reads in 17.141 CPU sec, 5.030 real sec
[M::mem_pestat] # candidate unique pairs for (FF, FR, RF, RR): (4, 191296, 8, 2)
[M::mem_pestat] skip orientation FF as there are not enough pairs
[M::mem_pestat] analyzing insert size distribution for orientation FR...
[M::mem_pestat] (25, 50, 75) percentile: (110, 135, 176)
[M::mem_pestat] low and high boundaries for computing mean and std.dev: (1, 308)
[M::mem_pestat] mean and std.dev: (144.70, 49.06)
[M::mem_pestat] low and high boundaries for proper pairs: (1, 374)
[M::mem_pestat] skip orientation RF as there are not enough pairs
[M::mem_pestat] skip orientation RR as there are not enough pairs
[M::process] read 402352 sequences (40000083 bp)...
[M::mem_process_seqs] Processed 403878 reads in 16.064 CPU sec, 4.771 real sec
[M::mem_pestat] # candidate unique pairs for (FF, FR, RF, RR): (2, 190576, 6, 4)
[M::mem_pestat] skip orientation FF as there are not enough pairs
[M::mem_pestat] analyzing insert size distribution for orientation FR...
[M::mem_pestat] (25, 50, 75) percentile: (110, 135, 177)
[M::mem_pestat] low and high boundaries for computing mean and std.dev: (1, 311)
[M::mem_pestat] mean and std.dev: (145.03, 49.58)
[M::mem_pestat] low and high boundaries for proper pairs: (1, 378)
[M::mem_pestat] skip orientation RF as there are not enough pairs
[M::mem_pestat] skip orientation RR as there are not enough pairs
[M::process] read 402406 sequences (40000061 bp)...
[M::mem_process_seqs] Processed 402352 reads in 15.265 CPU sec, 4.557 real sec
[M::mem_pestat] # candidate unique pairs for (FF, FR, RF, RR): (3, 190427, 15, 3)
[M::mem_pestat] skip orientation FF as there are not enough pairs
[M::mem_pestat] analyzing insert size distribution for orientation FR...
[M::mem_pestat] (25, 50, 75) percentile: (110, 135, 176)
[M::mem_pestat] low and high boundaries for computing mean and std.dev: (1, 308)
[M::mem_pestat] mean and std.dev: (144.66, 49.00)
[M::mem_pestat] low and high boundaries for proper pairs: (1, 374)
[M::mem_pestat] analyzing insert size distribution for orientation RF...
[M::mem_pestat] (25, 50, 75) percentile: (16, 48, 1030)
[M::mem_pestat] low and high boundaries for computing mean and std.dev: (1, 3058)
[M::mem_pestat] mean and std.dev: (414.79, 674.26)
[M::mem_pestat] low and high boundaries for proper pairs: (1, 4072)
[M::mem_pestat] skip orientation RR as there are not enough pairs
[M::mem_pestat] skip orientation RF
[M::mem_process_seqs] Processed 402406 reads in 14.564 CPU sec, 4.379 real sec
[M::process] read 401856 sequences (40000021 bp)...
[M::mem_pestat] # candidate unique pairs for (FF, FR, RF, RR): (4, 190140, 13, 2)
[M::mem_pestat] skip orientation FF as there are not enough pairs
[M::mem_pestat] analyzing insert size distribution for orientation FR...
[M::mem_pestat] (25, 50, 75) percentile: (110, 135, 176)
[M::mem_pestat] low and high boundaries for computing mean and std.dev: (1, 308)
[M::mem_pestat] mean and std.dev: (144.53, 49.14)
[M::mem_pestat] low and high boundaries for proper pairs: (1, 374)
[M::mem_pestat] analyzing insert size distribution for orientation RF...
[M::mem_pestat] (25, 50, 75) percentile: (16, 71, 317)
[M::mem_pestat] low and high boundaries for computing mean and std.dev: (1, 919)
[M::mem_pestat] mean and std.dev: (164.15, 227.03)
[M::mem_pestat] low and high boundaries for proper pairs: (1, 1220)
[M::mem_pestat] skip orientation RR as there are not enough pairs
[M::mem_pestat] skip orientation RF
[M::mem_process_seqs] Processed 401856 reads in 13.992 CPU sec, 4.410 real sec
[M::process] read 401916 sequences (40000161 bp)...
[M::mem_pestat] # candidate unique pairs for (FF, FR, RF, RR): (0, 190409, 8, 7)
[M::mem_pestat] skip orientation FF as there are not enough pairs
[M::mem_pestat] analyzing insert size distribution for orientation FR...
[M::mem_pestat] (25, 50, 75) percentile: (110, 135, 176)
[M::mem_pestat] low and high boundaries for computing mean and std.dev: (1, 308)
[M::mem_pestat] mean and std.dev: (144.35, 49.02)
[M::mem_pestat] low and high boundaries for proper pairs: (1, 374)
[M::mem_pestat] skip orientation RF as there are not enough pairs
[M::mem_pestat] skip orientation RR as there are not enough pairs
[M::process] read 401926 sequences (40000059 bp)...
[M::mem_process_seqs] Processed 401916 reads in 14.671 CPU sec, 4.214 real sec
[M::mem_pestat] # candidate unique pairs for (FF, FR, RF, RR): (5, 190139, 4, 2)
[M::mem_pestat] skip orientation FF as there are not enough pairs
[M::mem_pestat] analyzing insert size distribution for orientation FR...
[M::mem_pestat] (25, 50, 75) percentile: (109, 135, 176)
[M::mem_pestat] low and high boundaries for computing mean and std.dev: (1, 310)
[M::mem_pestat] mean and std.dev: (144.37, 49.14)
[M::mem_pestat] low and high boundaries for proper pairs: (1, 377)
[M::mem_pestat] skip orientation RF as there are not enough pairs
[M::mem_pestat] skip orientation RR as there are not enough pairs
[M::mem_process_seqs] Processed 401926 reads in 14.259 CPU sec, 4.303 real sec
[M::process] read 402018 sequences (40000042 bp)...
[M::mem_pestat] # candidate unique pairs for (FF, FR, RF, RR): (5, 190209, 9, 2)
[M::mem_pestat] skip orientation FF as there are not enough pairs
[M::mem_pestat] analyzing insert size distribution for orientation FR...
[M::mem_pestat] (25, 50, 75) percentile: (109, 134, 175)
[M::mem_pestat] low and high boundaries for computing mean and std.dev: (1, 307)
[M::mem_pestat] mean and std.dev: (143.83, 48.65)
[M::mem_pestat] low and high boundaries for proper pairs: (1, 373)
[M::mem_pestat] skip orientation RF as there are not enough pairs
[M::mem_pestat] skip orientation RR as there are not enough pairs
[M::process] read 401976 sequences (40000123 bp)...
[M::mem_process_seqs] Processed 402018 reads in 14.496 CPU sec, 4.295 real sec
[M::mem_pestat] # candidate unique pairs for (FF, FR, RF, RR): (0, 190214, 8, 7)
[M::mem_pestat] skip orientation FF as there are not enough pairs
[M::mem_pestat] analyzing insert size distribution for orientation FR...
[M::mem_pestat] (25, 50, 75) percentile: (109, 134, 175)
[M::mem_pestat] low and high boundaries for computing mean and std.dev: (1, 307)
[M::mem_pestat] mean and std.dev: (143.96, 48.75)
[M::mem_pestat] low and high boundaries for proper pairs: (1, 373)
[M::mem_pestat] skip orientation RF as there are not enough pairs
[M::mem_pestat] skip orientation RR as there are not enough pairs
[M::process] read 402156 sequences (40000040 bp)...
[M::mem_process_seqs] Processed 401976 reads in 14.665 CPU sec, 4.403 real sec
[M::mem_pestat] # candidate unique pairs for (FF, FR, RF, RR): (3, 190391, 7, 1)
[M::mem_pestat] skip orientation FF as there are not enough pairs
[M::mem_pestat] analyzing insert size distribution for orientation FR...
[M::mem_pestat] (25, 50, 75) percentile: (109, 134, 175)
[M::mem_pestat] low and high boundaries for computing mean and std.dev: (1, 307)
[M::mem_pestat] mean and std.dev: (143.91, 48.69)
[M::mem_pestat] low and high boundaries for proper pairs: (1, 373)
[M::mem_pestat] skip orientation RF as there are not enough pairs
[M::mem_pestat] skip orientation RR as there are not enough pairs
[M::mem_process_seqs] Processed 402156 reads in 14.547 CPU sec, 4.376 real sec
[M::process] read 402316 sequences (40000110 bp)...
[M::mem_pestat] # candidate unique pairs for (FF, FR, RF, RR): (1, 190391, 11, 3)
[M::mem_pestat] skip orientation FF as there are not enough pairs
[M::mem_pestat] analyzing insert size distribution for orientation FR...
[M::mem_pestat] (25, 50, 75) percentile: (109, 134, 175)
[M::mem_pestat] low and high boundaries for computing mean and std.dev: (1, 307)
[M::mem_pestat] mean and std.dev: (143.56, 48.50)
[M::mem_pestat] low and high boundaries for proper pairs: (1, 373)
[M::mem_pestat] analyzing insert size distribution for orientation RF...
[M::mem_pestat] (25, 50, 75) percentile: (27, 33, 125)
[M::mem_pestat] low and high boundaries for computing mean and std.dev: (1, 321)
[M::mem_pestat] mean and std.dev: (37.67, 35.26)
[M::mem_pestat] low and high boundaries for proper pairs: (1, 419)
[M::mem_pestat] skip orientation RR as there are not enough pairs
[M::mem_pestat] skip orientation RF
[M::process] read 402438 sequences (40000129 bp)...
[M::mem_process_seqs] Processed 402316 reads in 14.810 CPU sec, 4.402 real sec
[M::mem_pestat] # candidate unique pairs for (FF, FR, RF, RR): (3, 190449, 10, 2)
[M::mem_pestat] skip orientation FF as there are not enough pairs
[M::mem_pestat] analyzing insert size distribution for orientation FR...
[M::mem_pestat] (25, 50, 75) percentile: (109, 134, 175)
[M::mem_pestat] low and high boundaries for computing mean and std.dev: (1, 307)
[M::mem_pestat] mean and std.dev: (143.56, 48.57)
[M::mem_pestat] low and high boundaries for proper pairs: (1, 373)
[M::mem_pestat] analyzing insert size distribution for orientation RF...
[M::mem_pestat] (25, 50, 75) percentile: (6, 22, 6139)
[M::mem_pestat] low and high boundaries for computing mean and std.dev: (1, 18405)
[M::mem_pestat] mean and std.dev: (2192.50, 3356.96)
[M::mem_pestat] low and high boundaries for proper pairs: (1, 24538)
[M::mem_pestat] skip orientation RR as there are not enough pairs
[M::mem_pestat] skip orientation RF
[M::mem_process_seqs] Processed 402438 reads in 13.770 CPU sec, 4.371 real sec
[M::process] read 402522 sequences (40000042 bp)...
[M::process] read 403208 sequences (40000004 bp)...
[M::mem_pestat] # candidate unique pairs for (FF, FR, RF, RR): (5, 190398, 11, 2)
[M::mem_pestat] skip orientation FF as there are not enough pairs
[M::mem_pestat] analyzing insert size distribution for orientation FR...
[M::mem_pestat] (25, 50, 75) percentile: (109, 134, 175)
[M::mem_pestat] low and high boundaries for computing mean and std.dev: (1, 307)
[M::mem_pestat] mean and std.dev: (143.73, 48.54)
[M::mem_pestat] low and high boundaries for proper pairs: (1, 373)
[M::mem_pestat] analyzing insert size distribution for orientation RF...
[M::mem_pestat] (25, 50, 75) percentile: (19, 32, 47)
[M::mem_pestat] low and high boundaries for computing mean and std.dev: (1, 103)
[M::mem_pestat] mean and std.dev: (22.67, 14.62)
[M::mem_pestat] low and high boundaries for proper pairs: (1, 131)
[M::mem_pestat] skip orientation RR as there are not enough pairs
[M::mem_pestat] skip orientation RF
[M::mem_process_seqs] Processed 402522 reads in 14.692 CPU sec, 4.214 real sec
[M::mem_pestat] # candidate unique pairs for (FF, FR, RF, RR): (0, 190544, 8, 6)
[M::mem_pestat] skip orientation FF as there are not enough pairs
[M::mem_pestat] analyzing insert size distribution for orientation FR...
[M::mem_pestat] (25, 50, 75) percentile: (109, 133, 174)
[M::mem_pestat] low and high boundaries for computing mean and std.dev: (1, 304)
[M::mem_pestat] mean and std.dev: (143.00, 48.04)
[M::mem_pestat] low and high boundaries for proper pairs: (1, 369)
[M::mem_pestat] skip orientation RF as there are not enough pairs
[M::mem_pestat] skip orientation RR as there are not enough pairs
[M::mem_process_seqs] Processed 403208 reads in 14.259 CPU sec, 4.296 real sec
[M::process] read 404174 sequences (40000165 bp)...
[M::mem_pestat] # candidate unique pairs for (FF, FR, RF, RR): (5, 190871, 1, 3)
[M::mem_pestat] skip orientation FF as there are not enough pairs
[M::mem_pestat] analyzing insert size distribution for orientation FR...
[M::mem_pestat] (25, 50, 75) percentile: (109, 134, 174)
[M::mem_pestat] low and high boundaries for computing mean and std.dev: (1, 304)
[M::mem_pestat] mean and std.dev: (143.19, 48.12)
[M::mem_pestat] low and high boundaries for proper pairs: (1, 369)
[M::mem_pestat] skip orientation RF as there are not enough pairs
[M::mem_pestat] skip orientation RR as there are not enough pairs
[M::mem_process_seqs] Processed 404174 reads in 14.611 CPU sec, 4.310 real sec
[M::process] read 403428 sequences (40000032 bp)...
[M::process] read 26638 sequences (2639704 bp)...
[M::mem_pestat] # candidate unique pairs for (FF, FR, RF, RR): (3, 190691, 10, 7)
[M::mem_pestat] skip orientation FF as there are not enough pairs
[M::mem_pestat] analyzing insert size distribution for orientation FR...
[M::mem_pestat] (25, 50, 75) percentile: (109, 133, 173)
[M::mem_pestat] low and high boundaries for computing mean and std.dev: (1, 301)
[M::mem_pestat] mean and std.dev: (142.49, 47.50)
[M::mem_pestat] low and high boundaries for proper pairs: (1, 365)
[M::mem_pestat] analyzing insert size distribution for orientation RF...
[M::mem_pestat] (25, 50, 75) percentile: (10, 46, 223)
[M::mem_pestat] low and high boundaries for computing mean and std.dev: (1, 649)
[M::mem_pestat] mean and std.dev: (118.90, 159.05)
[M::mem_pestat] low and high boundaries for proper pairs: (1, 862)
[M::mem_pestat] skip orientation RR as there are not enough pairs
[M::mem_pestat] skip orientation RF
[M::mem_process_seqs] Processed 403428 reads in 13.978 CPU sec, 4.205 real sec
[M::mem_pestat] # candidate unique pairs for (FF, FR, RF, RR): (0, 12662, 0, 0)
[M::mem_pestat] skip orientation FF as there are not enough pairs
[M::mem_pestat] analyzing insert size distribution for orientation FR...
[M::mem_pestat] (25, 50, 75) percentile: (109, 133, 171)
[M::mem_pestat] low and high boundaries for computing mean and std.dev: (1, 295)
[M::mem_pestat] mean and std.dev: (141.73, 46.09)
[M::mem_pestat] low and high boundaries for proper pairs: (1, 357)
[M::mem_pestat] skip orientation RF as there are not enough pairs
[M::mem_pestat] skip orientation RR as there are not enough pairs
[M::mem_process_seqs] Processed 26638 reads in 0.931 CPU sec, 0.277 real sec
[main] Version: 0.7.19-r1273
[main] CMD: bwa mem -t 4 Efaecium /home/yogesh22/Genome_Analysis/raw_data/transcriptomics_data/RNA-Seq_BH/trimmed/trim_paired_ERR1797973_pass_1.fastq.gz /home/yogesh22/Genome_Analysis/raw_data/transcriptomics_data/RNA-Seq_BH/trimmed/trim_paired_ERR1797973_pass_2.fastq.gz
[main] Real time: 326.293 sec; CPU: 985.592 sec
[bam_sort_core] merging from 9 files and 1 in-memory blocks...
[M::bwa_idx_load_from_disk] read 0 ALT contigs
[M::process] read 401834 sequences (40000138 bp)...
[M::process] read 402076 sequences (40000024 bp)...
[M::mem_pestat] # candidate unique pairs for (FF, FR, RF, RR): (3, 190510, 6, 4)
[M::mem_pestat] skip orientation FF as there are not enough pairs
[M::mem_pestat] analyzing insert size distribution for orientation FR...
[M::mem_pestat] (25, 50, 75) percentile: (108, 132, 172)
[M::mem_pestat] low and high boundaries for computing mean and std.dev: (1, 300)
[M::mem_pestat] mean and std.dev: (141.39, 47.84)
[M::mem_pestat] low and high boundaries for proper pairs: (1, 364)
[M::mem_pestat] skip orientation RF as there are not enough pairs
[M::mem_pestat] skip orientation RR as there are not enough pairs
[M::mem_process_seqs] Processed 401834 reads in 14.833 CPU sec, 3.761 real sec
[M::mem_pestat] # candidate unique pairs for (FF, FR, RF, RR): (0, 190342, 11, 3)
[M::mem_pestat] skip orientation FF as there are not enough pairs
[M::mem_pestat] analyzing insert size distribution for orientation FR...
[M::mem_pestat] (25, 50, 75) percentile: (108, 132, 172)
[M::mem_pestat] low and high boundaries for computing mean and std.dev: (1, 300)
[M::mem_pestat] mean and std.dev: (141.35, 47.76)
[M::mem_pestat] low and high boundaries for proper pairs: (1, 364)
[M::mem_pestat] analyzing insert size distribution for orientation RF...
[M::mem_pestat] (25, 50, 75) percentile: (7, 14, 25)
[M::mem_pestat] low and high boundaries for computing mean and std.dev: (1, 61)
[M::mem_pestat] mean and std.dev: (15.70, 15.89)
[M::mem_pestat] low and high boundaries for proper pairs: (1, 79)
[M::mem_pestat] skip orientation RR as there are not enough pairs
[M::mem_pestat] skip orientation RF
[M::mem_process_seqs] Processed 402076 reads in 14.132 CPU sec, 4.288 real sec
[M::process] read 401996 sequences (40000004 bp)...
[M::mem_pestat] # candidate unique pairs for (FF, FR, RF, RR): (2, 190344, 14, 2)
[M::mem_pestat] skip orientation FF as there are not enough pairs
[M::mem_pestat] analyzing insert size distribution for orientation FR...
[M::mem_pestat] (25, 50, 75) percentile: (108, 132, 172)
[M::mem_pestat] low and high boundaries for computing mean and std.dev: (1, 300)
[M::mem_pestat] mean and std.dev: (141.45, 47.70)
[M::mem_pestat] low and high boundaries for proper pairs: (1, 364)
[M::mem_pestat] analyzing insert size distribution for orientation RF...
[M::mem_pestat] (25, 50, 75) percentile: (19, 73, 392)
[M::mem_pestat] low and high boundaries for computing mean and std.dev: (1, 1138)
[M::mem_pestat] mean and std.dev: (87.09, 117.36)
[M::mem_pestat] low and high boundaries for proper pairs: (1, 1511)
[M::mem_pestat] skip orientation RR as there are not enough pairs
[M::mem_pestat] skip orientation RF
[M::process] read 401948 sequences (40000087 bp)...
[M::mem_process_seqs] Processed 401996 reads in 14.719 CPU sec, 4.271 real sec
[M::mem_pestat] # candidate unique pairs for (FF, FR, RF, RR): (1, 190355, 10, 3)
[M::mem_pestat] skip orientation FF as there are not enough pairs
[M::mem_pestat] analyzing insert size distribution for orientation FR...
[M::mem_pestat] (25, 50, 75) percentile: (107, 131, 172)
[M::mem_pestat] low and high boundaries for computing mean and std.dev: (1, 302)
[M::mem_pestat] mean and std.dev: (141.31, 48.05)
[M::mem_pestat] low and high boundaries for proper pairs: (1, 367)
[M::mem_pestat] analyzing insert size distribution for orientation RF...
[M::mem_pestat] (25, 50, 75) percentile: (15, 60, 82)
[M::mem_pestat] low and high boundaries for computing mean and std.dev: (1, 216)
[M::mem_pestat] mean and std.dev: (47.67, 35.34)
[M::mem_pestat] low and high boundaries for proper pairs: (1, 283)
[M::mem_pestat] skip orientation RR as there are not enough pairs
[M::mem_pestat] skip orientation RF
[M::mem_process_seqs] Processed 401948 reads in 14.555 CPU sec, 4.401 real sec
[M::process] read 402272 sequences (40000129 bp)...
[M::mem_pestat] # candidate unique pairs for (FF, FR, RF, RR): (0, 190278, 10, 5)
[M::mem_pestat] skip orientation FF as there are not enough pairs
[M::mem_pestat] analyzing insert size distribution for orientation FR...
[M::mem_pestat] (25, 50, 75) percentile: (107, 131, 171)
[M::mem_pestat] low and high boundaries for computing mean and std.dev: (1, 299)
[M::mem_pestat] mean and std.dev: (140.91, 47.52)
[M::mem_pestat] low and high boundaries for proper pairs: (1, 363)
[M::mem_pestat] analyzing insert size distribution for orientation RF...
[M::mem_pestat] (25, 50, 75) percentile: (17, 64, 97)
[M::mem_pestat] low and high boundaries for computing mean and std.dev: (1, 257)
[M::mem_pestat] mean and std.dev: (51.78, 40.33)
[M::mem_pestat] low and high boundaries for proper pairs: (1, 337)
[M::mem_pestat] skip orientation RR as there are not enough pairs
[M::mem_pestat] skip orientation RF
[M::mem_process_seqs] Processed 402272 reads in 14.241 CPU sec, 4.275 real sec
[M::process] read 402204 sequences (40000095 bp)...
[M::mem_pestat] # candidate unique pairs for (FF, FR, RF, RR): (4, 190381, 7, 1)
[M::mem_pestat] skip orientation FF as there are not enough pairs
[M::mem_pestat] analyzing insert size distribution for orientation FR...
[M::mem_pestat] (25, 50, 75) percentile: (107, 131, 171)
[M::mem_pestat] low and high boundaries for computing mean and std.dev: (1, 299)
[M::mem_pestat] mean and std.dev: (140.88, 47.44)
[M::mem_pestat] low and high boundaries for proper pairs: (1, 363)
[M::mem_pestat] skip orientation RF as there are not enough pairs
[M::mem_pestat] skip orientation RR as there are not enough pairs
[M::mem_process_seqs] Processed 402204 reads in 14.638 CPU sec, 4.297 real sec
[M::process] read 402252 sequences (40000148 bp)...
[M::mem_pestat] # candidate unique pairs for (FF, FR, RF, RR): (4, 190332, 8, 2)
[M::mem_pestat] skip orientation FF as there are not enough pairs
[M::mem_pestat] analyzing insert size distribution for orientation FR...
[M::mem_pestat] (25, 50, 75) percentile: (107, 131, 171)
[M::mem_pestat] low and high boundaries for computing mean and std.dev: (1, 299)
[M::mem_pestat] mean and std.dev: (140.65, 47.25)
[M::mem_pestat] low and high boundaries for proper pairs: (1, 363)
[M::mem_pestat] skip orientation RF as there are not enough pairs
[M::mem_pestat] skip orientation RR as there are not enough pairs
[M::mem_process_seqs] Processed 402252 reads in 14.687 CPU sec, 4.409 real sec
[M::process] read 402298 sequences (40000124 bp)...
[M::mem_pestat] # candidate unique pairs for (FF, FR, RF, RR): (4, 190123, 1, 4)
[M::mem_pestat] skip orientation FF as there are not enough pairs
[M::mem_pestat] analyzing insert size distribution for orientation FR...
[M::mem_pestat] (25, 50, 75) percentile: (107, 131, 171)
[M::mem_pestat] low and high boundaries for computing mean and std.dev: (1, 299)
[M::mem_pestat] mean and std.dev: (140.58, 47.50)
[M::mem_pestat] low and high boundaries for proper pairs: (1, 363)
[M::mem_pestat] skip orientation RF as there are not enough pairs
[M::mem_pestat] skip orientation RR as there are not enough pairs
[M::mem_process_seqs] Processed 402298 reads in 13.976 CPU sec, 4.364 real sec
[M::process] read 402446 sequences (40000191 bp)...
[M::process] read 402524 sequences (40000020 bp)...
[M::mem_pestat] # candidate unique pairs for (FF, FR, RF, RR): (2, 190477, 17, 2)
[M::mem_pestat] skip orientation FF as there are not enough pairs
[M::mem_pestat] analyzing insert size distribution for orientation FR...
[M::mem_pestat] (25, 50, 75) percentile: (107, 131, 171)
[M::mem_pestat] low and high boundaries for computing mean and std.dev: (1, 299)
[M::mem_pestat] mean and std.dev: (140.58, 47.44)
[M::mem_pestat] low and high boundaries for proper pairs: (1, 363)
[M::mem_pestat] analyzing insert size distribution for orientation RF...
[M::mem_pestat] (25, 50, 75) percentile: (19, 29, 139)
[M::mem_pestat] low and high boundaries for computing mean and std.dev: (1, 379)
[M::mem_pestat] mean and std.dev: (49.67, 49.69)
[M::mem_pestat] low and high boundaries for proper pairs: (1, 499)
[M::mem_pestat] skip orientation RR as there are not enough pairs
[M::mem_pestat] skip orientation RF
[M::mem_process_seqs] Processed 402446 reads in 14.788 CPU sec, 4.257 real sec
[M::mem_pestat] # candidate unique pairs for (FF, FR, RF, RR): (2, 190467, 13, 1)
[M::mem_pestat] skip orientation FF as there are not enough pairs
[M::mem_pestat] analyzing insert size distribution for orientation FR...
[M::mem_pestat] (25, 50, 75) percentile: (107, 131, 170)
[M::mem_pestat] low and high boundaries for computing mean and std.dev: (1, 296)
[M::mem_pestat] mean and std.dev: (140.36, 46.92)
[M::mem_pestat] low and high boundaries for proper pairs: (1, 359)
[M::mem_pestat] analyzing insert size distribution for orientation RF...
[M::mem_pestat] (25, 50, 75) percentile: (36, 1344, 8639)
[M::mem_pestat] low and high boundaries for computing mean and std.dev: (1, 25845)
[M::mem_pestat] mean and std.dev: (3916.00, 4042.23)
[M::mem_pestat] low and high boundaries for proper pairs: (1, 34448)
[M::mem_pestat] skip orientation RR as there are not enough pairs
[M::mem_pestat] skip orientation RF
[M::mem_process_seqs] Processed 402524 reads in 14.440 CPU sec, 4.359 real sec
[M::process] read 402544 sequences (40000015 bp)...
[M::mem_pestat] # candidate unique pairs for (FF, FR, RF, RR): (5, 190438, 7, 3)
[M::mem_pestat] skip orientation FF as there are not enough pairs
[M::mem_pestat] analyzing insert size distribution for orientation FR...
[M::mem_pestat] (25, 50, 75) percentile: (107, 131, 170)
[M::mem_pestat] low and high boundaries for computing mean and std.dev: (1, 296)
[M::mem_pestat] mean and std.dev: (140.08, 46.76)
[M::mem_pestat] low and high boundaries for proper pairs: (1, 359)
[M::mem_pestat] skip orientation RF as there are not enough pairs
[M::mem_pestat] skip orientation RR as there are not enough pairs
[M::process] read 402912 sequences (40000182 bp)...
[M::mem_process_seqs] Processed 402544 reads in 14.812 CPU sec, 4.362 real sec
[M::mem_pestat] # candidate unique pairs for (FF, FR, RF, RR): (5, 190628, 8, 2)
[M::mem_pestat] skip orientation FF as there are not enough pairs
[M::mem_pestat] analyzing insert size distribution for orientation FR...
[M::mem_pestat] (25, 50, 75) percentile: (107, 131, 170)
[M::mem_pestat] low and high boundaries for computing mean and std.dev: (1, 296)
[M::mem_pestat] mean and std.dev: (140.08, 46.81)
[M::mem_pestat] low and high boundaries for proper pairs: (1, 359)
[M::mem_pestat] skip orientation RF as there are not enough pairs
[M::mem_pestat] skip orientation RR as there are not enough pairs
[M::mem_process_seqs] Processed 402912 reads in 14.796 CPU sec, 4.454 real sec
[M::process] read 403088 sequences (40000079 bp)...
[M::mem_pestat] # candidate unique pairs for (FF, FR, RF, RR): (1, 190670, 7, 2)
[M::mem_pestat] skip orientation FF as there are not enough pairs
[M::mem_pestat] analyzing insert size distribution for orientation FR...
[M::mem_pestat] (25, 50, 75) percentile: (107, 131, 169)
[M::mem_pestat] low and high boundaries for computing mean and std.dev: (1, 293)
[M::mem_pestat] mean and std.dev: (139.72, 46.26)
[M::mem_pestat] low and high boundaries for proper pairs: (1, 355)
[M::mem_pestat] skip orientation RF as there are not enough pairs
[M::mem_pestat] skip orientation RR as there are not enough pairs
[M::mem_process_seqs] Processed 403088 reads in 14.633 CPU sec, 4.378 real sec
[M::process] read 404628 sequences (40000020 bp)...
[M::mem_pestat] # candidate unique pairs for (FF, FR, RF, RR): (3, 191286, 9, 1)
[M::mem_pestat] skip orientation FF as there are not enough pairs
[M::mem_pestat] analyzing insert size distribution for orientation FR...
[M::mem_pestat] (25, 50, 75) percentile: (107, 130, 169)
[M::mem_pestat] low and high boundaries for computing mean and std.dev: (1, 293)
[M::mem_pestat] mean and std.dev: (139.49, 46.22)
[M::mem_pestat] low and high boundaries for proper pairs: (1, 355)
[M::mem_pestat] skip orientation RF as there are not enough pairs
[M::mem_pestat] skip orientation RR as there are not enough pairs
[M::mem_process_seqs] Processed 404628 reads in 14.895 CPU sec, 4.395 real sec
[M::process] read 404046 sequences (40000156 bp)...
[M::mem_pestat] # candidate unique pairs for (FF, FR, RF, RR): (2, 191294, 7, 1)
[M::mem_pestat] skip orientation FF as there are not enough pairs
[M::mem_pestat] analyzing insert size distribution for orientation FR...
[M::mem_pestat] (25, 50, 75) percentile: (107, 130, 168)
[M::mem_pestat] low and high boundaries for computing mean and std.dev: (1, 290)
[M::mem_pestat] mean and std.dev: (139.29, 45.80)
[M::mem_pestat] low and high boundaries for proper pairs: (1, 351)
[M::mem_pestat] skip orientation RF as there are not enough pairs
[M::mem_pestat] skip orientation RR as there are not enough pairs
[M::mem_process_seqs] Processed 404046 reads in 14.149 CPU sec, 4.470 real sec
[M::process] read 402638 sequences (40000192 bp)...
[M::process] read 402108 sequences (40000157 bp)...
[M::mem_pestat] # candidate unique pairs for (FF, FR, RF, RR): (3, 190714, 10, 4)
[M::mem_pestat] skip orientation FF as there are not enough pairs
[M::mem_pestat] analyzing insert size distribution for orientation FR...
[M::mem_pestat] (25, 50, 75) percentile: (108, 131, 171)
[M::mem_pestat] low and high boundaries for computing mean and std.dev: (1, 297)
[M::mem_pestat] mean and std.dev: (140.88, 47.27)
[M::mem_pestat] low and high boundaries for proper pairs: (1, 360)
[M::mem_pestat] analyzing insert size distribution for orientation RF...
[M::mem_pestat] (25, 50, 75) percentile: (13, 167, 537)
[M::mem_pestat] low and high boundaries for computing mean and std.dev: (1, 1585)
[M::mem_pestat] mean and std.dev: (166.38, 215.18)
[M::mem_pestat] low and high boundaries for proper pairs: (1, 2109)
[M::mem_pestat] skip orientation RR as there are not enough pairs
[M::mem_pestat] skip orientation RF
[M::mem_process_seqs] Processed 402638 reads in 14.824 CPU sec, 4.248 real sec
[M::mem_pestat] # candidate unique pairs for (FF, FR, RF, RR): (1, 190449, 8, 3)
[M::mem_pestat] skip orientation FF as there are not enough pairs
[M::mem_pestat] analyzing insert size distribution for orientation FR...
[M::mem_pestat] (25, 50, 75) percentile: (108, 132, 173)
[M::mem_pestat] low and high boundaries for computing mean and std.dev: (1, 303)
[M::mem_pestat] mean and std.dev: (141.91, 48.30)
[M::mem_pestat] low and high boundaries for proper pairs: (1, 368)
[M::mem_pestat] skip orientation RF as there are not enough pairs
[M::mem_pestat] skip orientation RR as there are not enough pairs
[M::process] read 402112 sequences (40000142 bp)...
[M::mem_process_seqs] Processed 402108 reads in 14.867 CPU sec, 4.463 real sec
[M::mem_pestat] # candidate unique pairs for (FF, FR, RF, RR): (1, 190419, 7, 0)
[M::mem_pestat] skip orientation FF as there are not enough pairs
[M::mem_pestat] analyzing insert size distribution for orientation FR...
[M::mem_pestat] (25, 50, 75) percentile: (108, 132, 172)
[M::mem_pestat] low and high boundaries for computing mean and std.dev: (1, 300)
[M::mem_pestat] mean and std.dev: (141.49, 47.70)
[M::mem_pestat] low and high boundaries for proper pairs: (1, 364)
[M::mem_pestat] skip orientation RF as there are not enough pairs
[M::mem_pestat] skip orientation RR as there are not enough pairs
[M::process] read 401926 sequences (40000113 bp)...
[M::mem_process_seqs] Processed 402112 reads in 14.839 CPU sec, 4.475 real sec
[M::mem_pestat] # candidate unique pairs for (FF, FR, RF, RR): (4, 190375, 5, 4)
[M::mem_pestat] skip orientation FF as there are not enough pairs
[M::mem_pestat] analyzing insert size distribution for orientation FR...
[M::mem_pestat] (25, 50, 75) percentile: (108, 132, 172)
[M::mem_pestat] low and high boundaries for computing mean and std.dev: (1, 300)
[M::mem_pestat] mean and std.dev: (141.32, 47.67)
[M::mem_pestat] low and high boundaries for proper pairs: (1, 364)
[M::mem_pestat] skip orientation RF as there are not enough pairs
[M::mem_pestat] skip orientation RR as there are not enough pairs
[M::mem_process_seqs] Processed 401926 reads in 14.400 CPU sec, 4.361 real sec
[M::process] read 402116 sequences (40000016 bp)...
[M::mem_pestat] # candidate unique pairs for (FF, FR, RF, RR): (1, 190334, 6, 3)
[M::mem_pestat] skip orientation FF as there are not enough pairs
[M::mem_pestat] analyzing insert size distribution for orientation FR...
[M::mem_pestat] (25, 50, 75) percentile: (107, 132, 172)
[M::mem_pestat] low and high boundaries for computing mean and std.dev: (1, 302)
[M::mem_pestat] mean and std.dev: (141.42, 47.92)
[M::mem_pestat] low and high boundaries for proper pairs: (1, 367)
[M::mem_pestat] skip orientation RF as there are not enough pairs
[M::mem_pestat] skip orientation RR as there are not enough pairs
[M::process] read 402128 sequences (40000106 bp)...
[M::mem_process_seqs] Processed 402116 reads in 14.743 CPU sec, 4.323 real sec
[M::mem_pestat] # candidate unique pairs for (FF, FR, RF, RR): (0, 190294, 15, 2)
[M::mem_pestat] skip orientation FF as there are not enough pairs
[M::mem_pestat] analyzing insert size distribution for orientation FR...
[M::mem_pestat] (25, 50, 75) percentile: (107, 131, 171)
[M::mem_pestat] low and high boundaries for computing mean and std.dev: (1, 299)
[M::mem_pestat] mean and std.dev: (140.90, 47.56)
[M::mem_pestat] low and high boundaries for proper pairs: (1, 363)
[M::mem_pestat] analyzing insert size distribution for orientation RF...
[M::mem_pestat] (25, 50, 75) percentile: (15, 25, 116)
[M::mem_pestat] low and high boundaries for computing mean and std.dev: (1, 318)
[M::mem_pestat] mean and std.dev: (45.62, 56.49)
[M::mem_pestat] low and high boundaries for proper pairs: (1, 419)
[M::mem_pestat] skip orientation RR as there are not enough pairs
[M::mem_pestat] skip orientation RF
[M::mem_process_seqs] Processed 402128 reads in 14.383 CPU sec, 4.340 real sec
[M::process] read 402314 sequences (40000115 bp)...
[M::mem_pestat] # candidate unique pairs for (FF, FR, RF, RR): (3, 190359, 9, 3)
[M::mem_pestat] skip orientation FF as there are not enough pairs
[M::mem_pestat] analyzing insert size distribution for orientation FR...
[M::mem_pestat] (25, 50, 75) percentile: (107, 131, 171)
[M::mem_pestat] low and high boundaries for computing mean and std.dev: (1, 299)
[M::mem_pestat] mean and std.dev: (140.70, 47.37)
[M::mem_pestat] low and high boundaries for proper pairs: (1, 363)
[M::mem_pestat] skip orientation RF as there are not enough pairs
[M::mem_pestat] skip orientation RR as there are not enough pairs
[M::mem_process_seqs] Processed 402314 reads in 13.728 CPU sec, 4.306 real sec
[M::process] read 402228 sequences (40000153 bp)...
[M::process] read 402310 sequences (40000048 bp)...
[M::mem_pestat] # candidate unique pairs for (FF, FR, RF, RR): (0, 190431, 9, 2)
[M::mem_pestat] skip orientation FF as there are not enough pairs
[M::mem_pestat] analyzing insert size distribution for orientation FR...
[M::mem_pestat] (25, 50, 75) percentile: (107, 131, 171)
[M::mem_pestat] low and high boundaries for computing mean and std.dev: (1, 299)
[M::mem_pestat] mean and std.dev: (140.71, 47.33)
[M::mem_pestat] low and high boundaries for proper pairs: (1, 363)
[M::mem_pestat] skip orientation RF as there are not enough pairs
[M::mem_pestat] skip orientation RR as there are not enough pairs
[M::mem_process_seqs] Processed 402228 reads in 14.392 CPU sec, 4.138 real sec
[M::mem_pestat] # candidate unique pairs for (FF, FR, RF, RR): (3, 190463, 8, 3)
[M::mem_pestat] skip orientation FF as there are not enough pairs
[M::mem_pestat] analyzing insert size distribution for orientation FR...
[M::mem_pestat] (25, 50, 75) percentile: (107, 131, 170)
[M::mem_pestat] low and high boundaries for computing mean and std.dev: (1, 296)
[M::mem_pestat] mean and std.dev: (140.36, 46.95)
[M::mem_pestat] low and high boundaries for proper pairs: (1, 359)
[M::mem_pestat] skip orientation RF as there are not enough pairs
[M::mem_pestat] skip orientation RR as there are not enough pairs
[M::mem_process_seqs] Processed 402310 reads in 13.979 CPU sec, 4.225 real sec
[M::process] read 402340 sequences (40000072 bp)...
[M::mem_pestat] # candidate unique pairs for (FF, FR, RF, RR): (2, 190597, 8, 4)
[M::mem_pestat] skip orientation FF as there are not enough pairs
[M::mem_pestat] analyzing insert size distribution for orientation FR...
[M::mem_pestat] (25, 50, 75) percentile: (107, 131, 171)
[M::mem_pestat] low and high boundaries for computing mean and std.dev: (1, 299)
[M::mem_pestat] mean and std.dev: (140.76, 47.42)
[M::mem_pestat] low and high boundaries for proper pairs: (1, 363)
[M::mem_pestat] skip orientation RF as there are not enough pairs
[M::mem_pestat] skip orientation RR as there are not enough pairs
[M::process] read 402528 sequences (40000071 bp)...
[M::mem_process_seqs] Processed 402340 reads in 14.405 CPU sec, 4.213 real sec
[M::mem_pestat] # candidate unique pairs for (FF, FR, RF, RR): (2, 190467, 7, 3)
[M::mem_pestat] skip orientation FF as there are not enough pairs
[M::mem_pestat] analyzing insert size distribution for orientation FR...
[M::mem_pestat] (25, 50, 75) percentile: (107, 131, 170)
[M::mem_pestat] low and high boundaries for computing mean and std.dev: (1, 296)
[M::mem_pestat] mean and std.dev: (140.30, 46.81)
[M::mem_pestat] low and high boundaries for proper pairs: (1, 359)
[M::mem_pestat] skip orientation RF as there are not enough pairs
[M::mem_pestat] skip orientation RR as there are not enough pairs
[M::mem_process_seqs] Processed 402528 reads in 14.390 CPU sec, 4.324 real sec
[M::process] read 402830 sequences (40000140 bp)...
[M::mem_pestat] # candidate unique pairs for (FF, FR, RF, RR): (5, 190464, 10, 6)
[M::mem_pestat] skip orientation FF as there are not enough pairs
[M::mem_pestat] analyzing insert size distribution for orientation FR...
[M::mem_pestat] (25, 50, 75) percentile: (107, 131, 170)
[M::mem_pestat] low and high boundaries for computing mean and std.dev: (1, 296)
[M::mem_pestat] mean and std.dev: (140.20, 46.77)
[M::mem_pestat] low and high boundaries for proper pairs: (1, 359)
[M::mem_pestat] analyzing insert size distribution for orientation RF...
[M::mem_pestat] (25, 50, 75) percentile: (35, 775, 2012)
[M::mem_pestat] low and high boundaries for computing mean and std.dev: (1, 5966)
[M::mem_pestat] mean and std.dev: (941.11, 1133.72)
[M::mem_pestat] low and high boundaries for proper pairs: (1, 7943)
[M::mem_pestat] skip orientation RR as there are not enough pairs
[M::mem_pestat] skip orientation RF
[M::process] read 402874 sequences (40000101 bp)...
[M::mem_process_seqs] Processed 402830 reads in 14.456 CPU sec, 4.339 real sec
[M::mem_pestat] # candidate unique pairs for (FF, FR, RF, RR): (0, 190587, 4, 4)
[M::mem_pestat] skip orientation FF as there are not enough pairs
[M::mem_pestat] analyzing insert size distribution for orientation FR...
[M::mem_pestat] (25, 50, 75) percentile: (107, 131, 170)
[M::mem_pestat] low and high boundaries for computing mean and std.dev: (1, 296)
[M::mem_pestat] mean and std.dev: (140.07, 46.87)
[M::mem_pestat] low and high boundaries for proper pairs: (1, 359)
[M::mem_pestat] skip orientation RF as there are not enough pairs
[M::mem_pestat] skip orientation RR as there are not enough pairs
[M::process] read 403054 sequences (40000079 bp)...
[M::mem_process_seqs] Processed 402874 reads in 14.530 CPU sec, 4.362 real sec
[M::mem_pestat] # candidate unique pairs for (FF, FR, RF, RR): (1, 190627, 6, 5)
[M::mem_pestat] skip orientation FF as there are not enough pairs
[M::mem_pestat] analyzing insert size distribution for orientation FR...
[M::mem_pestat] (25, 50, 75) percentile: (107, 130, 169)
[M::mem_pestat] low and high boundaries for computing mean and std.dev: (1, 293)
[M::mem_pestat] mean and std.dev: (139.55, 46.28)
[M::mem_pestat] low and high boundaries for proper pairs: (1, 355)
[M::mem_pestat] skip orientation RF as there are not enough pairs
[M::mem_pestat] skip orientation RR as there are not enough pairs
[M::mem_process_seqs] Processed 403054 reads in 13.486 CPU sec, 4.203 real sec
[M::process] read 405620 sequences (40000001 bp)...
[M::mem_pestat] # candidate unique pairs for (FF, FR, RF, RR): (2, 191924, 13, 4)
[M::mem_pestat] skip orientation FF as there are not enough pairs
[M::mem_pestat] analyzing insert size distribution for orientation FR...
[M::mem_pestat] (25, 50, 75) percentile: (107, 131, 169)
[M::mem_pestat] low and high boundaries for computing mean and std.dev: (1, 293)
[M::mem_pestat] mean and std.dev: (139.76, 46.29)
[M::mem_pestat] low and high boundaries for proper pairs: (1, 355)
[M::mem_pestat] analyzing insert size distribution for orientation RF...
[M::mem_pestat] (25, 50, 75) percentile: (13, 29, 1782)
[M::mem_pestat] low and high boundaries for computing mean and std.dev: (1, 5320)
[M::mem_pestat] mean and std.dev: (641.69, 1178.38)
[M::mem_pestat] low and high boundaries for proper pairs: (1, 7089)
[M::mem_pestat] skip orientation RR as there are not enough pairs
[M::mem_pestat] skip orientation RF
[M::process] read 403758 sequences (40000018 bp)...
[M::mem_process_seqs] Processed 405620 reads in 14.521 CPU sec, 4.153 real sec
[M::mem_pestat] # candidate unique pairs for (FF, FR, RF, RR): (3, 191207, 7, 5)
[M::mem_pestat] skip orientation FF as there are not enough pairs
[M::mem_pestat] analyzing insert size distribution for orientation FR...
[M::mem_pestat] (25, 50, 75) percentile: (107, 131, 169)
[M::mem_pestat] low and high boundaries for computing mean and std.dev: (1, 293)
[M::mem_pestat] mean and std.dev: (139.68, 46.20)
[M::mem_pestat] low and high boundaries for proper pairs: (1, 355)
[M::mem_pestat] skip orientation RF as there are not enough pairs
[M::mem_pestat] skip orientation RR as there are not enough pairs
[M::process] read 401774 sequences (40000022 bp)...
[M::mem_process_seqs] Processed 403758 reads in 14.423 CPU sec, 4.323 real sec
[M::mem_pestat] # candidate unique pairs for (FF, FR, RF, RR): (1, 190172, 9, 2)
[M::mem_pestat] skip orientation FF as there are not enough pairs
[M::mem_pestat] analyzing insert size distribution for orientation FR...
[M::mem_pestat] (25, 50, 75) percentile: (108, 132, 173)
[M::mem_pestat] low and high boundaries for computing mean and std.dev: (1, 303)
[M::mem_pestat] mean and std.dev: (141.82, 48.26)
[M::mem_pestat] low and high boundaries for proper pairs: (1, 368)
[M::mem_pestat] skip orientation RF as there are not enough pairs
[M::mem_pestat] skip orientation RR as there are not enough pairs
[M::mem_process_seqs] Processed 401774 reads in 14.161 CPU sec, 4.267 real sec
[M::process] read 402198 sequences (40000052 bp)...
[M::mem_pestat] # candidate unique pairs for (FF, FR, RF, RR): (2, 190519, 7, 2)
[M::mem_pestat] skip orientation FF as there are not enough pairs
[M::mem_pestat] analyzing insert size distribution for orientation FR...
[M::mem_pestat] (25, 50, 75) percentile: (108, 132, 172)
[M::mem_pestat] low and high boundaries for computing mean and std.dev: (1, 300)
[M::mem_pestat] mean and std.dev: (141.54, 47.66)
[M::mem_pestat] low and high boundaries for proper pairs: (1, 364)
[M::mem_pestat] skip orientation RF as there are not enough pairs
[M::mem_pestat] skip orientation RR as there are not enough pairs
[M::process] read 401920 sequences (40000109 bp)...
[M::mem_process_seqs] Processed 402198 reads in 14.418 CPU sec, 4.275 real sec
[M::mem_pestat] # candidate unique pairs for (FF, FR, RF, RR): (2, 190455, 11, 4)
[M::mem_pestat] skip orientation FF as there are not enough pairs
[M::mem_pestat] analyzing insert size distribution for orientation FR...
[M::mem_pestat] (25, 50, 75) percentile: (108, 132, 172)
[M::mem_pestat] low and high boundaries for computing mean and std.dev: (1, 300)
[M::mem_pestat] mean and std.dev: (141.53, 47.88)
[M::mem_pestat] low and high boundaries for proper pairs: (1, 364)
[M::mem_pestat] analyzing insert size distribution for orientation RF...
[M::mem_pestat] (25, 50, 75) percentile: (26, 36, 120)
[M::mem_pestat] low and high boundaries for computing mean and std.dev: (1, 308)
[M::mem_pestat] mean and std.dev: (62.10, 66.63)
[M::mem_pestat] low and high boundaries for proper pairs: (1, 402)
[M::mem_pestat] skip orientation RR as there are not enough pairs
[M::mem_pestat] skip orientation RF
[M::mem_process_seqs] Processed 401920 reads in 14.241 CPU sec, 4.281 real sec
[M::process] read 401982 sequences (40000050 bp)...
[M::mem_pestat] # candidate unique pairs for (FF, FR, RF, RR): (0, 190410, 4, 4)
[M::mem_pestat] skip orientation FF as there are not enough pairs
[M::mem_pestat] analyzing insert size distribution for orientation FR...
[M::mem_pestat] (25, 50, 75) percentile: (108, 132, 172)
[M::mem_pestat] low and high boundaries for computing mean and std.dev: (1, 300)
[M::mem_pestat] mean and std.dev: (141.36, 47.67)
[M::mem_pestat] low and high boundaries for proper pairs: (1, 364)
[M::mem_pestat] skip orientation RF as there are not enough pairs
[M::mem_pestat] skip orientation RR as there are not enough pairs
[M::mem_process_seqs] Processed 401982 reads in 14.128 CPU sec, 4.223 real sec
[M::process] read 402242 sequences (40000071 bp)...
[M::mem_pestat] # candidate unique pairs for (FF, FR, RF, RR): (5, 190250, 6, 0)
[M::mem_pestat] skip orientation FF as there are not enough pairs
[M::mem_pestat] analyzing insert size distribution for orientation FR...
[M::mem_pestat] (25, 50, 75) percentile: (108, 132, 172)
[M::mem_pestat] low and high boundaries for computing mean and std.dev: (1, 300)
[M::mem_pestat] mean and std.dev: (141.46, 47.68)
[M::mem_pestat] low and high boundaries for proper pairs: (1, 364)
[M::mem_pestat] skip orientation RF as there are not enough pairs
[M::mem_pestat] skip orientation RR as there are not enough pairs
[M::mem_process_seqs] Processed 402242 reads in 13.650 CPU sec, 4.267 real sec
[M::process] read 402074 sequences (40000172 bp)...
[M::mem_pestat] # candidate unique pairs for (FF, FR, RF, RR): (1, 190233, 12, 5)
[M::mem_pestat] skip orientation FF as there are not enough pairs
[M::mem_pestat] analyzing insert size distribution for orientation FR...
[M::mem_pestat] (25, 50, 75) percentile: (107, 131, 171)
[M::mem_pestat] low and high boundaries for computing mean and std.dev: (1, 299)
[M::mem_pestat] mean and std.dev: (140.90, 47.47)
[M::mem_pestat] low and high boundaries for proper pairs: (1, 363)
[M::mem_pestat] analyzing insert size distribution for orientation RF...
[M::mem_pestat] (25, 50, 75) percentile: (20, 89, 1927)
[M::mem_pestat] low and high boundaries for computing mean and std.dev: (1, 5741)
[M::mem_pestat] mean and std.dev: (433.45, 817.37)
[M::mem_pestat] low and high boundaries for proper pairs: (1, 7648)
[M::mem_pestat] skip orientation RR as there are not enough pairs
[M::mem_pestat] skip orientation RF
[M::process] read 402150 sequences (40000174 bp)...
[M::mem_process_seqs] Processed 402074 reads in 14.264 CPU sec, 4.103 real sec
[M::mem_pestat] # candidate unique pairs for (FF, FR, RF, RR): (1, 190128, 6, 13)
[M::mem_pestat] skip orientation FF as there are not enough pairs
[M::mem_pestat] analyzing insert size distribution for orientation FR...
[M::mem_pestat] (25, 50, 75) percentile: (107, 131, 172)
[M::mem_pestat] low and high boundaries for computing mean and std.dev: (1, 302)
[M::mem_pestat] mean and std.dev: (141.20, 47.88)
[M::mem_pestat] low and high boundaries for proper pairs: (1, 367)
[M::mem_pestat] skip orientation RF as there are not enough pairs
[M::mem_pestat] analyzing insert size distribution for orientation RR...
[M::mem_pestat] (25, 50, 75) percentile: (94, 147, 5998)
[M::mem_pestat] low and high boundaries for computing mean and std.dev: (1, 17806)
[M::mem_pestat] mean and std.dev: (2181.08, 3105.08)
[M::mem_pestat] low and high boundaries for proper pairs: (1, 23710)
[M::mem_pestat] skip orientation RR
[M::mem_process_seqs] Processed 402150 reads in 14.075 CPU sec, 4.247 real sec
[M::process] read 402272 sequences (40000135 bp)...
[M::mem_pestat] # candidate unique pairs for (FF, FR, RF, RR): (1, 190261, 10, 4)
[M::mem_pestat] skip orientation FF as there are not enough pairs
[M::mem_pestat] analyzing insert size distribution for orientation FR...
[M::mem_pestat] (25, 50, 75) percentile: (107, 131, 171)
[M::mem_pestat] low and high boundaries for computing mean and std.dev: (1, 299)
[M::mem_pestat] mean and std.dev: (140.90, 47.65)
[M::mem_pestat] low and high boundaries for proper pairs: (1, 363)
[M::mem_pestat] analyzing insert size distribution for orientation RF...
[M::mem_pestat] (25, 50, 75) percentile: (7, 30, 44)
[M::mem_pestat] low and high boundaries for computing mean and std.dev: (1, 118)
[M::mem_pestat] mean and std.dev: (26.67, 21.20)
[M::mem_pestat] low and high boundaries for proper pairs: (1, 155)
[M::mem_pestat] skip orientation RR as there are not enough pairs
[M::mem_pestat] skip orientation RF
[M::mem_process_seqs] Processed 402272 reads in 14.328 CPU sec, 4.244 real sec
[M::process] read 402232 sequences (40000190 bp)...
[M::mem_pestat] # candidate unique pairs for (FF, FR, RF, RR): (2, 190307, 8, 3)
[M::mem_pestat] skip orientation FF as there are not enough pairs
[M::mem_pestat] analyzing insert size distribution for orientation FR...
[M::mem_pestat] (25, 50, 75) percentile: (107, 131, 171)
[M::mem_pestat] low and high boundaries for computing mean and std.dev: (1, 299)
[M::mem_pestat] mean and std.dev: (140.87, 47.47)
[M::mem_pestat] low and high boundaries for proper pairs: (1, 363)
[M::mem_pestat] skip orientation RF as there are not enough pairs
[M::mem_pestat] skip orientation RR as there are not enough pairs
[M::mem_process_seqs] Processed 402232 reads in 14.084 CPU sec, 4.250 real sec
[M::process] read 402456 sequences (40000051 bp)...
[M::mem_pestat] # candidate unique pairs for (FF, FR, RF, RR): (1, 190556, 9, 3)
[M::mem_pestat] skip orientation FF as there are not enough pairs
[M::mem_pestat] analyzing insert size distribution for orientation FR...
[M::mem_pestat] (25, 50, 75) percentile: (107, 131, 171)
[M::mem_pestat] low and high boundaries for computing mean and std.dev: (1, 299)
[M::mem_pestat] mean and std.dev: (140.75, 47.42)
[M::mem_pestat] low and high boundaries for proper pairs: (1, 363)
[M::mem_pestat] skip orientation RF as there are not enough pairs
[M::mem_pestat] skip orientation RR as there are not enough pairs
[M::process] read 402608 sequences (40000145 bp)...
[M::mem_process_seqs] Processed 402456 reads in 14.421 CPU sec, 4.254 real sec
[M::mem_pestat] # candidate unique pairs for (FF, FR, RF, RR): (1, 190490, 8, 3)
[M::mem_pestat] skip orientation FF as there are not enough pairs
[M::mem_pestat] analyzing insert size distribution for orientation FR...
[M::mem_pestat] (25, 50, 75) percentile: (107, 131, 170)
[M::mem_pestat] low and high boundaries for computing mean and std.dev: (1, 296)
[M::mem_pestat] mean and std.dev: (140.29, 46.77)
[M::mem_pestat] low and high boundaries for proper pairs: (1, 359)
[M::mem_pestat] skip orientation RF as there are not enough pairs
[M::mem_pestat] skip orientation RR as there are not enough pairs
[M::mem_process_seqs] Processed 402608 reads in 14.229 CPU sec, 4.280 real sec
[M::process] read 402832 sequences (40000117 bp)...
[M::mem_pestat] # candidate unique pairs for (FF, FR, RF, RR): (2, 190680, 7, 5)
[M::mem_pestat] skip orientation FF as there are not enough pairs
[M::mem_pestat] analyzing insert size distribution for orientation FR...
[M::mem_pestat] (25, 50, 75) percentile: (107, 131, 170)
[M::mem_pestat] low and high boundaries for computing mean and std.dev: (1, 296)
[M::mem_pestat] mean and std.dev: (140.40, 46.97)
[M::mem_pestat] low and high boundaries for proper pairs: (1, 359)
[M::mem_pestat] skip orientation RF as there are not enough pairs
[M::mem_pestat] skip orientation RR as there are not enough pairs
[M::mem_process_seqs] Processed 402832 reads in 13.571 CPU sec, 4.242 real sec
[M::process] read 402892 sequences (40000140 bp)...
[M::process] read 404474 sequences (40000155 bp)...
[M::mem_pestat] # candidate unique pairs for (FF, FR, RF, RR): (1, 190553, 8, 4)
[M::mem_pestat] skip orientation FF as there are not enough pairs
[M::mem_pestat] analyzing insert size distribution for orientation FR...
[M::mem_pestat] (25, 50, 75) percentile: (107, 131, 170)
[M::mem_pestat] low and high boundaries for computing mean and std.dev: (1, 296)
[M::mem_pestat] mean and std.dev: (140.16, 46.79)
[M::mem_pestat] low and high boundaries for proper pairs: (1, 359)
[M::mem_pestat] skip orientation RF as there are not enough pairs
[M::mem_pestat] skip orientation RR as there are not enough pairs
[M::mem_process_seqs] Processed 402892 reads in 14.376 CPU sec, 4.124 real sec
[M::mem_pestat] # candidate unique pairs for (FF, FR, RF, RR): (3, 191162, 5, 4)
[M::mem_pestat] skip orientation FF as there are not enough pairs
[M::mem_pestat] analyzing insert size distribution for orientation FR...
[M::mem_pestat] (25, 50, 75) percentile: (107, 131, 169)
[M::mem_pestat] low and high boundaries for computing mean and std.dev: (1, 293)
[M::mem_pestat] mean and std.dev: (139.72, 46.25)
[M::mem_pestat] low and high boundaries for proper pairs: (1, 355)
[M::mem_pestat] skip orientation RF as there are not enough pairs
[M::mem_pestat] skip orientation RR as there are not enough pairs
[M::mem_process_seqs] Processed 404474 reads in 14.271 CPU sec, 4.289 real sec
[M::process] read 404088 sequences (40000156 bp)...
[M::mem_pestat] # candidate unique pairs for (FF, FR, RF, RR): (0, 191157, 4, 3)
[M::mem_pestat] skip orientation FF as there are not enough pairs
[M::mem_pestat] analyzing insert size distribution for orientation FR...
[M::mem_pestat] (25, 50, 75) percentile: (107, 131, 169)
[M::mem_pestat] low and high boundaries for computing mean and std.dev: (1, 293)
[M::mem_pestat] mean and std.dev: (139.72, 46.12)
[M::mem_pestat] low and high boundaries for proper pairs: (1, 355)
[M::mem_pestat] skip orientation RF as there are not enough pairs
[M::mem_pestat] skip orientation RR as there are not enough pairs
[M::mem_process_seqs] Processed 404088 reads in 14.261 CPU sec, 4.241 real sec
[M::process] read 403000 sequences (40000067 bp)...
[M::process] read 405362 sequences (40000139 bp)...
[M::mem_pestat] # candidate unique pairs for (FF, FR, RF, RR): (1, 190691, 15, 1)
[M::mem_pestat] skip orientation FF as there are not enough pairs
[M::mem_pestat] analyzing insert size distribution for orientation FR...
[M::mem_pestat] (25, 50, 75) percentile: (107, 132, 172)
[M::mem_pestat] low and high boundaries for computing mean and std.dev: (1, 302)
[M::mem_pestat] mean and std.dev: (141.53, 48.06)
[M::mem_pestat] low and high boundaries for proper pairs: (1, 367)
[M::mem_pestat] analyzing insert size distribution for orientation RF...
[M::mem_pestat] (25, 50, 75) percentile: (13, 28, 157)
[M::mem_pestat] low and high boundaries for computing mean and std.dev: (1, 445)
[M::mem_pestat] mean and std.dev: (80.80, 101.68)
[M::mem_pestat] low and high boundaries for proper pairs: (1, 589)
[M::mem_pestat] skip orientation RR as there are not enough pairs
[M::mem_pestat] skip orientation RF
[M::mem_process_seqs] Processed 403000 reads in 16.092 CPU sec, 4.706 real sec
[M::process] read 404008 sequences (40000029 bp)...
[M::mem_pestat] # candidate unique pairs for (FF, FR, RF, RR): (2, 192085, 4, 5)
[M::mem_pestat] skip orientation FF as there are not enough pairs
[M::mem_pestat] analyzing insert size distribution for orientation FR...
[M::mem_pestat] (25, 50, 75) percentile: (108, 132, 173)
[M::mem_pestat] low and high boundaries for computing mean and std.dev: (1, 303)
[M::mem_pestat] mean and std.dev: (142.08, 48.21)
[M::mem_pestat] low and high boundaries for proper pairs: (1, 368)
[M::mem_pestat] skip orientation RF as there are not enough pairs
[M::mem_pestat] skip orientation RR as there are not enough pairs
[M::mem_process_seqs] Processed 405362 reads in 16.869 CPU sec, 4.949 real sec
[M::mem_pestat] # candidate unique pairs for (FF, FR, RF, RR): (4, 191234, 10, 5)
[M::mem_pestat] skip orientation FF as there are not enough pairs
[M::mem_pestat] analyzing insert size distribution for orientation FR...
[M::mem_pestat] (25, 50, 75) percentile: (108, 132, 173)
[M::mem_pestat] low and high boundaries for computing mean and std.dev: (1, 303)
[M::mem_pestat] mean and std.dev: (142.04, 48.13)
[M::mem_pestat] low and high boundaries for proper pairs: (1, 368)
[M::mem_pestat] analyzing insert size distribution for orientation RF...
[M::mem_pestat] (25, 50, 75) percentile: (48, 2226, 3293)
[M::mem_pestat] low and high boundaries for computing mean and std.dev: (1, 9783)
[M::mem_pestat] mean and std.dev: (2044.90, 2327.31)
[M::mem_pestat] low and high boundaries for proper pairs: (1, 13028)
[M::mem_pestat] skip orientation RR as there are not enough pairs
[M::mem_pestat] skip orientation RF
[M::process] read 402624 sequences (40000195 bp)...
[M::mem_process_seqs] Processed 404008 reads in 15.875 CPU sec, 4.703 real sec
[M::mem_pestat] # candidate unique pairs for (FF, FR, RF, RR): (2, 190774, 9, 6)
[M::mem_pestat] skip orientation FF as there are not enough pairs
[M::mem_pestat] analyzing insert size distribution for orientation FR...
[M::mem_pestat] (25, 50, 75) percentile: (107, 132, 172)
[M::mem_pestat] low and high boundaries for computing mean and std.dev: (1, 302)
[M::mem_pestat] mean and std.dev: (141.58, 47.94)
[M::mem_pestat] low and high boundaries for proper pairs: (1, 367)
[M::mem_pestat] skip orientation RF as there are not enough pairs
[M::mem_pestat] skip orientation RR as there are not enough pairs
[M::mem_process_seqs] Processed 402624 reads in 14.187 CPU sec, 4.469 real sec
[M::process] read 402340 sequences (40000160 bp)...
[M::process] read 402056 sequences (40000115 bp)...
[M::mem_pestat] # candidate unique pairs for (FF, FR, RF, RR): (3, 190390, 8, 5)
[M::mem_pestat] skip orientation FF as there are not enough pairs
[M::mem_pestat] analyzing insert size distribution for orientation FR...
[M::mem_pestat] (25, 50, 75) percentile: (108, 132, 172)
[M::mem_pestat] low and high boundaries for computing mean and std.dev: (1, 300)
[M::mem_pestat] mean and std.dev: (141.62, 47.77)
[M::mem_pestat] low and high boundaries for proper pairs: (1, 364)
[M::mem_pestat] skip orientation RF as there are not enough pairs
[M::mem_pestat] skip orientation RR as there are not enough pairs
[M::mem_process_seqs] Processed 402340 reads in 14.646 CPU sec, 4.202 real sec
[M::mem_pestat] # candidate unique pairs for (FF, FR, RF, RR): (4, 190389, 7, 1)
[M::mem_pestat] skip orientation FF as there are not enough pairs
[M::mem_pestat] analyzing insert size distribution for orientation FR...
[M::mem_pestat] (25, 50, 75) percentile: (108, 132, 172)
[M::mem_pestat] low and high boundaries for computing mean and std.dev: (1, 300)
[M::mem_pestat] mean and std.dev: (141.18, 47.54)
[M::mem_pestat] low and high boundaries for proper pairs: (1, 364)
[M::mem_pestat] skip orientation RF as there are not enough pairs
[M::mem_pestat] skip orientation RR as there are not enough pairs
[M::mem_process_seqs] Processed 402056 reads in 14.065 CPU sec, 4.239 real sec
[M::process] read 402096 sequences (40000140 bp)...
[M::mem_pestat] # candidate unique pairs for (FF, FR, RF, RR): (3, 190368, 15, 4)
[M::mem_pestat] skip orientation FF as there are not enough pairs
[M::mem_pestat] analyzing insert size distribution for orientation FR...
[M::mem_pestat] (25, 50, 75) percentile: (108, 132, 171)
[M::mem_pestat] low and high boundaries for computing mean and std.dev: (1, 297)
[M::mem_pestat] mean and std.dev: (140.79, 47.12)
[M::mem_pestat] low and high boundaries for proper pairs: (1, 360)
[M::mem_pestat] analyzing insert size distribution for orientation RF...
[M::mem_pestat] (25, 50, 75) percentile: (14, 21, 72)
[M::mem_pestat] low and high boundaries for computing mean and std.dev: (1, 188)
[M::mem_pestat] mean and std.dev: (33.62, 30.61)
[M::mem_pestat] low and high boundaries for proper pairs: (1, 246)
[M::mem_pestat] skip orientation RR as there are not enough pairs
[M::mem_pestat] skip orientation RF
[M::mem_process_seqs] Processed 402096 reads in 14.126 CPU sec, 4.173 real sec
[M::process] read 402092 sequences (40000015 bp)...
[M::mem_pestat] # candidate unique pairs for (FF, FR, RF, RR): (1, 190481, 8, 6)
[M::mem_pestat] skip orientation FF as there are not enough pairs
[M::mem_pestat] analyzing insert size distribution for orientation FR...
[M::mem_pestat] (25, 50, 75) percentile: (108, 131, 171)
[M::mem_pestat] low and high boundaries for computing mean and std.dev: (1, 297)
[M::mem_pestat] mean and std.dev: (140.65, 47.08)
[M::mem_pestat] low and high boundaries for proper pairs: (1, 360)
[M::mem_pestat] skip orientation RF as there are not enough pairs
[M::mem_pestat] skip orientation RR as there are not enough pairs
[M::mem_process_seqs] Processed 402092 reads in 14.043 CPU sec, 4.182 real sec
[M::process] read 402306 sequences (40000018 bp)...
[M::mem_pestat] # candidate unique pairs for (FF, FR, RF, RR): (2, 190280, 7, 4)
[M::mem_pestat] skip orientation FF as there are not enough pairs
[M::mem_pestat] analyzing insert size distribution for orientation FR...
[M::mem_pestat] (25, 50, 75) percentile: (107, 131, 171)
[M::mem_pestat] low and high boundaries for computing mean and std.dev: (1, 299)
[M::mem_pestat] mean and std.dev: (140.78, 47.59)
[M::mem_pestat] low and high boundaries for proper pairs: (1, 363)
[M::mem_pestat] skip orientation RF as there are not enough pairs
[M::mem_pestat] skip orientation RR as there are not enough pairs
[M::mem_process_seqs] Processed 402306 reads in 14.261 CPU sec, 4.222 real sec
[M::process] read 402230 sequences (40000185 bp)...
[M::mem_pestat] # candidate unique pairs for (FF, FR, RF, RR): (2, 190250, 8, 5)
[M::mem_pestat] skip orientation FF as there are not enough pairs
[M::mem_pestat] analyzing insert size distribution for orientation FR...
[M::mem_pestat] (25, 50, 75) percentile: (107, 131, 171)
[M::mem_pestat] low and high boundaries for computing mean and std.dev: (1, 299)
[M::mem_pestat] mean and std.dev: (140.87, 47.48)
[M::mem_pestat] low and high boundaries for proper pairs: (1, 363)
[M::mem_pestat] skip orientation RF as there are not enough pairs
[M::mem_pestat] skip orientation RR as there are not enough pairs
[M::mem_process_seqs] Processed 402230 reads in 14.163 CPU sec, 4.256 real sec
[M::process] read 402564 sequences (40000088 bp)...
[M::mem_pestat] # candidate unique pairs for (FF, FR, RF, RR): (1, 190406, 6, 2)
[M::mem_pestat] skip orientation FF as there are not enough pairs
[M::mem_pestat] analyzing insert size distribution for orientation FR...
[M::mem_pestat] (25, 50, 75) percentile: (107, 131, 170)
[M::mem_pestat] low and high boundaries for computing mean and std.dev: (1, 296)
[M::mem_pestat] mean and std.dev: (140.42, 46.93)
[M::mem_pestat] low and high boundaries for proper pairs: (1, 359)
[M::mem_pestat] skip orientation RF as there are not enough pairs
[M::mem_pestat] skip orientation RR as there are not enough pairs
[M::mem_process_seqs] Processed 402564 reads in 13.617 CPU sec, 4.245 real sec
[M::process] read 402680 sequences (40000142 bp)...
[M::process] read 402776 sequences (40000184 bp)...
[M::mem_pestat] # candidate unique pairs for (FF, FR, RF, RR): (1, 190623, 6, 3)
[M::mem_pestat] skip orientation FF as there are not enough pairs
[M::mem_pestat] analyzing insert size distribution for orientation FR...
[M::mem_pestat] (25, 50, 75) percentile: (107, 131, 171)
[M::mem_pestat] low and high boundaries for computing mean and std.dev: (1, 299)
[M::mem_pestat] mean and std.dev: (140.70, 47.28)
[M::mem_pestat] low and high boundaries for proper pairs: (1, 363)
[M::mem_pestat] skip orientation RF as there are not enough pairs
[M::mem_pestat] skip orientation RR as there are not enough pairs
[M::mem_process_seqs] Processed 402680 reads in 14.318 CPU sec, 4.099 real sec
[M::mem_pestat] # candidate unique pairs for (FF, FR, RF, RR): (3, 190587, 7, 1)
[M::mem_pestat] skip orientation FF as there are not enough pairs
[M::mem_pestat] analyzing insert size distribution for orientation FR...
[M::mem_pestat] (25, 50, 75) percentile: (107, 131, 170)
[M::mem_pestat] low and high boundaries for computing mean and std.dev: (1, 296)
[M::mem_pestat] mean and std.dev: (140.23, 46.95)
[M::mem_pestat] low and high boundaries for proper pairs: (1, 359)
[M::mem_pestat] skip orientation RF as there are not enough pairs
[M::mem_pestat] skip orientation RR as there are not enough pairs
[M::mem_process_seqs] Processed 402776 reads in 14.298 CPU sec, 4.299 real sec
[M::process] read 403944 sequences (40000098 bp)...
[M::mem_pestat] # candidate unique pairs for (FF, FR, RF, RR): (1, 191099, 5, 3)
[M::mem_pestat] skip orientation FF as there are not enough pairs
[M::mem_pestat] analyzing insert size distribution for orientation FR...
[M::mem_pestat] (25, 50, 75) percentile: (107, 131, 169)
[M::mem_pestat] low and high boundaries for computing mean and std.dev: (1, 293)
[M::mem_pestat] mean and std.dev: (139.77, 46.34)
[M::mem_pestat] low and high boundaries for proper pairs: (1, 355)
[M::mem_pestat] skip orientation RF as there are not enough pairs
[M::mem_pestat] skip orientation RR as there are not enough pairs
[M::process] read 404044 sequences (40000168 bp)...
[M::mem_process_seqs] Processed 403944 reads in 14.465 CPU sec, 4.280 real sec
[M::mem_pestat] # candidate unique pairs for (FF, FR, RF, RR): (0, 190981, 13, 4)
[M::mem_pestat] skip orientation FF as there are not enough pairs
[M::mem_pestat] analyzing insert size distribution for orientation FR...
[M::mem_pestat] (25, 50, 75) percentile: (107, 131, 169)
[M::mem_pestat] low and high boundaries for computing mean and std.dev: (1, 293)
[M::mem_pestat] mean and std.dev: (139.88, 46.43)
[M::mem_pestat] low and high boundaries for proper pairs: (1, 355)
[M::mem_pestat] analyzing insert size distribution for orientation RF...
[M::mem_pestat] (25, 50, 75) percentile: (21, 27, 2429)
[M::mem_pestat] low and high boundaries for computing mean and std.dev: (1, 7245)
[M::mem_pestat] mean and std.dev: (810.15, 1422.16)
[M::mem_pestat] low and high boundaries for proper pairs: (1, 9653)
[M::mem_pestat] skip orientation RR as there are not enough pairs
[M::mem_pestat] skip orientation RF
[M::process] read 263674 sequences (26123376 bp)...
[M::mem_process_seqs] Processed 404044 reads in 14.158 CPU sec, 4.257 real sec
[M::mem_pestat] # candidate unique pairs for (FF, FR, RF, RR): (0, 124693, 6, 3)
[M::mem_pestat] skip orientation FF as there are not enough pairs
[M::mem_pestat] analyzing insert size distribution for orientation FR...
[M::mem_pestat] (25, 50, 75) percentile: (107, 131, 169)
[M::mem_pestat] low and high boundaries for computing mean and std.dev: (1, 293)
[M::mem_pestat] mean and std.dev: (139.79, 46.46)
[M::mem_pestat] low and high boundaries for proper pairs: (1, 355)
[M::mem_pestat] skip orientation RF as there are not enough pairs
[M::mem_pestat] skip orientation RR as there are not enough pairs
[M::mem_process_seqs] Processed 263674 reads in 9.025 CPU sec, 2.840 real sec
[main] Version: 0.7.19-r1273
[main] CMD: bwa mem -t 4 Efaecium /home/yogesh22/Genome_Analysis/raw_data/transcriptomics_data/RNA-Seq_BH/trimmed/trim_paired_ERR1797974_pass_1.fastq.gz /home/yogesh22/Genome_Analysis/raw_data/transcriptomics_data/RNA-Seq_BH/trimmed/trim_paired_ERR1797974_pass_2.fastq.gz
[main] Real time: 299.266 sec; CPU: 901.705 sec
[bam_sort_core] merging from 8 files and 1 in-memory blocks...
[M::bwa_idx_load_from_disk] read 0 ALT contigs
[M::process] read 401648 sequences (40000021 bp)...
[M::process] read 401958 sequences (40000097 bp)...
[M::mem_pestat] # candidate unique pairs for (FF, FR, RF, RR): (4, 185224, 8, 6)
[M::mem_pestat] skip orientation FF as there are not enough pairs
[M::mem_pestat] analyzing insert size distribution for orientation FR...
[M::mem_pestat] (25, 50, 75) percentile: (103, 124, 155)
[M::mem_pestat] low and high boundaries for computing mean and std.dev: (1, 259)
[M::mem_pestat] mean and std.dev: (130.24, 39.48)
[M::mem_pestat] low and high boundaries for proper pairs: (1, 311)
[M::mem_pestat] skip orientation RF as there are not enough pairs
[M::mem_pestat] skip orientation RR as there are not enough pairs
[M::mem_process_seqs] Processed 401648 reads in 14.358 CPU sec, 3.646 real sec
[M::mem_pestat] # candidate unique pairs for (FF, FR, RF, RR): (0, 185193, 9, 5)
[M::mem_pestat] skip orientation FF as there are not enough pairs
[M::mem_pestat] analyzing insert size distribution for orientation FR...
[M::mem_pestat] (25, 50, 75) percentile: (103, 124, 155)
[M::mem_pestat] low and high boundaries for computing mean and std.dev: (1, 259)
[M::mem_pestat] mean and std.dev: (130.37, 39.45)
[M::mem_pestat] low and high boundaries for proper pairs: (1, 311)
[M::mem_pestat] skip orientation RF as there are not enough pairs
[M::mem_pestat] skip orientation RR as there are not enough pairs
[M::mem_process_seqs] Processed 401958 reads in 14.209 CPU sec, 4.259 real sec
[M::process] read 401796 sequences (40000075 bp)...
[M::mem_pestat] # candidate unique pairs for (FF, FR, RF, RR): (1, 185292, 12, 3)
[M::mem_pestat] skip orientation FF as there are not enough pairs
[M::mem_pestat] analyzing insert size distribution for orientation FR...
[M::mem_pestat] (25, 50, 75) percentile: (103, 124, 155)
[M::mem_pestat] low and high boundaries for computing mean and std.dev: (1, 259)
[M::mem_pestat] mean and std.dev: (130.21, 39.40)
[M::mem_pestat] low and high boundaries for proper pairs: (1, 311)
[M::mem_pestat] analyzing insert size distribution for orientation RF...
[M::mem_pestat] (25, 50, 75) percentile: (18, 37, 73)
[M::mem_pestat] low and high boundaries for computing mean and std.dev: (1, 183)
[M::mem_pestat] mean and std.dev: (37.73, 27.61)
[M::mem_pestat] low and high boundaries for proper pairs: (1, 238)
[M::mem_pestat] skip orientation RR as there are not enough pairs
[M::mem_pestat] skip orientation RF
[M::process] read 401770 sequences (40000137 bp)...
[M::mem_process_seqs] Processed 401796 reads in 14.258 CPU sec, 4.237 real sec
[M::mem_pestat] # candidate unique pairs for (FF, FR, RF, RR): (4, 185341, 9, 1)
[M::mem_pestat] skip orientation FF as there are not enough pairs
[M::mem_pestat] analyzing insert size distribution for orientation FR...
[M::mem_pestat] (25, 50, 75) percentile: (103, 123, 155)
[M::mem_pestat] low and high boundaries for computing mean and std.dev: (1, 259)
[M::mem_pestat] mean and std.dev: (130.06, 39.33)
[M::mem_pestat] low and high boundaries for proper pairs: (1, 311)
[M::mem_pestat] skip orientation RF as there are not enough pairs
[M::mem_pestat] skip orientation RR as there are not enough pairs
[M::mem_process_seqs] Processed 401770 reads in 14.100 CPU sec, 4.223 real sec
[M::process] read 402144 sequences (40000004 bp)...
[M::mem_pestat] # candidate unique pairs for (FF, FR, RF, RR): (0, 185327, 8, 1)
[M::mem_pestat] skip orientation FF as there are not enough pairs
[M::mem_pestat] analyzing insert size distribution for orientation FR...
[M::mem_pestat] (25, 50, 75) percentile: (103, 123, 155)
[M::mem_pestat] low and high boundaries for computing mean and std.dev: (1, 259)
[M::mem_pestat] mean and std.dev: (130.12, 39.41)
[M::mem_pestat] low and high boundaries for proper pairs: (1, 311)
[M::mem_pestat] skip orientation RF as there are not enough pairs
[M::mem_pestat] skip orientation RR as there are not enough pairs
[M::mem_process_seqs] Processed 402144 reads in 14.248 CPU sec, 4.234 real sec
[M::process] read 402000 sequences (40000100 bp)...
[M::process] read 402090 sequences (40000054 bp)...
[M::mem_pestat] # candidate unique pairs for (FF, FR, RF, RR): (1, 185464, 6, 3)
[M::mem_pestat] skip orientation FF as there are not enough pairs
[M::mem_pestat] analyzing insert size distribution for orientation FR...
[M::mem_pestat] (25, 50, 75) percentile: (103, 123, 155)
[M::mem_pestat] low and high boundaries for computing mean and std.dev: (1, 259)
[M::mem_pestat] mean and std.dev: (130.04, 39.43)
[M::mem_pestat] low and high boundaries for proper pairs: (1, 311)
[M::mem_pestat] skip orientation RF as there are not enough pairs
[M::mem_pestat] skip orientation RR as there are not enough pairs
[M::mem_process_seqs] Processed 402000 reads in 14.283 CPU sec, 4.278 real sec
[M::mem_pestat] # candidate unique pairs for (FF, FR, RF, RR): (3, 185489, 8, 3)
[M::mem_pestat] skip orientation FF as there are not enough pairs
[M::mem_pestat] analyzing insert size distribution for orientation FR...
[M::mem_pestat] (25, 50, 75) percentile: (103, 123, 155)
[M::mem_pestat] low and high boundaries for computing mean and std.dev: (1, 259)
[M::mem_pestat] mean and std.dev: (129.92, 39.40)
[M::mem_pestat] low and high boundaries for proper pairs: (1, 311)
[M::mem_pestat] skip orientation RF as there are not enough pairs
[M::mem_pestat] skip orientation RR as there are not enough pairs
[M::process] read 402084 sequences (40000114 bp)...
[M::mem_process_seqs] Processed 402090 reads in 14.303 CPU sec, 4.280 real sec
[M::mem_pestat] # candidate unique pairs for (FF, FR, RF, RR): (0, 185719, 7, 0)
[M::mem_pestat] skip orientation FF as there are not enough pairs
[M::mem_pestat] analyzing insert size distribution for orientation FR...
[M::mem_pestat] (25, 50, 75) percentile: (103, 123, 155)
[M::mem_pestat] low and high boundaries for computing mean and std.dev: (1, 259)
[M::mem_pestat] mean and std.dev: (129.79, 39.30)
[M::mem_pestat] low and high boundaries for proper pairs: (1, 311)
[M::mem_pestat] skip orientation RF as there are not enough pairs
[M::mem_pestat] skip orientation RR as there are not enough pairs
[M::mem_process_seqs] Processed 402084 reads in 13.520 CPU sec, 4.244 real sec
[M::process] read 402226 sequences (40000157 bp)...
[M::process] read 402188 sequences (40000154 bp)...
[M::mem_pestat] # candidate unique pairs for (FF, FR, RF, RR): (2, 185516, 6, 3)
[M::mem_pestat] skip orientation FF as there are not enough pairs
[M::mem_pestat] analyzing insert size distribution for orientation FR...
[M::mem_pestat] (25, 50, 75) percentile: (103, 123, 155)
[M::mem_pestat] low and high boundaries for computing mean and std.dev: (1, 259)
[M::mem_pestat] mean and std.dev: (129.77, 39.34)
[M::mem_pestat] low and high boundaries for proper pairs: (1, 311)
[M::mem_pestat] skip orientation RF as there are not enough pairs
[M::mem_pestat] skip orientation RR as there are not enough pairs
[M::mem_process_seqs] Processed 402226 reads in 14.271 CPU sec, 4.090 real sec
[M::mem_pestat] # candidate unique pairs for (FF, FR, RF, RR): (1, 185285, 15, 5)
[M::mem_pestat] skip orientation FF as there are not enough pairs
[M::mem_pestat] analyzing insert size distribution for orientation FR...
[M::mem_pestat] (25, 50, 75) percentile: (103, 123, 154)
[M::mem_pestat] low and high boundaries for computing mean and std.dev: (1, 256)
[M::mem_pestat] mean and std.dev: (129.45, 38.87)
[M::mem_pestat] low and high boundaries for proper pairs: (1, 307)
[M::mem_pestat] analyzing insert size distribution for orientation RF...
[M::mem_pestat] (25, 50, 75) percentile: (10, 24, 49)
[M::mem_pestat] low and high boundaries for computing mean and std.dev: (1, 127)
[M::mem_pestat] mean and std.dev: (24.08, 20.01)
[M::mem_pestat] low and high boundaries for proper pairs: (1, 166)
[M::mem_pestat] skip orientation RR as there are not enough pairs
[M::mem_pestat] skip orientation RF
[M::mem_process_seqs] Processed 402188 reads in 13.909 CPU sec, 4.173 real sec
[M::process] read 402368 sequences (40000088 bp)...
[M::mem_pestat] # candidate unique pairs for (FF, FR, RF, RR): (2, 185516, 6, 5)
[M::mem_pestat] skip orientation FF as there are not enough pairs
[M::mem_pestat] analyzing insert size distribution for orientation FR...
[M::mem_pestat] (25, 50, 75) percentile: (103, 123, 154)
[M::mem_pestat] low and high boundaries for computing mean and std.dev: (1, 256)
[M::mem_pestat] mean and std.dev: (129.53, 38.80)
[M::mem_pestat] low and high boundaries for proper pairs: (1, 307)
[M::mem_pestat] skip orientation RF as there are not enough pairs
[M::mem_pestat] skip orientation RR as there are not enough pairs
[M::process] read 402520 sequences (40000019 bp)...
[M::mem_process_seqs] Processed 402368 reads in 14.282 CPU sec, 4.165 real sec
[M::mem_pestat] # candidate unique pairs for (FF, FR, RF, RR): (2, 185558, 10, 6)
[M::mem_pestat] skip orientation FF as there are not enough pairs
[M::mem_pestat] analyzing insert size distribution for orientation FR...
[M::mem_pestat] (25, 50, 75) percentile: (103, 123, 154)
[M::mem_pestat] low and high boundaries for computing mean and std.dev: (1, 256)
[M::mem_pestat] mean and std.dev: (129.21, 38.76)
[M::mem_pestat] low and high boundaries for proper pairs: (1, 307)
[M::mem_pestat] analyzing insert size distribution for orientation RF...
[M::mem_pestat] (25, 50, 75) percentile: (3, 6, 43)
[M::mem_pestat] low and high boundaries for computing mean and std.dev: (1, 123)
[M::mem_pestat] mean and std.dev: (17.67, 26.16)
[M::mem_pestat] low and high boundaries for proper pairs: (1, 163)
[M::mem_pestat] skip orientation RR as there are not enough pairs
[M::mem_pestat] skip orientation RF
[M::process] read 402760 sequences (40000134 bp)...
[M::mem_process_seqs] Processed 402520 reads in 14.417 CPU sec, 4.305 real sec
[M::mem_pestat] # candidate unique pairs for (FF, FR, RF, RR): (0, 185577, 9, 2)
[M::mem_pestat] skip orientation FF as there are not enough pairs
[M::mem_pestat] analyzing insert size distribution for orientation FR...
[M::mem_pestat] (25, 50, 75) percentile: (103, 123, 154)
[M::mem_pestat] low and high boundaries for computing mean and std.dev: (1, 256)
[M::mem_pestat] mean and std.dev: (129.23, 38.78)
[M::mem_pestat] low and high boundaries for proper pairs: (1, 307)
[M::mem_pestat] skip orientation RF as there are not enough pairs
[M::mem_pestat] skip orientation RR as there are not enough pairs
[M::mem_process_seqs] Processed 402760 reads in 14.314 CPU sec, 4.273 real sec
[M::process] read 402854 sequences (40000071 bp)...
[M::mem_pestat] # candidate unique pairs for (FF, FR, RF, RR): (2, 185469, 9, 3)
[M::mem_pestat] skip orientation FF as there are not enough pairs
[M::mem_pestat] analyzing insert size distribution for orientation FR...
[M::mem_pestat] (25, 50, 75) percentile: (103, 122, 154)
[M::mem_pestat] low and high boundaries for computing mean and std.dev: (1, 256)
[M::mem_pestat] mean and std.dev: (129.08, 38.60)
[M::mem_pestat] low and high boundaries for proper pairs: (1, 307)
[M::mem_pestat] skip orientation RF as there are not enough pairs
[M::mem_pestat] skip orientation RR as there are not enough pairs
[M::process] read 404536 sequences (40000111 bp)...
[M::mem_process_seqs] Processed 402854 reads in 14.415 CPU sec, 4.290 real sec
[M::mem_pestat] # candidate unique pairs for (FF, FR, RF, RR): (1, 186231, 11, 2)
[M::mem_pestat] skip orientation FF as there are not enough pairs
[M::mem_pestat] analyzing insert size distribution for orientation FR...
[M::mem_pestat] (25, 50, 75) percentile: (103, 123, 154)
[M::mem_pestat] low and high boundaries for computing mean and std.dev: (1, 256)
[M::mem_pestat] mean and std.dev: (129.35, 38.74)
[M::mem_pestat] low and high boundaries for proper pairs: (1, 307)
[M::mem_pestat] analyzing insert size distribution for orientation RF...
[M::mem_pestat] (25, 50, 75) percentile: (26, 68, 101)
[M::mem_pestat] low and high boundaries for computing mean and std.dev: (1, 251)
[M::mem_pestat] mean and std.dev: (63.10, 54.70)
[M::mem_pestat] low and high boundaries for proper pairs: (1, 326)
[M::mem_pestat] skip orientation RR as there are not enough pairs
[M::mem_pestat] skip orientation RF
[M::mem_process_seqs] Processed 404536 reads in 13.624 CPU sec, 4.244 real sec
[M::process] read 404078 sequences (40000189 bp)...
[M::process] read 402160 sequences (40000032 bp)...
[M::mem_pestat] # candidate unique pairs for (FF, FR, RF, RR): (2, 186108, 9, 4)
[M::mem_pestat] skip orientation FF as there are not enough pairs
[M::mem_pestat] analyzing insert size distribution for orientation FR...
[M::mem_pestat] (25, 50, 75) percentile: (103, 123, 153)
[M::mem_pestat] low and high boundaries for computing mean and std.dev: (3, 253)
[M::mem_pestat] mean and std.dev: (128.84, 38.22)
[M::mem_pestat] low and high boundaries for proper pairs: (1, 303)
[M::mem_pestat] skip orientation RF as there are not enough pairs
[M::mem_pestat] skip orientation RR as there are not enough pairs
[M::mem_process_seqs] Processed 404078 reads in 14.170 CPU sec, 4.041 real sec
[M::mem_pestat] # candidate unique pairs for (FF, FR, RF, RR): (1, 185585, 7, 4)
[M::mem_pestat] skip orientation FF as there are not enough pairs
[M::mem_pestat] analyzing insert size distribution for orientation FR...
[M::mem_pestat] (25, 50, 75) percentile: (103, 123, 155)
[M::mem_pestat] low and high boundaries for computing mean and std.dev: (1, 259)
[M::mem_pestat] mean and std.dev: (130.12, 39.46)
[M::mem_pestat] low and high boundaries for proper pairs: (1, 311)
[M::mem_pestat] skip orientation RF as there are not enough pairs
[M::mem_pestat] skip orientation RR as there are not enough pairs
[M::process] read 401896 sequences (40000002 bp)...
[M::mem_process_seqs] Processed 402160 reads in 14.326 CPU sec, 4.269 real sec
[M::mem_pestat] # candidate unique pairs for (FF, FR, RF, RR): (1, 185483, 8, 5)
[M::mem_pestat] skip orientation FF as there are not enough pairs
[M::mem_pestat] analyzing insert size distribution for orientation FR...
[M::mem_pestat] (25, 50, 75) percentile: (103, 124, 155)
[M::mem_pestat] low and high boundaries for computing mean and std.dev: (1, 259)
[M::mem_pestat] mean and std.dev: (130.38, 39.20)
[M::mem_pestat] low and high boundaries for proper pairs: (1, 311)
[M::mem_pestat] skip orientation RF as there are not enough pairs
[M::mem_pestat] skip orientation RR as there are not enough pairs
[M::process] read 401876 sequences (40000010 bp)...
[M::mem_process_seqs] Processed 401896 reads in 14.576 CPU sec, 4.345 real sec
[M::mem_pestat] # candidate unique pairs for (FF, FR, RF, RR): (1, 185214, 13, 4)
[M::mem_pestat] skip orientation FF as there are not enough pairs
[M::mem_pestat] analyzing insert size distribution for orientation FR...
[M::mem_pestat] (25, 50, 75) percentile: (103, 124, 155)
[M::mem_pestat] low and high boundaries for computing mean and std.dev: (1, 259)
[M::mem_pestat] mean and std.dev: (130.40, 39.33)
[M::mem_pestat] low and high boundaries for proper pairs: (1, 311)
[M::mem_pestat] analyzing insert size distribution for orientation RF...
[M::mem_pestat] (25, 50, 75) percentile: (14, 22, 95)
[M::mem_pestat] low and high boundaries for computing mean and std.dev: (1, 257)
[M::mem_pestat] mean and std.dev: (38.42, 45.10)
[M::mem_pestat] low and high boundaries for proper pairs: (1, 338)
[M::mem_pestat] skip orientation RR as there are not enough pairs
[M::mem_pestat] skip orientation RF
[M::process] read 401776 sequences (40000178 bp)...
[M::mem_process_seqs] Processed 401876 reads in 14.376 CPU sec, 4.298 real sec
[M::mem_pestat] # candidate unique pairs for (FF, FR, RF, RR): (2, 185453, 9, 5)
[M::mem_pestat] skip orientation FF as there are not enough pairs
[M::mem_pestat] analyzing insert size distribution for orientation FR...
[M::mem_pestat] (25, 50, 75) percentile: (103, 123, 155)
[M::mem_pestat] low and high boundaries for computing mean and std.dev: (1, 259)
[M::mem_pestat] mean and std.dev: (130.28, 39.29)
[M::mem_pestat] low and high boundaries for proper pairs: (1, 311)
[M::mem_pestat] skip orientation RF as there are not enough pairs
[M::mem_pestat] skip orientation RR as there are not enough pairs
[M::mem_process_seqs] Processed 401776 reads in 14.082 CPU sec, 4.229 real sec
[M::process] read 401976 sequences (40000063 bp)...
[M::process] read 401920 sequences (40000027 bp)...
[M::mem_pestat] # candidate unique pairs for (FF, FR, RF, RR): (4, 185046, 6, 7)
[M::mem_pestat] skip orientation FF as there are not enough pairs
[M::mem_pestat] analyzing insert size distribution for orientation FR...
[M::mem_pestat] (25, 50, 75) percentile: (103, 123, 155)
[M::mem_pestat] low and high boundaries for computing mean and std.dev: (1, 259)
[M::mem_pestat] mean and std.dev: (130.28, 39.44)
[M::mem_pestat] low and high boundaries for proper pairs: (1, 311)
[M::mem_pestat] skip orientation RF as there are not enough pairs
[M::mem_pestat] skip orientation RR as there are not enough pairs
[M::mem_process_seqs] Processed 401976 reads in 14.387 CPU sec, 4.242 real sec
[M::mem_pestat] # candidate unique pairs for (FF, FR, RF, RR): (2, 185253, 12, 2)
[M::mem_pestat] skip orientation FF as there are not enough pairs
[M::mem_pestat] analyzing insert size distribution for orientation FR...
[M::mem_pestat] (25, 50, 75) percentile: (103, 123, 155)
[M::mem_pestat] low and high boundaries for computing mean and std.dev: (1, 259)
[M::mem_pestat] mean and std.dev: (130.12, 39.27)
[M::mem_pestat] low and high boundaries for proper pairs: (1, 311)
[M::mem_pestat] analyzing insert size distribution for orientation RF...
[M::mem_pestat] (25, 50, 75) percentile: (18, 42, 216)
[M::mem_pestat] low and high boundaries for computing mean and std.dev: (1, 612)
[M::mem_pestat] mean and std.dev: (60.50, 67.32)
[M::mem_pestat] low and high boundaries for proper pairs: (1, 810)
[M::mem_pestat] skip orientation RR as there are not enough pairs
[M::mem_pestat] skip orientation RF
[M::mem_process_seqs] Processed 401920 reads in 13.507 CPU sec, 4.231 real sec
[M::process] read 402038 sequences (40000017 bp)...
[M::process] read 402036 sequences (40000117 bp)...
[M::mem_pestat] # candidate unique pairs for (FF, FR, RF, RR): (3, 185276, 7, 2)
[M::mem_pestat] skip orientation FF as there are not enough pairs
[M::mem_pestat] analyzing insert size distribution for orientation FR...
[M::mem_pestat] (25, 50, 75) percentile: (103, 123, 155)
[M::mem_pestat] low and high boundaries for computing mean and std.dev: (1, 259)
[M::mem_pestat] mean and std.dev: (130.00, 39.23)
[M::mem_pestat] low and high boundaries for proper pairs: (1, 311)
[M::mem_pestat] skip orientation RF as there are not enough pairs
[M::mem_pestat] skip orientation RR as there are not enough pairs
[M::mem_process_seqs] Processed 402038 reads in 14.270 CPU sec, 4.092 real sec
[M::mem_pestat] # candidate unique pairs for (FF, FR, RF, RR): (0, 185316, 9, 5)
[M::mem_pestat] skip orientation FF as there are not enough pairs
[M::mem_pestat] analyzing insert size distribution for orientation FR...
[M::mem_pestat] (25, 50, 75) percentile: (103, 123, 155)
[M::mem_pestat] low and high boundaries for computing mean and std.dev: (1, 259)
[M::mem_pestat] mean and std.dev: (129.84, 39.21)
[M::mem_pestat] low and high boundaries for proper pairs: (1, 311)
[M::mem_pestat] skip orientation RF as there are not enough pairs
[M::mem_pestat] skip orientation RR as there are not enough pairs
[M::process] read 402154 sequences (40000084 bp)...
[M::mem_process_seqs] Processed 402036 reads in 14.313 CPU sec, 4.279 real sec
[M::mem_pestat] # candidate unique pairs for (FF, FR, RF, RR): (1, 185278, 6, 3)
[M::mem_pestat] skip orientation FF as there are not enough pairs
[M::mem_pestat] analyzing insert size distribution for orientation FR...
[M::mem_pestat] (25, 50, 75) percentile: (103, 123, 154)
[M::mem_pestat] low and high boundaries for computing mean and std.dev: (1, 256)
[M::mem_pestat] mean and std.dev: (129.52, 38.89)
[M::mem_pestat] low and high boundaries for proper pairs: (1, 307)
[M::mem_pestat] skip orientation RF as there are not enough pairs
[M::mem_pestat] skip orientation RR as there are not enough pairs
[M::process] read 402144 sequences (40000167 bp)...
[M::mem_process_seqs] Processed 402154 reads in 14.313 CPU sec, 4.277 real sec
[M::mem_pestat] # candidate unique pairs for (FF, FR, RF, RR): (0, 185587, 7, 7)
[M::mem_pestat] skip orientation FF as there are not enough pairs
[M::mem_pestat] analyzing insert size distribution for orientation FR...
[M::mem_pestat] (25, 50, 75) percentile: (103, 123, 154)
[M::mem_pestat] low and high boundaries for computing mean and std.dev: (1, 256)
[M::mem_pestat] mean and std.dev: (129.61, 38.99)
[M::mem_pestat] low and high boundaries for proper pairs: (1, 307)
[M::mem_pestat] skip orientation RF as there are not enough pairs
[M::mem_pestat] skip orientation RR as there are not enough pairs
[M::mem_process_seqs] Processed 402144 reads in 14.241 CPU sec, 4.268 real sec
[M::process] read 402214 sequences (40000015 bp)...
[M::mem_pestat] # candidate unique pairs for (FF, FR, RF, RR): (3, 185288, 9, 7)
[M::mem_pestat] skip orientation FF as there are not enough pairs
[M::mem_pestat] analyzing insert size distribution for orientation FR...
[M::mem_pestat] (25, 50, 75) percentile: (103, 123, 154)
[M::mem_pestat] low and high boundaries for computing mean and std.dev: (1, 256)
[M::mem_pestat] mean and std.dev: (129.48, 38.85)
[M::mem_pestat] low and high boundaries for proper pairs: (1, 307)
[M::mem_pestat] skip orientation RF as there are not enough pairs
[M::mem_pestat] skip orientation RR as there are not enough pairs
[M::process] read 402414 sequences (40000099 bp)...
[M::mem_process_seqs] Processed 402214 reads in 14.329 CPU sec, 4.274 real sec
[M::mem_pestat] # candidate unique pairs for (FF, FR, RF, RR): (0, 185364, 2, 6)
[M::mem_pestat] skip orientation FF as there are not enough pairs
[M::mem_pestat] analyzing insert size distribution for orientation FR...
[M::mem_pestat] (25, 50, 75) percentile: (103, 123, 154)
[M::mem_pestat] low and high boundaries for computing mean and std.dev: (1, 256)
[M::mem_pestat] mean and std.dev: (129.46, 38.64)
[M::mem_pestat] low and high boundaries for proper pairs: (1, 307)
[M::mem_pestat] skip orientation RF as there are not enough pairs
[M::mem_pestat] skip orientation RR as there are not enough pairs
[M::process] read 402738 sequences (40000125 bp)...
[M::mem_process_seqs] Processed 402414 reads in 14.354 CPU sec, 4.284 real sec
[M::mem_pestat] # candidate unique pairs for (FF, FR, RF, RR): (3, 185486, 3, 5)
[M::mem_pestat] skip orientation FF as there are not enough pairs
[M::mem_pestat] analyzing insert size distribution for orientation FR...
[M::mem_pestat] (25, 50, 75) percentile: (103, 123, 154)
[M::mem_pestat] low and high boundaries for computing mean and std.dev: (1, 256)
[M::mem_pestat] mean and std.dev: (129.22, 38.63)
[M::mem_pestat] low and high boundaries for proper pairs: (1, 307)
[M::mem_pestat] skip orientation RF as there are not enough pairs
[M::mem_pestat] skip orientation RR as there are not enough pairs
[M::mem_process_seqs] Processed 402738 reads in 13.548 CPU sec, 4.242 real sec
[M::process] read 402638 sequences (40000059 bp)...
[M::process] read 405146 sequences (40000155 bp)...
[M::mem_pestat] # candidate unique pairs for (FF, FR, RF, RR): (2, 185486, 8, 6)
[M::mem_pestat] skip orientation FF as there are not enough pairs
[M::mem_pestat] analyzing insert size distribution for orientation FR...
[M::mem_pestat] (25, 50, 75) percentile: (103, 123, 154)
[M::mem_pestat] low and high boundaries for computing mean and std.dev: (1, 256)
[M::mem_pestat] mean and std.dev: (129.24, 38.64)
[M::mem_pestat] low and high boundaries for proper pairs: (1, 307)
[M::mem_pestat] skip orientation RF as there are not enough pairs
[M::mem_pestat] skip orientation RR as there are not enough pairs
[M::mem_process_seqs] Processed 402638 reads in 14.278 CPU sec, 4.084 real sec
[M::mem_pestat] # candidate unique pairs for (FF, FR, RF, RR): (0, 186286, 12, 2)
[M::mem_pestat] skip orientation FF as there are not enough pairs
[M::mem_pestat] analyzing insert size distribution for orientation FR...
[M::mem_pestat] (25, 50, 75) percentile: (103, 123, 154)
[M::mem_pestat] low and high boundaries for computing mean and std.dev: (1, 256)
[M::mem_pestat] mean and std.dev: (129.17, 38.58)
[M::mem_pestat] low and high boundaries for proper pairs: (1, 307)
[M::mem_pestat] analyzing insert size distribution for orientation RF...
[M::mem_pestat] (25, 50, 75) percentile: (29, 73, 254)
[M::mem_pestat] low and high boundaries for computing mean and std.dev: (1, 704)
[M::mem_pestat] mean and std.dev: (68.60, 68.28)
[M::mem_pestat] low and high boundaries for proper pairs: (1, 929)
[M::mem_pestat] skip orientation RR as there are not enough pairs
[M::mem_pestat] skip orientation RF
[M::mem_process_seqs] Processed 405146 reads in 14.338 CPU sec, 4.282 real sec
[M::process] read 403754 sequences (40000159 bp)...
[M::mem_pestat] # candidate unique pairs for (FF, FR, RF, RR): (1, 185928, 12, 2)
[M::mem_pestat] skip orientation FF as there are not enough pairs
[M::mem_pestat] analyzing insert size distribution for orientation FR...
[M::mem_pestat] (25, 50, 75) percentile: (103, 123, 154)
[M::mem_pestat] low and high boundaries for computing mean and std.dev: (1, 256)
[M::mem_pestat] mean and std.dev: (129.36, 38.68)
[M::mem_pestat] low and high boundaries for proper pairs: (1, 307)
[M::mem_pestat] analyzing insert size distribution for orientation RF...
[M::mem_pestat] (25, 50, 75) percentile: (19, 84, 211)
[M::mem_pestat] low and high boundaries for computing mean and std.dev: (1, 595)
[M::mem_pestat] mean and std.dev: (104.64, 143.99)
[M::mem_pestat] low and high boundaries for proper pairs: (1, 787)
[M::mem_pestat] skip orientation RR as there are not enough pairs
[M::mem_pestat] skip orientation RF
[M::mem_process_seqs] Processed 403754 reads in 14.344 CPU sec, 4.254 real sec
[M::process] read 402962 sequences (40000119 bp)...
[M::mem_pestat] # candidate unique pairs for (FF, FR, RF, RR): (2, 185727, 5, 2)
[M::mem_pestat] skip orientation FF as there are not enough pairs
[M::mem_pestat] analyzing insert size distribution for orientation FR...
[M::mem_pestat] (25, 50, 75) percentile: (103, 123, 154)
[M::mem_pestat] low and high boundaries for computing mean and std.dev: (1, 256)
[M::mem_pestat] mean and std.dev: (129.64, 38.73)
[M::mem_pestat] low and high boundaries for proper pairs: (1, 307)
[M::mem_pestat] skip orientation RF as there are not enough pairs
[M::mem_pestat] skip orientation RR as there are not enough pairs
[M::process] read 401836 sequences (40000071 bp)...
[M::mem_process_seqs] Processed 402962 reads in 14.213 CPU sec, 4.249 real sec
[M::process] read 401910 sequences (40000170 bp)...
[M::mem_pestat] # candidate unique pairs for (FF, FR, RF, RR): (2, 185324, 7, 3)
[M::mem_pestat] skip orientation FF as there are not enough pairs
[M::mem_pestat] analyzing insert size distribution for orientation FR...
[M::mem_pestat] (25, 50, 75) percentile: (103, 124, 155)
[M::mem_pestat] low and high boundaries for computing mean and std.dev: (1, 259)
[M::mem_pestat] mean and std.dev: (130.34, 39.33)
[M::mem_pestat] low and high boundaries for proper pairs: (1, 311)
[M::mem_pestat] skip orientation RF as there are not enough pairs
[M::mem_pestat] skip orientation RR as there are not enough pairs
[M::mem_process_seqs] Processed 401836 reads in 14.369 CPU sec, 4.289 real sec
[M::mem_pestat] # candidate unique pairs for (FF, FR, RF, RR): (1, 185440, 6, 3)
[M::mem_pestat] skip orientation FF as there are not enough pairs
[M::mem_pestat] analyzing insert size distribution for orientation FR...
[M::mem_pestat] (25, 50, 75) percentile: (103, 124, 156)
[M::mem_pestat] low and high boundaries for computing mean and std.dev: (1, 262)
[M::mem_pestat] mean and std.dev: (130.90, 39.86)
[M::mem_pestat] low and high boundaries for proper pairs: (1, 315)
[M::mem_pestat] skip orientation RF as there are not enough pairs
[M::mem_pestat] skip orientation RR as there are not enough pairs
[M::mem_process_seqs] Processed 401910 reads in 13.991 CPU sec, 4.194 real sec
[M::process] read 401764 sequences (40000017 bp)...
[M::mem_pestat] # candidate unique pairs for (FF, FR, RF, RR): (1, 185329, 5, 1)
[M::mem_pestat] skip orientation FF as there are not enough pairs
[M::mem_pestat] analyzing insert size distribution for orientation FR...
[M::mem_pestat] (25, 50, 75) percentile: (103, 124, 156)
[M::mem_pestat] low and high boundaries for computing mean and std.dev: (1, 262)
[M::mem_pestat] mean and std.dev: (130.77, 39.80)
[M::mem_pestat] low and high boundaries for proper pairs: (1, 315)
[M::mem_pestat] skip orientation RF as there are not enough pairs
[M::mem_pestat] skip orientation RR as there are not enough pairs
[M::mem_process_seqs] Processed 401764 reads in 13.605 CPU sec, 4.256 real sec
[M::process] read 402000 sequences (40000005 bp)...
[M::process] read 401952 sequences (40000052 bp)...
[M::mem_pestat] # candidate unique pairs for (FF, FR, RF, RR): (2, 185612, 6, 3)
[M::mem_pestat] skip orientation FF as there are not enough pairs
[M::mem_pestat] analyzing insert size distribution for orientation FR...
[M::mem_pestat] (25, 50, 75) percentile: (103, 124, 155)
[M::mem_pestat] low and high boundaries for computing mean and std.dev: (1, 259)
[M::mem_pestat] mean and std.dev: (130.42, 39.33)
[M::mem_pestat] low and high boundaries for proper pairs: (1, 311)
[M::mem_pestat] skip orientation RF as there are not enough pairs
[M::mem_pestat] skip orientation RR as there are not enough pairs
[M::mem_process_seqs] Processed 402000 reads in 14.118 CPU sec, 4.043 real sec
[M::mem_pestat] # candidate unique pairs for (FF, FR, RF, RR): (2, 185325, 10, 7)
[M::mem_pestat] skip orientation FF as there are not enough pairs
[M::mem_pestat] analyzing insert size distribution for orientation FR...
[M::mem_pestat] (25, 50, 75) percentile: (103, 123, 155)
[M::mem_pestat] low and high boundaries for computing mean and std.dev: (1, 259)
[M::mem_pestat] mean and std.dev: (130.35, 39.31)
[M::mem_pestat] low and high boundaries for proper pairs: (1, 311)
[M::mem_pestat] analyzing insert size distribution for orientation RF...
[M::mem_pestat] (25, 50, 75) percentile: (6, 29, 76)
[M::mem_pestat] low and high boundaries for computing mean and std.dev: (1, 216)
[M::mem_pestat] mean and std.dev: (42.20, 40.59)
[M::mem_pestat] low and high boundaries for proper pairs: (1, 286)
[M::mem_pestat] skip orientation RR as there are not enough pairs
[M::mem_pestat] skip orientation RF
[M::process] read 401900 sequences (40000060 bp)...
[M::mem_process_seqs] Processed 401952 reads in 14.202 CPU sec, 4.237 real sec
[M::mem_pestat] # candidate unique pairs for (FF, FR, RF, RR): (5, 185374, 16, 6)
[M::mem_pestat] skip orientation FF as there are not enough pairs
[M::mem_pestat] analyzing insert size distribution for orientation FR...
[M::mem_pestat] (25, 50, 75) percentile: (103, 123, 155)
[M::mem_pestat] low and high boundaries for computing mean and std.dev: (1, 259)
[M::mem_pestat] mean and std.dev: (130.03, 39.31)
[M::mem_pestat] low and high boundaries for proper pairs: (1, 311)
[M::mem_pestat] analyzing insert size distribution for orientation RF...
[M::mem_pestat] (25, 50, 75) percentile: (11, 37, 72)
[M::mem_pestat] low and high boundaries for computing mean and std.dev: (1, 194)
[M::mem_pestat] mean and std.dev: (34.64, 27.98)
[M::mem_pestat] low and high boundaries for proper pairs: (1, 255)
[M::mem_pestat] skip orientation RR as there are not enough pairs
[M::mem_pestat] skip orientation RF
[M::process] read 401982 sequences (40000157 bp)...
[M::mem_process_seqs] Processed 401900 reads in 14.279 CPU sec, 4.267 real sec
[M::mem_pestat] # candidate unique pairs for (FF, FR, RF, RR): (5, 185255, 10, 2)
[M::mem_pestat] skip orientation FF as there are not enough pairs
[M::mem_pestat] analyzing insert size distribution for orientation FR...
[M::mem_pestat] (25, 50, 75) percentile: (103, 123, 155)
[M::mem_pestat] low and high boundaries for computing mean and std.dev: (1, 259)
[M::mem_pestat] mean and std.dev: (130.01, 39.26)
[M::mem_pestat] low and high boundaries for proper pairs: (1, 311)
[M::mem_pestat] analyzing insert size distribution for orientation RF...
[M::mem_pestat] (25, 50, 75) percentile: (11, 21, 40)
[M::mem_pestat] low and high boundaries for computing mean and std.dev: (1, 98)
[M::mem_pestat] mean and std.dev: (20.78, 15.55)
[M::mem_pestat] low and high boundaries for proper pairs: (1, 127)
[M::mem_pestat] skip orientation RR as there are not enough pairs
[M::mem_pestat] skip orientation RF
[M::process] read 402138 sequences (40000015 bp)...
[M::mem_process_seqs] Processed 401982 reads in 14.182 CPU sec, 4.241 real sec
[M::mem_pestat] # candidate unique pairs for (FF, FR, RF, RR): (2, 185239, 12, 3)
[M::mem_pestat] skip orientation FF as there are not enough pairs
[M::mem_pestat] analyzing insert size distribution for orientation FR...
[M::mem_pestat] (25, 50, 75) percentile: (103, 123, 155)
[M::mem_pestat] low and high boundaries for computing mean and std.dev: (1, 259)
[M::mem_pestat] mean and std.dev: (129.80, 39.17)
[M::mem_pestat] low and high boundaries for proper pairs: (1, 311)
[M::mem_pestat] analyzing insert size distribution for orientation RF...
[M::mem_pestat] (25, 50, 75) percentile: (9, 18, 39)
[M::mem_pestat] low and high boundaries for computing mean and std.dev: (1, 99)
[M::mem_pestat] mean and std.dev: (20.00, 19.30)
[M::mem_pestat] low and high boundaries for proper pairs: (1, 129)
[M::mem_pestat] skip orientation RR as there are not enough pairs
[M::mem_pestat] skip orientation RF
[M::mem_process_seqs] Processed 402138 reads in 14.266 CPU sec, 4.259 real sec
[M::process] read 402136 sequences (40000177 bp)...
[M::mem_pestat] # candidate unique pairs for (FF, FR, RF, RR): (2, 185493, 8, 4)
[M::mem_pestat] skip orientation FF as there are not enough pairs
[M::mem_pestat] analyzing insert size distribution for orientation FR...
[M::mem_pestat] (25, 50, 75) percentile: (103, 123, 155)
[M::mem_pestat] low and high boundaries for computing mean and std.dev: (1, 259)
[M::mem_pestat] mean and std.dev: (129.96, 39.26)
[M::mem_pestat] low and high boundaries for proper pairs: (1, 311)
[M::mem_pestat] skip orientation RF as there are not enough pairs
[M::mem_pestat] skip orientation RR as there are not enough pairs
[M::mem_process_seqs] Processed 402136 reads in 14.193 CPU sec, 4.243 real sec
[M::process] read 402202 sequences (40000176 bp)...
[M::mem_pestat] # candidate unique pairs for (FF, FR, RF, RR): (5, 185275, 5, 7)
[M::mem_pestat] skip orientation FF as there are not enough pairs
[M::mem_pestat] analyzing insert size distribution for orientation FR...
[M::mem_pestat] (25, 50, 75) percentile: (103, 123, 154)
[M::mem_pestat] low and high boundaries for computing mean and std.dev: (1, 256)
[M::mem_pestat] mean and std.dev: (129.39, 38.85)
[M::mem_pestat] low and high boundaries for proper pairs: (1, 307)
[M::mem_pestat] skip orientation RF as there are not enough pairs
[M::mem_pestat] skip orientation RR as there are not enough pairs
[M::mem_process_seqs] Processed 402202 reads in 13.458 CPU sec, 4.299 real sec
[M::process] read 402462 sequences (40000124 bp)...
[M::process] read 402536 sequences (40000137 bp)...
[M::mem_pestat] # candidate unique pairs for (FF, FR, RF, RR): (3, 185305, 6, 4)
[M::mem_pestat] skip orientation FF as there are not enough pairs
[M::mem_pestat] analyzing insert size distribution for orientation FR...
[M::mem_pestat] (25, 50, 75) percentile: (103, 123, 154)
[M::mem_pestat] low and high boundaries for computing mean and std.dev: (1, 256)
[M::mem_pestat] mean and std.dev: (129.41, 38.75)
[M::mem_pestat] low and high boundaries for proper pairs: (1, 307)
[M::mem_pestat] skip orientation RF as there are not enough pairs
[M::mem_pestat] skip orientation RR as there are not enough pairs
[M::mem_process_seqs] Processed 402462 reads in 14.264 CPU sec, 4.083 real sec
[M::mem_pestat] # candidate unique pairs for (FF, FR, RF, RR): (1, 185409, 12, 2)
[M::mem_pestat] skip orientation FF as there are not enough pairs
[M::mem_pestat] analyzing insert size distribution for orientation FR...
[M::mem_pestat] (25, 50, 75) percentile: (103, 123, 154)
[M::mem_pestat] low and high boundaries for computing mean and std.dev: (1, 256)
[M::mem_pestat] mean and std.dev: (129.55, 38.73)
[M::mem_pestat] low and high boundaries for proper pairs: (1, 307)
[M::mem_pestat] analyzing insert size distribution for orientation RF...
[M::mem_pestat] (25, 50, 75) percentile: (12, 34, 133)
[M::mem_pestat] low and high boundaries for computing mean and std.dev: (1, 375)
[M::mem_pestat] mean and std.dev: (34.40, 38.02)
[M::mem_pestat] low and high boundaries for proper pairs: (1, 496)
[M::mem_pestat] skip orientation RR as there are not enough pairs
[M::mem_pestat] skip orientation RF
[M::mem_process_seqs] Processed 402536 reads in 13.935 CPU sec, 4.177 real sec
[M::process] read 402642 sequences (40000163 bp)...
[M::mem_pestat] # candidate unique pairs for (FF, FR, RF, RR): (0, 185500, 7, 3)
[M::mem_pestat] skip orientation FF as there are not enough pairs
[M::mem_pestat] analyzing insert size distribution for orientation FR...
[M::mem_pestat] (25, 50, 75) percentile: (103, 123, 154)
[M::mem_pestat] low and high boundaries for computing mean and std.dev: (1, 256)
[M::mem_pestat] mean and std.dev: (129.27, 38.71)
[M::mem_pestat] low and high boundaries for proper pairs: (1, 307)
[M::mem_pestat] skip orientation RF as there are not enough pairs
[M::mem_pestat] skip orientation RR as there are not enough pairs
[M::process] read 404130 sequences (40000195 bp)...
[M::mem_process_seqs] Processed 402642 reads in 14.203 CPU sec, 4.185 real sec
[M::mem_pestat] # candidate unique pairs for (FF, FR, RF, RR): (1, 186289, 14, 2)
[M::mem_pestat] skip orientation FF as there are not enough pairs
[M::mem_pestat] analyzing insert size distribution for orientation FR...
[M::mem_pestat] (25, 50, 75) percentile: (103, 123, 154)
[M::mem_pestat] low and high boundaries for computing mean and std.dev: (1, 256)
[M::mem_pestat] mean and std.dev: (129.21, 38.72)
[M::mem_pestat] low and high boundaries for proper pairs: (1, 307)
[M::mem_pestat] analyzing insert size distribution for orientation RF...
[M::mem_pestat] (25, 50, 75) percentile: (13, 18, 152)
[M::mem_pestat] low and high boundaries for computing mean and std.dev: (1, 430)
[M::mem_pestat] mean and std.dev: (58.92, 93.53)
[M::mem_pestat] low and high boundaries for proper pairs: (1, 569)
[M::mem_pestat] skip orientation RR as there are not enough pairs
[M::mem_pestat] skip orientation RF
[M::process] read 403380 sequences (40000176 bp)...
[M::mem_process_seqs] Processed 404130 reads in 14.268 CPU sec, 4.251 real sec
[M::mem_pestat] # candidate unique pairs for (FF, FR, RF, RR): (1, 185691, 8, 1)
[M::mem_pestat] skip orientation FF as there are not enough pairs
[M::mem_pestat] analyzing insert size distribution for orientation FR...
[M::mem_pestat] (25, 50, 75) percentile: (103, 123, 154)
[M::mem_pestat] low and high boundaries for computing mean and std.dev: (1, 256)
[M::mem_pestat] mean and std.dev: (129.15, 38.65)
[M::mem_pestat] low and high boundaries for proper pairs: (1, 307)
[M::mem_pestat] skip orientation RF as there are not enough pairs
[M::mem_pestat] skip orientation RR as there are not enough pairs
[M::process] read 403320 sequences (40000115 bp)...
[M::mem_process_seqs] Processed 403380 reads in 14.307 CPU sec, 4.264 real sec
[M::mem_pestat] # candidate unique pairs for (FF, FR, RF, RR): (1, 185787, 5, 0)
[M::mem_pestat] skip orientation FF as there are not enough pairs
[M::mem_pestat] analyzing insert size distribution for orientation FR...
[M::mem_pestat] (25, 50, 75) percentile: (103, 123, 154)
[M::mem_pestat] low and high boundaries for computing mean and std.dev: (1, 256)
[M::mem_pestat] mean and std.dev: (129.53, 38.86)
[M::mem_pestat] low and high boundaries for proper pairs: (1, 307)
[M::mem_pestat] skip orientation RF as there are not enough pairs
[M::mem_pestat] skip orientation RR as there are not enough pairs
[M::process] read 403762 sequences (40000069 bp)...
[M::mem_process_seqs] Processed 403320 reads in 14.575 CPU sec, 4.340 real sec
[M::mem_pestat] # candidate unique pairs for (FF, FR, RF, RR): (1, 186244, 10, 4)
[M::mem_pestat] skip orientation FF as there are not enough pairs
[M::mem_pestat] analyzing insert size distribution for orientation FR...
[M::mem_pestat] (25, 50, 75) percentile: (103, 124, 155)
[M::mem_pestat] low and high boundaries for computing mean and std.dev: (1, 259)
[M::mem_pestat] mean and std.dev: (130.31, 39.43)
[M::mem_pestat] low and high boundaries for proper pairs: (1, 311)
[M::mem_pestat] analyzing insert size distribution for orientation RF...
[M::mem_pestat] (25, 50, 75) percentile: (61, 93, 143)
[M::mem_pestat] low and high boundaries for computing mean and std.dev: (1, 307)
[M::mem_pestat] mean and std.dev: (96.56, 73.11)
[M::mem_pestat] low and high boundaries for proper pairs: (1, 389)
[M::mem_pestat] skip orientation RR as there are not enough pairs
[M::mem_pestat] skip orientation RF
[M::mem_process_seqs] Processed 403762 reads in 15.888 CPU sec, 4.982 real sec
[M::process] read 404652 sequences (40000084 bp)...
[M::process] read 403824 sequences (40000112 bp)...
[M::mem_pestat] # candidate unique pairs for (FF, FR, RF, RR): (4, 186810, 8, 6)
[M::mem_pestat] skip orientation FF as there are not enough pairs
[M::mem_pestat] analyzing insert size distribution for orientation FR...
[M::mem_pestat] (25, 50, 75) percentile: (103, 124, 156)
[M::mem_pestat] low and high boundaries for computing mean and std.dev: (1, 262)
[M::mem_pestat] mean and std.dev: (130.78, 39.73)
[M::mem_pestat] low and high boundaries for proper pairs: (1, 315)
[M::mem_pestat] skip orientation RF as there are not enough pairs
[M::mem_pestat] skip orientation RR as there are not enough pairs
[M::mem_process_seqs] Processed 404652 reads in 15.805 CPU sec, 4.479 real sec
[M::process] read 402326 sequences (40000177 bp)...
[M::mem_pestat] # candidate unique pairs for (FF, FR, RF, RR): (3, 186453, 10, 2)
[M::mem_pestat] skip orientation FF as there are not enough pairs
[M::mem_pestat] analyzing insert size distribution for orientation FR...
[M::mem_pestat] (25, 50, 75) percentile: (103, 124, 155)
[M::mem_pestat] low and high boundaries for computing mean and std.dev: (1, 259)
[M::mem_pestat] mean and std.dev: (130.44, 39.14)
[M::mem_pestat] low and high boundaries for proper pairs: (1, 311)
[M::mem_pestat] analyzing insert size distribution for orientation RF...
[M::mem_pestat] (25, 50, 75) percentile: (9, 564, 1411)
[M::mem_pestat] low and high boundaries for computing mean and std.dev: (1, 4215)
[M::mem_pestat] mean and std.dev: (346.50, 478.29)
[M::mem_pestat] low and high boundaries for proper pairs: (1, 5617)
[M::mem_pestat] skip orientation RR as there are not enough pairs
[M::mem_pestat] skip orientation RF
[M::mem_process_seqs] Processed 403824 reads in 15.523 CPU sec, 4.591 real sec
[M::mem_pestat] # candidate unique pairs for (FF, FR, RF, RR): (3, 185423, 7, 7)
[M::mem_pestat] skip orientation FF as there are not enough pairs
[M::mem_pestat] analyzing insert size distribution for orientation FR...
[M::mem_pestat] (25, 50, 75) percentile: (103, 124, 155)
[M::mem_pestat] low and high boundaries for computing mean and std.dev: (1, 259)
[M::mem_pestat] mean and std.dev: (130.41, 39.35)
[M::mem_pestat] low and high boundaries for proper pairs: (1, 311)
[M::mem_pestat] skip orientation RF as there are not enough pairs
[M::mem_pestat] skip orientation RR as there are not enough pairs
[M::process] read 401938 sequences (40000075 bp)...
[M::mem_process_seqs] Processed 402326 reads in 14.741 CPU sec, 4.389 real sec
[M::mem_pestat] # candidate unique pairs for (FF, FR, RF, RR): (1, 185485, 6, 1)
[M::mem_pestat] skip orientation FF as there are not enough pairs
[M::mem_pestat] analyzing insert size distribution for orientation FR...
[M::mem_pestat] (25, 50, 75) percentile: (103, 124, 155)
[M::mem_pestat] low and high boundaries for computing mean and std.dev: (1, 259)
[M::mem_pestat] mean and std.dev: (130.24, 39.31)
[M::mem_pestat] low and high boundaries for proper pairs: (1, 311)
[M::mem_pestat] skip orientation RF as there are not enough pairs
[M::mem_pestat] skip orientation RR as there are not enough pairs
[M::process] read 401948 sequences (40000116 bp)...
[M::mem_process_seqs] Processed 401938 reads in 14.425 CPU sec, 4.298 real sec
[M::mem_pestat] # candidate unique pairs for (FF, FR, RF, RR): (3, 185278, 9, 3)
[M::mem_pestat] skip orientation FF as there are not enough pairs
[M::mem_pestat] analyzing insert size distribution for orientation FR...
[M::mem_pestat] (25, 50, 75) percentile: (103, 123, 155)
[M::mem_pestat] low and high boundaries for computing mean and std.dev: (1, 259)
[M::mem_pestat] mean and std.dev: (129.97, 39.36)
[M::mem_pestat] low and high boundaries for proper pairs: (1, 311)
[M::mem_pestat] skip orientation RF as there are not enough pairs
[M::mem_pestat] skip orientation RR as there are not enough pairs
[M::process] read 401986 sequences (40000180 bp)...
[M::mem_process_seqs] Processed 401948 reads in 14.302 CPU sec, 4.273 real sec
[M::process] read 402020 sequences (40000027 bp)...
[M::mem_pestat] # candidate unique pairs for (FF, FR, RF, RR): (2, 185338, 9, 3)
[M::mem_pestat] skip orientation FF as there are not enough pairs
[M::mem_pestat] analyzing insert size distribution for orientation FR...
[M::mem_pestat] (25, 50, 75) percentile: (103, 123, 155)
[M::mem_pestat] low and high boundaries for computing mean and std.dev: (1, 259)
[M::mem_pestat] mean and std.dev: (130.22, 39.40)
[M::mem_pestat] low and high boundaries for proper pairs: (1, 311)
[M::mem_pestat] skip orientation RF as there are not enough pairs
[M::mem_pestat] skip orientation RR as there are not enough pairs
[M::mem_process_seqs] Processed 401986 reads in 14.336 CPU sec, 4.272 real sec
[M::mem_pestat] # candidate unique pairs for (FF, FR, RF, RR): (5, 185366, 8, 5)
[M::mem_pestat] skip orientation FF as there are not enough pairs
[M::mem_pestat] analyzing insert size distribution for orientation FR...
[M::mem_pestat] (25, 50, 75) percentile: (103, 123, 155)
[M::mem_pestat] low and high boundaries for computing mean and std.dev: (1, 259)
[M::mem_pestat] mean and std.dev: (130.14, 39.38)
[M::mem_pestat] low and high boundaries for proper pairs: (1, 311)
[M::mem_pestat] skip orientation RF as there are not enough pairs
[M::mem_pestat] skip orientation RR as there are not enough pairs
[M::mem_process_seqs] Processed 402020 reads in 13.405 CPU sec, 4.278 real sec
[M::process] read 402086 sequences (40000059 bp)...
[M::process] read 402094 sequences (40000030 bp)...
[M::mem_pestat] # candidate unique pairs for (FF, FR, RF, RR): (2, 185325, 5, 5)
[M::mem_pestat] skip orientation FF as there are not enough pairs
[M::mem_pestat] analyzing insert size distribution for orientation FR...
[M::mem_pestat] (25, 50, 75) percentile: (103, 123, 155)
[M::mem_pestat] low and high boundaries for computing mean and std.dev: (1, 259)
[M::mem_pestat] mean and std.dev: (129.85, 39.26)
[M::mem_pestat] low and high boundaries for proper pairs: (1, 311)
[M::mem_pestat] skip orientation RF as there are not enough pairs
[M::mem_pestat] skip orientation RR as there are not enough pairs
[M::mem_process_seqs] Processed 402086 reads in 14.169 CPU sec, 4.062 real sec
[M::mem_pestat] # candidate unique pairs for (FF, FR, RF, RR): (1, 185506, 5, 5)
[M::mem_pestat] skip orientation FF as there are not enough pairs
[M::mem_pestat] analyzing insert size distribution for orientation FR...
[M::mem_pestat] (25, 50, 75) percentile: (103, 123, 155)
[M::mem_pestat] low and high boundaries for computing mean and std.dev: (1, 259)
[M::mem_pestat] mean and std.dev: (129.88, 39.27)
[M::mem_pestat] low and high boundaries for proper pairs: (1, 311)
[M::mem_pestat] skip orientation RF as there are not enough pairs
[M::mem_pestat] skip orientation RR as there are not enough pairs
[M::process] read 402302 sequences (40000103 bp)...
[M::mem_process_seqs] Processed 402094 reads in 14.254 CPU sec, 4.257 real sec
[M::mem_pestat] # candidate unique pairs for (FF, FR, RF, RR): (0, 185315, 9, 3)
[M::mem_pestat] skip orientation FF as there are not enough pairs
[M::mem_pestat] analyzing insert size distribution for orientation FR...
[M::mem_pestat] (25, 50, 75) percentile: (103, 123, 155)
[M::mem_pestat] low and high boundaries for computing mean and std.dev: (1, 259)
[M::mem_pestat] mean and std.dev: (129.88, 39.25)
[M::mem_pestat] low and high boundaries for proper pairs: (1, 311)
[M::mem_pestat] skip orientation RF as there are not enough pairs
[M::mem_pestat] skip orientation RR as there are not enough pairs
[M::mem_process_seqs] Processed 402302 reads in 14.208 CPU sec, 4.252 real sec
[M::process] read 402484 sequences (40000090 bp)...
[M::mem_pestat] # candidate unique pairs for (FF, FR, RF, RR): (1, 185595, 17, 6)
[M::mem_pestat] skip orientation FF as there are not enough pairs
[M::mem_pestat] analyzing insert size distribution for orientation FR...
[M::mem_pestat] (25, 50, 75) percentile: (103, 123, 154)
[M::mem_pestat] low and high boundaries for computing mean and std.dev: (1, 256)
[M::mem_pestat] mean and std.dev: (129.56, 38.79)
[M::mem_pestat] low and high boundaries for proper pairs: (1, 307)
[M::mem_pestat] analyzing insert size distribution for orientation RF...
[M::mem_pestat] (25, 50, 75) percentile: (49, 81, 230)
[M::mem_pestat] low and high boundaries for computing mean and std.dev: (1, 592)
[M::mem_pestat] mean and std.dev: (100.87, 109.20)
[M::mem_pestat] low and high boundaries for proper pairs: (1, 773)
[M::mem_pestat] skip orientation RR as there are not enough pairs
[M::mem_pestat] skip orientation RF
[M::process] read 402602 sequences (40000152 bp)...
[M::mem_process_seqs] Processed 402484 reads in 14.327 CPU sec, 4.260 real sec
[M::mem_pestat] # candidate unique pairs for (FF, FR, RF, RR): (2, 185668, 9, 2)
[M::mem_pestat] skip orientation FF as there are not enough pairs
[M::mem_pestat] analyzing insert size distribution for orientation FR...
[M::mem_pestat] (25, 50, 75) percentile: (103, 123, 154)
[M::mem_pestat] low and high boundaries for computing mean and std.dev: (1, 256)
[M::mem_pestat] mean and std.dev: (129.49, 38.86)
[M::mem_pestat] low and high boundaries for proper pairs: (1, 307)
[M::mem_pestat] skip orientation RF as there are not enough pairs
[M::mem_pestat] skip orientation RR as there are not enough pairs
[M::mem_process_seqs] Processed 402602 reads in 13.768 CPU sec, 4.131 real sec
[M::process] read 403472 sequences (40000182 bp)...
[M::mem_pestat] # candidate unique pairs for (FF, FR, RF, RR): (1, 185775, 8, 0)
[M::mem_pestat] skip orientation FF as there are not enough pairs
[M::mem_pestat] analyzing insert size distribution for orientation FR...
[M::mem_pestat] (25, 50, 75) percentile: (103, 123, 154)
[M::mem_pestat] low and high boundaries for computing mean and std.dev: (1, 256)
[M::mem_pestat] mean and std.dev: (129.46, 38.88)
[M::mem_pestat] low and high boundaries for proper pairs: (1, 307)
[M::mem_pestat] skip orientation RF as there are not enough pairs
[M::mem_pestat] skip orientation RR as there are not enough pairs
[M::process] read 404068 sequences (40000013 bp)...
[M::mem_process_seqs] Processed 403472 reads in 14.230 CPU sec, 4.101 real sec
[M::mem_pestat] # candidate unique pairs for (FF, FR, RF, RR): (1, 186224, 9, 3)
[M::mem_pestat] skip orientation FF as there are not enough pairs
[M::mem_pestat] analyzing insert size distribution for orientation FR...
[M::mem_pestat] (25, 50, 75) percentile: (103, 123, 154)
[M::mem_pestat] low and high boundaries for computing mean and std.dev: (1, 256)
[M::mem_pestat] mean and std.dev: (129.48, 38.75)
[M::mem_pestat] low and high boundaries for proper pairs: (1, 307)
[M::mem_pestat] skip orientation RF as there are not enough pairs
[M::mem_pestat] skip orientation RR as there are not enough pairs
[M::mem_process_seqs] Processed 404068 reads in 13.442 CPU sec, 4.454 real sec
[M::process] read 380410 sequences (37698187 bp)...
[M::mem_pestat] # candidate unique pairs for (FF, FR, RF, RR): (2, 175265, 8, 6)
[M::mem_pestat] skip orientation FF as there are not enough pairs
[M::mem_pestat] analyzing insert size distribution for orientation FR...
[M::mem_pestat] (25, 50, 75) percentile: (103, 123, 154)
[M::mem_pestat] low and high boundaries for computing mean and std.dev: (1, 256)
[M::mem_pestat] mean and std.dev: (129.33, 38.77)
[M::mem_pestat] low and high boundaries for proper pairs: (1, 307)
[M::mem_pestat] skip orientation RF as there are not enough pairs
[M::mem_pestat] skip orientation RR as there are not enough pairs
[M::mem_process_seqs] Processed 380410 reads in 12.819 CPU sec, 3.710 real sec
[main] Version: 0.7.19-r1273
[main] CMD: bwa mem -t 4 Efaecium /home/yogesh22/Genome_Analysis/raw_data/transcriptomics_data/RNA-Seq_Serum/trimmed/trim_paired_ERR1797969_pass_1.fastq.gz /home/yogesh22/Genome_Analysis/raw_data/transcriptomics_data/RNA-Seq_Serum/trimmed/trim_paired_ERR1797969_pass_2.fastq.gz
[main] Real time: 306.736 sec; CPU: 933.206 sec
[bam_sort_core] merging from 9 files and 1 in-memory blocks...
[M::bwa_idx_load_from_disk] read 0 ALT contigs
[M::process] read 401634 sequences (40000098 bp)...
[M::process] read 401862 sequences (40000126 bp)...
[M::mem_pestat] # candidate unique pairs for (FF, FR, RF, RR): (2, 184770, 13, 4)
[M::mem_pestat] skip orientation FF as there are not enough pairs
[M::mem_pestat] analyzing insert size distribution for orientation FR...
[M::mem_pestat] (25, 50, 75) percentile: (107, 129, 164)
[M::mem_pestat] low and high boundaries for computing mean and std.dev: (1, 278)
[M::mem_pestat] mean and std.dev: (136.83, 42.52)
[M::mem_pestat] low and high boundaries for proper pairs: (1, 335)
[M::mem_pestat] analyzing insert size distribution for orientation RF...
[M::mem_pestat] (25, 50, 75) percentile: (5, 28, 70)
[M::mem_pestat] low and high boundaries for computing mean and std.dev: (1, 200)
[M::mem_pestat] mean and std.dev: (25.09, 22.55)
[M::mem_pestat] low and high boundaries for proper pairs: (1, 265)
[M::mem_pestat] skip orientation RR as there are not enough pairs
[M::mem_pestat] skip orientation RF
[M::mem_process_seqs] Processed 401634 reads in 14.160 CPU sec, 3.584 real sec
[M::mem_pestat] # candidate unique pairs for (FF, FR, RF, RR): (2, 184757, 6, 5)
[M::mem_pestat] skip orientation FF as there are not enough pairs
[M::mem_pestat] analyzing insert size distribution for orientation FR...
[M::mem_pestat] (25, 50, 75) percentile: (107, 129, 164)
[M::mem_pestat] low and high boundaries for computing mean and std.dev: (1, 278)
[M::mem_pestat] mean and std.dev: (136.97, 42.67)
[M::mem_pestat] low and high boundaries for proper pairs: (1, 335)
[M::mem_pestat] skip orientation RF as there are not enough pairs
[M::mem_pestat] skip orientation RR as there are not enough pairs
[M::process] read 401876 sequences (40000192 bp)...
[M::mem_process_seqs] Processed 401862 reads in 14.218 CPU sec, 4.260 real sec
[M::mem_pestat] # candidate unique pairs for (FF, FR, RF, RR): (2, 184984, 5, 3)
[M::mem_pestat] skip orientation FF as there are not enough pairs
[M::mem_pestat] analyzing insert size distribution for orientation FR...
[M::mem_pestat] (25, 50, 75) percentile: (107, 129, 164)
[M::mem_pestat] low and high boundaries for computing mean and std.dev: (1, 278)
[M::mem_pestat] mean and std.dev: (136.95, 42.55)
[M::mem_pestat] low and high boundaries for proper pairs: (1, 335)
[M::mem_pestat] skip orientation RF as there are not enough pairs
[M::mem_pestat] skip orientation RR as there are not enough pairs
[M::mem_process_seqs] Processed 401876 reads in 13.973 CPU sec, 4.190 real sec
[M::process] read 401658 sequences (40000121 bp)...
[M::mem_pestat] # candidate unique pairs for (FF, FR, RF, RR): (5, 184551, 13, 5)
[M::mem_pestat] skip orientation FF as there are not enough pairs
[M::mem_pestat] analyzing insert size distribution for orientation FR...
[M::mem_pestat] (25, 50, 75) percentile: (107, 128, 163)
[M::mem_pestat] low and high boundaries for computing mean and std.dev: (1, 275)
[M::mem_pestat] mean and std.dev: (136.31, 41.99)
[M::mem_pestat] low and high boundaries for proper pairs: (1, 331)
[M::mem_pestat] analyzing insert size distribution for orientation RF...
[M::mem_pestat] (25, 50, 75) percentile: (16, 49, 139)
[M::mem_pestat] low and high boundaries for computing mean and std.dev: (1, 385)
[M::mem_pestat] mean and std.dev: (71.83, 83.91)
[M::mem_pestat] low and high boundaries for proper pairs: (1, 508)
[M::mem_pestat] skip orientation RR as there are not enough pairs
[M::mem_pestat] skip orientation RF
[M::process] read 401990 sequences (40000006 bp)...
[M::mem_process_seqs] Processed 401658 reads in 14.245 CPU sec, 4.224 real sec
[M::mem_pestat] # candidate unique pairs for (FF, FR, RF, RR): (1, 185050, 5, 3)
[M::mem_pestat] skip orientation FF as there are not enough pairs
[M::mem_pestat] analyzing insert size distribution for orientation FR...
[M::mem_pestat] (25, 50, 75) percentile: (107, 128, 163)
[M::mem_pestat] low and high boundaries for computing mean and std.dev: (1, 275)
[M::mem_pestat] mean and std.dev: (136.33, 42.03)
[M::mem_pestat] low and high boundaries for proper pairs: (1, 331)
[M::mem_pestat] skip orientation RF as there are not enough pairs
[M::mem_pestat] skip orientation RR as there are not enough pairs
[M::process] read 402014 sequences (40000175 bp)...
[M::mem_process_seqs] Processed 401990 reads in 14.227 CPU sec, 4.262 real sec
[M::mem_pestat] # candidate unique pairs for (FF, FR, RF, RR): (4, 184696, 3, 1)
[M::mem_pestat] skip orientation FF as there are not enough pairs
[M::mem_pestat] analyzing insert size distribution for orientation FR...
[M::mem_pestat] (25, 50, 75) percentile: (107, 128, 163)
[M::mem_pestat] low and high boundaries for computing mean and std.dev: (1, 275)
[M::mem_pestat] mean and std.dev: (136.29, 42.10)
[M::mem_pestat] low and high boundaries for proper pairs: (1, 331)
[M::mem_pestat] skip orientation RF as there are not enough pairs
[M::mem_pestat] skip orientation RR as there are not enough pairs
[M::process] read 401910 sequences (40000104 bp)...
[M::mem_process_seqs] Processed 402014 reads in 14.245 CPU sec, 4.261 real sec
[M::mem_pestat] # candidate unique pairs for (FF, FR, RF, RR): (2, 184604, 8, 2)
[M::mem_pestat] skip orientation FF as there are not enough pairs
[M::mem_pestat] analyzing insert size distribution for orientation FR...
[M::mem_pestat] (25, 50, 75) percentile: (107, 128, 163)
[M::mem_pestat] low and high boundaries for computing mean and std.dev: (1, 275)
[M::mem_pestat] mean and std.dev: (136.20, 42.08)
[M::mem_pestat] low and high boundaries for proper pairs: (1, 331)
[M::mem_pestat] skip orientation RF as there are not enough pairs
[M::mem_pestat] skip orientation RR as there are not enough pairs
[M::mem_process_seqs] Processed 401910 reads in 14.018 CPU sec, 4.205 real sec
[M::process] read 402042 sequences (40000195 bp)...
[M::mem_pestat] # candidate unique pairs for (FF, FR, RF, RR): (2, 184480, 9, 2)
[M::mem_pestat] skip orientation FF as there are not enough pairs
[M::mem_pestat] analyzing insert size distribution for orientation FR...
[M::mem_pestat] (25, 50, 75) percentile: (107, 128, 163)
[M::mem_pestat] low and high boundaries for computing mean and std.dev: (1, 275)
[M::mem_pestat] mean and std.dev: (136.23, 42.29)
[M::mem_pestat] low and high boundaries for proper pairs: (1, 331)
[M::mem_pestat] skip orientation RF as there are not enough pairs
[M::mem_pestat] skip orientation RR as there are not enough pairs
[M::mem_process_seqs] Processed 402042 reads in 13.479 CPU sec, 4.304 real sec
[M::process] read 402066 sequences (40000130 bp)...
[M::process] read 402208 sequences (40000186 bp)...
[M::mem_pestat] # candidate unique pairs for (FF, FR, RF, RR): (1, 184797, 5, 3)
[M::mem_pestat] skip orientation FF as there are not enough pairs
[M::mem_pestat] analyzing insert size distribution for orientation FR...
[M::mem_pestat] (25, 50, 75) percentile: (107, 128, 163)
[M::mem_pestat] low and high boundaries for computing mean and std.dev: (1, 275)
[M::mem_pestat] mean and std.dev: (136.10, 42.05)
[M::mem_pestat] low and high boundaries for proper pairs: (1, 331)
[M::mem_pestat] skip orientation RF as there are not enough pairs
[M::mem_pestat] skip orientation RR as there are not enough pairs
[M::mem_process_seqs] Processed 402066 reads in 14.078 CPU sec, 4.034 real sec
[M::process] read 402118 sequences (40000073 bp)...
[M::mem_pestat] # candidate unique pairs for (FF, FR, RF, RR): (4, 184768, 7, 4)
[M::mem_pestat] skip orientation FF as there are not enough pairs
[M::mem_pestat] analyzing insert size distribution for orientation FR...
[M::mem_pestat] (25, 50, 75) percentile: (107, 128, 162)
[M::mem_pestat] low and high boundaries for computing mean and std.dev: (1, 272)
[M::mem_pestat] mean and std.dev: (135.79, 41.73)
[M::mem_pestat] low and high boundaries for proper pairs: (1, 327)
[M::mem_pestat] skip orientation RF as there are not enough pairs
[M::mem_pestat] skip orientation RR as there are not enough pairs
[M::mem_process_seqs] Processed 402208 reads in 14.171 CPU sec, 4.241 real sec
[M::mem_pestat] # candidate unique pairs for (FF, FR, RF, RR): (2, 184698, 5, 2)
[M::mem_pestat] skip orientation FF as there are not enough pairs
[M::mem_pestat] analyzing insert size distribution for orientation FR...
[M::mem_pestat] (25, 50, 75) percentile: (107, 128, 162)
[M::mem_pestat] low and high boundaries for computing mean and std.dev: (1, 272)
[M::mem_pestat] mean and std.dev: (135.73, 41.65)
[M::mem_pestat] low and high boundaries for proper pairs: (1, 327)
[M::mem_pestat] skip orientation RF as there are not enough pairs
[M::mem_pestat] skip orientation RR as there are not enough pairs
[M::process] read 402386 sequences (40000000 bp)...
[M::mem_process_seqs] Processed 402118 reads in 14.202 CPU sec, 4.249 real sec
[M::mem_pestat] # candidate unique pairs for (FF, FR, RF, RR): (0, 184716, 9, 4)
[M::mem_pestat] skip orientation FF as there are not enough pairs
[M::mem_pestat] analyzing insert size distribution for orientation FR...
[M::mem_pestat] (25, 50, 75) percentile: (106, 128, 162)
[M::mem_pestat] low and high boundaries for computing mean and std.dev: (1, 274)
[M::mem_pestat] mean and std.dev: (135.75, 41.81)
[M::mem_pestat] low and high boundaries for proper pairs: (1, 330)
[M::mem_pestat] skip orientation RF as there are not enough pairs
[M::mem_pestat] skip orientation RR as there are not enough pairs
[M::process] read 402352 sequences (40000128 bp)...
[M::mem_process_seqs] Processed 402386 reads in 14.246 CPU sec, 4.266 real sec
[M::mem_pestat] # candidate unique pairs for (FF, FR, RF, RR): (1, 184779, 9, 1)
[M::mem_pestat] skip orientation FF as there are not enough pairs
[M::mem_pestat] analyzing insert size distribution for orientation FR...
[M::mem_pestat] (25, 50, 75) percentile: (106, 128, 162)
[M::mem_pestat] low and high boundaries for computing mean and std.dev: (1, 274)
[M::mem_pestat] mean and std.dev: (135.72, 41.81)
[M::mem_pestat] low and high boundaries for proper pairs: (1, 330)
[M::mem_pestat] skip orientation RF as there are not enough pairs
[M::mem_pestat] skip orientation RR as there are not enough pairs
[M::mem_process_seqs] Processed 402352 reads in 14.380 CPU sec, 4.310 real sec
[M::process] read 402668 sequences (40000181 bp)...
[M::mem_pestat] # candidate unique pairs for (FF, FR, RF, RR): (2, 185080, 6, 2)
[M::mem_pestat] skip orientation FF as there are not enough pairs
[M::mem_pestat] analyzing insert size distribution for orientation FR...
[M::mem_pestat] (25, 50, 75) percentile: (107, 128, 162)
[M::mem_pestat] low and high boundaries for computing mean and std.dev: (1, 272)
[M::mem_pestat] mean and std.dev: (135.62, 41.48)
[M::mem_pestat] low and high boundaries for proper pairs: (1, 327)
[M::mem_pestat] skip orientation RF as there are not enough pairs
[M::mem_pestat] skip orientation RR as there are not enough pairs
[M::process] read 402790 sequences (40000126 bp)...
[M::mem_process_seqs] Processed 402668 reads in 14.369 CPU sec, 4.277 real sec
[M::mem_pestat] # candidate unique pairs for (FF, FR, RF, RR): (4, 185293, 15, 5)
[M::mem_pestat] skip orientation FF as there are not enough pairs
[M::mem_pestat] analyzing insert size distribution for orientation FR...
[M::mem_pestat] (25, 50, 75) percentile: (106, 128, 162)
[M::mem_pestat] low and high boundaries for computing mean and std.dev: (1, 274)
[M::mem_pestat] mean and std.dev: (135.71, 41.80)
[M::mem_pestat] low and high boundaries for proper pairs: (1, 330)
[M::mem_pestat] analyzing insert size distribution for orientation RF...
[M::mem_pestat] (25, 50, 75) percentile: (29, 63, 90)
[M::mem_pestat] low and high boundaries for computing mean and std.dev: (1, 212)
[M::mem_pestat] mean and std.dev: (52.38, 42.51)
[M::mem_pestat] low and high boundaries for proper pairs: (1, 273)
[M::mem_pestat] skip orientation RR as there are not enough pairs
[M::mem_pestat] skip orientation RF
[M::mem_process_seqs] Processed 402790 reads in 13.571 CPU sec, 4.400 real sec
[M::process] read 403500 sequences (40000155 bp)...
[M::process] read 403872 sequences (40000121 bp)...
[M::mem_pestat] # candidate unique pairs for (FF, FR, RF, RR): (0, 185413, 10, 2)
[M::mem_pestat] skip orientation FF as there are not enough pairs
[M::mem_pestat] analyzing insert size distribution for orientation FR...
[M::mem_pestat] (25, 50, 75) percentile: (106, 128, 161)
[M::mem_pestat] low and high boundaries for computing mean and std.dev: (1, 271)
[M::mem_pestat] mean and std.dev: (135.16, 41.14)
[M::mem_pestat] low and high boundaries for proper pairs: (1, 326)
[M::mem_pestat] analyzing insert size distribution for orientation RF...
[M::mem_pestat] (25, 50, 75) percentile: (44, 315, 497)
[M::mem_pestat] low and high boundaries for computing mean and std.dev: (1, 1403)
[M::mem_pestat] mean and std.dev: (211.78, 188.95)
[M::mem_pestat] low and high boundaries for proper pairs: (1, 1856)
[M::mem_pestat] skip orientation RR as there are not enough pairs
[M::mem_pestat] skip orientation RF
[M::mem_process_seqs] Processed 403500 reads in 14.331 CPU sec, 4.092 real sec
[M::mem_pestat] # candidate unique pairs for (FF, FR, RF, RR): (5, 185377, 11, 3)
[M::mem_pestat] skip orientation FF as there are not enough pairs
[M::mem_pestat] analyzing insert size distribution for orientation FR...
[M::mem_pestat] (25, 50, 75) percentile: (106, 127, 161)
[M::mem_pestat] low and high boundaries for computing mean and std.dev: (1, 271)
[M::mem_pestat] mean and std.dev: (135.04, 41.13)
[M::mem_pestat] low and high boundaries for proper pairs: (1, 326)
[M::mem_pestat] analyzing insert size distribution for orientation RF...
[M::mem_pestat] (25, 50, 75) percentile: (15, 32, 63)
[M::mem_pestat] low and high boundaries for computing mean and std.dev: (1, 159)
[M::mem_pestat] mean and std.dev: (36.40, 27.98)
[M::mem_pestat] low and high boundaries for proper pairs: (1, 207)
[M::mem_pestat] skip orientation RR as there are not enough pairs
[M::mem_pestat] skip orientation RF
[M::mem_process_seqs] Processed 403872 reads in 14.089 CPU sec, 4.221 real sec
[M::process] read 403986 sequences (40000121 bp)...
[M::mem_pestat] # candidate unique pairs for (FF, FR, RF, RR): (4, 185846, 8, 4)
[M::mem_pestat] skip orientation FF as there are not enough pairs
[M::mem_pestat] analyzing insert size distribution for orientation FR...
[M::mem_pestat] (25, 50, 75) percentile: (106, 127, 160)
[M::mem_pestat] low and high boundaries for computing mean and std.dev: (1, 268)
[M::mem_pestat] mean and std.dev: (134.76, 40.65)
[M::mem_pestat] low and high boundaries for proper pairs: (1, 322)
[M::mem_pestat] skip orientation RF as there are not enough pairs
[M::mem_pestat] skip orientation RR as there are not enough pairs
[M::process] read 402136 sequences (40000080 bp)...
[M::mem_process_seqs] Processed 403986 reads in 14.217 CPU sec, 4.178 real sec
[M::mem_pestat] # candidate unique pairs for (FF, FR, RF, RR): (1, 185178, 8, 2)
[M::mem_pestat] skip orientation FF as there are not enough pairs
[M::mem_pestat] analyzing insert size distribution for orientation FR...
[M::mem_pestat] (25, 50, 75) percentile: (107, 128, 163)
[M::mem_pestat] low and high boundaries for computing mean and std.dev: (1, 275)
[M::mem_pestat] mean and std.dev: (136.30, 42.00)
[M::mem_pestat] low and high boundaries for proper pairs: (1, 331)
[M::mem_pestat] skip orientation RF as there are not enough pairs
[M::mem_pestat] skip orientation RR as there are not enough pairs
[M::process] read 401944 sequences (40000090 bp)...
[M::mem_process_seqs] Processed 402136 reads in 14.266 CPU sec, 4.256 real sec
[M::mem_pestat] # candidate unique pairs for (FF, FR, RF, RR): (2, 184990, 6, 3)
[M::mem_pestat] skip orientation FF as there are not enough pairs
[M::mem_pestat] analyzing insert size distribution for orientation FR...
[M::mem_pestat] (25, 50, 75) percentile: (107, 129, 164)
[M::mem_pestat] low and high boundaries for computing mean and std.dev: (1, 278)
[M::mem_pestat] mean and std.dev: (137.07, 42.68)
[M::mem_pestat] low and high boundaries for proper pairs: (1, 335)
[M::mem_pestat] skip orientation RF as there are not enough pairs
[M::mem_pestat] skip orientation RR as there are not enough pairs
[M::process] read 401864 sequences (40000146 bp)...
[M::mem_process_seqs] Processed 401944 reads in 14.329 CPU sec, 4.278 real sec
[M::mem_pestat] # candidate unique pairs for (FF, FR, RF, RR): (1, 184976, 3, 1)
[M::mem_pestat] skip orientation FF as there are not enough pairs
[M::mem_pestat] analyzing insert size distribution for orientation FR...
[M::mem_pestat] (25, 50, 75) percentile: (107, 129, 164)
[M::mem_pestat] low and high boundaries for computing mean and std.dev: (1, 278)
[M::mem_pestat] mean and std.dev: (136.96, 42.46)
[M::mem_pestat] low and high boundaries for proper pairs: (1, 335)
[M::mem_pestat] skip orientation RF as there are not enough pairs
[M::mem_pestat] skip orientation RR as there are not enough pairs
[M::process] read 401800 sequences (40000147 bp)...
[M::mem_process_seqs] Processed 401864 reads in 14.238 CPU sec, 4.266 real sec
[M::mem_pestat] # candidate unique pairs for (FF, FR, RF, RR): (1, 184881, 8, 2)
[M::mem_pestat] skip orientation FF as there are not enough pairs
[M::mem_pestat] analyzing insert size distribution for orientation FR...
[M::mem_pestat] (25, 50, 75) percentile: (107, 129, 164)
[M::mem_pestat] low and high boundaries for computing mean and std.dev: (1, 278)
[M::mem_pestat] mean and std.dev: (136.95, 42.50)
[M::mem_pestat] low and high boundaries for proper pairs: (1, 335)
[M::mem_pestat] skip orientation RF as there are not enough pairs
[M::mem_pestat] skip orientation RR as there are not enough pairs
[M::mem_process_seqs] Processed 401800 reads in 13.487 CPU sec, 4.340 real sec
[M::process] read 401786 sequences (40000184 bp)...
[M::process] read 402038 sequences (40000046 bp)...
[M::mem_pestat] # candidate unique pairs for (FF, FR, RF, RR): (4, 184838, 8, 2)
[M::mem_pestat] skip orientation FF as there are not enough pairs
[M::mem_pestat] analyzing insert size distribution for orientation FR...
[M::mem_pestat] (25, 50, 75) percentile: (107, 128, 163)
[M::mem_pestat] low and high boundaries for computing mean and std.dev: (1, 275)
[M::mem_pestat] mean and std.dev: (136.50, 42.14)
[M::mem_pestat] low and high boundaries for proper pairs: (1, 331)
[M::mem_pestat] skip orientation RF as there are not enough pairs
[M::mem_pestat] skip orientation RR as there are not enough pairs
[M::mem_process_seqs] Processed 401786 reads in 14.125 CPU sec, 4.053 real sec
[M::mem_pestat] # candidate unique pairs for (FF, FR, RF, RR): (1, 184962, 9, 3)
[M::mem_pestat] skip orientation FF as there are not enough pairs
[M::mem_pestat] analyzing insert size distribution for orientation FR...
[M::mem_pestat] (25, 50, 75) percentile: (107, 129, 163)
[M::mem_pestat] low and high boundaries for computing mean and std.dev: (1, 275)
[M::mem_pestat] mean and std.dev: (136.47, 42.07)
[M::mem_pestat] low and high boundaries for proper pairs: (1, 331)
[M::mem_pestat] skip orientation RF as there are not enough pairs
[M::mem_pestat] skip orientation RR as there are not enough pairs
[M::process] read 401896 sequences (40000100 bp)...
[M::mem_process_seqs] Processed 402038 reads in 14.199 CPU sec, 4.247 real sec
[M::mem_pestat] # candidate unique pairs for (FF, FR, RF, RR): (2, 184925, 9, 5)
[M::mem_pestat] skip orientation FF as there are not enough pairs
[M::mem_pestat] analyzing insert size distribution for orientation FR...
[M::mem_pestat] (25, 50, 75) percentile: (107, 128, 163)
[M::mem_pestat] low and high boundaries for computing mean and std.dev: (1, 275)
[M::mem_pestat] mean and std.dev: (136.32, 41.99)
[M::mem_pestat] low and high boundaries for proper pairs: (1, 331)
[M::mem_pestat] skip orientation RF as there are not enough pairs
[M::mem_pestat] skip orientation RR as there are not enough pairs
[M::process] read 402030 sequences (40000011 bp)...
[M::mem_process_seqs] Processed 401896 reads in 14.237 CPU sec, 4.255 real sec
[M::mem_pestat] # candidate unique pairs for (FF, FR, RF, RR): (0, 184945, 5, 1)
[M::mem_pestat] skip orientation FF as there are not enough pairs
[M::mem_pestat] analyzing insert size distribution for orientation FR...
[M::mem_pestat] (25, 50, 75) percentile: (107, 129, 163)
[M::mem_pestat] low and high boundaries for computing mean and std.dev: (1, 275)
[M::mem_pestat] mean and std.dev: (136.46, 42.05)
[M::mem_pestat] low and high boundaries for proper pairs: (1, 331)
[M::mem_pestat] skip orientation RF as there are not enough pairs
[M::mem_pestat] skip orientation RR as there are not enough pairs
[M::process] read 401972 sequences (40000135 bp)...
[M::mem_process_seqs] Processed 402030 reads in 14.148 CPU sec, 4.234 real sec
[M::mem_pestat] # candidate unique pairs for (FF, FR, RF, RR): (2, 184610, 6, 6)
[M::mem_pestat] skip orientation FF as there are not enough pairs
[M::mem_pestat] analyzing insert size distribution for orientation FR...
[M::mem_pestat] (25, 50, 75) percentile: (107, 128, 163)
[M::mem_pestat] low and high boundaries for computing mean and std.dev: (1, 275)
[M::mem_pestat] mean and std.dev: (136.12, 42.03)
[M::mem_pestat] low and high boundaries for proper pairs: (1, 331)
[M::mem_pestat] skip orientation RF as there are not enough pairs
[M::mem_pestat] skip orientation RR as there are not enough pairs
[M::mem_process_seqs] Processed 401972 reads in 13.876 CPU sec, 4.159 real sec
[M::process] read 402076 sequences (40000052 bp)...
[M::mem_pestat] # candidate unique pairs for (FF, FR, RF, RR): (1, 184518, 11, 5)
[M::mem_pestat] skip orientation FF as there are not enough pairs
[M::mem_pestat] analyzing insert size distribution for orientation FR...
[M::mem_pestat] (25, 50, 75) percentile: (107, 128, 162)
[M::mem_pestat] low and high boundaries for computing mean and std.dev: (1, 272)
[M::mem_pestat] mean and std.dev: (135.74, 41.66)
[M::mem_pestat] low and high boundaries for proper pairs: (1, 327)
[M::mem_pestat] analyzing insert size distribution for orientation RF...
[M::mem_pestat] (25, 50, 75) percentile: (19, 49, 200)
[M::mem_pestat] low and high boundaries for computing mean and std.dev: (1, 562)
[M::mem_pestat] mean and std.dev: (86.40, 87.03)
[M::mem_pestat] low and high boundaries for proper pairs: (1, 743)
[M::mem_pestat] skip orientation RR as there are not enough pairs
[M::mem_pestat] skip orientation RF
[M::mem_process_seqs] Processed 402076 reads in 14.242 CPU sec, 4.193 real sec
[M::process] read 402096 sequences (40000095 bp)...
[M::mem_pestat] # candidate unique pairs for (FF, FR, RF, RR): (1, 184856, 8, 2)
[M::mem_pestat] skip orientation FF as there are not enough pairs
[M::mem_pestat] analyzing insert size distribution for orientation FR...
[M::mem_pestat] (25, 50, 75) percentile: (107, 128, 162)
[M::mem_pestat] low and high boundaries for computing mean and std.dev: (1, 272)
[M::mem_pestat] mean and std.dev: (135.71, 41.69)
[M::mem_pestat] low and high boundaries for proper pairs: (1, 327)
[M::mem_pestat] skip orientation RF as there are not enough pairs
[M::mem_pestat] skip orientation RR as there are not enough pairs
[M::mem_process_seqs] Processed 402096 reads in 13.411 CPU sec, 4.211 real sec
[M::process] read 402276 sequences (40000005 bp)...
[M::process] read 402294 sequences (40000128 bp)...
[M::mem_pestat] # candidate unique pairs for (FF, FR, RF, RR): (0, 184849, 14, 4)
[M::mem_pestat] skip orientation FF as there are not enough pairs
[M::mem_pestat] analyzing insert size distribution for orientation FR...
[M::mem_pestat] (25, 50, 75) percentile: (107, 128, 162)
[M::mem_pestat] low and high boundaries for computing mean and std.dev: (1, 272)
[M::mem_pestat] mean and std.dev: (135.69, 41.57)
[M::mem_pestat] low and high boundaries for proper pairs: (1, 327)
[M::mem_pestat] analyzing insert size distribution for orientation RF...
[M::mem_pestat] (25, 50, 75) percentile: (28, 43, 59)
[M::mem_pestat] low and high boundaries for computing mean and std.dev: (1, 121)
[M::mem_pestat] mean and std.dev: (44.07, 30.99)
[M::mem_pestat] low and high boundaries for proper pairs: (1, 168)
[M::mem_pestat] skip orientation RR as there are not enough pairs
[M::mem_pestat] skip orientation RF
[M::mem_process_seqs] Processed 402276 reads in 14.048 CPU sec, 4.029 real sec
[M::mem_pestat] # candidate unique pairs for (FF, FR, RF, RR): (2, 184764, 12, 3)
[M::mem_pestat] skip orientation FF as there are not enough pairs
[M::mem_pestat] analyzing insert size distribution for orientation FR...
[M::mem_pestat] (25, 50, 75) percentile: (106, 128, 162)
[M::mem_pestat] low and high boundaries for computing mean and std.dev: (1, 274)
[M::mem_pestat] mean and std.dev: (135.85, 41.86)
[M::mem_pestat] low and high boundaries for proper pairs: (1, 330)
[M::mem_pestat] analyzing insert size distribution for orientation RF...
[M::mem_pestat] (25, 50, 75) percentile: (12, 35, 45)
[M::mem_pestat] low and high boundaries for computing mean and std.dev: (1, 111)
[M::mem_pestat] mean and std.dev: (25.82, 20.22)
[M::mem_pestat] low and high boundaries for proper pairs: (1, 144)
[M::mem_pestat] skip orientation RR as there are not enough pairs
[M::mem_pestat] skip orientation RF
[M::process] read 402642 sequences (40000001 bp)...
[M::mem_process_seqs] Processed 402294 reads in 14.138 CPU sec, 4.232 real sec
[M::mem_pestat] # candidate unique pairs for (FF, FR, RF, RR): (0, 184806, 12, 3)
[M::mem_pestat] skip orientation FF as there are not enough pairs
[M::mem_pestat] analyzing insert size distribution for orientation FR...
[M::mem_pestat] (25, 50, 75) percentile: (106, 128, 162)
[M::mem_pestat] low and high boundaries for computing mean and std.dev: (1, 274)
[M::mem_pestat] mean and std.dev: (135.60, 41.68)
[M::mem_pestat] low and high boundaries for proper pairs: (1, 330)
[M::mem_pestat] analyzing insert size distribution for orientation RF...
[M::mem_pestat] (25, 50, 75) percentile: (7, 13, 68)
[M::mem_pestat] low and high boundaries for computing mean and std.dev: (1, 190)
[M::mem_pestat] mean and std.dev: (20.10, 22.17)
[M::mem_pestat] low and high boundaries for proper pairs: (1, 251)
[M::mem_pestat] skip orientation RR as there are not enough pairs
[M::mem_pestat] skip orientation RF
[M::process] read 402546 sequences (40000142 bp)...
[M::mem_process_seqs] Processed 402642 reads in 14.255 CPU sec, 4.259 real sec
[M::mem_pestat] # candidate unique pairs for (FF, FR, RF, RR): (3, 184840, 5, 4)
[M::mem_pestat] skip orientation FF as there are not enough pairs
[M::mem_pestat] analyzing insert size distribution for orientation FR...
[M::mem_pestat] (25, 50, 75) percentile: (106, 128, 162)
[M::mem_pestat] low and high boundaries for computing mean and std.dev: (1, 274)
[M::mem_pestat] mean and std.dev: (135.72, 41.75)
[M::mem_pestat] low and high boundaries for proper pairs: (1, 330)
[M::mem_pestat] skip orientation RF as there are not enough pairs
[M::mem_pestat] skip orientation RR as there are not enough pairs
[M::mem_process_seqs] Processed 402546 reads in 14.042 CPU sec, 4.202 real sec
[M::process] read 402694 sequences (40000063 bp)...
[M::mem_pestat] # candidate unique pairs for (FF, FR, RF, RR): (8, 185021, 6, 3)
[M::mem_pestat] skip orientation FF as there are not enough pairs
[M::mem_pestat] analyzing insert size distribution for orientation FR...
[M::mem_pestat] (25, 50, 75) percentile: (106, 128, 162)
[M::mem_pestat] low and high boundaries for computing mean and std.dev: (1, 274)
[M::mem_pestat] mean and std.dev: (135.61, 41.66)
[M::mem_pestat] low and high boundaries for proper pairs: (1, 330)
[M::mem_pestat] skip orientation RF as there are not enough pairs
[M::mem_pestat] skip orientation RR as there are not enough pairs
[M::process] read 405540 sequences (40000118 bp)...
[M::mem_process_seqs] Processed 402694 reads in 14.227 CPU sec, 4.224 real sec
[M::mem_pestat] # candidate unique pairs for (FF, FR, RF, RR): (2, 186071, 8, 4)
[M::mem_pestat] skip orientation FF as there are not enough pairs
[M::mem_pestat] analyzing insert size distribution for orientation FR...
[M::mem_pestat] (25, 50, 75) percentile: (106, 128, 162)
[M::mem_pestat] low and high boundaries for computing mean and std.dev: (1, 274)
[M::mem_pestat] mean and std.dev: (135.72, 41.67)
[M::mem_pestat] low and high boundaries for proper pairs: (1, 330)
[M::mem_pestat] skip orientation RF as there are not enough pairs
[M::mem_pestat] skip orientation RR as there are not enough pairs
[M::process] read 403590 sequences (40000026 bp)...
[M::mem_process_seqs] Processed 405540 reads in 14.264 CPU sec, 4.261 real sec
[M::mem_pestat] # candidate unique pairs for (FF, FR, RF, RR): (3, 185174, 9, 4)
[M::mem_pestat] skip orientation FF as there are not enough pairs
[M::mem_pestat] analyzing insert size distribution for orientation FR...
[M::mem_pestat] (25, 50, 75) percentile: (106, 128, 161)
[M::mem_pestat] low and high boundaries for computing mean and std.dev: (1, 271)
[M::mem_pestat] mean and std.dev: (135.33, 41.25)
[M::mem_pestat] low and high boundaries for proper pairs: (1, 326)
[M::mem_pestat] skip orientation RF as there are not enough pairs
[M::mem_pestat] skip orientation RR as there are not enough pairs
[M::mem_process_seqs] Processed 403590 reads in 13.446 CPU sec, 4.281 real sec
[M::process] read 402870 sequences (40000058 bp)...
[M::process] read 401630 sequences (40000149 bp)...
[M::mem_pestat] # candidate unique pairs for (FF, FR, RF, RR): (2, 185154, 3, 2)
[M::mem_pestat] skip orientation FF as there are not enough pairs
[M::mem_pestat] analyzing insert size distribution for orientation FR...
[M::mem_pestat] (25, 50, 75) percentile: (107, 128, 162)
[M::mem_pestat] low and high boundaries for computing mean and std.dev: (1, 272)
[M::mem_pestat] mean and std.dev: (135.78, 41.59)
[M::mem_pestat] low and high boundaries for proper pairs: (1, 327)
[M::mem_pestat] skip orientation RF as there are not enough pairs
[M::mem_pestat] skip orientation RR as there are not enough pairs
[M::mem_process_seqs] Processed 402870 reads in 13.971 CPU sec, 3.993 real sec
[M::mem_pestat] # candidate unique pairs for (FF, FR, RF, RR): (3, 184727, 11, 5)
[M::mem_pestat] skip orientation FF as there are not enough pairs
[M::mem_pestat] analyzing insert size distribution for orientation FR...
[M::mem_pestat] (25, 50, 75) percentile: (107, 129, 164)
[M::mem_pestat] low and high boundaries for computing mean and std.dev: (1, 278)
[M::mem_pestat] mean and std.dev: (136.97, 42.76)
[M::mem_pestat] low and high boundaries for proper pairs: (1, 335)
[M::mem_pestat] analyzing insert size distribution for orientation RF...
[M::mem_pestat] (25, 50, 75) percentile: (7, 18, 60)
[M::mem_pestat] low and high boundaries for computing mean and std.dev: (1, 166)
[M::mem_pestat] mean and std.dev: (30.50, 33.71)
[M::mem_pestat] low and high boundaries for proper pairs: (1, 219)
[M::mem_pestat] skip orientation RR as there are not enough pairs
[M::mem_pestat] skip orientation RF
[M::process] read 402022 sequences (40000130 bp)...
[M::mem_process_seqs] Processed 401630 reads in 14.179 CPU sec, 4.233 real sec
[M::mem_pestat] # candidate unique pairs for (FF, FR, RF, RR): (3, 184821, 13, 7)
[M::mem_pestat] skip orientation FF as there are not enough pairs
[M::mem_pestat] analyzing insert size distribution for orientation FR...
[M::mem_pestat] (25, 50, 75) percentile: (107, 129, 164)
[M::mem_pestat] low and high boundaries for computing mean and std.dev: (1, 278)
[M::mem_pestat] mean and std.dev: (137.01, 42.46)
[M::mem_pestat] low and high boundaries for proper pairs: (1, 335)
[M::mem_pestat] analyzing insert size distribution for orientation RF...
[M::mem_pestat] (25, 50, 75) percentile: (6, 15, 77)
[M::mem_pestat] low and high boundaries for computing mean and std.dev: (1, 219)
[M::mem_pestat] mean and std.dev: (49.54, 58.57)
[M::mem_pestat] low and high boundaries for proper pairs: (1, 290)
[M::mem_pestat] skip orientation RR as there are not enough pairs
[M::mem_pestat] skip orientation RF
[M::process] read 401762 sequences (40000042 bp)...
[M::mem_process_seqs] Processed 402022 reads in 14.268 CPU sec, 4.263 real sec
[M::mem_pestat] # candidate unique pairs for (FF, FR, RF, RR): (5, 184831, 12, 3)
[M::mem_pestat] skip orientation FF as there are not enough pairs
[M::mem_pestat] analyzing insert size distribution for orientation FR...
[M::mem_pestat] (25, 50, 75) percentile: (107, 129, 164)
[M::mem_pestat] low and high boundaries for computing mean and std.dev: (1, 278)
[M::mem_pestat] mean and std.dev: (137.06, 42.50)
[M::mem_pestat] low and high boundaries for proper pairs: (1, 335)
[M::mem_pestat] analyzing insert size distribution for orientation RF...
[M::mem_pestat] (25, 50, 75) percentile: (21, 49, 78)
[M::mem_pestat] low and high boundaries for computing mean and std.dev: (1, 192)
[M::mem_pestat] mean and std.dev: (48.55, 37.91)
[M::mem_pestat] low and high boundaries for proper pairs: (1, 249)
[M::mem_pestat] skip orientation RR as there are not enough pairs
[M::mem_pestat] skip orientation RF
[M::process] read 401726 sequences (40000162 bp)...
[M::mem_process_seqs] Processed 401762 reads in 14.206 CPU sec, 4.244 real sec
[M::mem_pestat] # candidate unique pairs for (FF, FR, RF, RR): (2, 184829, 8, 2)
[M::mem_pestat] skip orientation FF as there are not enough pairs
[M::mem_pestat] analyzing insert size distribution for orientation FR...
[M::mem_pestat] (25, 50, 75) percentile: (107, 128, 163)
[M::mem_pestat] low and high boundaries for computing mean and std.dev: (1, 275)
[M::mem_pestat] mean and std.dev: (136.41, 41.87)
[M::mem_pestat] low and high boundaries for proper pairs: (1, 331)
[M::mem_pestat] skip orientation RF as there are not enough pairs
[M::mem_pestat] skip orientation RR as there are not enough pairs
[M::process] read 402102 sequences (40000017 bp)...
[M::mem_process_seqs] Processed 401726 reads in 14.405 CPU sec, 4.301 real sec
[M::mem_pestat] # candidate unique pairs for (FF, FR, RF, RR): (2, 185057, 11, 3)
[M::mem_pestat] skip orientation FF as there are not enough pairs
[M::mem_pestat] analyzing insert size distribution for orientation FR...
[M::mem_pestat] (25, 50, 75) percentile: (107, 129, 164)
[M::mem_pestat] low and high boundaries for computing mean and std.dev: (1, 278)
[M::mem_pestat] mean and std.dev: (136.87, 42.65)
[M::mem_pestat] low and high boundaries for proper pairs: (1, 335)
[M::mem_pestat] analyzing insert size distribution for orientation RF...
[M::mem_pestat] (25, 50, 75) percentile: (22, 58, 433)
[M::mem_pestat] low and high boundaries for computing mean and std.dev: (1, 1255)
[M::mem_pestat] mean and std.dev: (123.10, 173.27)
[M::mem_pestat] low and high boundaries for proper pairs: (1, 1666)
[M::mem_pestat] skip orientation RR as there are not enough pairs
[M::mem_pestat] skip orientation RF
[M::process] read 401882 sequences (40000078 bp)...
[M::mem_process_seqs] Processed 402102 reads in 14.220 CPU sec, 4.249 real sec
[M::mem_pestat] # candidate unique pairs for (FF, FR, RF, RR): (4, 184455, 10, 3)
[M::mem_pestat] skip orientation FF as there are not enough pairs
[M::mem_pestat] analyzing insert size distribution for orientation FR...
[M::mem_pestat] (25, 50, 75) percentile: (107, 129, 164)
[M::mem_pestat] low and high boundaries for computing mean and std.dev: (1, 278)
[M::mem_pestat] mean and std.dev: (136.73, 42.59)
[M::mem_pestat] low and high boundaries for proper pairs: (1, 335)
[M::mem_pestat] analyzing insert size distribution for orientation RF...
[M::mem_pestat] (25, 50, 75) percentile: (13, 23, 30)
[M::mem_pestat] low and high boundaries for computing mean and std.dev: (1, 64)
[M::mem_pestat] mean and std.dev: (20.44, 11.79)
[M::mem_pestat] low and high boundaries for proper pairs: (1, 81)
[M::mem_pestat] skip orientation RR as there are not enough pairs
[M::mem_pestat] skip orientation RF
[M::mem_process_seqs] Processed 401882 reads in 13.541 CPU sec, 4.248 real sec
[M::process] read 401882 sequences (40000063 bp)...
[M::process] read 401906 sequences (40000021 bp)...
[M::mem_pestat] # candidate unique pairs for (FF, FR, RF, RR): (3, 184759, 7, 8)
[M::mem_pestat] skip orientation FF as there are not enough pairs
[M::mem_pestat] analyzing insert size distribution for orientation FR...
[M::mem_pestat] (25, 50, 75) percentile: (107, 128, 163)
[M::mem_pestat] low and high boundaries for computing mean and std.dev: (1, 275)
[M::mem_pestat] mean and std.dev: (136.24, 42.13)
[M::mem_pestat] low and high boundaries for proper pairs: (1, 331)
[M::mem_pestat] skip orientation RF as there are not enough pairs
[M::mem_pestat] skip orientation RR as there are not enough pairs
[M::mem_process_seqs] Processed 401882 reads in 14.177 CPU sec, 4.065 real sec
[M::mem_pestat] # candidate unique pairs for (FF, FR, RF, RR): (1, 184849, 14, 7)
[M::mem_pestat] skip orientation FF as there are not enough pairs
[M::mem_pestat] analyzing insert size distribution for orientation FR...
[M::mem_pestat] (25, 50, 75) percentile: (107, 128, 163)
[M::mem_pestat] low and high boundaries for computing mean and std.dev: (1, 275)
[M::mem_pestat] mean and std.dev: (136.13, 41.99)
[M::mem_pestat] low and high boundaries for proper pairs: (1, 331)
[M::mem_pestat] analyzing insert size distribution for orientation RF...
[M::mem_pestat] (25, 50, 75) percentile: (25, 50, 68)
[M::mem_pestat] low and high boundaries for computing mean and std.dev: (1, 154)
[M::mem_pestat] mean and std.dev: (47.54, 39.15)
[M::mem_pestat] low and high boundaries for proper pairs: (1, 204)
[M::mem_pestat] skip orientation RR as there are not enough pairs
[M::mem_pestat] skip orientation RF
[M::process] read 402042 sequences (40000056 bp)...
[M::mem_process_seqs] Processed 401906 reads in 14.269 CPU sec, 4.263 real sec
[M::mem_pestat] # candidate unique pairs for (FF, FR, RF, RR): (0, 184670, 8, 5)
[M::mem_pestat] skip orientation FF as there are not enough pairs
[M::mem_pestat] analyzing insert size distribution for orientation FR...
[M::mem_pestat] (25, 50, 75) percentile: (107, 128, 163)
[M::mem_pestat] low and high boundaries for computing mean and std.dev: (1, 275)
[M::mem_pestat] mean and std.dev: (136.07, 41.94)
[M::mem_pestat] low and high boundaries for proper pairs: (1, 331)
[M::mem_pestat] skip orientation RF as there are not enough pairs
[M::mem_pestat] skip orientation RR as there are not enough pairs
[M::process] read 402038 sequences (40000151 bp)...
[M::mem_process_seqs] Processed 402042 reads in 14.221 CPU sec, 4.249 real sec
[M::process] read 402144 sequences (40000164 bp)...
[M::mem_pestat] # candidate unique pairs for (FF, FR, RF, RR): (0, 184579, 2, 6)
[M::mem_pestat] skip orientation FF as there are not enough pairs
[M::mem_pestat] analyzing insert size distribution for orientation FR...
[M::mem_pestat] (25, 50, 75) percentile: (107, 128, 163)
[M::mem_pestat] low and high boundaries for computing mean and std.dev: (1, 275)
[M::mem_pestat] mean and std.dev: (136.18, 42.12)
[M::mem_pestat] low and high boundaries for proper pairs: (1, 331)
[M::mem_pestat] skip orientation RF as there are not enough pairs
[M::mem_pestat] skip orientation RR as there are not enough pairs
[M::mem_process_seqs] Processed 402038 reads in 14.219 CPU sec, 4.253 real sec
[M::mem_pestat] # candidate unique pairs for (FF, FR, RF, RR): (1, 184607, 3, 2)
[M::mem_pestat] skip orientation FF as there are not enough pairs
[M::mem_pestat] analyzing insert size distribution for orientation FR...
[M::mem_pestat] (25, 50, 75) percentile: (107, 128, 162)
[M::mem_pestat] low and high boundaries for computing mean and std.dev: (1, 272)
[M::mem_pestat] mean and std.dev: (135.87, 41.57)
[M::mem_pestat] low and high boundaries for proper pairs: (1, 327)
[M::mem_pestat] skip orientation RF as there are not enough pairs
[M::mem_pestat] skip orientation RR as there are not enough pairs
[M::process] read 402332 sequences (40000073 bp)...
[M::mem_process_seqs] Processed 402144 reads in 14.235 CPU sec, 4.248 real sec
[M::mem_pestat] # candidate unique pairs for (FF, FR, RF, RR): (1, 184508, 6, 4)
[M::mem_pestat] skip orientation FF as there are not enough pairs
[M::mem_pestat] analyzing insert size distribution for orientation FR...
[M::mem_pestat] (25, 50, 75) percentile: (107, 128, 163)
[M::mem_pestat] low and high boundaries for computing mean and std.dev: (1, 275)
[M::mem_pestat] mean and std.dev: (136.13, 41.94)
[M::mem_pestat] low and high boundaries for proper pairs: (1, 331)
[M::mem_pestat] skip orientation RF as there are not enough pairs
[M::mem_pestat] skip orientation RR as there are not enough pairs
[M::process] read 402462 sequences (40000084 bp)...
[M::mem_process_seqs] Processed 402332 reads in 14.318 CPU sec, 4.272 real sec
[M::mem_pestat] # candidate unique pairs for (FF, FR, RF, RR): (1, 185086, 9, 3)
[M::mem_pestat] skip orientation FF as there are not enough pairs
[M::mem_pestat] analyzing insert size distribution for orientation FR...
[M::mem_pestat] (25, 50, 75) percentile: (107, 128, 162)
[M::mem_pestat] low and high boundaries for computing mean and std.dev: (1, 272)
[M::mem_pestat] mean and std.dev: (135.84, 41.59)
[M::mem_pestat] low and high boundaries for proper pairs: (1, 327)
[M::mem_pestat] skip orientation RF as there are not enough pairs
[M::mem_pestat] skip orientation RR as there are not enough pairs
[M::mem_process_seqs] Processed 402462 reads in 13.336 CPU sec, 4.254 real sec
[M::process] read 402510 sequences (40000101 bp)...
[M::process] read 402604 sequences (40000093 bp)...
[M::mem_pestat] # candidate unique pairs for (FF, FR, RF, RR): (1, 184839, 6, 3)
[M::mem_pestat] skip orientation FF as there are not enough pairs
[M::mem_pestat] analyzing insert size distribution for orientation FR...
[M::mem_pestat] (25, 50, 75) percentile: (106, 128, 162)
[M::mem_pestat] low and high boundaries for computing mean and std.dev: (1, 274)
[M::mem_pestat] mean and std.dev: (135.91, 41.78)
[M::mem_pestat] low and high boundaries for proper pairs: (1, 330)
[M::mem_pestat] skip orientation RF as there are not enough pairs
[M::mem_pestat] skip orientation RR as there are not enough pairs
[M::mem_process_seqs] Processed 402510 reads in 14.218 CPU sec, 4.068 real sec
[M::mem_pestat] # candidate unique pairs for (FF, FR, RF, RR): (1, 185001, 15, 3)
[M::mem_pestat] skip orientation FF as there are not enough pairs
[M::mem_pestat] analyzing insert size distribution for orientation FR...
[M::mem_pestat] (25, 50, 75) percentile: (106, 128, 161)
[M::mem_pestat] low and high boundaries for computing mean and std.dev: (1, 271)
[M::mem_pestat] mean and std.dev: (135.44, 41.28)
[M::mem_pestat] low and high boundaries for proper pairs: (1, 326)
[M::mem_pestat] analyzing insert size distribution for orientation RF...
[M::mem_pestat] (25, 50, 75) percentile: (10, 47, 138)
[M::mem_pestat] low and high boundaries for computing mean and std.dev: (1, 394)
[M::mem_pestat] mean and std.dev: (75.07, 87.13)
[M::mem_pestat] low and high boundaries for proper pairs: (1, 522)
[M::mem_pestat] skip orientation RR as there are not enough pairs
[M::mem_pestat] skip orientation RF
[M::mem_process_seqs] Processed 402604 reads in 13.975 CPU sec, 4.185 real sec
[M::process] read 404336 sequences (40000192 bp)...
[M::process] read 403458 sequences (40000131 bp)...
[M::mem_pestat] # candidate unique pairs for (FF, FR, RF, RR): (3, 185582, 5, 4)
[M::mem_pestat] skip orientation FF as there are not enough pairs
[M::mem_pestat] analyzing insert size distribution for orientation FR...
[M::mem_pestat] (25, 50, 75) percentile: (106, 128, 161)
[M::mem_pestat] low and high boundaries for computing mean and std.dev: (1, 271)
[M::mem_pestat] mean and std.dev: (135.35, 41.32)
[M::mem_pestat] low and high boundaries for proper pairs: (1, 326)
[M::mem_pestat] skip orientation RF as there are not enough pairs
[M::mem_pestat] skip orientation RR as there are not enough pairs
[M::mem_process_seqs] Processed 404336 reads in 14.323 CPU sec, 4.209 real sec
[M::mem_pestat] # candidate unique pairs for (FF, FR, RF, RR): (1, 185127, 15, 2)
[M::mem_pestat] skip orientation FF as there are not enough pairs
[M::mem_pestat] analyzing insert size distribution for orientation FR...
[M::mem_pestat] (25, 50, 75) percentile: (107, 128, 161)
[M::mem_pestat] low and high boundaries for computing mean and std.dev: (1, 269)
[M::mem_pestat] mean and std.dev: (135.38, 41.16)
[M::mem_pestat] low and high boundaries for proper pairs: (1, 323)
[M::mem_pestat] analyzing insert size distribution for orientation RF...
[M::mem_pestat] (25, 50, 75) percentile: (4, 6, 32)
[M::mem_pestat] low and high boundaries for computing mean and std.dev: (1, 88)
[M::mem_pestat] mean and std.dev: (22.27, 27.28)
[M::mem_pestat] low and high boundaries for proper pairs: (1, 131)
[M::mem_pestat] skip orientation RR as there are not enough pairs
[M::mem_pestat] skip orientation RF
[M::process] read 403348 sequences (40000125 bp)...
[M::mem_process_seqs] Processed 403458 reads in 14.287 CPU sec, 4.268 real sec
[M::mem_pestat] # candidate unique pairs for (FF, FR, RF, RR): (3, 185224, 11, 3)
[M::mem_pestat] skip orientation FF as there are not enough pairs
[M::mem_pestat] analyzing insert size distribution for orientation FR...
[M::mem_pestat] (25, 50, 75) percentile: (106, 128, 161)
[M::mem_pestat] low and high boundaries for computing mean and std.dev: (1, 271)
[M::mem_pestat] mean and std.dev: (135.32, 41.16)
[M::mem_pestat] low and high boundaries for proper pairs: (1, 326)
[M::mem_pestat] analyzing insert size distribution for orientation RF...
[M::mem_pestat] (25, 50, 75) percentile: (32, 68, 118)
[M::mem_pestat] low and high boundaries for computing mean and std.dev: (1, 290)
[M::mem_pestat] mean and std.dev: (53.56, 40.91)
[M::mem_pestat] low and high boundaries for proper pairs: (1, 376)
[M::mem_pestat] skip orientation RR as there are not enough pairs
[M::mem_pestat] skip orientation RF
[M::process] read 403454 sequences (40000018 bp)...
[M::mem_process_seqs] Processed 403348 reads in 14.564 CPU sec, 4.334 real sec
[M::process] read 404984 sequences (40000018 bp)...
[M::mem_pestat] # candidate unique pairs for (FF, FR, RF, RR): (1, 185589, 10, 3)
[M::mem_pestat] skip orientation FF as there are not enough pairs
[M::mem_pestat] analyzing insert size distribution for orientation FR...
[M::mem_pestat] (25, 50, 75) percentile: (107, 129, 164)
[M::mem_pestat] low and high boundaries for computing mean and std.dev: (1, 278)
[M::mem_pestat] mean and std.dev: (137.03, 42.65)
[M::mem_pestat] low and high boundaries for proper pairs: (1, 335)
[M::mem_pestat] analyzing insert size distribution for orientation RF...
[M::mem_pestat] (25, 50, 75) percentile: (18, 45, 87)
[M::mem_pestat] low and high boundaries for computing mean and std.dev: (1, 225)
[M::mem_pestat] mean and std.dev: (49.56, 32.46)
[M::mem_pestat] low and high boundaries for proper pairs: (1, 294)
[M::mem_pestat] skip orientation RR as there are not enough pairs
[M::mem_pestat] skip orientation RF
[M::mem_process_seqs] Processed 403454 reads in 16.531 CPU sec, 4.828 real sec
[M::mem_pestat] # candidate unique pairs for (FF, FR, RF, RR): (4, 185976, 5, 7)
[M::mem_pestat] skip orientation FF as there are not enough pairs
[M::mem_pestat] analyzing insert size distribution for orientation FR...
[M::mem_pestat] (25, 50, 75) percentile: (107, 129, 164)
[M::mem_pestat] low and high boundaries for computing mean and std.dev: (1, 278)
[M::mem_pestat] mean and std.dev: (137.16, 42.63)
[M::mem_pestat] low and high boundaries for proper pairs: (1, 335)
[M::mem_pestat] skip orientation RF as there are not enough pairs
[M::mem_pestat] skip orientation RR as there are not enough pairs
[M::mem_process_seqs] Processed 404984 reads in 15.725 CPU sec, 5.046 real sec
[M::process] read 403976 sequences (40000194 bp)...
[M::process] read 402352 sequences (40000032 bp)...
[M::mem_pestat] # candidate unique pairs for (FF, FR, RF, RR): (2, 185860, 10, 4)
[M::mem_pestat] skip orientation FF as there are not enough pairs
[M::mem_pestat] analyzing insert size distribution for orientation FR...
[M::mem_pestat] (25, 50, 75) percentile: (107, 129, 164)
[M::mem_pestat] low and high boundaries for computing mean and std.dev: (1, 278)
[M::mem_pestat] mean and std.dev: (137.08, 42.62)
[M::mem_pestat] low and high boundaries for proper pairs: (1, 335)
[M::mem_pestat] analyzing insert size distribution for orientation RF...
[M::mem_pestat] (25, 50, 75) percentile: (28, 40, 71)
[M::mem_pestat] low and high boundaries for computing mean and std.dev: (1, 157)
[M::mem_pestat] mean and std.dev: (46.89, 28.19)
[M::mem_pestat] low and high boundaries for proper pairs: (1, 200)
[M::mem_pestat] skip orientation RR as there are not enough pairs
[M::mem_pestat] skip orientation RF
[M::mem_process_seqs] Processed 403976 reads in 15.338 CPU sec, 4.360 real sec
[M::mem_pestat] # candidate unique pairs for (FF, FR, RF, RR): (2, 185041, 5, 3)
[M::mem_pestat] skip orientation FF as there are not enough pairs
[M::mem_pestat] analyzing insert size distribution for orientation FR...
[M::mem_pestat] (25, 50, 75) percentile: (107, 128, 164)
[M::mem_pestat] low and high boundaries for computing mean and std.dev: (1, 278)
[M::mem_pestat] mean and std.dev: (136.84, 42.44)
[M::mem_pestat] low and high boundaries for proper pairs: (1, 335)
[M::mem_pestat] skip orientation RF as there are not enough pairs
[M::mem_pestat] skip orientation RR as there are not enough pairs
[M::process] read 402478 sequences (40000024 bp)...
[M::mem_process_seqs] Processed 402352 reads in 14.737 CPU sec, 4.381 real sec
[M::mem_pestat] # candidate unique pairs for (FF, FR, RF, RR): (1, 184878, 4, 2)
[M::mem_pestat] skip orientation FF as there are not enough pairs
[M::mem_pestat] analyzing insert size distribution for orientation FR...
[M::mem_pestat] (25, 50, 75) percentile: (107, 129, 164)
[M::mem_pestat] low and high boundaries for computing mean and std.dev: (1, 278)
[M::mem_pestat] mean and std.dev: (136.88, 42.50)
[M::mem_pestat] low and high boundaries for proper pairs: (1, 335)
[M::mem_pestat] skip orientation RF as there are not enough pairs
[M::mem_pestat] skip orientation RR as there are not enough pairs
[M::process] read 401784 sequences (40000139 bp)...
[M::mem_process_seqs] Processed 402478 reads in 14.509 CPU sec, 4.328 real sec
[M::mem_pestat] # candidate unique pairs for (FF, FR, RF, RR): (1, 184534, 5, 5)
[M::mem_pestat] skip orientation FF as there are not enough pairs
[M::mem_pestat] analyzing insert size distribution for orientation FR...
[M::mem_pestat] (25, 50, 75) percentile: (107, 129, 164)
[M::mem_pestat] low and high boundaries for computing mean and std.dev: (1, 278)
[M::mem_pestat] mean and std.dev: (136.75, 42.56)
[M::mem_pestat] low and high boundaries for proper pairs: (1, 335)
[M::mem_pestat] skip orientation RF as there are not enough pairs
[M::mem_pestat] skip orientation RR as there are not enough pairs
[M::process] read 401924 sequences (40000156 bp)...
[M::mem_process_seqs] Processed 401784 reads in 14.474 CPU sec, 4.311 real sec
[M::process] read 402032 sequences (40000064 bp)...
[M::mem_pestat] # candidate unique pairs for (FF, FR, RF, RR): (2, 184823, 16, 2)
[M::mem_pestat] skip orientation FF as there are not enough pairs
[M::mem_pestat] analyzing insert size distribution for orientation FR...
[M::mem_pestat] (25, 50, 75) percentile: (107, 128, 163)
[M::mem_pestat] low and high boundaries for computing mean and std.dev: (1, 275)
[M::mem_pestat] mean and std.dev: (136.36, 41.98)
[M::mem_pestat] low and high boundaries for proper pairs: (1, 331)
[M::mem_pestat] analyzing insert size distribution for orientation RF...
[M::mem_pestat] (25, 50, 75) percentile: (13, 47, 479)
[M::mem_pestat] low and high boundaries for computing mean and std.dev: (1, 1411)
[M::mem_pestat] mean and std.dev: (133.40, 200.64)
[M::mem_pestat] low and high boundaries for proper pairs: (1, 1877)
[M::mem_pestat] skip orientation RR as there are not enough pairs
[M::mem_pestat] skip orientation RF
[M::mem_process_seqs] Processed 401924 reads in 14.374 CPU sec, 4.291 real sec
[M::mem_pestat] # candidate unique pairs for (FF, FR, RF, RR): (5, 184724, 8, 5)
[M::mem_pestat] skip orientation FF as there are not enough pairs
[M::mem_pestat] analyzing insert size distribution for orientation FR...
[M::mem_pestat] (25, 50, 75) percentile: (107, 129, 163)
[M::mem_pestat] low and high boundaries for computing mean and std.dev: (1, 275)
[M::mem_pestat] mean and std.dev: (136.42, 42.22)
[M::mem_pestat] low and high boundaries for proper pairs: (1, 331)
[M::mem_pestat] skip orientation RF as there are not enough pairs
[M::mem_pestat] skip orientation RR as there are not enough pairs
[M::process] read 401958 sequences (40000144 bp)...
[M::mem_process_seqs] Processed 402032 reads in 14.211 CPU sec, 4.244 real sec
[M::mem_pestat] # candidate unique pairs for (FF, FR, RF, RR): (2, 184715, 8, 3)
[M::mem_pestat] skip orientation FF as there are not enough pairs
[M::mem_pestat] analyzing insert size distribution for orientation FR...
[M::mem_pestat] (25, 50, 75) percentile: (107, 128, 163)
[M::mem_pestat] low and high boundaries for computing mean and std.dev: (1, 275)
[M::mem_pestat] mean and std.dev: (136.25, 42.10)
[M::mem_pestat] low and high boundaries for proper pairs: (1, 331)
[M::mem_pestat] skip orientation RF as there are not enough pairs
[M::mem_pestat] skip orientation RR as there are not enough pairs
[M::mem_process_seqs] Processed 401958 reads in 13.464 CPU sec, 4.305 real sec
[M::process] read 401996 sequences (40000114 bp)...
[M::process] read 402002 sequences (40000139 bp)...
[M::mem_pestat] # candidate unique pairs for (FF, FR, RF, RR): (3, 184628, 5, 2)
[M::mem_pestat] skip orientation FF as there are not enough pairs
[M::mem_pestat] analyzing insert size distribution for orientation FR...
[M::mem_pestat] (25, 50, 75) percentile: (107, 128, 163)
[M::mem_pestat] low and high boundaries for computing mean and std.dev: (1, 275)
[M::mem_pestat] mean and std.dev: (136.23, 42.12)
[M::mem_pestat] low and high boundaries for proper pairs: (1, 331)
[M::mem_pestat] skip orientation RF as there are not enough pairs
[M::mem_pestat] skip orientation RR as there are not enough pairs
[M::mem_process_seqs] Processed 401996 reads in 14.141 CPU sec, 4.052 real sec
[M::process] read 402186 sequences (40000066 bp)...
[M::mem_pestat] # candidate unique pairs for (FF, FR, RF, RR): (1, 184736, 6, 5)
[M::mem_pestat] skip orientation FF as there are not enough pairs
[M::mem_pestat] analyzing insert size distribution for orientation FR...
[M::mem_pestat] (25, 50, 75) percentile: (107, 128, 163)
[M::mem_pestat] low and high boundaries for computing mean and std.dev: (1, 275)
[M::mem_pestat] mean and std.dev: (136.06, 41.96)
[M::mem_pestat] low and high boundaries for proper pairs: (1, 331)
[M::mem_pestat] skip orientation RF as there are not enough pairs
[M::mem_pestat] skip orientation RR as there are not enough pairs
[M::mem_process_seqs] Processed 402002 reads in 14.255 CPU sec, 4.264 real sec
[M::mem_pestat] # candidate unique pairs for (FF, FR, RF, RR): (0, 184669, 10, 3)
[M::mem_pestat] skip orientation FF as there are not enough pairs
[M::mem_pestat] analyzing insert size distribution for orientation FR...
[M::mem_pestat] (25, 50, 75) percentile: (107, 128, 162)
[M::mem_pestat] low and high boundaries for computing mean and std.dev: (1, 272)
[M::mem_pestat] mean and std.dev: (135.86, 41.58)
[M::mem_pestat] low and high boundaries for proper pairs: (1, 327)
[M::mem_pestat] analyzing insert size distribution for orientation RF...
[M::mem_pestat] (25, 50, 75) percentile: (10, 46, 95)
[M::mem_pestat] low and high boundaries for computing mean and std.dev: (1, 265)
[M::mem_pestat] mean and std.dev: (38.38, 29.26)
[M::mem_pestat] low and high boundaries for proper pairs: (1, 350)
[M::mem_pestat] skip orientation RR as there are not enough pairs
[M::mem_pestat] skip orientation RF
[M::process] read 402372 sequences (40000121 bp)...
[M::mem_process_seqs] Processed 402186 reads in 14.260 CPU sec, 4.257 real sec
[M::mem_pestat] # candidate unique pairs for (FF, FR, RF, RR): (1, 184849, 12, 2)
[M::mem_pestat] skip orientation FF as there are not enough pairs
[M::mem_pestat] analyzing insert size distribution for orientation FR...
[M::mem_pestat] (25, 50, 75) percentile: (107, 128, 162)
[M::mem_pestat] low and high boundaries for computing mean and std.dev: (1, 272)
[M::mem_pestat] mean and std.dev: (135.79, 41.56)
[M::mem_pestat] low and high boundaries for proper pairs: (1, 327)
[M::mem_pestat] analyzing insert size distribution for orientation RF...
[M::mem_pestat] (25, 50, 75) percentile: (11, 34, 66)
[M::mem_pestat] low and high boundaries for computing mean and std.dev: (1, 176)
[M::mem_pestat] mean and std.dev: (40.67, 44.85)
[M::mem_pestat] low and high boundaries for proper pairs: (1, 231)
[M::mem_pestat] skip orientation RR as there are not enough pairs
[M::mem_pestat] skip orientation RF
[M::process] read 402534 sequences (40000090 bp)...
[M::mem_process_seqs] Processed 402372 reads in 14.291 CPU sec, 4.269 real sec
[M::mem_pestat] # candidate unique pairs for (FF, FR, RF, RR): (1, 184507, 11, 1)
[M::mem_pestat] skip orientation FF as there are not enough pairs
[M::mem_pestat] analyzing insert size distribution for orientation FR...
[M::mem_pestat] (25, 50, 75) percentile: (107, 128, 162)
[M::mem_pestat] low and high boundaries for computing mean and std.dev: (1, 272)
[M::mem_pestat] mean and std.dev: (135.78, 41.56)
[M::mem_pestat] low and high boundaries for proper pairs: (1, 327)
[M::mem_pestat] analyzing insert size distribution for orientation RF...
[M::mem_pestat] (25, 50, 75) percentile: (15, 35, 173)
[M::mem_pestat] low and high boundaries for computing mean and std.dev: (1, 489)
[M::mem_pestat] mean and std.dev: (78.70, 100.39)
[M::mem_pestat] low and high boundaries for proper pairs: (1, 647)
[M::mem_pestat] skip orientation RR as there are not enough pairs
[M::mem_pestat] skip orientation RF
[M::mem_process_seqs] Processed 402534 reads in 13.870 CPU sec, 4.164 real sec
[M::process] read 402586 sequences (40000053 bp)...
[M::mem_pestat] # candidate unique pairs for (FF, FR, RF, RR): (2, 185000, 14, 1)
[M::mem_pestat] skip orientation FF as there are not enough pairs
[M::mem_pestat] analyzing insert size distribution for orientation FR...
[M::mem_pestat] (25, 50, 75) percentile: (107, 128, 162)
[M::mem_pestat] low and high boundaries for computing mean and std.dev: (1, 272)
[M::mem_pestat] mean and std.dev: (135.69, 41.36)
[M::mem_pestat] low and high boundaries for proper pairs: (1, 327)
[M::mem_pestat] analyzing insert size distribution for orientation RF...
[M::mem_pestat] (25, 50, 75) percentile: (7, 24, 37)
[M::mem_pestat] low and high boundaries for computing mean and std.dev: (1, 97)
[M::mem_pestat] mean and std.dev: (23.15, 20.27)
[M::mem_pestat] low and high boundaries for proper pairs: (1, 127)
[M::mem_pestat] skip orientation RR as there are not enough pairs
[M::mem_pestat] skip orientation RF
[M::process] read 404248 sequences (40000019 bp)...
[M::mem_process_seqs] Processed 402586 reads in 14.394 CPU sec, 4.203 real sec
[M::mem_pestat] # candidate unique pairs for (FF, FR, RF, RR): (2, 185642, 5, 1)
[M::mem_pestat] skip orientation FF as there are not enough pairs
[M::mem_pestat] analyzing insert size distribution for orientation FR...
[M::mem_pestat] (25, 50, 75) percentile: (106, 128, 162)
[M::mem_pestat] low and high boundaries for computing mean and std.dev: (1, 274)
[M::mem_pestat] mean and std.dev: (135.68, 41.66)
[M::mem_pestat] low and high boundaries for proper pairs: (1, 330)
[M::mem_pestat] skip orientation RF as there are not enough pairs
[M::mem_pestat] skip orientation RR as there are not enough pairs
[M::mem_process_seqs] Processed 404248 reads in 13.439 CPU sec, 4.241 real sec
[M::process] read 403482 sequences (40000103 bp)...
[M::process] read 403568 sequences (40000066 bp)...
[M::mem_pestat] # candidate unique pairs for (FF, FR, RF, RR): (1, 185257, 7, 4)
[M::mem_pestat] skip orientation FF as there are not enough pairs
[M::mem_pestat] analyzing insert size distribution for orientation FR...
[M::mem_pestat] (25, 50, 75) percentile: (106, 128, 161)
[M::mem_pestat] low and high boundaries for computing mean and std.dev: (1, 271)
[M::mem_pestat] mean and std.dev: (135.32, 41.21)
[M::mem_pestat] low and high boundaries for proper pairs: (1, 326)
[M::mem_pestat] skip orientation RF as there are not enough pairs
[M::mem_pestat] skip orientation RR as there are not enough pairs
[M::mem_process_seqs] Processed 403482 reads in 14.230 CPU sec, 4.067 real sec
[M::process] read 4374 sequences (432604 bp)...
[M::mem_pestat] # candidate unique pairs for (FF, FR, RF, RR): (4, 185533, 16, 0)
[M::mem_pestat] skip orientation FF as there are not enough pairs
[M::mem_pestat] analyzing insert size distribution for orientation FR...
[M::mem_pestat] (25, 50, 75) percentile: (106, 128, 161)
[M::mem_pestat] low and high boundaries for computing mean and std.dev: (1, 271)
[M::mem_pestat] mean and std.dev: (135.32, 41.36)
[M::mem_pestat] low and high boundaries for proper pairs: (1, 326)
[M::mem_pestat] analyzing insert size distribution for orientation RF...
[M::mem_pestat] (25, 50, 75) percentile: (8, 14, 99)
[M::mem_pestat] low and high boundaries for computing mean and std.dev: (1, 281)
[M::mem_pestat] mean and std.dev: (40.36, 51.00)
[M::mem_pestat] low and high boundaries for proper pairs: (1, 372)
[M::mem_pestat] skip orientation RR as there are not enough pairs
[M::mem_pestat] skip orientation RF
[M::mem_process_seqs] Processed 403568 reads in 13.637 CPU sec, 4.102 real sec
[M::mem_pestat] # candidate unique pairs for (FF, FR, RF, RR): (0, 2007, 0, 0)
[M::mem_pestat] skip orientation FF as there are not enough pairs
[M::mem_pestat] analyzing insert size distribution for orientation FR...
[M::mem_pestat] (25, 50, 75) percentile: (104, 127, 159)
[M::mem_pestat] low and high boundaries for computing mean and std.dev: (1, 269)
[M::mem_pestat] mean and std.dev: (134.02, 41.16)
[M::mem_pestat] low and high boundaries for proper pairs: (1, 324)
[M::mem_pestat] skip orientation RF as there are not enough pairs
[M::mem_pestat] skip orientation RR as there are not enough pairs
[M::mem_process_seqs] Processed 4374 reads in 0.154 CPU sec, 0.047 real sec
[main] Version: 0.7.19-r1273
[main] CMD: bwa mem -t 4 Efaecium /home/yogesh22/Genome_Analysis/raw_data/transcriptomics_data/RNA-Seq_Serum/trimmed/trim_paired_ERR1797970_pass_1.fastq.gz /home/yogesh22/Genome_Analysis/raw_data/transcriptomics_data/RNA-Seq_Serum/trimmed/trim_paired_ERR1797970_pass_2.fastq.gz
[main] Real time: 342.079 sec; CPU: 1045.260 sec
[bam_sort_core] merging from 10 files and 1 in-memory blocks...
[M::bwa_idx_load_from_disk] read 0 ALT contigs
[M::process] read 401754 sequences (40000106 bp)...
[M::process] read 401978 sequences (40000023 bp)...
[M::mem_pestat] # candidate unique pairs for (FF, FR, RF, RR): (2, 185481, 10, 4)
[M::mem_pestat] skip orientation FF as there are not enough pairs
[M::mem_pestat] analyzing insert size distribution for orientation FR...
[M::mem_pestat] (25, 50, 75) percentile: (105, 126, 159)
[M::mem_pestat] low and high boundaries for computing mean and std.dev: (1, 267)
[M::mem_pestat] mean and std.dev: (133.42, 40.64)
[M::mem_pestat] low and high boundaries for proper pairs: (1, 321)
[M::mem_pestat] analyzing insert size distribution for orientation RF...
[M::mem_pestat] (25, 50, 75) percentile: (20, 112, 316)
[M::mem_pestat] low and high boundaries for computing mean and std.dev: (1, 908)
[M::mem_pestat] mean and std.dev: (103.00, 113.85)
[M::mem_pestat] low and high boundaries for proper pairs: (1, 1204)
[M::mem_pestat] skip orientation RR as there are not enough pairs
[M::mem_pestat] skip orientation RF
[M::mem_process_seqs] Processed 401754 reads in 14.305 CPU sec, 3.634 real sec
[M::mem_pestat] # candidate unique pairs for (FF, FR, RF, RR): (0, 185424, 4, 3)
[M::mem_pestat] skip orientation FF as there are not enough pairs
[M::mem_pestat] analyzing insert size distribution for orientation FR...
[M::mem_pestat] (25, 50, 75) percentile: (105, 127, 159)
[M::mem_pestat] low and high boundaries for computing mean and std.dev: (1, 267)
[M::mem_pestat] mean and std.dev: (133.70, 40.60)
[M::mem_pestat] low and high boundaries for proper pairs: (1, 321)
[M::mem_pestat] skip orientation RF as there are not enough pairs
[M::mem_pestat] skip orientation RR as there are not enough pairs
[M::mem_process_seqs] Processed 401978 reads in 14.037 CPU sec, 4.211 real sec
[M::process] read 401908 sequences (40000108 bp)...
[M::mem_pestat] # candidate unique pairs for (FF, FR, RF, RR): (3, 185003, 8, 4)
[M::mem_pestat] skip orientation FF as there are not enough pairs
[M::mem_pestat] analyzing insert size distribution for orientation FR...
[M::mem_pestat] (25, 50, 75) percentile: (105, 126, 159)
[M::mem_pestat] low and high boundaries for computing mean and std.dev: (1, 267)
[M::mem_pestat] mean and std.dev: (133.41, 40.42)
[M::mem_pestat] low and high boundaries for proper pairs: (1, 321)
[M::mem_pestat] skip orientation RF as there are not enough pairs
[M::mem_pestat] skip orientation RR as there are not enough pairs
[M::process] read 401842 sequences (40000180 bp)...
[M::mem_process_seqs] Processed 401908 reads in 14.347 CPU sec, 4.240 real sec
[M::mem_pestat] # candidate unique pairs for (FF, FR, RF, RR): (2, 185260, 7, 4)
[M::mem_pestat] skip orientation FF as there are not enough pairs
[M::mem_pestat] analyzing insert size distribution for orientation FR...
[M::mem_pestat] (25, 50, 75) percentile: (105, 126, 158)
[M::mem_pestat] low and high boundaries for computing mean and std.dev: (1, 264)
[M::mem_pestat] mean and std.dev: (133.09, 40.03)
[M::mem_pestat] low and high boundaries for proper pairs: (1, 317)
[M::mem_pestat] skip orientation RF as there are not enough pairs
[M::mem_pestat] skip orientation RR as there are not enough pairs
[M::process] read 402068 sequences (40000160 bp)...
[M::mem_process_seqs] Processed 401842 reads in 14.194 CPU sec, 4.246 real sec
[M::mem_pestat] # candidate unique pairs for (FF, FR, RF, RR): (3, 185404, 9, 2)
[M::mem_pestat] skip orientation FF as there are not enough pairs
[M::mem_pestat] analyzing insert size distribution for orientation FR...
[M::mem_pestat] (25, 50, 75) percentile: (105, 126, 159)
[M::mem_pestat] low and high boundaries for computing mean and std.dev: (1, 267)
[M::mem_pestat] mean and std.dev: (133.33, 40.59)
[M::mem_pestat] low and high boundaries for proper pairs: (1, 321)
[M::mem_pestat] skip orientation RF as there are not enough pairs
[M::mem_pestat] skip orientation RR as there are not enough pairs
[M::mem_process_seqs] Processed 402068 reads in 14.077 CPU sec, 4.221 real sec
[M::process] read 402128 sequences (40000016 bp)...
[M::mem_pestat] # candidate unique pairs for (FF, FR, RF, RR): (1, 185271, 9, 3)
[M::mem_pestat] skip orientation FF as there are not enough pairs
[M::mem_pestat] analyzing insert size distribution for orientation FR...
[M::mem_pestat] (25, 50, 75) percentile: (105, 126, 158)
[M::mem_pestat] low and high boundaries for computing mean and std.dev: (1, 264)
[M::mem_pestat] mean and std.dev: (133.07, 40.12)
[M::mem_pestat] low and high boundaries for proper pairs: (1, 317)
[M::mem_pestat] skip orientation RF as there are not enough pairs
[M::mem_pestat] skip orientation RR as there are not enough pairs
[M::mem_process_seqs] Processed 402128 reads in 14.171 CPU sec, 4.209 real sec
[M::process] read 402090 sequences (40000087 bp)...
[M::mem_pestat] # candidate unique pairs for (FF, FR, RF, RR): (0, 185325, 6, 3)
[M::mem_pestat] skip orientation FF as there are not enough pairs
[M::mem_pestat] analyzing insert size distribution for orientation FR...
[M::mem_pestat] (25, 50, 75) percentile: (105, 126, 158)
[M::mem_pestat] low and high boundaries for computing mean and std.dev: (1, 264)
[M::mem_pestat] mean and std.dev: (132.86, 40.04)
[M::mem_pestat] low and high boundaries for proper pairs: (1, 317)
[M::mem_pestat] skip orientation RF as there are not enough pairs
[M::mem_pestat] skip orientation RR as there are not enough pairs
[M::process] read 402198 sequences (40000091 bp)...
[M::mem_process_seqs] Processed 402090 reads in 14.285 CPU sec, 4.246 real sec
[M::mem_pestat] # candidate unique pairs for (FF, FR, RF, RR): (3, 185260, 6, 1)
[M::mem_pestat] skip orientation FF as there are not enough pairs
[M::mem_pestat] analyzing insert size distribution for orientation FR...
[M::mem_pestat] (25, 50, 75) percentile: (105, 126, 158)
[M::mem_pestat] low and high boundaries for computing mean and std.dev: (1, 264)
[M::mem_pestat] mean and std.dev: (132.81, 40.10)
[M::mem_pestat] low and high boundaries for proper pairs: (1, 317)
[M::mem_pestat] skip orientation RF as there are not enough pairs
[M::mem_pestat] skip orientation RR as there are not enough pairs
[M::mem_process_seqs] Processed 402198 reads in 13.497 CPU sec, 4.187 real sec
[M::process] read 402188 sequences (40000013 bp)...
[M::process] read 402356 sequences (40000099 bp)...
[M::mem_pestat] # candidate unique pairs for (FF, FR, RF, RR): (2, 185268, 5, 3)
[M::mem_pestat] skip orientation FF as there are not enough pairs
[M::mem_pestat] analyzing insert size distribution for orientation FR...
[M::mem_pestat] (25, 50, 75) percentile: (105, 126, 158)
[M::mem_pestat] low and high boundaries for computing mean and std.dev: (1, 264)
[M::mem_pestat] mean and std.dev: (132.68, 40.14)
[M::mem_pestat] low and high boundaries for proper pairs: (1, 317)
[M::mem_pestat] skip orientation RF as there are not enough pairs
[M::mem_pestat] skip orientation RR as there are not enough pairs
[M::mem_process_seqs] Processed 402188 reads in 14.189 CPU sec, 4.064 real sec
[M::mem_pestat] # candidate unique pairs for (FF, FR, RF, RR): (3, 185171, 15, 2)
[M::mem_pestat] skip orientation FF as there are not enough pairs
[M::mem_pestat] analyzing insert size distribution for orientation FR...
[M::mem_pestat] (25, 50, 75) percentile: (105, 126, 158)
[M::mem_pestat] low and high boundaries for computing mean and std.dev: (1, 264)
[M::mem_pestat] mean and std.dev: (132.77, 40.23)
[M::mem_pestat] low and high boundaries for proper pairs: (1, 317)
[M::mem_pestat] analyzing insert size distribution for orientation RF...
[M::mem_pestat] (25, 50, 75) percentile: (12, 23, 130)
[M::mem_pestat] low and high boundaries for computing mean and std.dev: (1, 366)
[M::mem_pestat] mean and std.dev: (68.47, 85.88)
[M::mem_pestat] low and high boundaries for proper pairs: (1, 484)
[M::mem_pestat] skip orientation RR as there are not enough pairs
[M::mem_pestat] skip orientation RF
[M::process] read 402400 sequences (40000183 bp)...
[M::mem_process_seqs] Processed 402356 reads in 14.254 CPU sec, 4.260 real sec
[M::mem_pestat] # candidate unique pairs for (FF, FR, RF, RR): (2, 185233, 10, 5)
[M::mem_pestat] skip orientation FF as there are not enough pairs
[M::mem_pestat] analyzing insert size distribution for orientation FR...
[M::mem_pestat] (25, 50, 75) percentile: (105, 126, 158)
[M::mem_pestat] low and high boundaries for computing mean and std.dev: (1, 264)
[M::mem_pestat] mean and std.dev: (132.62, 39.96)
[M::mem_pestat] low and high boundaries for proper pairs: (1, 317)
[M::mem_pestat] analyzing insert size distribution for orientation RF...
[M::mem_pestat] (25, 50, 75) percentile: (4, 15, 63)
[M::mem_pestat] low and high boundaries for computing mean and std.dev: (1, 181)
[M::mem_pestat] mean and std.dev: (23.89, 25.43)
[M::mem_pestat] low and high boundaries for proper pairs: (1, 240)
[M::mem_pestat] skip orientation RR as there are not enough pairs
[M::mem_pestat] skip orientation RF
[M::process] read 402430 sequences (40000026 bp)...
[M::mem_process_seqs] Processed 402400 reads in 14.185 CPU sec, 4.240 real sec
[M::mem_pestat] # candidate unique pairs for (FF, FR, RF, RR): (0, 185436, 8, 3)
[M::mem_pestat] skip orientation FF as there are not enough pairs
[M::mem_pestat] analyzing insert size distribution for orientation FR...
[M::mem_pestat] (25, 50, 75) percentile: (105, 126, 157)
[M::mem_pestat] low and high boundaries for computing mean and std.dev: (1, 261)
[M::mem_pestat] mean and std.dev: (132.42, 39.74)
[M::mem_pestat] low and high boundaries for proper pairs: (1, 313)
[M::mem_pestat] skip orientation RF as there are not enough pairs
[M::mem_pestat] skip orientation RR as there are not enough pairs
[M::process] read 402730 sequences (40000057 bp)...
[M::mem_process_seqs] Processed 402430 reads in 14.232 CPU sec, 4.250 real sec
[M::mem_pestat] # candidate unique pairs for (FF, FR, RF, RR): (4, 185441, 12, 4)
[M::mem_pestat] skip orientation FF as there are not enough pairs
[M::mem_pestat] analyzing insert size distribution for orientation FR...
[M::mem_pestat] (25, 50, 75) percentile: (104, 126, 157)
[M::mem_pestat] low and high boundaries for computing mean and std.dev: (1, 263)
[M::mem_pestat] mean and std.dev: (132.47, 39.81)
[M::mem_pestat] low and high boundaries for proper pairs: (1, 316)
[M::mem_pestat] analyzing insert size distribution for orientation RF...
[M::mem_pestat] (25, 50, 75) percentile: (4, 18, 57)
[M::mem_pestat] low and high boundaries for computing mean and std.dev: (1, 163)
[M::mem_pestat] mean and std.dev: (28.67, 25.66)
[M::mem_pestat] low and high boundaries for proper pairs: (1, 216)
[M::mem_pestat] skip orientation RR as there are not enough pairs
[M::mem_pestat] skip orientation RF
[M::mem_process_seqs] Processed 402730 reads in 13.948 CPU sec, 4.171 real sec
[M::process] read 402828 sequences (40000079 bp)...
[M::mem_pestat] # candidate unique pairs for (FF, FR, RF, RR): (1, 185298, 9, 7)
[M::mem_pestat] skip orientation FF as there are not enough pairs
[M::mem_pestat] analyzing insert size distribution for orientation FR...
[M::mem_pestat] (25, 50, 75) percentile: (104, 126, 157)
[M::mem_pestat] low and high boundaries for computing mean and std.dev: (1, 263)
[M::mem_pestat] mean and std.dev: (132.24, 39.85)
[M::mem_pestat] low and high boundaries for proper pairs: (1, 316)
[M::mem_pestat] skip orientation RF as there are not enough pairs
[M::mem_pestat] skip orientation RR as there are not enough pairs
[M::process] read 402974 sequences (40000092 bp)...
[M::mem_process_seqs] Processed 402828 reads in 14.157 CPU sec, 4.182 real sec
[M::mem_pestat] # candidate unique pairs for (FF, FR, RF, RR): (2, 185309, 10, 3)
[M::mem_pestat] skip orientation FF as there are not enough pairs
[M::mem_pestat] analyzing insert size distribution for orientation FR...
[M::mem_pestat] (25, 50, 75) percentile: (104, 126, 157)
[M::mem_pestat] low and high boundaries for computing mean and std.dev: (1, 263)
[M::mem_pestat] mean and std.dev: (132.39, 39.92)
[M::mem_pestat] low and high boundaries for proper pairs: (1, 316)
[M::mem_pestat] analyzing insert size distribution for orientation RF...
[M::mem_pestat] (25, 50, 75) percentile: (18, 26, 64)
[M::mem_pestat] low and high boundaries for computing mean and std.dev: (1, 156)
[M::mem_pestat] mean and std.dev: (30.67, 22.12)
[M::mem_pestat] low and high boundaries for proper pairs: (1, 202)
[M::mem_pestat] skip orientation RR as there are not enough pairs
[M::mem_pestat] skip orientation RF
[M::mem_process_seqs] Processed 402974 reads in 13.555 CPU sec, 4.430 real sec
[M::process] read 404800 sequences (40000151 bp)...
[M::process] read 403864 sequences (40000108 bp)...
[M::mem_pestat] # candidate unique pairs for (FF, FR, RF, RR): (2, 186305, 13, 2)
[M::mem_pestat] skip orientation FF as there are not enough pairs
[M::mem_pestat] analyzing insert size distribution for orientation FR...
[M::mem_pestat] (25, 50, 75) percentile: (104, 126, 157)
[M::mem_pestat] low and high boundaries for computing mean and std.dev: (1, 263)
[M::mem_pestat] mean and std.dev: (132.26, 39.80)
[M::mem_pestat] low and high boundaries for proper pairs: (1, 316)
[M::mem_pestat] analyzing insert size distribution for orientation RF...
[M::mem_pestat] (25, 50, 75) percentile: (21, 30, 82)
[M::mem_pestat] low and high boundaries for computing mean and std.dev: (1, 204)
[M::mem_pestat] mean and std.dev: (31.00, 23.10)
[M::mem_pestat] low and high boundaries for proper pairs: (1, 265)
[M::mem_pestat] skip orientation RR as there are not enough pairs
[M::mem_pestat] skip orientation RF
[M::mem_process_seqs] Processed 404800 reads in 14.171 CPU sec, 4.043 real sec
[M::mem_pestat] # candidate unique pairs for (FF, FR, RF, RR): (3, 185931, 5, 7)
[M::mem_pestat] skip orientation FF as there are not enough pairs
[M::mem_pestat] analyzing insert size distribution for orientation FR...
[M::mem_pestat] (25, 50, 75) percentile: (104, 125, 156)
[M::mem_pestat] low and high boundaries for computing mean and std.dev: (1, 260)
[M::mem_pestat] mean and std.dev: (131.84, 39.19)
[M::mem_pestat] low and high boundaries for proper pairs: (1, 312)
[M::mem_pestat] skip orientation RF as there are not enough pairs
[M::mem_pestat] skip orientation RR as there are not enough pairs
[M::mem_process_seqs] Processed 403864 reads in 14.276 CPU sec, 4.250 real sec
[M::process] read 402530 sequences (40000136 bp)...
[M::mem_pestat] # candidate unique pairs for (FF, FR, RF, RR): (2, 185634, 7, 3)
[M::mem_pestat] skip orientation FF as there are not enough pairs
[M::mem_pestat] analyzing insert size distribution for orientation FR...
[M::process] read 401954 sequences (40000186 bp)...
[M::mem_pestat] (25, 50, 75) percentile: (105, 126, 158)
[M::mem_pestat] low and high boundaries for computing mean and std.dev: (1, 264)
[M::mem_pestat] mean and std.dev: (132.81, 40.05)
[M::mem_pestat] low and high boundaries for proper pairs: (1, 317)
[M::mem_pestat] skip orientation RF as there are not enough pairs
[M::mem_pestat] skip orientation RR as there are not enough pairs
[M::mem_process_seqs] Processed 402530 reads in 14.146 CPU sec, 4.215 real sec
[M::mem_pestat] # candidate unique pairs for (FF, FR, RF, RR): (6, 185342, 6, 4)
[M::mem_pestat] skip orientation FF as there are not enough pairs
[M::mem_pestat] analyzing insert size distribution for orientation FR...
[M::mem_pestat] (25, 50, 75) percentile: (105, 127, 159)
[M::mem_pestat] low and high boundaries for computing mean and std.dev: (1, 267)
[M::mem_pestat] mean and std.dev: (133.62, 40.45)
[M::mem_pestat] low and high boundaries for proper pairs: (1, 321)
[M::mem_pestat] skip orientation RF as there are not enough pairs
[M::mem_pestat] skip orientation RR as there are not enough pairs
[M::process] read 401958 sequences (40000087 bp)...
[M::mem_process_seqs] Processed 401954 reads in 14.152 CPU sec, 4.226 real sec
[M::mem_pestat] # candidate unique pairs for (FF, FR, RF, RR): (1, 185294, 8, 3)
[M::mem_pestat] skip orientation FF as there are not enough pairs
[M::mem_pestat] analyzing insert size distribution for orientation FR...
[M::mem_pestat] (25, 50, 75) percentile: (105, 127, 159)
[M::mem_pestat] low and high boundaries for computing mean and std.dev: (1, 267)
[M::mem_pestat] mean and std.dev: (133.56, 40.36)
[M::mem_pestat] low and high boundaries for proper pairs: (1, 321)
[M::mem_pestat] skip orientation RF as there are not enough pairs
[M::mem_pestat] skip orientation RR as there are not enough pairs
[M::mem_process_seqs] Processed 401958 reads in 13.828 CPU sec, 4.147 real sec
[M::process] read 401890 sequences (40000195 bp)...
[M::mem_pestat] # candidate unique pairs for (FF, FR, RF, RR): (3, 185278, 6, 3)
[M::mem_pestat] skip orientation FF as there are not enough pairs
[M::mem_pestat] analyzing insert size distribution for orientation FR...
[M::mem_pestat] (25, 50, 75) percentile: (105, 126, 158)
[M::mem_pestat] low and high boundaries for computing mean and std.dev: (1, 264)
[M::mem_pestat] mean and std.dev: (133.19, 40.21)
[M::mem_pestat] low and high boundaries for proper pairs: (1, 317)
[M::mem_pestat] skip orientation RF as there are not enough pairs
[M::mem_pestat] skip orientation RR as there are not enough pairs
[M::process] read 401854 sequences (40000186 bp)...
[M::mem_process_seqs] Processed 401890 reads in 14.180 CPU sec, 4.151 real sec
[M::mem_pestat] # candidate unique pairs for (FF, FR, RF, RR): (2, 185213, 5, 3)
[M::mem_pestat] skip orientation FF as there are not enough pairs
[M::mem_pestat] analyzing insert size distribution for orientation FR...
[M::mem_pestat] (25, 50, 75) percentile: (105, 126, 159)
[M::mem_pestat] low and high boundaries for computing mean and std.dev: (1, 267)
[M::mem_pestat] mean and std.dev: (133.41, 40.59)
[M::mem_pestat] low and high boundaries for proper pairs: (1, 321)
[M::mem_pestat] skip orientation RF as there are not enough pairs
[M::mem_pestat] skip orientation RR as there are not enough pairs
[M::mem_process_seqs] Processed 401854 reads in 13.441 CPU sec, 4.319 real sec
[M::process] read 402118 sequences (40000073 bp)...
[M::process] read 402172 sequences (40000042 bp)...
[M::mem_pestat] # candidate unique pairs for (FF, FR, RF, RR): (0, 185224, 4, 3)
[M::mem_pestat] skip orientation FF as there are not enough pairs
[M::mem_pestat] analyzing insert size distribution for orientation FR...
[M::mem_pestat] (25, 50, 75) percentile: (105, 126, 159)
[M::mem_pestat] low and high boundaries for computing mean and std.dev: (1, 267)
[M::mem_pestat] mean and std.dev: (133.52, 40.64)
[M::mem_pestat] low and high boundaries for proper pairs: (1, 321)
[M::mem_pestat] skip orientation RF as there are not enough pairs
[M::mem_pestat] skip orientation RR as there are not enough pairs
[M::mem_process_seqs] Processed 402118 reads in 14.076 CPU sec, 4.034 real sec
[M::mem_pestat] # candidate unique pairs for (FF, FR, RF, RR): (2, 185241, 8, 2)
[M::mem_pestat] skip orientation FF as there are not enough pairs
[M::mem_pestat] analyzing insert size distribution for orientation FR...
[M::mem_pestat] (25, 50, 75) percentile: (105, 126, 158)
[M::mem_pestat] low and high boundaries for computing mean and std.dev: (1, 264)
[M::mem_pestat] mean and std.dev: (133.01, 40.12)
[M::mem_pestat] low and high boundaries for proper pairs: (1, 317)
[M::mem_pestat] skip orientation RF as there are not enough pairs
[M::mem_pestat] skip orientation RR as there are not enough pairs
[M::process] read 402080 sequences (40000120 bp)...
[M::mem_process_seqs] Processed 402172 reads in 14.159 CPU sec, 4.235 real sec
[M::mem_pestat] # candidate unique pairs for (FF, FR, RF, RR): (1, 185084, 9, 3)
[M::mem_pestat] skip orientation FF as there are not enough pairs
[M::mem_pestat] analyzing insert size distribution for orientation FR...
[M::mem_pestat] (25, 50, 75) percentile: (105, 126, 158)
[M::mem_pestat] low and high boundaries for computing mean and std.dev: (1, 264)
[M::mem_pestat] mean and std.dev: (132.96, 40.02)
[M::mem_pestat] low and high boundaries for proper pairs: (1, 317)
[M::mem_pestat] skip orientation RF as there are not enough pairs
[M::mem_pestat] skip orientation RR as there are not enough pairs
[M::process] read 402136 sequences (40000143 bp)...
[M::mem_process_seqs] Processed 402080 reads in 14.138 CPU sec, 4.223 real sec
[M::mem_pestat] # candidate unique pairs for (FF, FR, RF, RR): (1, 184934, 8, 3)
[M::mem_pestat] skip orientation FF as there are not enough pairs
[M::mem_pestat] analyzing insert size distribution for orientation FR...
[M::mem_pestat] (25, 50, 75) percentile: (105, 126, 158)
[M::mem_pestat] low and high boundaries for computing mean and std.dev: (1, 264)
[M::mem_pestat] mean and std.dev: (132.88, 40.18)
[M::mem_pestat] low and high boundaries for proper pairs: (1, 317)
[M::mem_pestat] skip orientation RF as there are not enough pairs
[M::mem_pestat] skip orientation RR as there are not enough pairs
[M::process] read 402230 sequences (40000037 bp)...
[M::mem_process_seqs] Processed 402136 reads in 14.220 CPU sec, 4.245 real sec
[M::mem_pestat] # candidate unique pairs for (FF, FR, RF, RR): (3, 185075, 10, 3)
[M::mem_pestat] skip orientation FF as there are not enough pairs
[M::mem_pestat] analyzing insert size distribution for orientation FR...
[M::mem_pestat] (25, 50, 75) percentile: (104, 126, 158)
[M::mem_pestat] low and high boundaries for computing mean and std.dev: (1, 266)
[M::mem_pestat] mean and std.dev: (132.86, 40.35)
[M::mem_pestat] low and high boundaries for proper pairs: (1, 320)
[M::mem_pestat] analyzing insert size distribution for orientation RF...
[M::mem_pestat] (25, 50, 75) percentile: (2, 13, 73)
[M::mem_pestat] low and high boundaries for computing mean and std.dev: (1, 215)
[M::mem_pestat] mean and std.dev: (25.56, 38.45)
[M::mem_pestat] low and high boundaries for proper pairs: (1, 286)
[M::mem_pestat] skip orientation RR as there are not enough pairs
[M::mem_pestat] skip orientation RF
[M::process] read 402232 sequences (40000153 bp)...
[M::mem_process_seqs] Processed 402230 reads in 14.219 CPU sec, 4.249 real sec
[M::mem_pestat] # candidate unique pairs for (FF, FR, RF, RR): (0, 185308, 9, 5)
[M::mem_pestat] skip orientation FF as there are not enough pairs
[M::mem_pestat] analyzing insert size distribution for orientation FR...
[M::mem_pestat] (25, 50, 75) percentile: (104, 126, 158)
[M::mem_pestat] low and high boundaries for computing mean and std.dev: (1, 266)
[M::mem_pestat] mean and std.dev: (132.89, 40.49)
[M::mem_pestat] low and high boundaries for proper pairs: (1, 320)
[M::mem_pestat] skip orientation RF as there are not enough pairs
[M::mem_pestat] skip orientation RR as there are not enough pairs
[M::process] read 402424 sequences (40000198 bp)...
[M::mem_process_seqs] Processed 402232 reads in 14.273 CPU sec, 4.258 real sec
[M::mem_pestat] # candidate unique pairs for (FF, FR, RF, RR): (1, 185340, 11, 4)
[M::mem_pestat] skip orientation FF as there are not enough pairs
[M::mem_pestat] analyzing insert size distribution for orientation FR...
[M::mem_pestat] (25, 50, 75) percentile: (105, 126, 158)
[M::mem_pestat] low and high boundaries for computing mean and std.dev: (1, 264)
[M::mem_pestat] mean and std.dev: (132.76, 39.98)
[M::mem_pestat] low and high boundaries for proper pairs: (1, 317)
[M::mem_pestat] analyzing insert size distribution for orientation RF...
[M::mem_pestat] (25, 50, 75) percentile: (17, 29, 60)
[M::mem_pestat] low and high boundaries for computing mean and std.dev: (1, 146)
[M::mem_pestat] mean and std.dev: (29.00, 25.64)
[M::mem_pestat] low and high boundaries for proper pairs: (1, 189)
[M::mem_pestat] skip orientation RR as there are not enough pairs
[M::mem_pestat] skip orientation RF
[M::mem_process_seqs] Processed 402424 reads in 13.502 CPU sec, 4.298 real sec
[M::process] read 402468 sequences (40000060 bp)...
[M::process] read 402856 sequences (40000092 bp)...
[M::mem_pestat] # candidate unique pairs for (FF, FR, RF, RR): (2, 185331, 6, 3)
[M::mem_pestat] skip orientation FF as there are not enough pairs
[M::mem_pestat] analyzing insert size distribution for orientation FR...
[M::mem_pestat] (25, 50, 75) percentile: (104, 126, 158)
[M::mem_pestat] low and high boundaries for computing mean and std.dev: (1, 266)
[M::mem_pestat] mean and std.dev: (132.79, 40.35)
[M::mem_pestat] low and high boundaries for proper pairs: (1, 320)
[M::mem_pestat] skip orientation RF as there are not enough pairs
[M::mem_pestat] skip orientation RR as there are not enough pairs
[M::mem_process_seqs] Processed 402468 reads in 14.162 CPU sec, 4.049 real sec
[M::mem_pestat] # candidate unique pairs for (FF, FR, RF, RR): (2, 185490, 12, 2)
[M::mem_pestat] skip orientation FF as there are not enough pairs
[M::mem_pestat] analyzing insert size distribution for orientation FR...
[M::mem_pestat] (25, 50, 75) percentile: (105, 126, 157)
[M::mem_pestat] low and high boundaries for computing mean and std.dev: (1, 261)
[M::mem_pestat] mean and std.dev: (132.33, 39.48)
[M::mem_pestat] low and high boundaries for proper pairs: (1, 313)
[M::mem_pestat] analyzing insert size distribution for orientation RF...
[M::mem_pestat] (25, 50, 75) percentile: (12, 24, 55)
[M::mem_pestat] low and high boundaries for computing mean and std.dev: (1, 141)
[M::mem_pestat] mean and std.dev: (26.45, 21.03)
[M::mem_pestat] low and high boundaries for proper pairs: (1, 184)
[M::mem_pestat] skip orientation RR as there are not enough pairs
[M::mem_pestat] skip orientation RF
[M::process] read 402712 sequences (40000128 bp)...
[M::mem_process_seqs] Processed 402856 reads in 14.267 CPU sec, 4.258 real sec
[M::mem_pestat] # candidate unique pairs for (FF, FR, RF, RR): (1, 185231, 4, 2)
[M::mem_pestat] skip orientation FF as there are not enough pairs
[M::mem_pestat] analyzing insert size distribution for orientation FR...
[M::mem_pestat] (25, 50, 75) percentile: (104, 126, 157)
[M::mem_pestat] low and high boundaries for computing mean and std.dev: (1, 263)
[M::mem_pestat] mean and std.dev: (132.26, 39.73)
[M::mem_pestat] low and high boundaries for proper pairs: (1, 316)
[M::mem_pestat] skip orientation RF as there are not enough pairs
[M::mem_pestat] skip orientation RR as there are not enough pairs
[M::mem_process_seqs] Processed 402712 reads in 13.906 CPU sec, 4.160 real sec
[M::process] read 404486 sequences (40000144 bp)...
[M::mem_pestat] # candidate unique pairs for (FF, FR, RF, RR): (4, 186028, 9, 2)
[M::mem_pestat] skip orientation FF as there are not enough pairs
[M::mem_pestat] analyzing insert size distribution for orientation FR...
[M::mem_pestat] (25, 50, 75) percentile: (105, 126, 157)
[M::mem_pestat] low and high boundaries for computing mean and std.dev: (1, 261)
[M::mem_pestat] mean and std.dev: (132.34, 39.50)
[M::mem_pestat] low and high boundaries for proper pairs: (1, 313)
[M::mem_pestat] skip orientation RF as there are not enough pairs
[M::mem_pestat] skip orientation RR as there are not enough pairs
[M::process] read 404306 sequences (40000078 bp)...
[M::mem_process_seqs] Processed 404486 reads in 14.291 CPU sec, 4.207 real sec
[M::process] read 403776 sequences (40000070 bp)...
[M::mem_pestat] # candidate unique pairs for (FF, FR, RF, RR): (1, 185972, 12, 2)
[M::mem_pestat] skip orientation FF as there are not enough pairs
[M::mem_pestat] analyzing insert size distribution for orientation FR...
[M::mem_pestat] (25, 50, 75) percentile: (104, 126, 157)
[M::mem_pestat] low and high boundaries for computing mean and std.dev: (1, 263)
[M::mem_pestat] mean and std.dev: (132.54, 39.85)
[M::mem_pestat] low and high boundaries for proper pairs: (1, 316)
[M::mem_pestat] analyzing insert size distribution for orientation RF...
[M::mem_pestat] (25, 50, 75) percentile: (17, 47, 155)
[M::mem_pestat] low and high boundaries for computing mean and std.dev: (1, 431)
[M::mem_pestat] mean and std.dev: (62.18, 60.39)
[M::mem_pestat] low and high boundaries for proper pairs: (1, 569)
[M::mem_pestat] skip orientation RR as there are not enough pairs
[M::mem_pestat] skip orientation RF
[M::mem_process_seqs] Processed 404306 reads in 14.312 CPU sec, 4.263 real sec
[M::process] read 401694 sequences (40000076 bp)...
[M::mem_pestat] # candidate unique pairs for (FF, FR, RF, RR): (3, 185872, 6, 5)
[M::mem_pestat] skip orientation FF as there are not enough pairs
[M::mem_pestat] analyzing insert size distribution for orientation FR...
[M::mem_pestat] (25, 50, 75) percentile: (104, 126, 157)
[M::mem_pestat] low and high boundaries for computing mean and std.dev: (1, 263)
[M::mem_pestat] mean and std.dev: (132.32, 39.62)
[M::mem_pestat] low and high boundaries for proper pairs: (1, 316)
[M::mem_pestat] skip orientation RF as there are not enough pairs
[M::mem_pestat] skip orientation RR as there are not enough pairs
[M::mem_process_seqs] Processed 403776 reads in 14.214 CPU sec, 4.232 real sec
[M::mem_pestat] # candidate unique pairs for (FF, FR, RF, RR): (1, 185308, 12, 3)
[M::mem_pestat] skip orientation FF as there are not enough pairs
[M::mem_pestat] analyzing insert size distribution for orientation FR...
[M::mem_pestat] (25, 50, 75) percentile: (105, 127, 159)
[M::mem_pestat] low and high boundaries for computing mean and std.dev: (1, 267)
[M::mem_pestat] mean and std.dev: (133.57, 40.48)
[M::mem_pestat] low and high boundaries for proper pairs: (1, 321)
[M::mem_pestat] analyzing insert size distribution for orientation RF...
[M::mem_pestat] (25, 50, 75) percentile: (32, 74, 144)
[M::mem_pestat] low and high boundaries for computing mean and std.dev: (1, 368)
[M::mem_pestat] mean and std.dev: (57.30, 47.08)
[M::mem_pestat] low and high boundaries for proper pairs: (1, 480)
[M::mem_pestat] skip orientation RR as there are not enough pairs
[M::mem_pestat] skip orientation RF
[M::mem_process_seqs] Processed 401694 reads in 13.327 CPU sec, 4.136 real sec
[M::process] read 402168 sequences (40000105 bp)...
[M::process] read 401788 sequences (40000022 bp)...
[M::mem_pestat] # candidate unique pairs for (FF, FR, RF, RR): (1, 185483, 6, 4)
[M::mem_pestat] skip orientation FF as there are not enough pairs
[M::mem_pestat] analyzing insert size distribution for orientation FR...
[M::mem_pestat] (25, 50, 75) percentile: (105, 126, 159)
[M::mem_pestat] low and high boundaries for computing mean and std.dev: (1, 267)
[M::mem_pestat] mean and std.dev: (133.40, 40.39)
[M::mem_pestat] low and high boundaries for proper pairs: (1, 321)
[M::mem_pestat] skip orientation RF as there are not enough pairs
[M::mem_pestat] skip orientation RR as there are not enough pairs
[M::mem_process_seqs] Processed 402168 reads in 14.153 CPU sec, 4.051 real sec
[M::mem_pestat] # candidate unique pairs for (FF, FR, RF, RR): (1, 185140, 4, 4)
[M::mem_pestat] skip orientation FF as there are not enough pairs
[M::mem_pestat] analyzing insert size distribution for orientation FR...
[M::mem_pestat] (25, 50, 75) percentile: (105, 126, 159)
[M::mem_pestat] low and high boundaries for computing mean and std.dev: (1, 267)
[M::mem_pestat] mean and std.dev: (133.62, 40.38)
[M::mem_pestat] low and high boundaries for proper pairs: (1, 321)
[M::mem_pestat] skip orientation RF as there are not enough pairs
[M::mem_pestat] skip orientation RR as there are not enough pairs
[M::process] read 401808 sequences (40000064 bp)...
[M::mem_process_seqs] Processed 401788 reads in 14.113 CPU sec, 4.223 real sec
[M::mem_pestat] # candidate unique pairs for (FF, FR, RF, RR): (1, 185113, 7, 3)
[M::mem_pestat] skip orientation FF as there are not enough pairs
[M::mem_pestat] analyzing insert size distribution for orientation FR...
[M::mem_pestat] (25, 50, 75) percentile: (105, 127, 159)
[M::mem_pestat] low and high boundaries for computing mean and std.dev: (1, 267)
[M::mem_pestat] mean and std.dev: (133.62, 40.48)
[M::mem_pestat] low and high boundaries for proper pairs: (1, 321)
[M::mem_pestat] skip orientation RF as there are not enough pairs
[M::mem_pestat] skip orientation RR as there are not enough pairs
[M::mem_process_seqs] Processed 401808 reads in 14.415 CPU sec, 4.301 real sec
[M::process] read 402140 sequences (40000022 bp)...
[M::mem_pestat] # candidate unique pairs for (FF, FR, RF, RR): (0, 185252, 9, 0)
[M::mem_pestat] skip orientation FF as there are not enough pairs
[M::mem_pestat] analyzing insert size distribution for orientation FR...
[M::mem_pestat] (25, 50, 75) percentile: (105, 126, 159)
[M::mem_pestat] low and high boundaries for computing mean and std.dev: (1, 267)
[M::mem_pestat] mean and std.dev: (133.40, 40.52)
[M::mem_pestat] low and high boundaries for proper pairs: (1, 321)
[M::mem_pestat] skip orientation RF as there are not enough pairs
[M::mem_pestat] skip orientation RR as there are not enough pairs
[M::process] read 402002 sequences (40000166 bp)...
[M::mem_process_seqs] Processed 402140 reads in 14.113 CPU sec, 4.208 real sec
[M::mem_pestat] # candidate unique pairs for (FF, FR, RF, RR): (1, 185054, 6, 3)
[M::mem_pestat] skip orientation FF as there are not enough pairs
[M::mem_pestat] analyzing insert size distribution for orientation FR...
[M::mem_pestat] (25, 50, 75) percentile: (105, 126, 158)
[M::mem_pestat] low and high boundaries for computing mean and std.dev: (1, 264)
[M::mem_pestat] mean and std.dev: (133.12, 40.14)
[M::mem_pestat] low and high boundaries for proper pairs: (1, 317)
[M::mem_pestat] skip orientation RF as there are not enough pairs
[M::mem_pestat] skip orientation RR as there are not enough pairs
[M::process] read 402016 sequences (40000060 bp)...
[M::mem_process_seqs] Processed 402002 reads in 14.222 CPU sec, 4.240 real sec
[M::mem_pestat] # candidate unique pairs for (FF, FR, RF, RR): (1, 185047, 9, 3)
[M::mem_pestat] skip orientation FF as there are not enough pairs
[M::mem_pestat] analyzing insert size distribution for orientation FR...
[M::mem_pestat] (25, 50, 75) percentile: (105, 126, 158)
[M::mem_pestat] low and high boundaries for computing mean and std.dev: (1, 264)
[M::mem_pestat] mean and std.dev: (133.12, 40.24)
[M::mem_pestat] low and high boundaries for proper pairs: (1, 317)
[M::mem_pestat] skip orientation RF as there are not enough pairs
[M::mem_pestat] skip orientation RR as there are not enough pairs
[M::process] read 402030 sequences (40000001 bp)...
[M::mem_process_seqs] Processed 402016 reads in 14.137 CPU sec, 4.221 real sec
[M::mem_pestat] # candidate unique pairs for (FF, FR, RF, RR): (4, 185258, 12, 5)
[M::mem_pestat] skip orientation FF as there are not enough pairs
[M::mem_pestat] analyzing insert size distribution for orientation FR...
[M::mem_pestat] (25, 50, 75) percentile: (105, 126, 158)
[M::mem_pestat] low and high boundaries for computing mean and std.dev: (1, 264)
[M::mem_pestat] mean and std.dev: (132.88, 40.12)
[M::mem_pestat] low and high boundaries for proper pairs: (1, 317)
[M::mem_pestat] analyzing insert size distribution for orientation RF...
[M::mem_pestat] (25, 50, 75) percentile: (20, 34, 268)
[M::mem_pestat] low and high boundaries for computing mean and std.dev: (1, 764)
[M::mem_pestat] mean and std.dev: (104.36, 149.50)
[M::mem_pestat] low and high boundaries for proper pairs: (1, 1012)
[M::mem_pestat] skip orientation RR as there are not enough pairs
[M::mem_pestat] skip orientation RF
[M::mem_process_seqs] Processed 402030 reads in 13.295 CPU sec, 4.221 real sec
[M::process] read 402230 sequences (40000088 bp)...
[M::process] read 402182 sequences (40000007 bp)...
[M::mem_pestat] # candidate unique pairs for (FF, FR, RF, RR): (3, 185086, 6, 2)
[M::mem_pestat] skip orientation FF as there are not enough pairs
[M::mem_pestat] analyzing insert size distribution for orientation FR...
[M::mem_pestat] (25, 50, 75) percentile: (105, 126, 158)
[M::mem_pestat] low and high boundaries for computing mean and std.dev: (1, 264)
[M::mem_pestat] mean and std.dev: (132.81, 40.10)
[M::mem_pestat] low and high boundaries for proper pairs: (1, 317)
[M::mem_pestat] skip orientation RF as there are not enough pairs
[M::mem_pestat] skip orientation RR as there are not enough pairs
[M::mem_process_seqs] Processed 402230 reads in 14.163 CPU sec, 4.057 real sec
[M::mem_pestat] # candidate unique pairs for (FF, FR, RF, RR): (2, 185265, 4, 4)
[M::mem_pestat] skip orientation FF as there are not enough pairs
[M::mem_pestat] analyzing insert size distribution for orientation FR...
[M::mem_pestat] (25, 50, 75) percentile: (105, 126, 158)
[M::mem_pestat] low and high boundaries for computing mean and std.dev: (1, 264)
[M::mem_pestat] mean and std.dev: (132.82, 40.14)
[M::mem_pestat] low and high boundaries for proper pairs: (1, 317)
[M::mem_pestat] skip orientation RF as there are not enough pairs
[M::mem_pestat] skip orientation RR as there are not enough pairs
[M::process] read 402262 sequences (40000190 bp)...
[M::mem_process_seqs] Processed 402182 reads in 14.150 CPU sec, 4.226 real sec
[M::mem_pestat] # candidate unique pairs for (FF, FR, RF, RR): (2, 185359, 8, 6)
[M::mem_pestat] skip orientation FF as there are not enough pairs
[M::mem_pestat] analyzing insert size distribution for orientation FR...
[M::mem_pestat] (25, 50, 75) percentile: (104, 126, 158)
[M::mem_pestat] low and high boundaries for computing mean and std.dev: (1, 266)
[M::mem_pestat] mean and std.dev: (132.85, 40.35)
[M::mem_pestat] low and high boundaries for proper pairs: (1, 320)
[M::mem_pestat] skip orientation RF as there are not enough pairs
[M::mem_pestat] skip orientation RR as there are not enough pairs
[M::process] read 402452 sequences (40000029 bp)...
[M::mem_process_seqs] Processed 402262 reads in 14.161 CPU sec, 4.238 real sec
[M::mem_pestat] # candidate unique pairs for (FF, FR, RF, RR): (1, 185357, 5, 2)
[M::mem_pestat] skip orientation FF as there are not enough pairs
[M::mem_pestat] analyzing insert size distribution for orientation FR...
[M::mem_pestat] (25, 50, 75) percentile: (104, 126, 157)
[M::mem_pestat] low and high boundaries for computing mean and std.dev: (1, 263)
[M::mem_pestat] mean and std.dev: (132.56, 39.86)
[M::mem_pestat] low and high boundaries for proper pairs: (1, 316)
[M::mem_pestat] skip orientation RF as there are not enough pairs
[M::mem_pestat] skip orientation RR as there are not enough pairs
[M::process] read 402664 sequences (40000008 bp)...
[M::mem_process_seqs] Processed 402452 reads in 14.112 CPU sec, 4.209 real sec
[M::mem_pestat] # candidate unique pairs for (FF, FR, RF, RR): (1, 185353, 8, 1)
[M::mem_pestat] skip orientation FF as there are not enough pairs
[M::mem_pestat] analyzing insert size distribution for orientation FR...
[M::mem_pestat] (25, 50, 75) percentile: (105, 126, 157)
[M::mem_pestat] low and high boundaries for computing mean and std.dev: (1, 261)
[M::mem_pestat] mean and std.dev: (132.39, 39.60)
[M::mem_pestat] low and high boundaries for proper pairs: (1, 313)
[M::mem_pestat] skip orientation RF as there are not enough pairs
[M::mem_pestat] skip orientation RR as there are not enough pairs
[M::mem_process_seqs] Processed 402664 reads in 14.105 CPU sec, 4.214 real sec
[M::process] read 402696 sequences (40000180 bp)...
[M::mem_pestat] # candidate unique pairs for (FF, FR, RF, RR): (2, 185207, 7, 0)
[M::mem_pestat] skip orientation FF as there are not enough pairs
[M::mem_pestat] analyzing insert size distribution for orientation FR...
[M::mem_pestat] (25, 50, 75) percentile: (104, 126, 157)
[M::mem_pestat] low and high boundaries for computing mean and std.dev: (1, 263)
[M::mem_pestat] mean and std.dev: (132.27, 39.66)
[M::mem_pestat] low and high boundaries for proper pairs: (1, 316)
[M::mem_pestat] skip orientation RF as there are not enough pairs
[M::mem_pestat] skip orientation RR as there are not enough pairs
[M::process] read 402846 sequences (40000162 bp)...
[M::mem_process_seqs] Processed 402696 reads in 14.149 CPU sec, 4.200 real sec
[M::mem_pestat] # candidate unique pairs for (FF, FR, RF, RR): (1, 185383, 7, 4)
[M::mem_pestat] skip orientation FF as there are not enough pairs
[M::mem_pestat] analyzing insert size distribution for orientation FR...
[M::mem_pestat] (25, 50, 75) percentile: (104, 126, 157)
[M::mem_pestat] low and high boundaries for computing mean and std.dev: (1, 263)
[M::mem_pestat] mean and std.dev: (132.39, 39.86)
[M::mem_pestat] low and high boundaries for proper pairs: (1, 316)
[M::mem_pestat] skip orientation RF as there are not enough pairs
[M::mem_pestat] skip orientation RR as there are not enough pairs
[M::mem_process_seqs] Processed 402846 reads in 13.389 CPU sec, 4.251 real sec
[M::process] read 404264 sequences (40000153 bp)...
[M::mem_pestat] # candidate unique pairs for (FF, FR, RF, RR): (0, 185802, 8, 2)
[M::mem_pestat] skip orientation FF as there are not enough pairs
[M::mem_pestat] analyzing insert size distribution for orientation FR...
[M::mem_pestat] (25, 50, 75) percentile: (104, 126, 157)
[M::mem_pestat] low and high boundaries for computing mean and std.dev: (1, 263)
[M::mem_pestat] mean and std.dev: (132.32, 39.73)
[M::mem_pestat] low and high boundaries for proper pairs: (1, 316)
[M::mem_pestat] skip orientation RF as there are not enough pairs
[M::mem_pestat] skip orientation RR as there are not enough pairs
[M::process] read 404052 sequences (40000037 bp)...
[M::mem_process_seqs] Processed 404264 reads in 14.188 CPU sec, 4.050 real sec
[M::mem_pestat] # candidate unique pairs for (FF, FR, RF, RR): (2, 185767, 4, 2)
[M::mem_pestat] skip orientation FF as there are not enough pairs
[M::mem_pestat] analyzing insert size distribution for orientation FR...
[M::mem_pestat] (25, 50, 75) percentile: (105, 126, 157)
[M::mem_pestat] low and high boundaries for computing mean and std.dev: (1, 261)
[M::mem_pestat] mean and std.dev: (132.41, 39.53)
[M::mem_pestat] low and high boundaries for proper pairs: (1, 313)
[M::mem_pestat] skip orientation RF as there are not enough pairs
[M::mem_pestat] skip orientation RR as there are not enough pairs
[M::process] read 402868 sequences (40000127 bp)...
[M::mem_process_seqs] Processed 404052 reads in 14.251 CPU sec, 4.245 real sec
[M::process] read 403870 sequences (40000119 bp)...
[M::mem_pestat] # candidate unique pairs for (FF, FR, RF, RR): (0, 185784, 9, 3)
[M::mem_pestat] skip orientation FF as there are not enough pairs
[M::mem_pestat] analyzing insert size distribution for orientation FR...
[M::mem_pestat] (25, 50, 75) percentile: (105, 126, 159)
[M::mem_pestat] low and high boundaries for computing mean and std.dev: (1, 267)
[M::mem_pestat] mean and std.dev: (133.40, 40.53)
[M::mem_pestat] low and high boundaries for proper pairs: (1, 321)
[M::mem_pestat] skip orientation RF as there are not enough pairs
[M::mem_pestat] skip orientation RR as there are not enough pairs
[M::mem_process_seqs] Processed 402868 reads in 15.503 CPU sec, 4.558 real sec
[M::process] read 404980 sequences (40000085 bp)...
[M::mem_pestat] # candidate unique pairs for (FF, FR, RF, RR): (3, 185985, 6, 4)
[M::mem_pestat] skip orientation FF as there are not enough pairs
[M::mem_pestat] analyzing insert size distribution for orientation FR...
[M::mem_pestat] (25, 50, 75) percentile: (105, 127, 159)
[M::mem_pestat] low and high boundaries for computing mean and std.dev: (1, 267)
[M::mem_pestat] mean and std.dev: (133.75, 40.54)
[M::mem_pestat] low and high boundaries for proper pairs: (1, 321)
[M::mem_pestat] skip orientation RF as there are not enough pairs
[M::mem_pestat] skip orientation RR as there are not enough pairs
[M::mem_process_seqs] Processed 403870 reads in 16.246 CPU sec, 4.752 real sec
[M::process] read 403776 sequences (40000105 bp)...
[M::mem_pestat] # candidate unique pairs for (FF, FR, RF, RR): (0, 186714, 17, 11)
[M::mem_pestat] skip orientation FF as there are not enough pairs
[M::mem_pestat] analyzing insert size distribution for orientation FR...
[M::mem_pestat] (25, 50, 75) percentile: (105, 127, 159)
[M::mem_pestat] low and high boundaries for computing mean and std.dev: (1, 267)
[M::mem_pestat] mean and std.dev: (133.80, 40.55)
[M::mem_pestat] low and high boundaries for proper pairs: (1, 321)
[M::mem_pestat] analyzing insert size distribution for orientation RF...
[M::mem_pestat] (25, 50, 75) percentile: (13, 28, 162)
[M::mem_pestat] low and high boundaries for computing mean and std.dev: (1, 460)
[M::mem_pestat] mean and std.dev: (47.07, 54.84)
[M::mem_pestat] low and high boundaries for proper pairs: (1, 609)
[M::mem_pestat] analyzing insert size distribution for orientation RR...
[M::mem_pestat] (25, 50, 75) percentile: (42, 71, 247)
[M::mem_pestat] low and high boundaries for computing mean and std.dev: (1, 657)
[M::mem_pestat] mean and std.dev: (89.00, 81.77)
[M::mem_pestat] low and high boundaries for proper pairs: (1, 862)
[M::mem_pestat] skip orientation RF
[M::mem_pestat] skip orientation RR
[M::mem_process_seqs] Processed 404980 reads in 16.108 CPU sec, 4.736 real sec
[M::process] read 402536 sequences (40000114 bp)...
[M::mem_pestat] # candidate unique pairs for (FF, FR, RF, RR): (0, 186150, 3, 2)
[M::mem_pestat] skip orientation FF as there are not enough pairs
[M::mem_pestat] analyzing insert size distribution for orientation FR...
[M::mem_pestat] (25, 50, 75) percentile: (105, 126, 159)
[M::mem_pestat] low and high boundaries for computing mean and std.dev: (1, 267)
[M::mem_pestat] mean and std.dev: (133.50, 40.39)
[M::mem_pestat] low and high boundaries for proper pairs: (1, 321)
[M::mem_pestat] skip orientation RF as there are not enough pairs
[M::mem_pestat] skip orientation RR as there are not enough pairs
[M::mem_process_seqs] Processed 403776 reads in 15.217 CPU sec, 4.502 real sec
[M::mem_pestat] # candidate unique pairs for (FF, FR, RF, RR): (5, 185334, 13, 5)
[M::mem_pestat] skip orientation FF as there are not enough pairs
[M::mem_pestat] analyzing insert size distribution for orientation FR...
[M::mem_pestat] (25, 50, 75) percentile: (105, 126, 159)
[M::mem_pestat] low and high boundaries for computing mean and std.dev: (1, 267)
[M::mem_pestat] mean and std.dev: (133.60, 40.57)
[M::mem_pestat] low and high boundaries for proper pairs: (1, 321)
[M::mem_pestat] analyzing insert size distribution for orientation RF...
[M::mem_pestat] (25, 50, 75) percentile: (23, 65, 133)
[M::mem_pestat] low and high boundaries for computing mean and std.dev: (1, 353)
[M::mem_pestat] mean and std.dev: (64.33, 51.04)
[M::mem_pestat] low and high boundaries for proper pairs: (1, 463)
[M::mem_pestat] skip orientation RR as there are not enough pairs
[M::mem_pestat] skip orientation RF
[M::mem_process_seqs] Processed 402536 reads in 13.717 CPU sec, 4.380 real sec
[M::process] read 401894 sequences (40000186 bp)...
[M::process] read 402036 sequences (40000099 bp)...
[M::mem_pestat] # candidate unique pairs for (FF, FR, RF, RR): (2, 184757, 9, 3)
[M::mem_pestat] skip orientation FF as there are not enough pairs
[M::mem_pestat] analyzing insert size distribution for orientation FR...
[M::mem_pestat] (25, 50, 75) percentile: (105, 126, 158)
[M::mem_pestat] low and high boundaries for computing mean and std.dev: (1, 264)
[M::mem_pestat] mean and std.dev: (133.11, 40.05)
[M::mem_pestat] low and high boundaries for proper pairs: (1, 317)
[M::mem_pestat] skip orientation RF as there are not enough pairs
[M::mem_pestat] skip orientation RR as there are not enough pairs
[M::mem_process_seqs] Processed 401894 reads in 14.264 CPU sec, 4.077 real sec
[M::mem_pestat] # candidate unique pairs for (FF, FR, RF, RR): (0, 185236, 8, 3)
[M::mem_pestat] skip orientation FF as there are not enough pairs
[M::mem_pestat] analyzing insert size distribution for orientation FR...
[M::mem_pestat] (25, 50, 75) percentile: (105, 126, 158)
[M::mem_pestat] low and high boundaries for computing mean and std.dev: (1, 264)
[M::mem_pestat] mean and std.dev: (133.07, 40.20)
[M::mem_pestat] low and high boundaries for proper pairs: (1, 317)
[M::mem_pestat] skip orientation RF as there are not enough pairs
[M::mem_pestat] skip orientation RR as there are not enough pairs
[M::process] read 402110 sequences (40000114 bp)...
[M::mem_process_seqs] Processed 402036 reads in 14.135 CPU sec, 4.217 real sec
[M::mem_pestat] # candidate unique pairs for (FF, FR, RF, RR): (2, 185083, 9, 2)
[M::mem_pestat] skip orientation FF as there are not enough pairs
[M::mem_pestat] analyzing insert size distribution for orientation FR...
[M::mem_pestat] (25, 50, 75) percentile: (105, 126, 158)
[M::mem_pestat] low and high boundaries for computing mean and std.dev: (1, 264)
[M::mem_pestat] mean and std.dev: (133.01, 40.25)
[M::mem_pestat] low and high boundaries for proper pairs: (1, 317)
[M::mem_pestat] skip orientation RF as there are not enough pairs
[M::mem_pestat] skip orientation RR as there are not enough pairs
[M::process] read 402040 sequences (40000192 bp)...
[M::mem_process_seqs] Processed 402110 reads in 14.344 CPU sec, 4.273 real sec
[M::mem_pestat] # candidate unique pairs for (FF, FR, RF, RR): (1, 185057, 9, 2)
[M::mem_pestat] skip orientation FF as there are not enough pairs
[M::mem_pestat] analyzing insert size distribution for orientation FR...
[M::mem_pestat] (25, 50, 75) percentile: (105, 126, 158)
[M::mem_pestat] low and high boundaries for computing mean and std.dev: (1, 264)
[M::mem_pestat] mean and std.dev: (132.96, 40.32)
[M::mem_pestat] low and high boundaries for proper pairs: (1, 317)
[M::mem_pestat] skip orientation RF as there are not enough pairs
[M::mem_pestat] skip orientation RR as there are not enough pairs
[M::process] read 402116 sequences (40000090 bp)...
[M::mem_process_seqs] Processed 402040 reads in 14.204 CPU sec, 4.236 real sec
[M::mem_pestat] # candidate unique pairs for (FF, FR, RF, RR): (5, 185250, 3, 3)
[M::mem_pestat] skip orientation FF as there are not enough pairs
[M::mem_pestat] analyzing insert size distribution for orientation FR...
[M::mem_pestat] (25, 50, 75) percentile: (105, 126, 158)
[M::mem_pestat] low and high boundaries for computing mean and std.dev: (1, 264)
[M::mem_pestat] mean and std.dev: (132.77, 40.17)
[M::mem_pestat] low and high boundaries for proper pairs: (1, 317)
[M::mem_pestat] skip orientation RF as there are not enough pairs
[M::mem_pestat] skip orientation RR as there are not enough pairs
[M::process] read 402146 sequences (40000179 bp)...
[M::mem_process_seqs] Processed 402116 reads in 14.259 CPU sec, 4.252 real sec
[M::mem_pestat] # candidate unique pairs for (FF, FR, RF, RR): (3, 185241, 5, 3)
[M::mem_pestat] skip orientation FF as there are not enough pairs
[M::mem_pestat] analyzing insert size distribution for orientation FR...
[M::mem_pestat] (25, 50, 75) percentile: (105, 126, 158)
[M::mem_pestat] low and high boundaries for computing mean and std.dev: (1, 264)
[M::mem_pestat] mean and std.dev: (132.81, 40.14)
[M::mem_pestat] low and high boundaries for proper pairs: (1, 317)
[M::mem_pestat] skip orientation RF as there are not enough pairs
[M::mem_pestat] skip orientation RR as there are not enough pairs
[M::process] read 402326 sequences (40000001 bp)...
[M::mem_process_seqs] Processed 402146 reads in 14.268 CPU sec, 4.252 real sec
[M::mem_pestat] # candidate unique pairs for (FF, FR, RF, RR): (1, 185060, 5, 1)
[M::mem_pestat] skip orientation FF as there are not enough pairs
[M::mem_pestat] analyzing insert size distribution for orientation FR...
[M::mem_pestat] (25, 50, 75) percentile: (105, 126, 158)
[M::mem_pestat] low and high boundaries for computing mean and std.dev: (1, 264)
[M::mem_pestat] mean and std.dev: (132.72, 40.02)
[M::mem_pestat] low and high boundaries for proper pairs: (1, 317)
[M::mem_pestat] skip orientation RF as there are not enough pairs
[M::mem_pestat] skip orientation RR as there are not enough pairs
[M::mem_process_seqs] Processed 402326 reads in 13.361 CPU sec, 4.447 real sec
[M::process] read 402554 sequences (40000105 bp)...
[M::process] read 402606 sequences (40000075 bp)...
[M::mem_pestat] # candidate unique pairs for (FF, FR, RF, RR): (2, 185449, 12, 4)
[M::mem_pestat] skip orientation FF as there are not enough pairs
[M::mem_pestat] analyzing insert size distribution for orientation FR...
[M::mem_pestat] (25, 50, 75) percentile: (105, 126, 158)
[M::mem_pestat] low and high boundaries for computing mean and std.dev: (1, 264)
[M::mem_pestat] mean and std.dev: (132.73, 39.97)
[M::mem_pestat] low and high boundaries for proper pairs: (1, 317)
[M::mem_pestat] analyzing insert size distribution for orientation RF...
[M::mem_pestat] (25, 50, 75) percentile: (24, 44, 112)
[M::mem_pestat] low and high boundaries for computing mean and std.dev: (1, 288)
[M::mem_pestat] mean and std.dev: (64.64, 70.74)
[M::mem_pestat] low and high boundaries for proper pairs: (1, 376)
[M::mem_pestat] skip orientation RR as there are not enough pairs
[M::mem_pestat] skip orientation RF
[M::mem_process_seqs] Processed 402554 reads in 14.105 CPU sec, 4.030 real sec
[M::mem_pestat] # candidate unique pairs for (FF, FR, RF, RR): (2, 185217, 7, 2)
[M::mem_pestat] skip orientation FF as there are not enough pairs
[M::mem_pestat] analyzing insert size distribution for orientation FR...
[M::mem_pestat] (25, 50, 75) percentile: (104, 126, 158)
[M::mem_pestat] low and high boundaries for computing mean and std.dev: (1, 266)
[M::mem_pestat] mean and std.dev: (132.95, 40.45)
[M::mem_pestat] low and high boundaries for proper pairs: (1, 320)
[M::mem_pestat] skip orientation RF as there are not enough pairs
[M::mem_pestat] skip orientation RR as there are not enough pairs
[M::process] read 402786 sequences (40000099 bp)...
[M::mem_process_seqs] Processed 402606 reads in 14.173 CPU sec, 4.228 real sec
[M::mem_pestat] # candidate unique pairs for (FF, FR, RF, RR): (3, 185274, 4, 2)
[M::mem_pestat] skip orientation FF as there are not enough pairs
[M::mem_pestat] analyzing insert size distribution for orientation FR...
[M::mem_pestat] (25, 50, 75) percentile: (104, 126, 157)
[M::mem_pestat] low and high boundaries for computing mean and std.dev: (1, 263)
[M::mem_pestat] mean and std.dev: (132.39, 39.87)
[M::mem_pestat] low and high boundaries for proper pairs: (1, 316)
[M::mem_pestat] skip orientation RF as there are not enough pairs
[M::mem_pestat] skip orientation RR as there are not enough pairs
[M::process] read 404690 sequences (40000139 bp)...
[M::mem_process_seqs] Processed 402786 reads in 14.333 CPU sec, 4.266 real sec
[M::mem_pestat] # candidate unique pairs for (FF, FR, RF, RR): (3, 186066, 11, 5)
[M::mem_pestat] skip orientation FF as there are not enough pairs
[M::mem_pestat] analyzing insert size distribution for orientation FR...
[M::mem_pestat] (25, 50, 75) percentile: (105, 126, 157)
[M::mem_pestat] low and high boundaries for computing mean and std.dev: (1, 261)
[M::mem_pestat] mean and std.dev: (132.45, 39.64)
[M::mem_pestat] low and high boundaries for proper pairs: (1, 313)
[M::mem_pestat] analyzing insert size distribution for orientation RF...
[M::mem_pestat] (25, 50, 75) percentile: (24, 50, 194)
[M::mem_pestat] low and high boundaries for computing mean and std.dev: (1, 534)
[M::mem_pestat] mean and std.dev: (94.80, 144.04)
[M::mem_pestat] low and high boundaries for proper pairs: (1, 704)
[M::mem_pestat] skip orientation RR as there are not enough pairs
[M::mem_pestat] skip orientation RF
[M::process] read 403534 sequences (40000051 bp)...
[M::mem_process_seqs] Processed 404690 reads in 14.294 CPU sec, 4.256 real sec
[M::mem_pestat] # candidate unique pairs for (FF, FR, RF, RR): (1, 185528, 7, 4)
[M::mem_pestat] skip orientation FF as there are not enough pairs
[M::mem_pestat] analyzing insert size distribution for orientation FR...
[M::mem_pestat] (25, 50, 75) percentile: (104, 126, 157)
[M::mem_pestat] low and high boundaries for computing mean and std.dev: (1, 263)
[M::mem_pestat] mean and std.dev: (132.46, 39.75)
[M::mem_pestat] low and high boundaries for proper pairs: (1, 316)
[M::mem_pestat] skip orientation RF as there are not enough pairs
[M::mem_pestat] skip orientation RR as there are not enough pairs
[M::process] read 298440 sequences (29575468 bp)...
[M::mem_process_seqs] Processed 403534 reads in 14.072 CPU sec, 4.196 real sec
[M::mem_pestat] # candidate unique pairs for (FF, FR, RF, RR): (1, 137229, 12, 2)
[M::mem_pestat] skip orientation FF as there are not enough pairs
[M::mem_pestat] analyzing insert size distribution for orientation FR...
[M::mem_pestat] (25, 50, 75) percentile: (104, 126, 157)
[M::mem_pestat] low and high boundaries for computing mean and std.dev: (1, 263)
[M::mem_pestat] mean and std.dev: (132.45, 39.91)
[M::mem_pestat] low and high boundaries for proper pairs: (1, 316)
[M::mem_pestat] analyzing insert size distribution for orientation RF...
[M::mem_pestat] (25, 50, 75) percentile: (11, 36, 70)
[M::mem_pestat] low and high boundaries for computing mean and std.dev: (1, 188)
[M::mem_pestat] mean and std.dev: (45.36, 49.88)
[M::mem_pestat] low and high boundaries for proper pairs: (1, 247)
[M::mem_pestat] skip orientation RR as there are not enough pairs
[M::mem_pestat] skip orientation RF
[M::mem_process_seqs] Processed 298440 reads in 10.061 CPU sec, 3.150 real sec
[main] Version: 0.7.19-r1273
[main] CMD: bwa mem -t 4 Efaecium /home/yogesh22/Genome_Analysis/raw_data/transcriptomics_data/RNA-Seq_Serum/trimmed/trim_paired_ERR1797971_pass_1.fastq.gz /home/yogesh22/Genome_Analysis/raw_data/transcriptomics_data/RNA-Seq_Serum/trimmed/trim_paired_ERR1797971_pass_2.fastq.gz
[main] Real time: 327.219 sec; CPU: 996.561 sec
[bam_sort_core] merging from 10 files and 1 in-memory blocks...
