[bwa_index] Pack FASTA... 0.01 sec
[bwa_index] Construct BWT for the packed sequence...
[bwa_index] 0.37 seconds elapse.
[bwa_index] Update BWT... 0.01 sec
[bwa_index] Pack forward-only FASTA... 0.01 sec
[bwa_index] Construct SA from BWT and Occ... 0.15 sec
[main] Version: 0.7.19-r1273
[main] CMD: bwa index -p Efaecium /home/yogesh22/Genome_Analysis/reference-genome/GCF_009734005.1_ASM973400v2_genomic.fna
[main] Real time: 0.651 sec; CPU: 0.558 sec
[M::bwa_idx_load_from_disk] read 0 ALT contigs
[M::process] read 100356 sequences (10000116 bp)...
[M::process] read 100364 sequences (10000032 bp)...
[M::mem_process_seqs] Processed 100356 reads in 2.433 CPU sec, 2.225 real sec
[M::process] read 100502 sequences (10000094 bp)...
[M::mem_process_seqs] Processed 100364 reads in 2.421 CPU sec, 2.199 real sec
[M::process] read 100368 sequences (10000157 bp)...
[M::mem_process_seqs] Processed 100502 reads in 2.429 CPU sec, 2.211 real sec
[M::process] read 100406 sequences (10000147 bp)...
[M::mem_process_seqs] Processed 100368 reads in 2.417 CPU sec, 2.204 real sec
[M::process] read 100386 sequences (10000017 bp)...
[M::mem_process_seqs] Processed 100406 reads in 2.406 CPU sec, 2.192 real sec
[M::process] read 100368 sequences (10000025 bp)...
[M::mem_process_seqs] Processed 100386 reads in 2.395 CPU sec, 2.180 real sec
[M::process] read 100378 sequences (10000125 bp)...
[M::mem_process_seqs] Processed 100368 reads in 2.415 CPU sec, 2.201 real sec
[M::process] read 100510 sequences (10000108 bp)...
[M::mem_process_seqs] Processed 100378 reads in 2.400 CPU sec, 2.185 real sec
[M::process] read 100464 sequences (10000026 bp)...
[M::mem_process_seqs] Processed 100510 reads in 2.411 CPU sec, 2.197 real sec
[M::process] read 100422 sequences (10000028 bp)...
[M::mem_process_seqs] Processed 100464 reads in 2.396 CPU sec, 2.181 real sec
[M::process] read 100406 sequences (10000002 bp)...
[M::mem_process_seqs] Processed 100422 reads in 2.398 CPU sec, 2.183 real sec
[M::process] read 100432 sequences (10000139 bp)...
[M::mem_process_seqs] Processed 100406 reads in 2.390 CPU sec, 2.175 real sec
[M::process] read 100470 sequences (10000038 bp)...
[M::mem_process_seqs] Processed 100432 reads in 2.407 CPU sec, 2.192 real sec
[M::process] read 100460 sequences (10000132 bp)...
[M::mem_process_seqs] Processed 100470 reads in 2.398 CPU sec, 2.182 real sec
[M::process] read 100478 sequences (10000098 bp)...
[M::mem_process_seqs] Processed 100460 reads in 2.418 CPU sec, 2.201 real sec
[M::process] read 100450 sequences (10000080 bp)...
[M::mem_process_seqs] Processed 100478 reads in 2.416 CPU sec, 2.199 real sec
[M::process] read 100454 sequences (10000087 bp)...
[M::mem_process_seqs] Processed 100450 reads in 2.407 CPU sec, 2.192 real sec
[M::process] read 100526 sequences (10000019 bp)...
[M::mem_process_seqs] Processed 100454 reads in 2.412 CPU sec, 2.194 real sec
[M::process] read 100472 sequences (10000106 bp)...
[M::mem_process_seqs] Processed 100526 reads in 2.420 CPU sec, 2.202 real sec
[M::process] read 100504 sequences (10000012 bp)...
[M::mem_process_seqs] Processed 100472 reads in 2.412 CPU sec, 2.195 real sec
[M::process] read 100518 sequences (10000154 bp)...
[M::mem_process_seqs] Processed 100504 reads in 2.422 CPU sec, 2.201 real sec
[M::process] read 100496 sequences (10000139 bp)...
[M::mem_process_seqs] Processed 100518 reads in 2.410 CPU sec, 2.192 real sec
[M::process] read 100534 sequences (10000056 bp)...
[M::mem_process_seqs] Processed 100496 reads in 2.413 CPU sec, 2.194 real sec
[M::process] read 100540 sequences (10000060 bp)...
[M::mem_process_seqs] Processed 100534 reads in 2.414 CPU sec, 2.194 real sec
[M::process] read 100558 sequences (10000167 bp)...
[M::mem_process_seqs] Processed 100540 reads in 2.404 CPU sec, 2.183 real sec
[M::process] read 100612 sequences (10000049 bp)...
[M::mem_process_seqs] Processed 100558 reads in 2.413 CPU sec, 2.192 real sec
[M::process] read 100598 sequences (10000135 bp)...
[M::mem_process_seqs] Processed 100612 reads in 2.403 CPU sec, 2.182 real sec
[M::process] read 100614 sequences (10000177 bp)...
[M::mem_process_seqs] Processed 100598 reads in 2.416 CPU sec, 2.194 real sec
[M::process] read 100606 sequences (10000086 bp)...
[M::mem_process_seqs] Processed 100614 reads in 2.414 CPU sec, 2.193 real sec
[M::process] read 100746 sequences (10000178 bp)...
[M::mem_process_seqs] Processed 100606 reads in 2.411 CPU sec, 2.187 real sec
[M::process] read 100650 sequences (10000172 bp)...
[M::mem_process_seqs] Processed 100746 reads in 2.410 CPU sec, 2.188 real sec
[M::process] read 101024 sequences (10000169 bp)...
[M::mem_process_seqs] Processed 100650 reads in 2.418 CPU sec, 2.193 real sec
[M::process] read 100718 sequences (10000048 bp)...
[M::mem_process_seqs] Processed 101024 reads in 2.415 CPU sec, 2.191 real sec
[M::process] read 100500 sequences (10000151 bp)...
[M::mem_process_seqs] Processed 100718 reads in 2.407 CPU sec, 2.190 real sec
[M::process] read 100384 sequences (10000024 bp)...
[M::mem_process_seqs] Processed 100500 reads in 2.404 CPU sec, 2.191 real sec
[M::process] read 100408 sequences (10000077 bp)...
[M::mem_process_seqs] Processed 100384 reads in 2.402 CPU sec, 2.190 real sec
[M::process] read 100448 sequences (10000166 bp)...
[M::mem_process_seqs] Processed 100408 reads in 2.392 CPU sec, 2.178 real sec
[M::process] read 100378 sequences (10000055 bp)...
[M::mem_process_seqs] Processed 100448 reads in 2.409 CPU sec, 2.196 real sec
[M::process] read 100378 sequences (10000125 bp)...
[M::mem_process_seqs] Processed 100378 reads in 2.402 CPU sec, 2.188 real sec
[M::process] read 100368 sequences (10000088 bp)...
[M::mem_process_seqs] Processed 100378 reads in 2.394 CPU sec, 2.180 real sec
[M::process] read 100398 sequences (10000056 bp)...
[M::mem_process_seqs] Processed 100368 reads in 2.397 CPU sec, 2.183 real sec
[M::process] read 100398 sequences (10000010 bp)...
[M::mem_process_seqs] Processed 100398 reads in 2.392 CPU sec, 2.178 real sec
[M::process] read 100530 sequences (10000177 bp)...
[M::mem_process_seqs] Processed 100398 reads in 2.395 CPU sec, 2.180 real sec
[M::process] read 100402 sequences (10000114 bp)...
[M::mem_process_seqs] Processed 100530 reads in 2.390 CPU sec, 2.176 real sec
[M::process] read 100378 sequences (10000010 bp)...
[M::mem_process_seqs] Processed 100402 reads in 2.380 CPU sec, 2.164 real sec
[M::process] read 100470 sequences (10000023 bp)...
[M::mem_process_seqs] Processed 100378 reads in 2.379 CPU sec, 2.163 real sec
[M::process] read 100434 sequences (10000078 bp)...
[M::mem_process_seqs] Processed 100470 reads in 2.383 CPU sec, 2.173 real sec
[M::process] read 100410 sequences (10000059 bp)...
[M::mem_process_seqs] Processed 100434 reads in 2.402 CPU sec, 2.186 real sec
[M::process] read 100398 sequences (10000119 bp)...
[M::mem_process_seqs] Processed 100410 reads in 2.405 CPU sec, 2.188 real sec
[M::process] read 100458 sequences (10000045 bp)...
[M::mem_process_seqs] Processed 100398 reads in 2.401 CPU sec, 2.184 real sec
[M::process] read 100456 sequences (10000092 bp)...
[M::mem_process_seqs] Processed 100458 reads in 2.399 CPU sec, 2.183 real sec
[M::process] read 100438 sequences (10000019 bp)...
[M::mem_process_seqs] Processed 100456 reads in 2.406 CPU sec, 2.189 real sec
[M::process] read 100436 sequences (10000178 bp)...
[M::mem_process_seqs] Processed 100438 reads in 2.420 CPU sec, 2.201 real sec
[M::process] read 100452 sequences (10000105 bp)...
[M::mem_process_seqs] Processed 100436 reads in 2.392 CPU sec, 2.175 real sec
[M::process] read 100488 sequences (10000196 bp)...
[M::mem_process_seqs] Processed 100452 reads in 2.427 CPU sec, 2.208 real sec
[M::process] read 100446 sequences (10000024 bp)...
[M::mem_process_seqs] Processed 100488 reads in 2.400 CPU sec, 2.182 real sec
[M::process] read 100486 sequences (10000113 bp)...
[M::mem_process_seqs] Processed 100446 reads in 2.407 CPU sec, 2.187 real sec
[M::process] read 100520 sequences (10000158 bp)...
[M::mem_process_seqs] Processed 100486 reads in 2.422 CPU sec, 2.201 real sec
[M::process] read 100548 sequences (10000199 bp)...
[M::mem_process_seqs] Processed 100520 reads in 2.410 CPU sec, 2.190 real sec
[M::process] read 100538 sequences (10000164 bp)...
[M::mem_process_seqs] Processed 100548 reads in 2.411 CPU sec, 2.190 real sec
[M::process] read 100518 sequences (10000114 bp)...
[M::mem_process_seqs] Processed 100538 reads in 2.410 CPU sec, 2.189 real sec
[M::process] read 100518 sequences (10000078 bp)...
[M::mem_process_seqs] Processed 100518 reads in 2.405 CPU sec, 2.184 real sec
[M::process] read 100596 sequences (10000104 bp)...
[M::mem_process_seqs] Processed 100518 reads in 2.404 CPU sec, 2.183 real sec
[M::process] read 100518 sequences (10000037 bp)...
[M::mem_process_seqs] Processed 100596 reads in 2.419 CPU sec, 2.198 real sec
[M::process] read 100940 sequences (10000081 bp)...
[M::mem_process_seqs] Processed 100518 reads in 2.418 CPU sec, 2.194 real sec
[M::process] read 100714 sequences (10000194 bp)...
[M::mem_process_seqs] Processed 100940 reads in 2.423 CPU sec, 2.200 real sec
[M::process] read 100760 sequences (10000143 bp)...
[M::mem_process_seqs] Processed 100714 reads in 2.445 CPU sec, 2.220 real sec
[M::process] read 100670 sequences (10000014 bp)...
[M::mem_process_seqs] Processed 100760 reads in 2.423 CPU sec, 2.202 real sec
[M::process] read 100330 sequences (10000098 bp)...
[M::mem_process_seqs] Processed 100670 reads in 2.397 CPU sec, 2.185 real sec
[M::process] read 100358 sequences (10000191 bp)...
[M::mem_process_seqs] Processed 100330 reads in 2.400 CPU sec, 2.188 real sec
[M::process] read 100556 sequences (10000111 bp)...
[M::mem_process_seqs] Processed 100358 reads in 2.405 CPU sec, 2.191 real sec
[M::process] read 100378 sequences (10000095 bp)...
[M::mem_process_seqs] Processed 100556 reads in 2.413 CPU sec, 2.200 real sec
[M::process] read 100352 sequences (10000142 bp)...
[M::mem_process_seqs] Processed 100378 reads in 2.387 CPU sec, 2.173 real sec
[M::process] read 100366 sequences (10000012 bp)...
[M::mem_process_seqs] Processed 100352 reads in 2.371 CPU sec, 2.157 real sec
[M::process] read 100396 sequences (10000047 bp)...
[M::mem_process_seqs] Processed 100366 reads in 2.400 CPU sec, 2.185 real sec
[M::process] read 100368 sequences (10000157 bp)...
[M::mem_process_seqs] Processed 100396 reads in 2.473 CPU sec, 2.261 real sec
[M::process] read 100596 sequences (10000002 bp)...
[M::mem_process_seqs] Processed 100368 reads in 2.386 CPU sec, 2.169 real sec
[M::process] read 100408 sequences (10000156 bp)...
[M::mem_process_seqs] Processed 100596 reads in 2.395 CPU sec, 2.179 real sec
[M::process] read 100406 sequences (10000022 bp)...
[M::mem_process_seqs] Processed 100408 reads in 2.400 CPU sec, 2.185 real sec
[M::process] read 100402 sequences (10000039 bp)...
[M::mem_process_seqs] Processed 100406 reads in 2.391 CPU sec, 2.176 real sec
[M::process] read 100422 sequences (10000073 bp)...
[M::mem_process_seqs] Processed 100402 reads in 2.381 CPU sec, 2.164 real sec
[M::process] read 100430 sequences (10000153 bp)...
[M::mem_process_seqs] Processed 100422 reads in 2.400 CPU sec, 2.183 real sec
[M::process] read 100412 sequences (10000187 bp)...
[M::mem_process_seqs] Processed 100430 reads in 2.401 CPU sec, 2.186 real sec
[M::process] read 100454 sequences (10000133 bp)...
[M::mem_process_seqs] Processed 100412 reads in 2.384 CPU sec, 2.167 real sec
[M::process] read 100454 sequences (10000116 bp)...
[M::mem_process_seqs] Processed 100454 reads in 2.394 CPU sec, 2.177 real sec
[M::process] read 100396 sequences (10000104 bp)...
[M::mem_process_seqs] Processed 100454 reads in 2.392 CPU sec, 2.177 real sec
[M::process] read 100456 sequences (10000137 bp)...
[M::mem_process_seqs] Processed 100396 reads in 2.398 CPU sec, 2.182 real sec
[M::process] read 100432 sequences (10000140 bp)...
[M::mem_process_seqs] Processed 100456 reads in 2.398 CPU sec, 2.182 real sec
[M::process] read 100460 sequences (10000041 bp)...
[M::mem_process_seqs] Processed 100432 reads in 2.407 CPU sec, 2.191 real sec
[M::process] read 100584 sequences (10000120 bp)...
[M::mem_process_seqs] Processed 100460 reads in 2.404 CPU sec, 2.184 real sec
[M::process] read 100474 sequences (10000173 bp)...
[M::mem_process_seqs] Processed 100584 reads in 2.394 CPU sec, 2.175 real sec
[M::process] read 100492 sequences (10000089 bp)...
[M::mem_process_seqs] Processed 100474 reads in 2.394 CPU sec, 2.175 real sec
[M::process] read 100526 sequences (10000046 bp)...
[M::mem_process_seqs] Processed 100492 reads in 2.389 CPU sec, 2.170 real sec
[M::process] read 100528 sequences (10000125 bp)...
[M::mem_process_seqs] Processed 100526 reads in 2.405 CPU sec, 2.184 real sec
[M::process] read 100572 sequences (10000100 bp)...
[M::mem_process_seqs] Processed 100528 reads in 2.407 CPU sec, 2.185 real sec
[M::process] read 100522 sequences (10000166 bp)...
[M::mem_process_seqs] Processed 100572 reads in 2.423 CPU sec, 2.206 real sec
[M::process] read 100580 sequences (10000051 bp)...
[M::mem_process_seqs] Processed 100522 reads in 2.415 CPU sec, 2.193 real sec
[M::process] read 100664 sequences (10000132 bp)...
[M::mem_process_seqs] Processed 100580 reads in 2.407 CPU sec, 2.186 real sec
[M::process] read 100548 sequences (10000019 bp)...
[M::mem_process_seqs] Processed 100664 reads in 2.454 CPU sec, 2.231 real sec
[M::process] read 100750 sequences (10000122 bp)...
[M::mem_process_seqs] Processed 100548 reads in 2.425 CPU sec, 2.200 real sec
[M::process] read 100872 sequences (10000120 bp)...
[M::mem_process_seqs] Processed 100750 reads in 2.434 CPU sec, 2.208 real sec
[M::process] read 100590 sequences (10000092 bp)...
[M::mem_process_seqs] Processed 100872 reads in 2.439 CPU sec, 2.216 real sec
[M::process] read 100654 sequences (10000009 bp)...
[M::mem_process_seqs] Processed 100590 reads in 2.542 CPU sec, 2.325 real sec
[M::process] read 101322 sequences (10000110 bp)...
[M::mem_process_seqs] Processed 100654 reads in 2.871 CPU sec, 2.655 real sec
[M::process] read 100598 sequences (10000130 bp)...
[M::mem_process_seqs] Processed 101322 reads in 2.945 CPU sec, 2.728 real sec
[M::process] read 102314 sequences (10000074 bp)...
[M::mem_process_seqs] Processed 100598 reads in 2.699 CPU sec, 2.482 real sec
[M::process] read 101148 sequences (10000128 bp)...
[M::mem_process_seqs] Processed 102314 reads in 2.599 CPU sec, 2.385 real sec
[M::process] read 100694 sequences (10000069 bp)...
[M::mem_process_seqs] Processed 101148 reads in 2.615 CPU sec, 2.398 real sec
[M::process] read 100676 sequences (10000107 bp)...
[M::mem_process_seqs] Processed 100694 reads in 2.552 CPU sec, 2.335 real sec
[M::process] read 100486 sequences (10000085 bp)...
[M::mem_process_seqs] Processed 100676 reads in 2.565 CPU sec, 2.350 real sec
[M::process] read 100624 sequences (10000188 bp)...
[M::mem_process_seqs] Processed 100486 reads in 2.397 CPU sec, 2.181 real sec
[M::process] read 100372 sequences (10000042 bp)...
[M::mem_process_seqs] Processed 100624 reads in 2.406 CPU sec, 2.189 real sec
[M::process] read 100366 sequences (10000186 bp)...
[M::mem_process_seqs] Processed 100372 reads in 2.506 CPU sec, 2.291 real sec
[M::process] read 100420 sequences (10000055 bp)...
[M::mem_process_seqs] Processed 100366 reads in 2.392 CPU sec, 2.176 real sec
[M::process] read 100426 sequences (10000000 bp)...
[M::mem_process_seqs] Processed 100420 reads in 2.395 CPU sec, 2.179 real sec
[M::process] read 100398 sequences (10000198 bp)...
[M::mem_process_seqs] Processed 100426 reads in 2.390 CPU sec, 2.173 real sec
[M::process] read 100464 sequences (10000164 bp)...
[M::mem_process_seqs] Processed 100398 reads in 2.396 CPU sec, 2.179 real sec
[M::process] read 100396 sequences (10000013 bp)...
[M::mem_process_seqs] Processed 100464 reads in 2.405 CPU sec, 2.189 real sec
[M::process] read 100456 sequences (10000081 bp)...
[M::mem_process_seqs] Processed 100396 reads in 2.399 CPU sec, 2.182 real sec
[M::process] read 100418 sequences (10000030 bp)...
[M::mem_process_seqs] Processed 100456 reads in 2.396 CPU sec, 2.180 real sec
[M::process] read 100416 sequences (10000087 bp)...
[M::mem_process_seqs] Processed 100418 reads in 2.398 CPU sec, 2.181 real sec
[M::process] read 100414 sequences (10000090 bp)...
[M::mem_process_seqs] Processed 100416 reads in 2.400 CPU sec, 2.183 real sec
[M::process] read 100448 sequences (10000176 bp)...
[M::mem_process_seqs] Processed 100414 reads in 2.406 CPU sec, 2.189 real sec
[M::process] read 100460 sequences (10000102 bp)...
[M::mem_process_seqs] Processed 100448 reads in 2.397 CPU sec, 2.180 real sec
[M::process] read 100428 sequences (10000091 bp)...
[M::mem_process_seqs] Processed 100460 reads in 2.400 CPU sec, 2.184 real sec
[M::process] read 100468 sequences (10000193 bp)...
[M::mem_process_seqs] Processed 100428 reads in 2.404 CPU sec, 2.185 real sec
[M::process] read 100506 sequences (10000152 bp)...
[M::mem_process_seqs] Processed 100468 reads in 2.404 CPU sec, 2.185 real sec
[M::process] read 100572 sequences (10000055 bp)...
[M::mem_process_seqs] Processed 100506 reads in 2.403 CPU sec, 2.182 real sec
[M::process] read 100490 sequences (10000105 bp)...
[M::mem_process_seqs] Processed 100572 reads in 2.411 CPU sec, 2.192 real sec
[M::process] read 100508 sequences (10000020 bp)...
[M::mem_process_seqs] Processed 100490 reads in 2.408 CPU sec, 2.188 real sec
[M::process] read 100562 sequences (10000003 bp)...
[M::mem_process_seqs] Processed 100508 reads in 2.405 CPU sec, 2.185 real sec
[M::process] read 100512 sequences (10000033 bp)...
[M::mem_process_seqs] Processed 100562 reads in 2.412 CPU sec, 2.193 real sec
[M::process] read 100636 sequences (10000116 bp)...
[M::mem_process_seqs] Processed 100512 reads in 2.410 CPU sec, 2.188 real sec
[M::process] read 100572 sequences (10000051 bp)...
[M::mem_process_seqs] Processed 100636 reads in 2.410 CPU sec, 2.188 real sec
[M::process] read 100812 sequences (10000032 bp)...
[M::mem_process_seqs] Processed 100572 reads in 2.426 CPU sec, 2.201 real sec
[M::process] read 85734 sequences (8508726 bp)...
[M::mem_process_seqs] Processed 100812 reads in 2.386 CPU sec, 2.187 real sec
[M::mem_process_seqs] Processed 85734 reads in 1.877 CPU sec, 1.832 real sec
[main] Version: 0.7.19-r1273
[main] CMD: bwa mem Efaecium /home/yogesh22/Genome_Analysis/raw_data/transcriptomics_data/RNA-Seq_BH/trimmed/trim_paired_ERR1797972_pass_1.fastq.gz
[main] Real time: 302.130 sec; CPU: 331.627 sec
[M::bwa_idx_load_from_disk] read 0 ALT contigs
[M::process] read 100524 sequences (10000112 bp)...
[M::process] read 100562 sequences (10000196 bp)...
[M::mem_process_seqs] Processed 100524 reads in 2.517 CPU sec, 2.315 real sec
[M::process] read 100564 sequences (10000156 bp)...
[M::mem_process_seqs] Processed 100562 reads in 2.500 CPU sec, 2.275 real sec
[M::process] read 100582 sequences (10000143 bp)...
[M::mem_process_seqs] Processed 100564 reads in 2.499 CPU sec, 2.279 real sec
[M::process] read 100614 sequences (10000162 bp)...
[M::mem_process_seqs] Processed 100582 reads in 2.500 CPU sec, 2.283 real sec
[M::process] read 100564 sequences (10000102 bp)...
[M::mem_process_seqs] Processed 100614 reads in 2.501 CPU sec, 2.285 real sec
[M::process] read 100542 sequences (10000058 bp)...
[M::mem_process_seqs] Processed 100564 reads in 2.503 CPU sec, 2.286 real sec
[M::process] read 100598 sequences (10000026 bp)...
[M::mem_process_seqs] Processed 100542 reads in 2.493 CPU sec, 2.275 real sec
[M::process] read 100548 sequences (10000196 bp)...
[M::mem_process_seqs] Processed 100598 reads in 2.487 CPU sec, 2.269 real sec
[M::process] read 100652 sequences (10000080 bp)...
[M::mem_process_seqs] Processed 100548 reads in 2.507 CPU sec, 2.296 real sec
[M::process] read 100666 sequences (10000114 bp)...
[M::mem_process_seqs] Processed 100652 reads in 2.488 CPU sec, 2.270 real sec
[M::process] read 100654 sequences (10000053 bp)...
[M::mem_process_seqs] Processed 100666 reads in 2.503 CPU sec, 2.288 real sec
[M::process] read 100630 sequences (10000099 bp)...
[M::mem_process_seqs] Processed 100654 reads in 2.516 CPU sec, 2.298 real sec
[M::process] read 100662 sequences (10000189 bp)...
[M::mem_process_seqs] Processed 100630 reads in 2.503 CPU sec, 2.285 real sec
[M::process] read 100688 sequences (10000187 bp)...
[M::mem_process_seqs] Processed 100662 reads in 2.492 CPU sec, 2.274 real sec
[M::process] read 100678 sequences (10000089 bp)...
[M::mem_process_seqs] Processed 100688 reads in 2.504 CPU sec, 2.285 real sec
[M::process] read 100668 sequences (10000169 bp)...
[M::mem_process_seqs] Processed 100678 reads in 2.509 CPU sec, 2.290 real sec
[M::process] read 100658 sequences (10000175 bp)...
[M::mem_process_seqs] Processed 100668 reads in 2.500 CPU sec, 2.280 real sec
[M::process] read 100738 sequences (10000165 bp)...
[M::mem_process_seqs] Processed 100658 reads in 2.500 CPU sec, 2.279 real sec
[M::process] read 100666 sequences (10000154 bp)...
[M::mem_process_seqs] Processed 100738 reads in 2.493 CPU sec, 2.274 real sec
[M::process] read 100642 sequences (10000159 bp)...
[M::mem_process_seqs] Processed 100666 reads in 2.503 CPU sec, 2.285 real sec
[M::process] read 100784 sequences (10000063 bp)...
[M::mem_process_seqs] Processed 100642 reads in 2.499 CPU sec, 2.279 real sec
[M::process] read 100704 sequences (10000042 bp)...
[M::mem_process_seqs] Processed 100784 reads in 2.506 CPU sec, 2.287 real sec
[M::process] read 100746 sequences (10000180 bp)...
[M::mem_process_seqs] Processed 100704 reads in 2.508 CPU sec, 2.287 real sec
[M::process] read 100756 sequences (10000000 bp)...
[M::mem_process_seqs] Processed 100746 reads in 2.504 CPU sec, 2.284 real sec
[M::process] read 100874 sequences (10000020 bp)...
[M::mem_process_seqs] Processed 100756 reads in 2.499 CPU sec, 2.277 real sec
[M::process] read 100828 sequences (10000097 bp)...
[M::mem_process_seqs] Processed 100874 reads in 2.503 CPU sec, 2.281 real sec
[M::process] read 100894 sequences (10000189 bp)...
[M::mem_process_seqs] Processed 100828 reads in 2.512 CPU sec, 2.289 real sec
[M::process] read 100872 sequences (10000199 bp)...
[M::mem_process_seqs] Processed 100894 reads in 2.514 CPU sec, 2.293 real sec
[M::process] read 101786 sequences (10000188 bp)...
[M::mem_process_seqs] Processed 100872 reads in 2.516 CPU sec, 2.294 real sec
[M::process] read 101678 sequences (10000091 bp)...
[M::mem_process_seqs] Processed 101786 reads in 2.513 CPU sec, 2.288 real sec
[M::process] read 100930 sequences (10000198 bp)...
[M::mem_process_seqs] Processed 101678 reads in 2.519 CPU sec, 2.294 real sec
[M::process] read 101298 sequences (10000193 bp)...
[M::mem_process_seqs] Processed 100930 reads in 2.531 CPU sec, 2.303 real sec
[M::process] read 101098 sequences (10000132 bp)...
[M::mem_process_seqs] Processed 101298 reads in 2.518 CPU sec, 2.293 real sec
[M::process] read 100616 sequences (10000050 bp)...
[M::mem_process_seqs] Processed 101098 reads in 2.506 CPU sec, 2.288 real sec
[M::process] read 100572 sequences (10000096 bp)...
[M::mem_process_seqs] Processed 100616 reads in 2.487 CPU sec, 2.271 real sec
[M::process] read 100532 sequences (10000037 bp)...
[M::mem_process_seqs] Processed 100572 reads in 2.475 CPU sec, 2.262 real sec
[M::process] read 100672 sequences (10000131 bp)...
[M::mem_process_seqs] Processed 100532 reads in 2.478 CPU sec, 2.261 real sec
[M::process] read 100608 sequences (10000006 bp)...
[M::mem_process_seqs] Processed 100672 reads in 2.506 CPU sec, 2.290 real sec
[M::process] read 100658 sequences (10000183 bp)...
[M::mem_process_seqs] Processed 100608 reads in 2.480 CPU sec, 2.263 real sec
[M::process] read 100544 sequences (10000037 bp)...
[M::mem_process_seqs] Processed 100658 reads in 2.485 CPU sec, 2.269 real sec
[M::process] read 100576 sequences (10000191 bp)...
[M::mem_process_seqs] Processed 100544 reads in 2.487 CPU sec, 2.271 real sec
[M::process] read 100568 sequences (10000063 bp)...
[M::mem_process_seqs] Processed 100576 reads in 2.477 CPU sec, 2.260 real sec
[M::process] read 100596 sequences (10000189 bp)...
[M::mem_process_seqs] Processed 100568 reads in 2.479 CPU sec, 2.262 real sec
[M::process] read 100662 sequences (10000196 bp)...
[M::mem_process_seqs] Processed 100596 reads in 2.481 CPU sec, 2.264 real sec
[M::process] read 100650 sequences (10000075 bp)...
[M::mem_process_seqs] Processed 100662 reads in 2.494 CPU sec, 2.276 real sec
[M::process] read 100694 sequences (10000161 bp)...
[M::mem_process_seqs] Processed 100650 reads in 2.511 CPU sec, 2.293 real sec
[M::process] read 100634 sequences (10000010 bp)...
[M::mem_process_seqs] Processed 100694 reads in 2.500 CPU sec, 2.283 real sec
[M::process] read 100632 sequences (10000139 bp)...
[M::mem_process_seqs] Processed 100634 reads in 2.486 CPU sec, 2.268 real sec
[M::process] read 100620 sequences (10000045 bp)...
[M::mem_process_seqs] Processed 100632 reads in 2.486 CPU sec, 2.268 real sec
[M::process] read 100686 sequences (10000091 bp)...
[M::mem_process_seqs] Processed 100620 reads in 2.499 CPU sec, 2.279 real sec
[M::process] read 100706 sequences (10000171 bp)...
[M::mem_process_seqs] Processed 100686 reads in 2.504 CPU sec, 2.285 real sec
[M::process] read 100696 sequences (10000139 bp)...
[M::mem_process_seqs] Processed 100706 reads in 2.513 CPU sec, 2.295 real sec
[M::process] read 100686 sequences (10000078 bp)...
[M::mem_process_seqs] Processed 100696 reads in 2.510 CPU sec, 2.290 real sec
[M::process] read 100682 sequences (10000154 bp)...
[M::mem_process_seqs] Processed 100686 reads in 2.505 CPU sec, 2.285 real sec
[M::process] read 100682 sequences (10000070 bp)...
[M::mem_process_seqs] Processed 100682 reads in 2.523 CPU sec, 2.302 real sec
[M::process] read 100756 sequences (10000027 bp)...
[M::mem_process_seqs] Processed 100682 reads in 2.523 CPU sec, 2.303 real sec
[M::process] read 100742 sequences (10000082 bp)...
[M::mem_process_seqs] Processed 100756 reads in 2.499 CPU sec, 2.278 real sec
[M::process] read 100794 sequences (10000034 bp)...
[M::mem_process_seqs] Processed 100742 reads in 2.503 CPU sec, 2.280 real sec
[M::process] read 100900 sequences (10000134 bp)...
[M::mem_process_seqs] Processed 100794 reads in 2.510 CPU sec, 2.287 real sec
[M::process] read 100808 sequences (10000040 bp)...
[M::mem_process_seqs] Processed 100900 reads in 2.509 CPU sec, 2.287 real sec
[M::process] read 100876 sequences (10000140 bp)...
[M::mem_process_seqs] Processed 100808 reads in 2.516 CPU sec, 2.296 real sec
[M::process] read 100826 sequences (10000071 bp)...
[M::mem_process_seqs] Processed 100876 reads in 2.517 CPU sec, 2.293 real sec
[M::process] read 101032 sequences (10000171 bp)...
[M::mem_process_seqs] Processed 100826 reads in 2.509 CPU sec, 2.287 real sec
[M::process] read 103010 sequences (10000133 bp)...
[M::mem_process_seqs] Processed 101032 reads in 2.505 CPU sec, 2.276 real sec
[M::process] read 101030 sequences (10000089 bp)...
[M::mem_process_seqs] Processed 103010 reads in 2.528 CPU sec, 2.302 real sec
[M::process] read 101186 sequences (10000136 bp)...
[M::mem_process_seqs] Processed 101030 reads in 2.525 CPU sec, 2.297 real sec
[M::process] read 101164 sequences (10000191 bp)...
[M::mem_process_seqs] Processed 101186 reads in 2.584 CPU sec, 2.357 real sec
[M::process] read 100806 sequences (10000180 bp)...
[M::mem_process_seqs] Processed 101164 reads in 2.513 CPU sec, 2.291 real sec
[M::process] read 100548 sequences (10000063 bp)...
[M::mem_process_seqs] Processed 100806 reads in 2.494 CPU sec, 2.279 real sec
[M::process] read 100546 sequences (10000114 bp)...
[M::mem_process_seqs] Processed 100548 reads in 2.499 CPU sec, 2.283 real sec
[M::process] read 100718 sequences (10000085 bp)...
[M::mem_process_seqs] Processed 100546 reads in 2.493 CPU sec, 2.275 real sec
[M::process] read 100534 sequences (10000032 bp)...
[M::mem_process_seqs] Processed 100718 reads in 2.503 CPU sec, 2.286 real sec
[M::process] read 100588 sequences (10000086 bp)...
[M::mem_process_seqs] Processed 100534 reads in 2.488 CPU sec, 2.271 real sec
[M::process] read 100520 sequences (10000045 bp)...
[M::mem_process_seqs] Processed 100588 reads in 2.490 CPU sec, 2.273 real sec
[M::process] read 100500 sequences (10000138 bp)...
[M::mem_process_seqs] Processed 100520 reads in 2.495 CPU sec, 2.279 real sec
[M::process] read 100536 sequences (10000167 bp)...
[M::mem_process_seqs] Processed 100500 reads in 2.497 CPU sec, 2.280 real sec
[M::process] read 100640 sequences (10000153 bp)...
[M::mem_process_seqs] Processed 100536 reads in 2.494 CPU sec, 2.276 real sec
[M::process] read 100614 sequences (10000070 bp)...
[M::mem_process_seqs] Processed 100640 reads in 2.507 CPU sec, 2.289 real sec
[M::process] read 100648 sequences (10000116 bp)...
[M::mem_process_seqs] Processed 100614 reads in 2.501 CPU sec, 2.282 real sec
[M::process] read 100628 sequences (10000067 bp)...
[M::mem_process_seqs] Processed 100648 reads in 2.536 CPU sec, 2.317 real sec
[M::process] read 100598 sequences (10000001 bp)...
[M::mem_process_seqs] Processed 100628 reads in 2.487 CPU sec, 2.268 real sec
[M::process] read 100602 sequences (10000114 bp)...
[M::mem_process_seqs] Processed 100598 reads in 2.502 CPU sec, 2.282 real sec
[M::process] read 100636 sequences (10000113 bp)...
[M::mem_process_seqs] Processed 100602 reads in 2.506 CPU sec, 2.287 real sec
[M::process] read 100650 sequences (10000139 bp)...
[M::mem_process_seqs] Processed 100636 reads in 2.503 CPU sec, 2.284 real sec
[M::process] read 100716 sequences (10000045 bp)...
[M::mem_process_seqs] Processed 100650 reads in 2.504 CPU sec, 2.284 real sec
[M::process] read 100650 sequences (10000011 bp)...
[M::mem_process_seqs] Processed 100716 reads in 2.503 CPU sec, 2.286 real sec
[M::process] read 100654 sequences (10000196 bp)...
[M::mem_process_seqs] Processed 100650 reads in 2.506 CPU sec, 2.286 real sec
[M::process] read 100712 sequences (10000193 bp)...
[M::mem_process_seqs] Processed 100654 reads in 2.500 CPU sec, 2.280 real sec
[M::process] read 100704 sequences (10000093 bp)...
[M::mem_process_seqs] Processed 100712 reads in 2.496 CPU sec, 2.275 real sec
[M::process] read 100810 sequences (10000003 bp)...
[M::mem_process_seqs] Processed 100704 reads in 2.506 CPU sec, 2.285 real sec
[M::process] read 100706 sequences (10000152 bp)...
[M::mem_process_seqs] Processed 100810 reads in 2.500 CPU sec, 2.280 real sec
[M::process] read 100760 sequences (10000122 bp)...
[M::mem_process_seqs] Processed 100706 reads in 2.522 CPU sec, 2.300 real sec
[M::process] read 100832 sequences (10000070 bp)...
[M::mem_process_seqs] Processed 100760 reads in 2.501 CPU sec, 2.280 real sec
[M::process] read 100814 sequences (10000164 bp)...
[M::mem_process_seqs] Processed 100832 reads in 2.503 CPU sec, 2.281 real sec
[M::process] read 100884 sequences (10000000 bp)...
[M::mem_process_seqs] Processed 100814 reads in 2.501 CPU sec, 2.280 real sec
[M::process] read 100796 sequences (10000012 bp)...
[M::mem_process_seqs] Processed 100884 reads in 2.512 CPU sec, 2.290 real sec
[M::process] read 101016 sequences (10000091 bp)...
[M::mem_process_seqs] Processed 100796 reads in 2.510 CPU sec, 2.287 real sec
[M::process] read 102210 sequences (10000099 bp)...
[M::mem_process_seqs] Processed 101016 reads in 2.505 CPU sec, 2.279 real sec
[M::process] read 100814 sequences (10000179 bp)...
[M::mem_process_seqs] Processed 102210 reads in 2.507 CPU sec, 2.282 real sec
[M::process] read 101350 sequences (10000086 bp)...
[M::mem_process_seqs] Processed 100814 reads in 2.506 CPU sec, 2.277 real sec
[M::process] read 101174 sequences (10000066 bp)...
[M::mem_process_seqs] Processed 101350 reads in 2.510 CPU sec, 2.284 real sec
[M::process] read 100722 sequences (10000091 bp)...
[M::mem_process_seqs] Processed 101174 reads in 2.496 CPU sec, 2.276 real sec
[M::process] read 100910 sequences (10000033 bp)...
[M::mem_process_seqs] Processed 100722 reads in 2.484 CPU sec, 2.267 real sec
[M::process] read 101086 sequences (10000017 bp)...
[M::mem_process_seqs] Processed 100910 reads in 2.693 CPU sec, 2.477 real sec
[M::process] read 100956 sequences (10000001 bp)...
[M::mem_process_seqs] Processed 101086 reads in 2.723 CPU sec, 2.504 real sec
[M::process] read 100874 sequences (10000170 bp)...
[M::mem_process_seqs] Processed 100956 reads in 2.978 CPU sec, 2.764 real sec
[M::process] read 100908 sequences (10000169 bp)...
[M::mem_process_seqs] Processed 100874 reads in 2.684 CPU sec, 2.467 real sec
[M::process] read 101304 sequences (10000045 bp)...
[M::mem_process_seqs] Processed 100908 reads in 2.672 CPU sec, 2.455 real sec
[M::process] read 100568 sequences (10000067 bp)...
[M::mem_process_seqs] Processed 101304 reads in 2.619 CPU sec, 2.403 real sec
[M::process] read 100818 sequences (10000128 bp)...
[M::mem_process_seqs] Processed 100568 reads in 2.506 CPU sec, 2.286 real sec
[M::process] read 100618 sequences (10000095 bp)...
[M::mem_process_seqs] Processed 100818 reads in 2.742 CPU sec, 2.526 real sec
[M::process] read 100580 sequences (10000128 bp)...
[M::mem_process_seqs] Processed 100618 reads in 2.504 CPU sec, 2.286 real sec
[M::process] read 100592 sequences (10000053 bp)...
[M::mem_process_seqs] Processed 100580 reads in 2.487 CPU sec, 2.271 real sec
[M::process] read 100640 sequences (10000013 bp)...
[M::mem_process_seqs] Processed 100592 reads in 2.483 CPU sec, 2.267 real sec
[M::process] read 100560 sequences (10000014 bp)...
[M::mem_process_seqs] Processed 100640 reads in 2.498 CPU sec, 2.281 real sec
[M::process] read 100638 sequences (10000133 bp)...
[M::mem_process_seqs] Processed 100560 reads in 2.563 CPU sec, 2.344 real sec
[M::process] read 100612 sequences (10000049 bp)...
[M::mem_process_seqs] Processed 100638 reads in 2.492 CPU sec, 2.275 real sec
[M::process] read 100638 sequences (10000027 bp)...
[M::mem_process_seqs] Processed 100612 reads in 2.496 CPU sec, 2.278 real sec
[M::process] read 100678 sequences (10000101 bp)...
[M::mem_process_seqs] Processed 100638 reads in 2.494 CPU sec, 2.275 real sec
[M::process] read 100668 sequences (10000169 bp)...
[M::mem_process_seqs] Processed 100678 reads in 2.503 CPU sec, 2.284 real sec
[M::process] read 100648 sequences (10000184 bp)...
[M::mem_process_seqs] Processed 100668 reads in 2.511 CPU sec, 2.292 real sec
[M::process] read 100684 sequences (10000192 bp)...
[M::mem_process_seqs] Processed 100648 reads in 2.496 CPU sec, 2.277 real sec
[M::process] read 100664 sequences (10000031 bp)...
[M::mem_process_seqs] Processed 100684 reads in 2.498 CPU sec, 2.279 real sec
[M::process] read 100696 sequences (10000010 bp)...
[M::mem_process_seqs] Processed 100664 reads in 2.499 CPU sec, 2.279 real sec
[M::process] read 100846 sequences (10000118 bp)...
[M::mem_process_seqs] Processed 100696 reads in 2.497 CPU sec, 2.278 real sec
[M::process] read 100784 sequences (10000051 bp)...
[M::mem_process_seqs] Processed 100846 reads in 2.558 CPU sec, 2.341 real sec
[M::process] read 100826 sequences (10000194 bp)...
[M::mem_process_seqs] Processed 100784 reads in 2.511 CPU sec, 2.289 real sec
[M::process] read 100788 sequences (10000098 bp)...
[M::mem_process_seqs] Processed 100826 reads in 2.508 CPU sec, 2.286 real sec
[M::process] read 100814 sequences (10000121 bp)...
[M::mem_process_seqs] Processed 100788 reads in 2.508 CPU sec, 2.286 real sec
[M::process] read 100816 sequences (10000189 bp)...
[M::mem_process_seqs] Processed 100814 reads in 2.576 CPU sec, 2.354 real sec
[M::process] read 100890 sequences (10000192 bp)...
[M::mem_process_seqs] Processed 100816 reads in 2.529 CPU sec, 2.307 real sec
[M::process] read 102736 sequences (10000145 bp)...
[M::mem_process_seqs] Processed 100890 reads in 2.514 CPU sec, 2.288 real sec
[M::process] read 101056 sequences (10000160 bp)...
[M::mem_process_seqs] Processed 102736 reads in 2.528 CPU sec, 2.303 real sec
[M::process] read 101100 sequences (10000074 bp)...
[M::mem_process_seqs] Processed 101056 reads in 2.541 CPU sec, 2.313 real sec
[M::process] read 101078 sequences (10000056 bp)...
[M::mem_process_seqs] Processed 101100 reads in 2.516 CPU sec, 2.292 real sec
[M::process] read 48722 sequences (4823102 bp)...
[M::mem_process_seqs] Processed 101078 reads in 2.395 CPU sec, 2.264 real sec
[M::mem_process_seqs] Processed 48722 reads in 1.136 CPU sec, 1.088 real sec
[main] Version: 0.7.19-r1273
[main] CMD: bwa mem Efaecium /home/yogesh22/Genome_Analysis/raw_data/transcriptomics_data/RNA-Seq_BH/trimmed/trim_paired_ERR1797972_pass_2.fastq.gz
[main] Real time: 313.946 sec; CPU: 343.567 sec
[M::bwa_idx_load_from_disk] read 0 ALT contigs
[M::process] read 100350 sequences (10000090 bp)...
[M::process] read 100328 sequences (10000088 bp)...
[M::mem_process_seqs] Processed 100350 reads in 2.405 CPU sec, 2.206 real sec
[M::process] read 100472 sequences (10000090 bp)...
[M::mem_process_seqs] Processed 100328 reads in 2.392 CPU sec, 2.168 real sec
[M::process] read 100362 sequences (10000097 bp)...
[M::mem_process_seqs] Processed 100472 reads in 2.396 CPU sec, 2.177 real sec
[M::process] read 100378 sequences (10000023 bp)...
[M::mem_process_seqs] Processed 100362 reads in 2.366 CPU sec, 2.152 real sec
[M::process] read 100362 sequences (10000101 bp)...
[M::mem_process_seqs] Processed 100378 reads in 2.373 CPU sec, 2.157 real sec
[M::process] read 100342 sequences (10000015 bp)...
[M::mem_process_seqs] Processed 100362 reads in 2.383 CPU sec, 2.169 real sec
[M::process] read 100374 sequences (10000159 bp)...
[M::mem_process_seqs] Processed 100342 reads in 2.377 CPU sec, 2.162 real sec
[M::process] read 100470 sequences (10000054 bp)...
[M::mem_process_seqs] Processed 100374 reads in 2.380 CPU sec, 2.163 real sec
[M::process] read 100434 sequences (10000135 bp)...
[M::mem_process_seqs] Processed 100470 reads in 2.383 CPU sec, 2.166 real sec
[M::process] read 100408 sequences (10000128 bp)...
[M::mem_process_seqs] Processed 100434 reads in 2.385 CPU sec, 2.168 real sec
[M::process] read 100366 sequences (10000017 bp)...
[M::mem_process_seqs] Processed 100408 reads in 2.372 CPU sec, 2.156 real sec
[M::process] read 100400 sequences (10000148 bp)...
[M::mem_process_seqs] Processed 100366 reads in 2.374 CPU sec, 2.157 real sec
[M::process] read 100442 sequences (10000038 bp)...
[M::mem_process_seqs] Processed 100400 reads in 2.370 CPU sec, 2.152 real sec
[M::process] read 100414 sequences (10000031 bp)...
[M::mem_process_seqs] Processed 100442 reads in 2.370 CPU sec, 2.152 real sec
[M::process] read 100430 sequences (10000062 bp)...
[M::mem_process_seqs] Processed 100414 reads in 2.375 CPU sec, 2.156 real sec
[M::process] read 100418 sequences (10000069 bp)...
[M::mem_process_seqs] Processed 100430 reads in 2.375 CPU sec, 2.156 real sec
[M::process] read 100390 sequences (10000074 bp)...
[M::mem_process_seqs] Processed 100418 reads in 2.398 CPU sec, 2.181 real sec
[M::process] read 100490 sequences (10000157 bp)...
[M::mem_process_seqs] Processed 100390 reads in 2.379 CPU sec, 2.160 real sec
[M::process] read 100426 sequences (10000089 bp)...
[M::mem_process_seqs] Processed 100490 reads in 2.388 CPU sec, 2.169 real sec
[M::process] read 100484 sequences (10000188 bp)...
[M::mem_process_seqs] Processed 100426 reads in 2.382 CPU sec, 2.163 real sec
[M::process] read 100506 sequences (10000090 bp)...
[M::mem_process_seqs] Processed 100484 reads in 2.382 CPU sec, 2.161 real sec
[M::process] read 100450 sequences (10000070 bp)...
[M::mem_process_seqs] Processed 100506 reads in 2.381 CPU sec, 2.162 real sec
[M::process] read 100508 sequences (10000093 bp)...
[M::mem_process_seqs] Processed 100450 reads in 2.376 CPU sec, 2.156 real sec
[M::process] read 100544 sequences (10000056 bp)...
[M::mem_process_seqs] Processed 100508 reads in 2.379 CPU sec, 2.159 real sec
[M::process] read 100578 sequences (10000088 bp)...
[M::mem_process_seqs] Processed 100544 reads in 2.385 CPU sec, 2.164 real sec
[M::process] read 100600 sequences (10000149 bp)...
[M::mem_process_seqs] Processed 100578 reads in 2.397 CPU sec, 2.176 real sec
[M::process] read 100586 sequences (10000053 bp)...
[M::mem_process_seqs] Processed 100600 reads in 2.389 CPU sec, 2.167 real sec
[M::process] read 100580 sequences (10000158 bp)...
[M::mem_process_seqs] Processed 100586 reads in 2.393 CPU sec, 2.171 real sec
[M::process] read 100588 sequences (10000022 bp)...
[M::mem_process_seqs] Processed 100580 reads in 2.408 CPU sec, 2.185 real sec
[M::process] read 100730 sequences (10000097 bp)...
[M::mem_process_seqs] Processed 100588 reads in 2.391 CPU sec, 2.168 real sec
[M::process] read 100604 sequences (10000103 bp)...
[M::mem_process_seqs] Processed 100730 reads in 2.383 CPU sec, 2.159 real sec
[M::process] read 100968 sequences (10000138 bp)...
[M::mem_process_seqs] Processed 100604 reads in 2.391 CPU sec, 2.166 real sec
[M::process] read 100776 sequences (10000050 bp)...
[M::mem_process_seqs] Processed 100968 reads in 2.390 CPU sec, 2.165 real sec
[M::process] read 100392 sequences (10000076 bp)...
[M::mem_process_seqs] Processed 100776 reads in 2.371 CPU sec, 2.158 real sec
[M::process] read 100340 sequences (10000189 bp)...
[M::mem_process_seqs] Processed 100392 reads in 2.369 CPU sec, 2.154 real sec
[M::process] read 100494 sequences (10000049 bp)...
[M::mem_process_seqs] Processed 100340 reads in 2.359 CPU sec, 2.144 real sec
[M::process] read 100370 sequences (10000185 bp)...
[M::mem_process_seqs] Processed 100494 reads in 2.377 CPU sec, 2.163 real sec
[M::process] read 100374 sequences (10000116 bp)...
[M::mem_process_seqs] Processed 100370 reads in 2.374 CPU sec, 2.160 real sec
[M::process] read 100372 sequences (10000188 bp)...
[M::mem_process_seqs] Processed 100374 reads in 2.369 CPU sec, 2.155 real sec
[M::process] read 100410 sequences (10000052 bp)...
[M::mem_process_seqs] Processed 100372 reads in 2.377 CPU sec, 2.162 real sec
[M::process] read 100354 sequences (10000151 bp)...
[M::mem_process_seqs] Processed 100410 reads in 2.365 CPU sec, 2.152 real sec
[M::process] read 100454 sequences (10000147 bp)...
[M::mem_process_seqs] Processed 100354 reads in 2.367 CPU sec, 2.150 real sec
[M::process] read 100468 sequences (10000034 bp)...
[M::mem_process_seqs] Processed 100454 reads in 2.369 CPU sec, 2.155 real sec
[M::process] read 100366 sequences (10000025 bp)...
[M::mem_process_seqs] Processed 100468 reads in 2.367 CPU sec, 2.153 real sec
[M::process] read 100380 sequences (10000060 bp)...
[M::mem_process_seqs] Processed 100366 reads in 2.382 CPU sec, 2.166 real sec
[M::process] read 100492 sequences (10000188 bp)...
[M::mem_process_seqs] Processed 100380 reads in 2.380 CPU sec, 2.163 real sec
[M::process] read 100408 sequences (10000190 bp)...
[M::mem_process_seqs] Processed 100492 reads in 2.380 CPU sec, 2.163 real sec
[M::process] read 100398 sequences (10000058 bp)...
[M::mem_process_seqs] Processed 100408 reads in 2.386 CPU sec, 2.168 real sec
[M::process] read 100404 sequences (10000065 bp)...
[M::mem_process_seqs] Processed 100398 reads in 2.372 CPU sec, 2.156 real sec
[M::process] read 100450 sequences (10000109 bp)...
[M::mem_process_seqs] Processed 100404 reads in 2.392 CPU sec, 2.174 real sec
[M::process] read 100432 sequences (10000031 bp)...
[M::mem_process_seqs] Processed 100450 reads in 2.372 CPU sec, 2.155 real sec
[M::process] read 100420 sequences (10000193 bp)...
[M::mem_process_seqs] Processed 100432 reads in 2.382 CPU sec, 2.166 real sec
[M::process] read 100412 sequences (10000003 bp)...
[M::mem_process_seqs] Processed 100420 reads in 2.383 CPU sec, 2.164 real sec
[M::process] read 100438 sequences (10000167 bp)...
[M::mem_process_seqs] Processed 100412 reads in 2.396 CPU sec, 2.177 real sec
[M::process] read 100508 sequences (10000146 bp)...
[M::mem_process_seqs] Processed 100438 reads in 2.385 CPU sec, 2.166 real sec
[M::process] read 100448 sequences (10000147 bp)...
[M::mem_process_seqs] Processed 100508 reads in 2.381 CPU sec, 2.163 real sec
[M::process] read 100478 sequences (10000127 bp)...
[M::mem_process_seqs] Processed 100448 reads in 2.378 CPU sec, 2.158 real sec
[M::process] read 100520 sequences (10000039 bp)...
[M::mem_process_seqs] Processed 100478 reads in 2.380 CPU sec, 2.160 real sec
[M::process] read 100566 sequences (10000041 bp)...
[M::mem_process_seqs] Processed 100520 reads in 2.390 CPU sec, 2.170 real sec
[M::process] read 100460 sequences (10000015 bp)...
[M::mem_process_seqs] Processed 100566 reads in 2.385 CPU sec, 2.165 real sec
[M::process] read 100524 sequences (10000030 bp)...
[M::mem_process_seqs] Processed 100460 reads in 2.380 CPU sec, 2.159 real sec
[M::process] read 100532 sequences (10000146 bp)...
[M::mem_process_seqs] Processed 100524 reads in 2.379 CPU sec, 2.158 real sec
[M::process] read 100514 sequences (10000175 bp)...
[M::mem_process_seqs] Processed 100532 reads in 2.406 CPU sec, 2.185 real sec
[M::process] read 100656 sequences (10000111 bp)...
[M::mem_process_seqs] Processed 100514 reads in 2.383 CPU sec, 2.159 real sec
[M::process] read 100776 sequences (10000162 bp)...
[M::mem_process_seqs] Processed 100656 reads in 2.381 CPU sec, 2.157 real sec
[M::process] read 100696 sequences (10000174 bp)...
[M::mem_process_seqs] Processed 100776 reads in 2.404 CPU sec, 2.179 real sec
[M::process] read 100778 sequences (10000127 bp)...
[M::mem_process_seqs] Processed 100696 reads in 2.392 CPU sec, 2.167 real sec
[M::process] read 100510 sequences (10000067 bp)...
[M::mem_process_seqs] Processed 100778 reads in 2.400 CPU sec, 2.184 real sec
[M::process] read 100330 sequences (10000095 bp)...
[M::mem_process_seqs] Processed 100510 reads in 2.370 CPU sec, 2.158 real sec
[M::process] read 100366 sequences (10000054 bp)...
[M::mem_process_seqs] Processed 100330 reads in 2.367 CPU sec, 2.154 real sec
[M::process] read 100498 sequences (10000164 bp)...
[M::mem_process_seqs] Processed 100366 reads in 2.374 CPU sec, 2.159 real sec
[M::process] read 100336 sequences (10000045 bp)...
[M::mem_process_seqs] Processed 100498 reads in 2.382 CPU sec, 2.169 real sec
[M::process] read 100344 sequences (10000178 bp)...
[M::mem_process_seqs] Processed 100336 reads in 2.360 CPU sec, 2.148 real sec
[M::process] read 100398 sequences (10000171 bp)...
[M::mem_process_seqs] Processed 100344 reads in 2.365 CPU sec, 2.151 real sec
[M::process] read 100366 sequences (10000060 bp)...
[M::mem_process_seqs] Processed 100398 reads in 2.418 CPU sec, 2.205 real sec
[M::process] read 100394 sequences (10000153 bp)...
[M::mem_process_seqs] Processed 100366 reads in 2.402 CPU sec, 2.188 real sec
[M::process] read 100544 sequences (10000106 bp)...
[M::mem_process_seqs] Processed 100394 reads in 2.362 CPU sec, 2.147 real sec
[M::process] read 100378 sequences (10000115 bp)...
[M::mem_process_seqs] Processed 100544 reads in 2.365 CPU sec, 2.149 real sec
[M::process] read 100346 sequences (10000139 bp)...
[M::mem_process_seqs] Processed 100378 reads in 2.366 CPU sec, 2.153 real sec
[M::process] read 100402 sequences (10000007 bp)...
[M::mem_process_seqs] Processed 100346 reads in 2.376 CPU sec, 2.162 real sec
[M::process] read 100376 sequences (10000049 bp)...
[M::mem_process_seqs] Processed 100402 reads in 2.372 CPU sec, 2.157 real sec
[M::process] read 100412 sequences (10000022 bp)...
[M::mem_process_seqs] Processed 100376 reads in 2.373 CPU sec, 2.158 real sec
[M::process] read 100396 sequences (10000002 bp)...
[M::mem_process_seqs] Processed 100412 reads in 2.386 CPU sec, 2.170 real sec
[M::process] read 100418 sequences (10000147 bp)...
[M::mem_process_seqs] Processed 100396 reads in 2.378 CPU sec, 2.161 real sec
[M::process] read 100412 sequences (10000176 bp)...
[M::mem_process_seqs] Processed 100418 reads in 2.379 CPU sec, 2.164 real sec
[M::process] read 100430 sequences (10000029 bp)...
[M::mem_process_seqs] Processed 100412 reads in 2.378 CPU sec, 2.163 real sec
[M::process] read 100416 sequences (10000148 bp)...
[M::mem_process_seqs] Processed 100430 reads in 2.385 CPU sec, 2.168 real sec
[M::process] read 100408 sequences (10000145 bp)...
[M::mem_process_seqs] Processed 100416 reads in 2.376 CPU sec, 2.159 real sec
[M::process] read 100490 sequences (10000016 bp)...
[M::mem_process_seqs] Processed 100408 reads in 2.375 CPU sec, 2.161 real sec
[M::process] read 100466 sequences (10000060 bp)...
[M::mem_process_seqs] Processed 100490 reads in 2.374 CPU sec, 2.157 real sec
[M::process] read 100486 sequences (10000122 bp)...
[M::mem_process_seqs] Processed 100466 reads in 2.372 CPU sec, 2.154 real sec
[M::process] read 100482 sequences (10000039 bp)...
[M::mem_process_seqs] Processed 100486 reads in 2.385 CPU sec, 2.167 real sec
[M::process] read 100540 sequences (10000060 bp)...
[M::mem_process_seqs] Processed 100482 reads in 2.398 CPU sec, 2.179 real sec
[M::process] read 100496 sequences (10000179 bp)...
[M::mem_process_seqs] Processed 100540 reads in 2.400 CPU sec, 2.181 real sec
[M::process] read 100552 sequences (10000198 bp)...
[M::mem_process_seqs] Processed 100496 reads in 2.373 CPU sec, 2.152 real sec
[M::process] read 100504 sequences (10000072 bp)...
[M::mem_process_seqs] Processed 100552 reads in 2.389 CPU sec, 2.168 real sec
[M::process] read 100560 sequences (10000125 bp)...
[M::mem_process_seqs] Processed 100504 reads in 2.395 CPU sec, 2.173 real sec
[M::process] read 100638 sequences (10000114 bp)...
[M::mem_process_seqs] Processed 100560 reads in 2.378 CPU sec, 2.158 real sec
[M::process] read 100524 sequences (10000105 bp)...
[M::mem_process_seqs] Processed 100638 reads in 2.397 CPU sec, 2.176 real sec
[M::process] read 100886 sequences (10000071 bp)...
[M::mem_process_seqs] Processed 100524 reads in 2.391 CPU sec, 2.168 real sec
[M::process] read 100710 sequences (10000126 bp)...
[M::mem_process_seqs] Processed 100886 reads in 2.390 CPU sec, 2.168 real sec
[M::process] read 100504 sequences (10000189 bp)...
[M::mem_process_seqs] Processed 100710 reads in 2.382 CPU sec, 2.165 real sec
[M::process] read 101158 sequences (10000062 bp)...
[M::mem_process_seqs] Processed 100504 reads in 2.637 CPU sec, 2.422 real sec
[M::process] read 100834 sequences (10000177 bp)...
[M::mem_process_seqs] Processed 101158 reads in 3.004 CPU sec, 2.790 real sec
[M::process] read 102124 sequences (10000106 bp)...
[M::mem_process_seqs] Processed 100834 reads in 2.932 CPU sec, 2.717 real sec
[M::process] read 100830 sequences (10000145 bp)...
[M::mem_process_seqs] Processed 102124 reads in 2.499 CPU sec, 2.284 real sec
[M::process] read 101052 sequences (10000021 bp)...
[M::mem_process_seqs] Processed 100830 reads in 2.562 CPU sec, 2.347 real sec
[M::process] read 100768 sequences (10000119 bp)...
[M::mem_process_seqs] Processed 101052 reads in 2.622 CPU sec, 2.408 real sec
[M::process] read 100340 sequences (10000061 bp)...
[M::mem_process_seqs] Processed 100768 reads in 2.613 CPU sec, 2.400 real sec
[M::process] read 100544 sequences (10000022 bp)...
[M::mem_process_seqs] Processed 100340 reads in 2.382 CPU sec, 2.165 real sec
[M::process] read 100552 sequences (10000173 bp)...
[M::mem_process_seqs] Processed 100544 reads in 2.378 CPU sec, 2.163 real sec
[M::process] read 100372 sequences (10000097 bp)...
[M::mem_process_seqs] Processed 100552 reads in 2.379 CPU sec, 2.165 real sec
[M::process] read 100382 sequences (10000162 bp)...
[M::mem_process_seqs] Processed 100372 reads in 2.474 CPU sec, 2.259 real sec
[M::process] read 100418 sequences (10000087 bp)...
[M::mem_process_seqs] Processed 100382 reads in 2.368 CPU sec, 2.154 real sec
[M::process] read 100404 sequences (10000078 bp)...
[M::mem_process_seqs] Processed 100418 reads in 2.367 CPU sec, 2.151 real sec
[M::process] read 100440 sequences (10000157 bp)...
[M::mem_process_seqs] Processed 100404 reads in 2.376 CPU sec, 2.160 real sec
[M::process] read 100372 sequences (10000117 bp)...
[M::mem_process_seqs] Processed 100440 reads in 2.377 CPU sec, 2.162 real sec
[M::process] read 100422 sequences (10000054 bp)...
[M::mem_process_seqs] Processed 100372 reads in 2.370 CPU sec, 2.155 real sec
[M::process] read 100384 sequences (10000135 bp)...
[M::mem_process_seqs] Processed 100422 reads in 2.372 CPU sec, 2.157 real sec
[M::process] read 100410 sequences (10000142 bp)...
[M::mem_process_seqs] Processed 100384 reads in 2.374 CPU sec, 2.158 real sec
[M::process] read 100396 sequences (10000171 bp)...
[M::mem_process_seqs] Processed 100410 reads in 2.380 CPU sec, 2.163 real sec
[M::process] read 100394 sequences (10000051 bp)...
[M::mem_process_seqs] Processed 100396 reads in 2.394 CPU sec, 2.178 real sec
[M::process] read 100436 sequences (10000180 bp)...
[M::mem_process_seqs] Processed 100394 reads in 2.378 CPU sec, 2.161 real sec
[M::process] read 100476 sequences (10000192 bp)...
[M::mem_process_seqs] Processed 100436 reads in 2.387 CPU sec, 2.169 real sec
[M::process] read 100428 sequences (10000012 bp)...
[M::mem_process_seqs] Processed 100476 reads in 2.382 CPU sec, 2.166 real sec
[M::process] read 100458 sequences (10000128 bp)...
[M::mem_process_seqs] Processed 100428 reads in 2.383 CPU sec, 2.165 real sec
[M::process] read 100492 sequences (10000120 bp)...
[M::mem_process_seqs] Processed 100458 reads in 2.387 CPU sec, 2.169 real sec
[M::process] read 100516 sequences (10000006 bp)...
[M::mem_process_seqs] Processed 100492 reads in 2.389 CPU sec, 2.169 real sec
[M::process] read 100464 sequences (10000087 bp)...
[M::mem_process_seqs] Processed 100516 reads in 2.387 CPU sec, 2.167 real sec
[M::process] read 100530 sequences (10000181 bp)...
[M::mem_process_seqs] Processed 100464 reads in 2.386 CPU sec, 2.166 real sec
[M::process] read 100514 sequences (10000109 bp)...
[M::mem_process_seqs] Processed 100530 reads in 2.379 CPU sec, 2.160 real sec
[M::process] read 100538 sequences (10000184 bp)...
[M::mem_process_seqs] Processed 100514 reads in 2.385 CPU sec, 2.165 real sec
[M::process] read 100576 sequences (10000111 bp)...
[M::mem_process_seqs] Processed 100538 reads in 2.388 CPU sec, 2.167 real sec
[M::process] read 100742 sequences (10000070 bp)...
[M::mem_process_seqs] Processed 100576 reads in 2.397 CPU sec, 2.173 real sec
[M::process] read 100676 sequences (10000183 bp)...
[M::mem_process_seqs] Processed 100742 reads in 2.417 CPU sec, 2.194 real sec
[M::process] read 29252 sequences (2903692 bp)...
[M::mem_process_seqs] Processed 100676 reads in 2.246 CPU sec, 2.151 real sec
[M::mem_process_seqs] Processed 29252 reads in 0.684 CPU sec, 0.636 real sec
[main] Version: 0.7.19-r1273
[main] CMD: bwa mem Efaecium /home/yogesh22/Genome_Analysis/raw_data/transcriptomics_data/RNA-Seq_BH/trimmed/trim_paired_ERR1797973_pass_1.fastq.gz
[main] Real time: 297.657 sec; CPU: 327.040 sec
[M::bwa_idx_load_from_disk] read 0 ALT contigs
[M::process] read 100484 sequences (10000017 bp)...
[M::process] read 100522 sequences (10000131 bp)...
[M::mem_process_seqs] Processed 100484 reads in 2.487 CPU sec, 2.287 real sec
[M::process] read 100510 sequences (10000008 bp)...
[M::mem_process_seqs] Processed 100522 reads in 2.492 CPU sec, 2.267 real sec
[M::process] read 100546 sequences (10000003 bp)...
[M::mem_process_seqs] Processed 100510 reads in 2.497 CPU sec, 2.274 real sec
[M::process] read 100550 sequences (10000123 bp)...
[M::mem_process_seqs] Processed 100546 reads in 2.483 CPU sec, 2.266 real sec
[M::process] read 100500 sequences (10000145 bp)...
[M::mem_process_seqs] Processed 100550 reads in 2.477 CPU sec, 2.261 real sec
[M::process] read 100498 sequences (10000177 bp)...
[M::mem_process_seqs] Processed 100500 reads in 2.478 CPU sec, 2.261 real sec
[M::process] read 100574 sequences (10000110 bp)...
[M::mem_process_seqs] Processed 100498 reads in 2.485 CPU sec, 2.268 real sec
[M::process] read 100494 sequences (10000184 bp)...
[M::mem_process_seqs] Processed 100574 reads in 2.478 CPU sec, 2.261 real sec
[M::process] read 100586 sequences (10000188 bp)...
[M::mem_process_seqs] Processed 100494 reads in 2.490 CPU sec, 2.273 real sec
[M::process] read 100604 sequences (10000055 bp)...
[M::mem_process_seqs] Processed 100586 reads in 2.489 CPU sec, 2.271 real sec
[M::process] read 100594 sequences (10000047 bp)...
[M::mem_process_seqs] Processed 100604 reads in 2.488 CPU sec, 2.270 real sec
[M::process] read 100580 sequences (10000117 bp)...
[M::mem_process_seqs] Processed 100594 reads in 2.494 CPU sec, 2.276 real sec
[M::process] read 100612 sequences (10000048 bp)...
[M::mem_process_seqs] Processed 100580 reads in 2.489 CPU sec, 2.271 real sec
[M::process] read 100620 sequences (10000124 bp)...
[M::mem_process_seqs] Processed 100612 reads in 2.483 CPU sec, 2.265 real sec
[M::process] read 100632 sequences (10000075 bp)...
[M::mem_process_seqs] Processed 100620 reads in 2.480 CPU sec, 2.261 real sec
[M::process] read 100616 sequences (10000197 bp)...
[M::mem_process_seqs] Processed 100632 reads in 2.491 CPU sec, 2.272 real sec
[M::process] read 100624 sequences (10000190 bp)...
[M::mem_process_seqs] Processed 100616 reads in 2.489 CPU sec, 2.270 real sec
[M::process] read 100686 sequences (10000148 bp)...
[M::mem_process_seqs] Processed 100624 reads in 2.487 CPU sec, 2.267 real sec
[M::process] read 100590 sequences (10000177 bp)...
[M::mem_process_seqs] Processed 100686 reads in 2.478 CPU sec, 2.260 real sec
[M::process] read 100616 sequences (10000101 bp)...
[M::mem_process_seqs] Processed 100590 reads in 2.486 CPU sec, 2.266 real sec
[M::process] read 100730 sequences (10000092 bp)...
[M::mem_process_seqs] Processed 100616 reads in 2.583 CPU sec, 2.362 real sec
[M::process] read 100672 sequences (10000082 bp)...
[M::mem_process_seqs] Processed 100730 reads in 2.502 CPU sec, 2.281 real sec
[M::process] read 100688 sequences (10000169 bp)...
[M::mem_process_seqs] Processed 100672 reads in 2.493 CPU sec, 2.273 real sec
[M::process] read 100760 sequences (10000114 bp)...
[M::mem_process_seqs] Processed 100688 reads in 2.478 CPU sec, 2.256 real sec
[M::process] read 100808 sequences (10000038 bp)...
[M::mem_process_seqs] Processed 100760 reads in 2.480 CPU sec, 2.258 real sec
[M::process] read 100798 sequences (10000086 bp)...
[M::mem_process_seqs] Processed 100808 reads in 2.486 CPU sec, 2.264 real sec
[M::process] read 100874 sequences (10000187 bp)...
[M::mem_process_seqs] Processed 100798 reads in 2.494 CPU sec, 2.271 real sec
[M::process] read 100798 sequences (10000197 bp)...
[M::mem_process_seqs] Processed 100874 reads in 2.507 CPU sec, 2.285 real sec
[M::process] read 101890 sequences (10000004 bp)...
[M::mem_process_seqs] Processed 100798 reads in 2.505 CPU sec, 2.285 real sec
[M::process] read 101336 sequences (10000041 bp)...
[M::mem_process_seqs] Processed 101890 reads in 2.513 CPU sec, 2.287 real sec
[M::process] read 100898 sequences (10000088 bp)...
[M::mem_process_seqs] Processed 101336 reads in 2.514 CPU sec, 2.290 real sec
[M::process] read 101296 sequences (10000007 bp)...
[M::mem_process_seqs] Processed 100898 reads in 2.505 CPU sec, 2.279 real sec
[M::process] read 101002 sequences (10000156 bp)...
[M::mem_process_seqs] Processed 101296 reads in 2.522 CPU sec, 2.298 real sec
[M::process] read 100466 sequences (10000033 bp)...
[M::mem_process_seqs] Processed 101002 reads in 2.474 CPU sec, 2.259 real sec
[M::process] read 100496 sequences (10000004 bp)...
[M::mem_process_seqs] Processed 100466 reads in 2.468 CPU sec, 2.252 real sec
[M::process] read 100492 sequences (10000024 bp)...
[M::mem_process_seqs] Processed 100496 reads in 2.470 CPU sec, 2.256 real sec
[M::process] read 100556 sequences (10000030 bp)...
[M::mem_process_seqs] Processed 100492 reads in 2.488 CPU sec, 2.273 real sec
[M::process] read 100584 sequences (10000000 bp)...
[M::mem_process_seqs] Processed 100556 reads in 2.478 CPU sec, 2.263 real sec
[M::process] read 100584 sequences (10000122 bp)...
[M::mem_process_seqs] Processed 100584 reads in 2.480 CPU sec, 2.265 real sec
[M::process] read 100528 sequences (10000040 bp)...
[M::mem_process_seqs] Processed 100584 reads in 2.481 CPU sec, 2.266 real sec
[M::process] read 100498 sequences (10000010 bp)...
[M::mem_process_seqs] Processed 100528 reads in 2.488 CPU sec, 2.273 real sec
[M::process] read 100548 sequences (10000163 bp)...
[M::mem_process_seqs] Processed 100498 reads in 2.478 CPU sec, 2.262 real sec
[M::process] read 100544 sequences (10000007 bp)...
[M::mem_process_seqs] Processed 100548 reads in 2.480 CPU sec, 2.265 real sec
[M::process] read 100610 sequences (10000154 bp)...
[M::mem_process_seqs] Processed 100544 reads in 2.472 CPU sec, 2.255 real sec
[M::process] read 100586 sequences (10000088 bp)...
[M::mem_process_seqs] Processed 100610 reads in 2.484 CPU sec, 2.268 real sec
[M::process] read 100606 sequences (10000009 bp)...
[M::mem_process_seqs] Processed 100586 reads in 2.490 CPU sec, 2.272 real sec
[M::process] read 100566 sequences (10000020 bp)...
[M::mem_process_seqs] Processed 100606 reads in 2.486 CPU sec, 2.269 real sec
[M::process] read 100580 sequences (10000161 bp)...
[M::mem_process_seqs] Processed 100566 reads in 2.488 CPU sec, 2.271 real sec
[M::process] read 100592 sequences (10000034 bp)...
[M::mem_process_seqs] Processed 100580 reads in 2.485 CPU sec, 2.268 real sec
[M::process] read 100616 sequences (10000157 bp)...
[M::mem_process_seqs] Processed 100592 reads in 2.487 CPU sec, 2.269 real sec
[M::process] read 100634 sequences (10000174 bp)...
[M::mem_process_seqs] Processed 100616 reads in 2.483 CPU sec, 2.265 real sec
[M::process] read 100652 sequences (10000077 bp)...
[M::mem_process_seqs] Processed 100634 reads in 2.488 CPU sec, 2.269 real sec
[M::process] read 100644 sequences (10000120 bp)...
[M::mem_process_seqs] Processed 100652 reads in 2.492 CPU sec, 2.274 real sec
[M::process] read 100632 sequences (10000004 bp)...
[M::mem_process_seqs] Processed 100644 reads in 2.489 CPU sec, 2.271 real sec
[M::process] read 100668 sequences (10000182 bp)...
[M::mem_process_seqs] Processed 100632 reads in 2.479 CPU sec, 2.260 real sec
[M::process] read 100682 sequences (10000068 bp)...
[M::mem_process_seqs] Processed 100668 reads in 2.491 CPU sec, 2.271 real sec
[M::process] read 100706 sequences (10000191 bp)...
[M::mem_process_seqs] Processed 100682 reads in 2.495 CPU sec, 2.275 real sec
[M::process] read 100756 sequences (10000196 bp)...
[M::mem_process_seqs] Processed 100706 reads in 2.495 CPU sec, 2.274 real sec
[M::process] read 100814 sequences (10000153 bp)...
[M::mem_process_seqs] Processed 100756 reads in 2.493 CPU sec, 2.271 real sec
[M::process] read 100738 sequences (10000053 bp)...
[M::mem_process_seqs] Processed 100814 reads in 2.486 CPU sec, 2.266 real sec
[M::process] read 100834 sequences (10000116 bp)...
[M::mem_process_seqs] Processed 100738 reads in 2.488 CPU sec, 2.265 real sec
[M::process] read 100754 sequences (10000091 bp)...
[M::mem_process_seqs] Processed 100834 reads in 2.489 CPU sec, 2.267 real sec
[M::process] read 101808 sequences (10000187 bp)...
[M::mem_process_seqs] Processed 100754 reads in 2.503 CPU sec, 2.278 real sec
[M::process] read 102224 sequences (10000095 bp)...
[M::mem_process_seqs] Processed 101808 reads in 2.517 CPU sec, 2.288 real sec
[M::process] read 100918 sequences (10000060 bp)...
[M::mem_process_seqs] Processed 102224 reads in 2.519 CPU sec, 2.292 real sec
[M::process] read 101148 sequences (10000038 bp)...
[M::mem_process_seqs] Processed 100918 reads in 2.507 CPU sec, 2.279 real sec
[M::process] read 101098 sequences (10000176 bp)...
[M::mem_process_seqs] Processed 101148 reads in 2.507 CPU sec, 2.279 real sec
[M::process] read 100560 sequences (10000076 bp)...
[M::mem_process_seqs] Processed 101098 reads in 2.506 CPU sec, 2.290 real sec
[M::process] read 100454 sequences (10000182 bp)...
[M::mem_process_seqs] Processed 100560 reads in 2.466 CPU sec, 2.252 real sec
[M::process] read 100498 sequences (10000138 bp)...
[M::mem_process_seqs] Processed 100454 reads in 2.482 CPU sec, 2.266 real sec
[M::process] read 100650 sequences (10000091 bp)...
[M::mem_process_seqs] Processed 100498 reads in 2.472 CPU sec, 2.255 real sec
[M::process] read 100472 sequences (10000015 bp)...
[M::mem_process_seqs] Processed 100650 reads in 2.476 CPU sec, 2.260 real sec
[M::process] read 100530 sequences (10000050 bp)...
[M::mem_process_seqs] Processed 100472 reads in 2.466 CPU sec, 2.250 real sec
[M::process] read 100460 sequences (10000133 bp)...
[M::mem_process_seqs] Processed 100530 reads in 2.464 CPU sec, 2.247 real sec
[M::process] read 100454 sequences (10000107 bp)...
[M::mem_process_seqs] Processed 100460 reads in 2.464 CPU sec, 2.247 real sec
[M::process] read 100510 sequences (10000070 bp)...
[M::mem_process_seqs] Processed 100454 reads in 2.475 CPU sec, 2.258 real sec
[M::process] read 100540 sequences (10000088 bp)...
[M::mem_process_seqs] Processed 100510 reads in 2.479 CPU sec, 2.261 real sec
[M::process] read 100632 sequences (10000140 bp)...
[M::mem_process_seqs] Processed 100540 reads in 2.492 CPU sec, 2.274 real sec
[M::process] read 100528 sequences (10000167 bp)...
[M::mem_process_seqs] Processed 100632 reads in 2.536 CPU sec, 2.318 real sec
[M::process] read 100542 sequences (10000092 bp)...
[M::mem_process_seqs] Processed 100528 reads in 2.497 CPU sec, 2.279 real sec
[M::process] read 100584 sequences (10000024 bp)...
[M::mem_process_seqs] Processed 100542 reads in 2.489 CPU sec, 2.270 real sec
[M::process] read 100588 sequences (10000084 bp)...
[M::mem_process_seqs] Processed 100584 reads in 2.487 CPU sec, 2.268 real sec
[M::process] read 100570 sequences (10000144 bp)...
[M::mem_process_seqs] Processed 100588 reads in 2.521 CPU sec, 2.303 real sec
[M::process] read 100610 sequences (10000187 bp)...
[M::mem_process_seqs] Processed 100570 reads in 2.480 CPU sec, 2.260 real sec
[M::process] read 100604 sequences (10000135 bp)...
[M::mem_process_seqs] Processed 100610 reads in 2.472 CPU sec, 2.251 real sec
[M::process] read 100640 sequences (10000132 bp)...
[M::mem_process_seqs] Processed 100604 reads in 2.469 CPU sec, 2.249 real sec
[M::process] read 100658 sequences (10000186 bp)...
[M::mem_process_seqs] Processed 100640 reads in 2.471 CPU sec, 2.250 real sec
[M::process] read 100642 sequences (10000193 bp)...
[M::mem_process_seqs] Processed 100658 reads in 2.482 CPU sec, 2.262 real sec
[M::process] read 100650 sequences (10000150 bp)...
[M::mem_process_seqs] Processed 100642 reads in 2.493 CPU sec, 2.271 real sec
[M::process] read 100736 sequences (10000199 bp)...
[M::mem_process_seqs] Processed 100650 reads in 2.505 CPU sec, 2.284 real sec
[M::process] read 100714 sequences (10000174 bp)...
[M::mem_process_seqs] Processed 100736 reads in 2.508 CPU sec, 2.286 real sec
[M::process] read 100784 sequences (10000108 bp)...
[M::mem_process_seqs] Processed 100714 reads in 2.500 CPU sec, 2.278 real sec
[M::process] read 100750 sequences (10000014 bp)...
[M::mem_process_seqs] Processed 100784 reads in 2.555 CPU sec, 2.332 real sec
[M::process] read 100810 sequences (10000024 bp)...
[M::mem_process_seqs] Processed 100750 reads in 2.494 CPU sec, 2.272 real sec
[M::process] read 100820 sequences (10000180 bp)...
[M::mem_process_seqs] Processed 100810 reads in 2.493 CPU sec, 2.270 real sec
[M::process] read 100750 sequences (10000122 bp)...
[M::mem_process_seqs] Processed 100820 reads in 2.492 CPU sec, 2.269 real sec
[M::process] read 101892 sequences (10000093 bp)...
[M::mem_process_seqs] Processed 100750 reads in 2.501 CPU sec, 2.274 real sec
[M::process] read 101190 sequences (10000126 bp)...
[M::mem_process_seqs] Processed 101892 reads in 2.498 CPU sec, 2.272 real sec
[M::process] read 100892 sequences (10000060 bp)...
[M::mem_process_seqs] Processed 101190 reads in 2.494 CPU sec, 2.268 real sec
[M::process] read 101352 sequences (10000183 bp)...
[M::mem_process_seqs] Processed 100892 reads in 2.494 CPU sec, 2.266 real sec
[M::process] read 101014 sequences (10000008 bp)...
[M::mem_process_seqs] Processed 101352 reads in 2.518 CPU sec, 2.291 real sec
[M::process] read 100560 sequences (10000077 bp)...
[M::mem_process_seqs] Processed 101014 reads in 2.492 CPU sec, 2.276 real sec
[M::process] read 100724 sequences (10000137 bp)...
[M::mem_process_seqs] Processed 100560 reads in 2.583 CPU sec, 2.366 real sec
[M::process] read 101178 sequences (10000050 bp)...
[M::mem_process_seqs] Processed 100724 reads in 2.585 CPU sec, 2.369 real sec
[M::process] read 100938 sequences (10000118 bp)...
[M::mem_process_seqs] Processed 101178 reads in 2.816 CPU sec, 2.593 real sec
[M::process] read 100630 sequences (10000120 bp)...
[M::mem_process_seqs] Processed 100938 reads in 3.010 CPU sec, 2.794 real sec
[M::process] read 101432 sequences (10000077 bp)...
[M::mem_process_seqs] Processed 100630 reads in 2.548 CPU sec, 2.328 real sec
[M::process] read 100606 sequences (10000149 bp)...
[M::mem_process_seqs] Processed 101432 reads in 2.782 CPU sec, 2.566 real sec
[M::process] read 100612 sequences (10000082 bp)...
[M::mem_process_seqs] Processed 100606 reads in 2.503 CPU sec, 2.283 real sec
[M::process] read 100714 sequences (10000153 bp)...
[M::mem_process_seqs] Processed 100612 reads in 2.636 CPU sec, 2.418 real sec
[M::process] read 100546 sequences (10000053 bp)...
[M::mem_process_seqs] Processed 100714 reads in 2.626 CPU sec, 2.409 real sec
[M::process] read 100542 sequences (10000054 bp)...
[M::mem_process_seqs] Processed 100546 reads in 2.488 CPU sec, 2.271 real sec
[M::process] read 100558 sequences (10000056 bp)...
[M::mem_process_seqs] Processed 100542 reads in 2.494 CPU sec, 2.276 real sec
[M::process] read 100528 sequences (10000033 bp)...
[M::mem_process_seqs] Processed 100558 reads in 2.491 CPU sec, 2.272 real sec
[M::process] read 100572 sequences (10000007 bp)...
[M::mem_process_seqs] Processed 100528 reads in 2.490 CPU sec, 2.270 real sec
[M::process] read 100584 sequences (10000198 bp)...
[M::mem_process_seqs] Processed 100572 reads in 2.557 CPU sec, 2.337 real sec
[M::process] read 100536 sequences (10000012 bp)...
[M::mem_process_seqs] Processed 100584 reads in 2.484 CPU sec, 2.264 real sec
[M::process] read 100606 sequences (10000018 bp)...
[M::mem_process_seqs] Processed 100536 reads in 2.494 CPU sec, 2.274 real sec
[M::process] read 100618 sequences (10000060 bp)...
[M::mem_process_seqs] Processed 100606 reads in 2.500 CPU sec, 2.279 real sec
[M::process] read 100602 sequences (10000132 bp)...
[M::mem_process_seqs] Processed 100618 reads in 2.500 CPU sec, 2.278 real sec
[M::process] read 100572 sequences (10000013 bp)...
[M::mem_process_seqs] Processed 100602 reads in 2.501 CPU sec, 2.280 real sec
[M::process] read 100656 sequences (10000157 bp)...
[M::mem_process_seqs] Processed 100572 reads in 2.493 CPU sec, 2.273 real sec
[M::process] read 100654 sequences (10000075 bp)...
[M::mem_process_seqs] Processed 100656 reads in 2.498 CPU sec, 2.278 real sec
[M::process] read 100746 sequences (10000055 bp)...
[M::mem_process_seqs] Processed 100654 reads in 2.499 CPU sec, 2.278 real sec
[M::process] read 100712 sequences (10000077 bp)...
[M::mem_process_seqs] Processed 100746 reads in 2.561 CPU sec, 2.340 real sec
[M::process] read 100728 sequences (10000021 bp)...
[M::mem_process_seqs] Processed 100712 reads in 2.498 CPU sec, 2.276 real sec
[M::process] read 100738 sequences (10000074 bp)...
[M::mem_process_seqs] Processed 100728 reads in 2.503 CPU sec, 2.280 real sec
[M::process] read 100762 sequences (10000042 bp)...
[M::mem_process_seqs] Processed 100738 reads in 2.498 CPU sec, 2.275 real sec
[M::process] read 100798 sequences (10000044 bp)...
[M::mem_process_seqs] Processed 100762 reads in 2.534 CPU sec, 2.312 real sec
[M::process] read 100798 sequences (10000004 bp)...
[M::mem_process_seqs] Processed 100798 reads in 2.540 CPU sec, 2.319 real sec
[M::process] read 101864 sequences (10000019 bp)...
[M::mem_process_seqs] Processed 100798 reads in 2.511 CPU sec, 2.285 real sec
[M::process] read 101710 sequences (10000162 bp)...
[M::mem_process_seqs] Processed 101864 reads in 2.504 CPU sec, 2.277 real sec
[M::process] read 100846 sequences (10000007 bp)...
[M::mem_process_seqs] Processed 101710 reads in 2.518 CPU sec, 2.293 real sec
[M::process] read 101124 sequences (10000095 bp)...
[M::mem_process_seqs] Processed 100846 reads in 2.519 CPU sec, 2.292 real sec
[M::process] read 98030 sequences (9714790 bp)...
[M::mem_process_seqs] Processed 101124 reads in 2.506 CPU sec, 2.285 real sec
[M::mem_process_seqs] Processed 98030 reads in 2.210 CPU sec, 2.166 real sec
[main] Version: 0.7.19-r1273
[main] CMD: bwa mem Efaecium /home/yogesh22/Genome_Analysis/raw_data/transcriptomics_data/RNA-Seq_BH/trimmed/trim_paired_ERR1797973_pass_2.fastq.gz
[main] Real time: 311.388 sec; CPU: 340.866 sec
[M::bwa_idx_load_from_disk] read 0 ALT contigs
[M::process] read 100368 sequences (10000030 bp)...
[M::process] read 100360 sequences (10000127 bp)...
[M::mem_process_seqs] Processed 100368 reads in 2.432 CPU sec, 2.233 real sec
[M::process] read 100474 sequences (10000185 bp)...
[M::mem_process_seqs] Processed 100360 reads in 2.404 CPU sec, 2.183 real sec
[M::process] read 100392 sequences (10000105 bp)...
[M::mem_process_seqs] Processed 100474 reads in 2.424 CPU sec, 2.204 real sec
[M::process] read 100412 sequences (10000020 bp)...
[M::mem_process_seqs] Processed 100392 reads in 2.391 CPU sec, 2.176 real sec
[M::process] read 100360 sequences (10000005 bp)...
[M::mem_process_seqs] Processed 100412 reads in 2.388 CPU sec, 2.172 real sec
[M::process] read 100374 sequences (10000069 bp)...
[M::mem_process_seqs] Processed 100360 reads in 2.385 CPU sec, 2.168 real sec
[M::process] read 100378 sequences (10000077 bp)...
[M::mem_process_seqs] Processed 100374 reads in 2.400 CPU sec, 2.183 real sec
[M::process] read 100542 sequences (10000063 bp)...
[M::mem_process_seqs] Processed 100378 reads in 2.407 CPU sec, 2.191 real sec
[M::process] read 100434 sequences (10000146 bp)...
[M::mem_process_seqs] Processed 100542 reads in 2.404 CPU sec, 2.186 real sec
[M::process] read 100402 sequences (10000072 bp)...
[M::mem_process_seqs] Processed 100434 reads in 2.412 CPU sec, 2.195 real sec
[M::process] read 100436 sequences (10000002 bp)...
[M::mem_process_seqs] Processed 100402 reads in 2.405 CPU sec, 2.187 real sec
[M::process] read 100448 sequences (10000046 bp)...
[M::mem_process_seqs] Processed 100436 reads in 2.423 CPU sec, 2.205 real sec
[M::process] read 100428 sequences (10000164 bp)...
[M::mem_process_seqs] Processed 100448 reads in 2.400 CPU sec, 2.181 real sec
[M::process] read 100438 sequences (10000064 bp)...
[M::mem_process_seqs] Processed 100428 reads in 2.400 CPU sec, 2.181 real sec
[M::process] read 100444 sequences (10000031 bp)...
[M::mem_process_seqs] Processed 100438 reads in 2.416 CPU sec, 2.196 real sec
[M::process] read 100460 sequences (10000116 bp)...
[M::mem_process_seqs] Processed 100444 reads in 2.409 CPU sec, 2.190 real sec
[M::process] read 100504 sequences (10000147 bp)...
[M::mem_process_seqs] Processed 100460 reads in 2.408 CPU sec, 2.189 real sec
[M::process] read 100474 sequences (10000104 bp)...
[M::mem_process_seqs] Processed 100504 reads in 2.401 CPU sec, 2.183 real sec
[M::process] read 100530 sequences (10000084 bp)...
[M::mem_process_seqs] Processed 100474 reads in 2.394 CPU sec, 2.174 real sec
[M::process] read 100486 sequences (10000124 bp)...
[M::mem_process_seqs] Processed 100530 reads in 2.403 CPU sec, 2.182 real sec
[M::process] read 100528 sequences (10000112 bp)...
[M::mem_process_seqs] Processed 100486 reads in 2.399 CPU sec, 2.178 real sec
[M::process] read 100554 sequences (10000016 bp)...
[M::mem_process_seqs] Processed 100528 reads in 2.405 CPU sec, 2.183 real sec
[M::process] read 100598 sequences (10000157 bp)...
[M::mem_process_seqs] Processed 100554 reads in 2.409 CPU sec, 2.187 real sec
[M::process] read 100600 sequences (10000185 bp)...
[M::mem_process_seqs] Processed 100598 reads in 2.404 CPU sec, 2.180 real sec
[M::process] read 100618 sequences (10000128 bp)...
[M::mem_process_seqs] Processed 100600 reads in 2.419 CPU sec, 2.198 real sec
[M::process] read 100604 sequences (10000179 bp)...
[M::mem_process_seqs] Processed 100618 reads in 2.417 CPU sec, 2.195 real sec
[M::process] read 100658 sequences (10000024 bp)...
[M::mem_process_seqs] Processed 100604 reads in 2.413 CPU sec, 2.190 real sec
[M::process] read 100652 sequences (10000160 bp)...
[M::mem_process_seqs] Processed 100658 reads in 2.419 CPU sec, 2.195 real sec
[M::process] read 100932 sequences (10000134 bp)...
[M::mem_process_seqs] Processed 100652 reads in 2.412 CPU sec, 2.185 real sec
[M::process] read 100724 sequences (10000195 bp)...
[M::mem_process_seqs] Processed 100932 reads in 2.412 CPU sec, 2.189 real sec
[M::process] read 100386 sequences (10000007 bp)...
[M::mem_process_seqs] Processed 100724 reads in 2.397 CPU sec, 2.181 real sec
[M::process] read 100366 sequences (10000156 bp)...
[M::mem_process_seqs] Processed 100386 reads in 2.399 CPU sec, 2.185 real sec
[M::process] read 100500 sequences (10000094 bp)...
[M::mem_process_seqs] Processed 100366 reads in 2.388 CPU sec, 2.173 real sec
[M::process] read 100388 sequences (10000158 bp)...
[M::mem_process_seqs] Processed 100500 reads in 2.417 CPU sec, 2.203 real sec
[M::process] read 100414 sequences (10000157 bp)...
[M::mem_process_seqs] Processed 100388 reads in 2.399 CPU sec, 2.184 real sec
[M::process] read 100380 sequences (10000166 bp)...
[M::mem_process_seqs] Processed 100414 reads in 2.416 CPU sec, 2.201 real sec
[M::process] read 100370 sequences (10000031 bp)...
[M::mem_process_seqs] Processed 100380 reads in 2.391 CPU sec, 2.176 real sec
[M::process] read 100388 sequences (10000088 bp)...
[M::mem_process_seqs] Processed 100370 reads in 2.427 CPU sec, 2.211 real sec
[M::process] read 100502 sequences (10000152 bp)...
[M::mem_process_seqs] Processed 100388 reads in 2.393 CPU sec, 2.177 real sec
[M::process] read 100384 sequences (10000056 bp)...
[M::mem_process_seqs] Processed 100502 reads in 2.408 CPU sec, 2.191 real sec
[M::process] read 100404 sequences (10000061 bp)...
[M::mem_process_seqs] Processed 100384 reads in 2.400 CPU sec, 2.182 real sec
[M::process] read 100504 sequences (10000124 bp)...
[M::mem_process_seqs] Processed 100404 reads in 2.411 CPU sec, 2.193 real sec
[M::process] read 100426 sequences (10000154 bp)...
[M::mem_process_seqs] Processed 100504 reads in 2.412 CPU sec, 2.194 real sec
[M::process] read 100418 sequences (10000053 bp)...
[M::mem_process_seqs] Processed 100426 reads in 2.405 CPU sec, 2.187 real sec
[M::process] read 100416 sequences (10000083 bp)...
[M::mem_process_seqs] Processed 100418 reads in 2.408 CPU sec, 2.190 real sec
[M::process] read 100442 sequences (10000124 bp)...
[M::mem_process_seqs] Processed 100416 reads in 2.393 CPU sec, 2.175 real sec
[M::process] read 100454 sequences (10000128 bp)...
[M::mem_process_seqs] Processed 100442 reads in 2.393 CPU sec, 2.174 real sec
[M::process] read 100438 sequences (10000134 bp)...
[M::mem_process_seqs] Processed 100454 reads in 2.405 CPU sec, 2.187 real sec
[M::process] read 100424 sequences (10000174 bp)...
[M::mem_process_seqs] Processed 100438 reads in 2.407 CPU sec, 2.189 real sec
[M::process] read 100514 sequences (10000006 bp)...
[M::mem_process_seqs] Processed 100424 reads in 2.407 CPU sec, 2.186 real sec
[M::process] read 100474 sequences (10000103 bp)...
[M::mem_process_seqs] Processed 100514 reads in 2.399 CPU sec, 2.180 real sec
[M::process] read 100496 sequences (10000005 bp)...
[M::mem_process_seqs] Processed 100474 reads in 2.404 CPU sec, 2.183 real sec
[M::process] read 100566 sequences (10000106 bp)...
[M::mem_process_seqs] Processed 100496 reads in 2.447 CPU sec, 2.225 real sec
[M::process] read 100552 sequences (10000023 bp)...
[M::mem_process_seqs] Processed 100566 reads in 2.414 CPU sec, 2.193 real sec
[M::process] read 100512 sequences (10000117 bp)...
[M::mem_process_seqs] Processed 100552 reads in 2.410 CPU sec, 2.188 real sec
[M::process] read 100518 sequences (10000094 bp)...
[M::mem_process_seqs] Processed 100512 reads in 2.411 CPU sec, 2.188 real sec
[M::process] read 100572 sequences (10000073 bp)...
[M::mem_process_seqs] Processed 100518 reads in 2.417 CPU sec, 2.195 real sec
[M::process] read 100616 sequences (10000141 bp)...
[M::mem_process_seqs] Processed 100572 reads in 2.404 CPU sec, 2.181 real sec
[M::process] read 100846 sequences (10000154 bp)...
[M::mem_process_seqs] Processed 100616 reads in 2.427 CPU sec, 2.200 real sec
[M::process] read 100732 sequences (10000126 bp)...
[M::mem_process_seqs] Processed 100846 reads in 2.409 CPU sec, 2.182 real sec
[M::process] read 100718 sequences (10000056 bp)...
[M::mem_process_seqs] Processed 100732 reads in 2.451 CPU sec, 2.226 real sec
[M::process] read 100370 sequences (10000180 bp)...
[M::mem_process_seqs] Processed 100718 reads in 2.386 CPU sec, 2.171 real sec
[M::process] read 100354 sequences (10000040 bp)...
[M::mem_process_seqs] Processed 100370 reads in 2.389 CPU sec, 2.174 real sec
[M::process] read 100544 sequences (10000104 bp)...
[M::mem_process_seqs] Processed 100354 reads in 2.383 CPU sec, 2.168 real sec
[M::process] read 100376 sequences (10000050 bp)...
[M::mem_process_seqs] Processed 100544 reads in 2.405 CPU sec, 2.189 real sec
[M::process] read 100374 sequences (10000014 bp)...
[M::mem_process_seqs] Processed 100376 reads in 2.378 CPU sec, 2.163 real sec
[M::process] read 100380 sequences (10000033 bp)...
[M::mem_process_seqs] Processed 100374 reads in 2.383 CPU sec, 2.167 real sec
[M::process] read 100430 sequences (10000146 bp)...
[M::mem_process_seqs] Processed 100380 reads in 2.407 CPU sec, 2.192 real sec
[M::process] read 100428 sequences (10000075 bp)...
[M::mem_process_seqs] Processed 100430 reads in 2.483 CPU sec, 2.268 real sec
[M::process] read 100536 sequences (10000110 bp)...
[M::mem_process_seqs] Processed 100428 reads in 2.405 CPU sec, 2.189 real sec
[M::process] read 100414 sequences (10000011 bp)...
[M::mem_process_seqs] Processed 100536 reads in 2.396 CPU sec, 2.180 real sec
[M::process] read 100380 sequences (10000144 bp)...
[M::mem_process_seqs] Processed 100414 reads in 2.406 CPU sec, 2.191 real sec
[M::process] read 100420 sequences (10000088 bp)...
[M::mem_process_seqs] Processed 100380 reads in 2.396 CPU sec, 2.180 real sec
[M::process] read 100418 sequences (10000048 bp)...
[M::mem_process_seqs] Processed 100420 reads in 2.431 CPU sec, 2.215 real sec
[M::process] read 100448 sequences (10000172 bp)...
[M::mem_process_seqs] Processed 100418 reads in 2.405 CPU sec, 2.188 real sec
[M::process] read 100454 sequences (10000089 bp)...
[M::mem_process_seqs] Processed 100448 reads in 2.405 CPU sec, 2.189 real sec
[M::process] read 100438 sequences (10000021 bp)...
[M::mem_process_seqs] Processed 100454 reads in 2.410 CPU sec, 2.192 real sec
[M::process] read 100398 sequences (10000093 bp)...
[M::mem_process_seqs] Processed 100438 reads in 2.411 CPU sec, 2.194 real sec
[M::process] read 100452 sequences (10000068 bp)...
[M::mem_process_seqs] Processed 100398 reads in 2.408 CPU sec, 2.191 real sec
[M::process] read 100450 sequences (10000048 bp)...
[M::mem_process_seqs] Processed 100452 reads in 2.412 CPU sec, 2.194 real sec
[M::process] read 100486 sequences (10000151 bp)...
[M::mem_process_seqs] Processed 100450 reads in 2.404 CPU sec, 2.185 real sec
[M::process] read 100478 sequences (10000053 bp)...
[M::mem_process_seqs] Processed 100486 reads in 2.415 CPU sec, 2.196 real sec
[M::process] read 100510 sequences (10000147 bp)...
[M::mem_process_seqs] Processed 100478 reads in 2.405 CPU sec, 2.186 real sec
[M::process] read 100502 sequences (10000106 bp)...
[M::mem_process_seqs] Processed 100510 reads in 2.399 CPU sec, 2.181 real sec
[M::process] read 100540 sequences (10000194 bp)...
[M::mem_process_seqs] Processed 100502 reads in 2.400 CPU sec, 2.179 real sec
[M::process] read 100584 sequences (10000113 bp)...
[M::mem_process_seqs] Processed 100540 reads in 2.393 CPU sec, 2.173 real sec
[M::process] read 100526 sequences (10000008 bp)...
[M::mem_process_seqs] Processed 100584 reads in 2.401 CPU sec, 2.179 real sec
[M::process] read 100578 sequences (10000025 bp)...
[M::mem_process_seqs] Processed 100526 reads in 2.407 CPU sec, 2.184 real sec
[M::process] read 100622 sequences (10000063 bp)...
[M::mem_process_seqs] Processed 100578 reads in 2.402 CPU sec, 2.179 real sec
[M::process] read 100606 sequences (10000049 bp)...
[M::mem_process_seqs] Processed 100622 reads in 2.426 CPU sec, 2.202 real sec
[M::process] read 100930 sequences (10000026 bp)...
[M::mem_process_seqs] Processed 100606 reads in 2.407 CPU sec, 2.179 real sec
[M::process] read 100572 sequences (10000120 bp)...
[M::mem_process_seqs] Processed 100930 reads in 2.408 CPU sec, 2.186 real sec
[M::process] read 100790 sequences (10000053 bp)...
[M::mem_process_seqs] Processed 100572 reads in 2.564 CPU sec, 2.346 real sec
[M::process] read 101062 sequences (10000159 bp)...
[M::mem_process_seqs] Processed 100790 reads in 2.890 CPU sec, 2.674 real sec
[M::process] read 102122 sequences (10000090 bp)...
[M::mem_process_seqs] Processed 101062 reads in 2.930 CPU sec, 2.713 real sec
[M::process] read 100934 sequences (10000168 bp)...
[M::mem_process_seqs] Processed 102122 reads in 2.636 CPU sec, 2.421 real sec
[M::process] read 101000 sequences (10000062 bp)...
[M::mem_process_seqs] Processed 100934 reads in 2.573 CPU sec, 2.356 real sec
[M::process] read 100772 sequences (10000081 bp)...
[M::mem_process_seqs] Processed 101000 reads in 2.639 CPU sec, 2.423 real sec
[M::process] read 100362 sequences (10000118 bp)...
[M::mem_process_seqs] Processed 100772 reads in 2.615 CPU sec, 2.400 real sec
[M::process] read 100616 sequences (10000140 bp)...
[M::mem_process_seqs] Processed 100362 reads in 2.412 CPU sec, 2.192 real sec
[M::process] read 100430 sequences (10000029 bp)...
[M::mem_process_seqs] Processed 100616 reads in 2.400 CPU sec, 2.183 real sec
[M::process] read 100404 sequences (10000113 bp)...
[M::mem_process_seqs] Processed 100430 reads in 2.476 CPU sec, 2.260 real sec
[M::process] read 100432 sequences (10000198 bp)...
[M::mem_process_seqs] Processed 100404 reads in 2.402 CPU sec, 2.185 real sec
[M::process] read 100434 sequences (10000172 bp)...
[M::mem_process_seqs] Processed 100432 reads in 2.390 CPU sec, 2.174 real sec
[M::process] read 100418 sequences (10000179 bp)...
[M::mem_process_seqs] Processed 100434 reads in 2.391 CPU sec, 2.174 real sec
[M::process] read 100416 sequences (10000154 bp)...
[M::mem_process_seqs] Processed 100418 reads in 2.404 CPU sec, 2.187 real sec
[M::process] read 100404 sequences (10000088 bp)...
[M::mem_process_seqs] Processed 100416 reads in 2.395 CPU sec, 2.178 real sec
[M::process] read 100426 sequences (10000116 bp)...
[M::mem_process_seqs] Processed 100404 reads in 2.401 CPU sec, 2.183 real sec
[M::process] read 100436 sequences (10000183 bp)...
[M::mem_process_seqs] Processed 100426 reads in 2.392 CPU sec, 2.175 real sec
[M::process] read 100406 sequences (10000118 bp)...
[M::mem_process_seqs] Processed 100436 reads in 2.400 CPU sec, 2.183 real sec
[M::process] read 100418 sequences (10000060 bp)...
[M::mem_process_seqs] Processed 100406 reads in 2.406 CPU sec, 2.187 real sec
[M::process] read 100464 sequences (10000131 bp)...
[M::mem_process_seqs] Processed 100418 reads in 2.440 CPU sec, 2.221 real sec
[M::process] read 100486 sequences (10000148 bp)...
[M::mem_process_seqs] Processed 100464 reads in 2.404 CPU sec, 2.185 real sec
[M::process] read 100424 sequences (10000103 bp)...
[M::mem_process_seqs] Processed 100486 reads in 2.442 CPU sec, 2.223 real sec
[M::process] read 100520 sequences (10000082 bp)...
[M::mem_process_seqs] Processed 100424 reads in 2.410 CPU sec, 2.189 real sec
[M::process] read 100538 sequences (10000169 bp)...
[M::mem_process_seqs] Processed 100520 reads in 2.408 CPU sec, 2.188 real sec
[M::process] read 100486 sequences (10000085 bp)...
[M::mem_process_seqs] Processed 100538 reads in 2.413 CPU sec, 2.193 real sec
[M::process] read 100566 sequences (10000081 bp)...
[M::mem_process_seqs] Processed 100486 reads in 2.414 CPU sec, 2.192 real sec
[M::process] read 100490 sequences (10000079 bp)...
[M::mem_process_seqs] Processed 100566 reads in 2.412 CPU sec, 2.191 real sec
[M::process] read 100602 sequences (10000189 bp)...
[M::mem_process_seqs] Processed 100490 reads in 2.403 CPU sec, 2.180 real sec
[M::process] read 100608 sequences (10000100 bp)...
[M::mem_process_seqs] Processed 100602 reads in 2.409 CPU sec, 2.187 real sec
[M::process] read 100770 sequences (10000139 bp)...
[M::mem_process_seqs] Processed 100608 reads in 2.431 CPU sec, 2.204 real sec
[M::process] read 50005 sequences (4962564 bp)...
[M::mem_process_seqs] Processed 100770 reads in 2.326 CPU sec, 2.192 real sec
[M::mem_process_seqs] Processed 50005 reads in 1.132 CPU sec, 1.085 real sec
[main] Version: 0.7.19-r1273
[main] CMD: bwa mem Efaecium /home/yogesh22/Genome_Analysis/raw_data/transcriptomics_data/RNA-Seq_BH/trimmed/trim_paired_ERR1797974_pass_1.fastq.gz
[main] Real time: 272.755 sec; CPU: 299.498 sec
[M::bwa_idx_load_from_disk] read 0 ALT contigs
[M::process] read 100558 sequences (10000127 bp)...
[M::process] read 100550 sequences (10000004 bp)...
[M::mem_process_seqs] Processed 100558 reads in 2.533 CPU sec, 2.332 real sec
[M::process] read 100634 sequences (10000078 bp)...
[M::mem_process_seqs] Processed 100550 reads in 2.517 CPU sec, 2.293 real sec
[M::process] read 100578 sequences (10000086 bp)...
[M::mem_process_seqs] Processed 100634 reads in 2.527 CPU sec, 2.307 real sec
[M::process] read 100644 sequences (10000121 bp)...
[M::mem_process_seqs] Processed 100578 reads in 2.507 CPU sec, 2.291 real sec
[M::process] read 100586 sequences (10000023 bp)...
[M::mem_process_seqs] Processed 100644 reads in 2.517 CPU sec, 2.300 real sec
[M::process] read 100572 sequences (10000006 bp)...
[M::mem_process_seqs] Processed 100586 reads in 2.500 CPU sec, 2.284 real sec
[M::process] read 100622 sequences (10000002 bp)...
[M::mem_process_seqs] Processed 100572 reads in 2.510 CPU sec, 2.293 real sec
[M::process] read 100604 sequences (10000189 bp)...
[M::mem_process_seqs] Processed 100622 reads in 2.544 CPU sec, 2.327 real sec
[M::process] read 100700 sequences (10000113 bp)...
[M::mem_process_seqs] Processed 100604 reads in 2.503 CPU sec, 2.285 real sec
[M::process] read 100712 sequences (10000186 bp)...
[M::mem_process_seqs] Processed 100700 reads in 2.504 CPU sec, 2.285 real sec
[M::process] read 100660 sequences (10000070 bp)...
[M::mem_process_seqs] Processed 100712 reads in 2.510 CPU sec, 2.292 real sec
[M::process] read 100674 sequences (10000106 bp)...
[M::mem_process_seqs] Processed 100660 reads in 2.506 CPU sec, 2.287 real sec
[M::process] read 100698 sequences (10000173 bp)...
[M::mem_process_seqs] Processed 100674 reads in 2.514 CPU sec, 2.295 real sec
[M::process] read 100708 sequences (10000016 bp)...
[M::mem_process_seqs] Processed 100698 reads in 2.495 CPU sec, 2.275 real sec
[M::process] read 100710 sequences (10000014 bp)...
[M::mem_process_seqs] Processed 100708 reads in 2.499 CPU sec, 2.279 real sec
[M::process] read 100766 sequences (10000192 bp)...
[M::mem_process_seqs] Processed 100710 reads in 2.509 CPU sec, 2.287 real sec
[M::process] read 100720 sequences (10000008 bp)...
[M::mem_process_seqs] Processed 100766 reads in 2.509 CPU sec, 2.288 real sec
[M::process] read 100726 sequences (10000186 bp)...
[M::mem_process_seqs] Processed 100720 reads in 2.504 CPU sec, 2.284 real sec
[M::process] read 100806 sequences (10000112 bp)...
[M::mem_process_seqs] Processed 100726 reads in 2.518 CPU sec, 2.302 real sec
[M::process] read 100768 sequences (10000190 bp)...
[M::mem_process_seqs] Processed 100806 reads in 2.526 CPU sec, 2.305 real sec
[M::process] read 100764 sequences (10000110 bp)...
[M::mem_process_seqs] Processed 100768 reads in 2.512 CPU sec, 2.290 real sec
[M::process] read 100840 sequences (10000128 bp)...
[M::mem_process_seqs] Processed 100764 reads in 2.514 CPU sec, 2.292 real sec
[M::process] read 100926 sequences (10000165 bp)...
[M::mem_process_seqs] Processed 100840 reads in 2.520 CPU sec, 2.297 real sec
[M::process] read 100940 sequences (10000079 bp)...
[M::mem_process_seqs] Processed 100926 reads in 2.514 CPU sec, 2.289 real sec
[M::process] read 100936 sequences (10000115 bp)...
[M::mem_process_seqs] Processed 100940 reads in 2.534 CPU sec, 2.307 real sec
[M::process] read 101086 sequences (10000127 bp)...
[M::mem_process_seqs] Processed 100936 reads in 2.529 CPU sec, 2.305 real sec
[M::process] read 102286 sequences (10000123 bp)...
[M::mem_process_seqs] Processed 101086 reads in 2.528 CPU sec, 2.302 real sec
[M::process] read 101042 sequences (10000047 bp)...
[M::mem_process_seqs] Processed 102286 reads in 2.538 CPU sec, 2.312 real sec
[M::process] read 101430 sequences (10000071 bp)...
[M::mem_process_seqs] Processed 101042 reads in 2.528 CPU sec, 2.298 real sec
[M::process] read 100940 sequences (10000094 bp)...
[M::mem_process_seqs] Processed 101430 reads in 2.518 CPU sec, 2.293 real sec
[M::process] read 100582 sequences (10000031 bp)...
[M::mem_process_seqs] Processed 100940 reads in 2.511 CPU sec, 2.293 real sec
[M::process] read 100578 sequences (10000020 bp)...
[M::mem_process_seqs] Processed 100582 reads in 2.503 CPU sec, 2.287 real sec
[M::process] read 100664 sequences (10000038 bp)...
[M::mem_process_seqs] Processed 100578 reads in 2.499 CPU sec, 2.282 real sec
[M::process] read 100608 sequences (10000103 bp)...
[M::mem_process_seqs] Processed 100664 reads in 2.522 CPU sec, 2.305 real sec
[M::process] read 100710 sequences (10000106 bp)...
[M::mem_process_seqs] Processed 100608 reads in 2.516 CPU sec, 2.300 real sec
[M::process] read 100576 sequences (10000018 bp)...
[M::mem_process_seqs] Processed 100710 reads in 2.505 CPU sec, 2.288 real sec
[M::process] read 100604 sequences (10000191 bp)...
[M::mem_process_seqs] Processed 100576 reads in 2.493 CPU sec, 2.275 real sec
[M::process] read 100602 sequences (10000073 bp)...
[M::mem_process_seqs] Processed 100604 reads in 2.507 CPU sec, 2.289 real sec
[M::process] read 100624 sequences (10000125 bp)...
[M::mem_process_seqs] Processed 100602 reads in 2.506 CPU sec, 2.288 real sec
[M::process] read 100696 sequences (10000046 bp)...
[M::mem_process_seqs] Processed 100624 reads in 2.509 CPU sec, 2.291 real sec
[M::process] read 100644 sequences (10000018 bp)...
[M::mem_process_seqs] Processed 100696 reads in 2.511 CPU sec, 2.293 real sec
[M::process] read 100728 sequences (10000119 bp)...
[M::mem_process_seqs] Processed 100644 reads in 2.516 CPU sec, 2.296 real sec
[M::process] read 100666 sequences (10000065 bp)...
[M::mem_process_seqs] Processed 100728 reads in 2.514 CPU sec, 2.295 real sec
[M::process] read 100710 sequences (10000179 bp)...
[M::mem_process_seqs] Processed 100666 reads in 2.513 CPU sec, 2.295 real sec
[M::process] read 100690 sequences (10000049 bp)...
[M::mem_process_seqs] Processed 100710 reads in 2.510 CPU sec, 2.291 real sec
[M::process] read 100688 sequences (10000042 bp)...
[M::mem_process_seqs] Processed 100690 reads in 2.512 CPU sec, 2.293 real sec
[M::process] read 100720 sequences (10000073 bp)...
[M::mem_process_seqs] Processed 100688 reads in 2.502 CPU sec, 2.282 real sec
[M::process] read 100746 sequences (10000180 bp)...
[M::mem_process_seqs] Processed 100720 reads in 2.500 CPU sec, 2.280 real sec
[M::process] read 100736 sequences (10000132 bp)...
[M::mem_process_seqs] Processed 100746 reads in 2.505 CPU sec, 2.284 real sec
[M::process] read 100758 sequences (10000049 bp)...
[M::mem_process_seqs] Processed 100736 reads in 2.504 CPU sec, 2.282 real sec
[M::process] read 100798 sequences (10000119 bp)...
[M::mem_process_seqs] Processed 100758 reads in 2.518 CPU sec, 2.297 real sec
[M::process] read 100860 sequences (10000100 bp)...
[M::mem_process_seqs] Processed 100798 reads in 2.502 CPU sec, 2.281 real sec
[M::process] read 100926 sequences (10000161 bp)...
[M::mem_process_seqs] Processed 100860 reads in 2.524 CPU sec, 2.301 real sec
[M::process] read 100918 sequences (10000077 bp)...
[M::mem_process_seqs] Processed 100926 reads in 2.523 CPU sec, 2.304 real sec
[M::process] read 100876 sequences (10000056 bp)...
[M::mem_process_seqs] Processed 100918 reads in 2.520 CPU sec, 2.296 real sec
[M::process] read 100906 sequences (10000055 bp)...
[M::mem_process_seqs] Processed 100876 reads in 2.523 CPU sec, 2.299 real sec
[M::process] read 101260 sequences (10000016 bp)...
[M::mem_process_seqs] Processed 100906 reads in 2.523 CPU sec, 2.299 real sec
[M::process] read 102922 sequences (10000140 bp)...
[M::mem_process_seqs] Processed 101260 reads in 2.533 CPU sec, 2.303 real sec
[M::process] read 101098 sequences (10000189 bp)...
[M::mem_process_seqs] Processed 102922 reads in 2.539 CPU sec, 2.319 real sec
[M::process] read 101310 sequences (10000017 bp)...
[M::mem_process_seqs] Processed 101098 reads in 2.530 CPU sec, 2.303 real sec
[M::process] read 100930 sequences (10000076 bp)...
[M::mem_process_seqs] Processed 101310 reads in 2.516 CPU sec, 2.296 real sec
[M::process] read 100526 sequences (10000161 bp)...
[M::mem_process_seqs] Processed 100930 reads in 2.500 CPU sec, 2.287 real sec
[M::process] read 100544 sequences (10000173 bp)...
[M::mem_process_seqs] Processed 100526 reads in 2.509 CPU sec, 2.297 real sec
[M::process] read 100720 sequences (10000164 bp)...
[M::mem_process_seqs] Processed 100544 reads in 2.497 CPU sec, 2.284 real sec
[M::process] read 100560 sequences (10000023 bp)...
[M::mem_process_seqs] Processed 100720 reads in 2.510 CPU sec, 2.303 real sec
[M::process] read 100606 sequences (10000126 bp)...
[M::mem_process_seqs] Processed 100560 reads in 2.490 CPU sec, 2.276 real sec
[M::process] read 100520 sequences (10000129 bp)...
[M::mem_process_seqs] Processed 100606 reads in 2.498 CPU sec, 2.285 real sec
[M::process] read 100550 sequences (10000028 bp)...
[M::mem_process_seqs] Processed 100520 reads in 2.489 CPU sec, 2.279 real sec
[M::process] read 100586 sequences (10000019 bp)...
[M::mem_process_seqs] Processed 100550 reads in 2.482 CPU sec, 2.271 real sec
[M::process] read 100606 sequences (10000130 bp)...
[M::mem_process_seqs] Processed 100586 reads in 2.493 CPU sec, 2.281 real sec
[M::process] read 100720 sequences (10000165 bp)...
[M::mem_process_seqs] Processed 100606 reads in 2.504 CPU sec, 2.291 real sec
[M::process] read 100632 sequences (10000004 bp)...
[M::mem_process_seqs] Processed 100720 reads in 2.526 CPU sec, 2.314 real sec
[M::process] read 100642 sequences (10000007 bp)...
[M::mem_process_seqs] Processed 100632 reads in 2.491 CPU sec, 2.280 real sec
[M::process] read 100652 sequences (10000065 bp)...
[M::mem_process_seqs] Processed 100642 reads in 2.480 CPU sec, 2.268 real sec
[M::process] read 100632 sequences (10000187 bp)...
[M::mem_process_seqs] Processed 100652 reads in 2.485 CPU sec, 2.276 real sec
[M::process] read 100672 sequences (10000101 bp)...
[M::mem_process_seqs] Processed 100632 reads in 2.489 CPU sec, 2.275 real sec
[M::process] read 100728 sequences (10000158 bp)...
[M::mem_process_seqs] Processed 100672 reads in 2.478 CPU sec, 2.263 real sec
[M::process] read 100688 sequences (10000060 bp)...
[M::mem_process_seqs] Processed 100728 reads in 2.480 CPU sec, 2.264 real sec
[M::process] read 100688 sequences (10000089 bp)...
[M::mem_process_seqs] Processed 100688 reads in 2.489 CPU sec, 2.277 real sec
[M::process] read 100770 sequences (10000100 bp)...
[M::mem_process_seqs] Processed 100688 reads in 2.493 CPU sec, 2.278 real sec
[M::process] read 100788 sequences (10000008 bp)...
[M::mem_process_seqs] Processed 100770 reads in 2.493 CPU sec, 2.280 real sec
[M::process] read 100826 sequences (10000000 bp)...
[M::mem_process_seqs] Processed 100788 reads in 2.495 CPU sec, 2.279 real sec
[M::process] read 100772 sequences (10000140 bp)...
[M::mem_process_seqs] Processed 100826 reads in 2.499 CPU sec, 2.285 real sec
[M::process] read 100950 sequences (10000157 bp)...
[M::mem_process_seqs] Processed 100772 reads in 2.501 CPU sec, 2.283 real sec
[M::process] read 100852 sequences (10000155 bp)...
[M::mem_process_seqs] Processed 100950 reads in 2.490 CPU sec, 2.275 real sec
[M::process] read 100936 sequences (10000127 bp)...
[M::mem_process_seqs] Processed 100852 reads in 2.520 CPU sec, 2.302 real sec
[M::process] read 100870 sequences (10000066 bp)...
[M::mem_process_seqs] Processed 100936 reads in 2.504 CPU sec, 2.289 real sec
[M::process] read 102068 sequences (10000067 bp)...
[M::mem_process_seqs] Processed 100870 reads in 2.505 CPU sec, 2.285 real sec
[M::process] read 101190 sequences (10000039 bp)...
[M::mem_process_seqs] Processed 102068 reads in 2.500 CPU sec, 2.282 real sec
[M::process] read 101258 sequences (10000112 bp)...
[M::mem_process_seqs] Processed 101190 reads in 2.502 CPU sec, 2.281 real sec
[M::process] read 101298 sequences (10000020 bp)...
[M::mem_process_seqs] Processed 101258 reads in 2.489 CPU sec, 2.269 real sec
[M::process] read 100688 sequences (10000054 bp)...
[M::mem_process_seqs] Processed 101298 reads in 2.471 CPU sec, 2.258 real sec
[M::process] read 100884 sequences (10000041 bp)...
[M::mem_process_seqs] Processed 100688 reads in 2.499 CPU sec, 2.289 real sec
[M::process] read 101174 sequences (10000138 bp)...
[M::mem_process_seqs] Processed 100884 reads in 2.683 CPU sec, 2.473 real sec
[M::process] read 101028 sequences (10000063 bp)...
[M::mem_process_seqs] Processed 101174 reads in 2.790 CPU sec, 2.579 real sec
[M::process] read 100728 sequences (10000158 bp)...
[M::mem_process_seqs] Processed 101028 reads in 2.933 CPU sec, 2.723 real sec
[M::process] read 101450 sequences (10000152 bp)...
[M::mem_process_seqs] Processed 100728 reads in 2.570 CPU sec, 2.357 real sec
[M::process] read 100640 sequences (10000070 bp)...
[M::mem_process_seqs] Processed 101450 reads in 2.732 CPU sec, 2.523 real sec
[M::process] read 100696 sequences (10000154 bp)...
[M::mem_process_seqs] Processed 100640 reads in 2.466 CPU sec, 2.253 real sec
[M::process] read 100776 sequences (10000009 bp)...
[M::mem_process_seqs] Processed 100696 reads in 2.638 CPU sec, 2.426 real sec
[M::process] read 100580 sequences (10000158 bp)...
[M::mem_process_seqs] Processed 100776 reads in 2.591 CPU sec, 2.382 real sec
[M::process] read 100586 sequences (10000097 bp)...
[M::mem_process_seqs] Processed 100580 reads in 2.455 CPU sec, 2.245 real sec
[M::process] read 100642 sequences (10000126 bp)...
[M::mem_process_seqs] Processed 100586 reads in 2.456 CPU sec, 2.244 real sec
[M::process] read 100604 sequences (10000136 bp)...
[M::mem_process_seqs] Processed 100642 reads in 2.460 CPU sec, 2.248 real sec
[M::process] read 100660 sequences (10000098 bp)...
[M::mem_process_seqs] Processed 100604 reads in 2.526 CPU sec, 2.314 real sec
[M::process] read 100624 sequences (10000057 bp)...
[M::mem_process_seqs] Processed 100660 reads in 2.454 CPU sec, 2.242 real sec
[M::process] read 100658 sequences (10000157 bp)...
[M::mem_process_seqs] Processed 100624 reads in 2.451 CPU sec, 2.239 real sec
[M::process] read 100746 sequences (10000185 bp)...
[M::mem_process_seqs] Processed 100658 reads in 2.473 CPU sec, 2.260 real sec
[M::process] read 100700 sequences (10000178 bp)...
[M::mem_process_seqs] Processed 100746 reads in 2.464 CPU sec, 2.251 real sec
[M::process] read 100668 sequences (10000117 bp)...
[M::mem_process_seqs] Processed 100700 reads in 2.482 CPU sec, 2.269 real sec
[M::process] read 100748 sequences (10000116 bp)...
[M::mem_process_seqs] Processed 100668 reads in 2.477 CPU sec, 2.264 real sec
[M::process] read 100766 sequences (10000007 bp)...
[M::mem_process_seqs] Processed 100748 reads in 2.478 CPU sec, 2.264 real sec
[M::process] read 100856 sequences (10000008 bp)...
[M::mem_process_seqs] Processed 100766 reads in 2.471 CPU sec, 2.257 real sec
[M::process] read 100854 sequences (10000118 bp)...
[M::mem_process_seqs] Processed 100856 reads in 2.539 CPU sec, 2.324 real sec
[M::process] read 100892 sequences (10000093 bp)...
[M::mem_process_seqs] Processed 100854 reads in 2.481 CPU sec, 2.265 real sec
[M::process] read 100838 sequences (10000124 bp)...
[M::mem_process_seqs] Processed 100892 reads in 2.501 CPU sec, 2.286 real sec
[M::process] read 100932 sequences (10000041 bp)...
[M::mem_process_seqs] Processed 100838 reads in 2.474 CPU sec, 2.256 real sec
[M::process] read 100924 sequences (10000187 bp)...
[M::mem_process_seqs] Processed 100932 reads in 2.540 CPU sec, 2.323 real sec
[M::process] read 102344 sequences (10000112 bp)...
[M::mem_process_seqs] Processed 100924 reads in 2.473 CPU sec, 2.254 real sec
[M::process] read 101300 sequences (10000038 bp)...
[M::mem_process_seqs] Processed 102344 reads in 2.493 CPU sec, 2.273 real sec
[M::process] read 101144 sequences (10000110 bp)...
[M::mem_process_seqs] Processed 101300 reads in 2.503 CPU sec, 2.284 real sec
[M::process] read 101114 sequences (10000158 bp)...
[M::mem_process_seqs] Processed 101144 reads in 2.494 CPU sec, 2.276 real sec
[M::process] read 11557 sequences (1143115 bp)...
[M::mem_process_seqs] Processed 101114 reads in 2.283 CPU sec, 2.227 real sec
[M::mem_process_seqs] Processed 11557 reads in 0.315 CPU sec, 0.271 real sec
[main] Version: 0.7.19-r1273
[main] CMD: bwa mem Efaecium /home/yogesh22/Genome_Analysis/raw_data/transcriptomics_data/RNA-Seq_BH/trimmed/trim_paired_ERR1797974_pass_2.fastq.gz
[main] Real time: 283.411 sec; CPU: 309.657 sec
[M::bwa_idx_load_from_disk] read 0 ALT contigs
[M::process] read 138530 sequences (10000023 bp)...
[M::process] read 138510 sequences (10000035 bp)...
[M::mem_process_seqs] Processed 138530 reads in 2.652 CPU sec, 2.411 real sec
[M::process] read 138198 sequences (10000093 bp)...
[M::mem_process_seqs] Processed 138510 reads in 2.673 CPU sec, 2.395 real sec
[M::process] read 138394 sequences (10000028 bp)...
[M::mem_process_seqs] Processed 138198 reads in 2.664 CPU sec, 2.391 real sec
[M::process] read 138400 sequences (10000143 bp)...
[M::mem_process_seqs] Processed 138394 reads in 2.666 CPU sec, 2.397 real sec
[M::process] read 138122 sequences (10000001 bp)...
[M::mem_process_seqs] Processed 138400 reads in 2.654 CPU sec, 2.385 real sec
[M::process] read 138336 sequences (10000014 bp)...
[M::mem_process_seqs] Processed 138122 reads in 2.657 CPU sec, 2.387 real sec
[M::process] read 138208 sequences (10000036 bp)...
[M::mem_process_seqs] Processed 138336 reads in 2.659 CPU sec, 2.389 real sec
[M::process] read 138210 sequences (10000074 bp)...
[M::mem_process_seqs] Processed 138208 reads in 2.658 CPU sec, 2.391 real sec
[M::process] read 138194 sequences (10000028 bp)...
[M::mem_process_seqs] Processed 138210 reads in 2.662 CPU sec, 2.388 real sec
[M::process] read 138110 sequences (10000156 bp)...
[M::mem_process_seqs] Processed 138194 reads in 2.672 CPU sec, 2.400 real sec
[M::process] read 137992 sequences (10000052 bp)...
[M::mem_process_seqs] Processed 138110 reads in 2.662 CPU sec, 2.388 real sec
[M::process] read 138030 sequences (10000033 bp)...
[M::mem_process_seqs] Processed 137992 reads in 2.666 CPU sec, 2.392 real sec
[M::process] read 137990 sequences (10000025 bp)...
[M::mem_process_seqs] Processed 138030 reads in 2.664 CPU sec, 2.385 real sec
[M::process] read 137778 sequences (10000008 bp)...
[M::mem_process_seqs] Processed 137990 reads in 2.663 CPU sec, 2.390 real sec
[M::process] read 137280 sequences (10000012 bp)...
[M::mem_process_seqs] Processed 137778 reads in 2.666 CPU sec, 2.391 real sec
[M::process] read 137792 sequences (10000048 bp)...
[M::mem_process_seqs] Processed 137280 reads in 2.668 CPU sec, 2.391 real sec
[M::process] read 137804 sequences (10000136 bp)...
[M::mem_process_seqs] Processed 137792 reads in 2.671 CPU sec, 2.397 real sec
[M::process] read 138250 sequences (10000055 bp)...
[M::mem_process_seqs] Processed 137804 reads in 2.648 CPU sec, 2.382 real sec
[M::process] read 138216 sequences (10000042 bp)...
[M::mem_process_seqs] Processed 138250 reads in 2.657 CPU sec, 2.390 real sec
[M::process] read 138158 sequences (10000106 bp)...
[M::mem_process_seqs] Processed 138216 reads in 2.668 CPU sec, 2.401 real sec
[M::process] read 138156 sequences (10000082 bp)...
[M::mem_process_seqs] Processed 138158 reads in 2.650 CPU sec, 2.383 real sec
[M::process] read 138324 sequences (10000134 bp)...
[M::mem_process_seqs] Processed 138156 reads in 2.652 CPU sec, 2.384 real sec
[M::process] read 137824 sequences (10000066 bp)...
[M::mem_process_seqs] Processed 138324 reads in 2.648 CPU sec, 2.380 real sec
[M::process] read 138294 sequences (10000041 bp)...
[M::mem_process_seqs] Processed 137824 reads in 2.655 CPU sec, 2.387 real sec
[M::process] read 138142 sequences (10000086 bp)...
[M::mem_process_seqs] Processed 138294 reads in 2.655 CPU sec, 2.383 real sec
[M::process] read 138040 sequences (10000054 bp)...
[M::mem_process_seqs] Processed 138142 reads in 2.658 CPU sec, 2.387 real sec
[M::process] read 138010 sequences (10000008 bp)...
[M::mem_process_seqs] Processed 138040 reads in 2.654 CPU sec, 2.386 real sec
[M::process] read 137988 sequences (10000059 bp)...
[M::mem_process_seqs] Processed 138010 reads in 2.659 CPU sec, 2.388 real sec
[M::process] read 138014 sequences (10000041 bp)...
[M::mem_process_seqs] Processed 137988 reads in 2.660 CPU sec, 2.389 real sec
[M::process] read 137842 sequences (10000020 bp)...
[M::mem_process_seqs] Processed 138014 reads in 2.659 CPU sec, 2.385 real sec
[M::process] read 137732 sequences (10000032 bp)...
[M::mem_process_seqs] Processed 137842 reads in 2.666 CPU sec, 2.392 real sec
[M::process] read 137810 sequences (10000080 bp)...
[M::mem_process_seqs] Processed 137732 reads in 2.671 CPU sec, 2.396 real sec
[M::process] read 136378 sequences (10000085 bp)...
[M::mem_process_seqs] Processed 137810 reads in 2.661 CPU sec, 2.387 real sec
[M::process] read 137796 sequences (10000117 bp)...
[M::mem_process_seqs] Processed 136378 reads in 2.659 CPU sec, 2.381 real sec
[M::process] read 137832 sequences (10000102 bp)...
[M::mem_process_seqs] Processed 137796 reads in 2.658 CPU sec, 2.388 real sec
[M::process] read 138624 sequences (10000000 bp)...
[M::mem_process_seqs] Processed 137832 reads in 2.650 CPU sec, 2.383 real sec
[M::process] read 138202 sequences (10000029 bp)...
[M::mem_process_seqs] Processed 138624 reads in 2.654 CPU sec, 2.388 real sec
[M::process] read 138328 sequences (10000051 bp)...
[M::mem_process_seqs] Processed 138202 reads in 2.654 CPU sec, 2.387 real sec
[M::process] read 138372 sequences (10000173 bp)...
[M::mem_process_seqs] Processed 138328 reads in 2.694 CPU sec, 2.429 real sec
[M::process] read 138282 sequences (10000133 bp)...
[M::mem_process_seqs] Processed 138372 reads in 2.649 CPU sec, 2.382 real sec
[M::process] read 138356 sequences (10000160 bp)...
[M::mem_process_seqs] Processed 138282 reads in 2.646 CPU sec, 2.381 real sec
[M::process] read 138334 sequences (10000043 bp)...
[M::mem_process_seqs] Processed 138356 reads in 2.657 CPU sec, 2.388 real sec
[M::process] read 138172 sequences (10000101 bp)...
[M::mem_process_seqs] Processed 138334 reads in 2.657 CPU sec, 2.388 real sec
[M::process] read 138096 sequences (10000119 bp)...
[M::mem_process_seqs] Processed 138172 reads in 2.667 CPU sec, 2.400 real sec
[M::process] read 138204 sequences (10000153 bp)...
[M::mem_process_seqs] Processed 138096 reads in 2.684 CPU sec, 2.417 real sec
[M::process] read 138142 sequences (10000118 bp)...
[M::mem_process_seqs] Processed 138204 reads in 2.718 CPU sec, 2.452 real sec
[M::process] read 137972 sequences (10000131 bp)...
[M::mem_process_seqs] Processed 138142 reads in 2.657 CPU sec, 2.388 real sec
[M::process] read 137962 sequences (10000104 bp)...
[M::mem_process_seqs] Processed 137972 reads in 2.656 CPU sec, 2.385 real sec
[M::process] read 137770 sequences (10000112 bp)...
[M::mem_process_seqs] Processed 137962 reads in 2.659 CPU sec, 2.388 real sec
[M::process] read 137798 sequences (10000136 bp)...
[M::mem_process_seqs] Processed 137770 reads in 2.658 CPU sec, 2.385 real sec
[M::process] read 137358 sequences (10000057 bp)...
[M::mem_process_seqs] Processed 137798 reads in 2.655 CPU sec, 2.385 real sec
[M::process] read 137740 sequences (10000150 bp)...
[M::mem_process_seqs] Processed 137358 reads in 2.662 CPU sec, 2.388 real sec
[M::process] read 138958 sequences (10000021 bp)...
[M::mem_process_seqs] Processed 137740 reads in 2.653 CPU sec, 2.386 real sec
[M::process] read 139002 sequences (10000013 bp)...
[M::mem_process_seqs] Processed 138958 reads in 2.941 CPU sec, 2.675 real sec
[M::process] read 138404 sequences (10000010 bp)...
[M::mem_process_seqs] Processed 139002 reads in 2.943 CPU sec, 2.676 real sec
[M::process] read 138578 sequences (10000071 bp)...
[M::mem_process_seqs] Processed 138404 reads in 2.721 CPU sec, 2.456 real sec
[M::process] read 137990 sequences (10000040 bp)...
[M::mem_process_seqs] Processed 138578 reads in 2.742 CPU sec, 2.477 real sec
[M::process] read 138168 sequences (10000076 bp)...
[M::mem_process_seqs] Processed 137990 reads in 2.641 CPU sec, 2.375 real sec
[M::process] read 138132 sequences (10000032 bp)...
[M::mem_process_seqs] Processed 138168 reads in 2.704 CPU sec, 2.436 real sec
[M::process] read 138190 sequences (10000119 bp)...
[M::mem_process_seqs] Processed 138132 reads in 2.647 CPU sec, 2.379 real sec
[M::process] read 138204 sequences (10000035 bp)...
[M::mem_process_seqs] Processed 138190 reads in 2.652 CPU sec, 2.387 real sec
[M::process] read 138138 sequences (10000027 bp)...
[M::mem_process_seqs] Processed 138204 reads in 2.645 CPU sec, 2.377 real sec
[M::process] read 138146 sequences (10000032 bp)...
[M::mem_process_seqs] Processed 138138 reads in 2.645 CPU sec, 2.381 real sec
[M::process] read 137984 sequences (10000051 bp)...
[M::mem_process_seqs] Processed 138146 reads in 2.680 CPU sec, 2.414 real sec
[M::process] read 137870 sequences (10000023 bp)...
[M::mem_process_seqs] Processed 137984 reads in 2.672 CPU sec, 2.399 real sec
[M::process] read 137744 sequences (10000077 bp)...
[M::mem_process_seqs] Processed 137870 reads in 2.653 CPU sec, 2.382 real sec
[M::process] read 137618 sequences (10000107 bp)...
[M::mem_process_seqs] Processed 137744 reads in 2.655 CPU sec, 2.384 real sec
[M::process] read 136788 sequences (10000116 bp)...
[M::mem_process_seqs] Processed 137618 reads in 2.722 CPU sec, 2.450 real sec
[M::process] read 137718 sequences (10000077 bp)...
[M::mem_process_seqs] Processed 136788 reads in 2.661 CPU sec, 2.387 real sec
[M::process] read 100625 sequences (7306317 bp)...
[M::mem_process_seqs] Processed 137718 reads in 2.618 CPU sec, 2.400 real sec
[M::mem_process_seqs] Processed 100625 reads in 1.813 CPU sec, 1.752 real sec
[main] Version: 0.7.19-r1273
[main] CMD: bwa mem Efaecium /home/yogesh22/Genome_Analysis/raw_data/transcriptomics_data/RNA-Seq_BH/trimmed/trim_single_ERR1797972_pass_1.fastq.gz
[main] Real time: 170.390 sec; CPU: 189.139 sec
[M::bwa_idx_load_from_disk] read 0 ALT contigs
[M::process] read 88982 sequences (8062335 bp)...
[M::mem_process_seqs] Processed 88982 reads in 2.016 CPU sec, 2.023 real sec
[main] Version: 0.7.19-r1273
[main] CMD: bwa mem Efaecium /home/yogesh22/Genome_Analysis/raw_data/transcriptomics_data/RNA-Seq_BH/trimmed/trim_single_ERR1797972_pass_2.fastq.gz
[main] Real time: 2.734 sec; CPU: 2.203 sec
[M::bwa_idx_load_from_disk] read 0 ALT contigs
[M::process] read 137576 sequences (10000084 bp)...
[M::process] read 137224 sequences (10000038 bp)...
[M::mem_process_seqs] Processed 137576 reads in 2.623 CPU sec, 2.382 real sec
[M::process] read 137380 sequences (10000018 bp)...
[M::mem_process_seqs] Processed 137224 reads in 2.651 CPU sec, 2.375 real sec
[M::process] read 137392 sequences (10000048 bp)...
[M::mem_process_seqs] Processed 137380 reads in 2.642 CPU sec, 2.370 real sec
[M::process] read 137096 sequences (10000009 bp)...
[M::mem_process_seqs] Processed 137392 reads in 2.639 CPU sec, 2.371 real sec
[M::process] read 137326 sequences (10000162 bp)...
[M::mem_process_seqs] Processed 137096 reads in 2.628 CPU sec, 2.362 real sec
[M::process] read 137150 sequences (10000151 bp)...
[M::mem_process_seqs] Processed 137326 reads in 2.621 CPU sec, 2.353 real sec
[M::process] read 137230 sequences (10000004 bp)...
[M::mem_process_seqs] Processed 137150 reads in 2.637 CPU sec, 2.370 real sec
[M::process] read 137014 sequences (10000104 bp)...
[M::mem_process_seqs] Processed 137230 reads in 2.630 CPU sec, 2.361 real sec
[M::process] read 137040 sequences (10000056 bp)...
[M::mem_process_seqs] Processed 137014 reads in 2.647 CPU sec, 2.379 real sec
[M::process] read 136898 sequences (10000033 bp)...
[M::mem_process_seqs] Processed 137040 reads in 2.646 CPU sec, 2.375 real sec
[M::process] read 136682 sequences (10000039 bp)...
[M::mem_process_seqs] Processed 136898 reads in 2.637 CPU sec, 2.367 real sec
[M::process] read 136262 sequences (10000012 bp)...
[M::mem_process_seqs] Processed 136682 reads in 2.651 CPU sec, 2.378 real sec
[M::process] read 136382 sequences (10000065 bp)...
[M::mem_process_seqs] Processed 136262 reads in 2.643 CPU sec, 2.372 real sec
[M::process] read 137260 sequences (10000076 bp)...
[M::mem_process_seqs] Processed 136382 reads in 2.622 CPU sec, 2.359 real sec
[M::process] read 137182 sequences (10000108 bp)...
[M::mem_process_seqs] Processed 137260 reads in 2.620 CPU sec, 2.355 real sec
[M::process] read 137120 sequences (10000071 bp)...
[M::mem_process_seqs] Processed 137182 reads in 2.631 CPU sec, 2.366 real sec
[M::process] read 137372 sequences (10000117 bp)...
[M::mem_process_seqs] Processed 137120 reads in 2.630 CPU sec, 2.365 real sec
[M::process] read 136892 sequences (10000012 bp)...
[M::mem_process_seqs] Processed 137372 reads in 2.635 CPU sec, 2.369 real sec
[M::process] read 137110 sequences (10000156 bp)...
[M::mem_process_seqs] Processed 136892 reads in 2.642 CPU sec, 2.377 real sec
[M::process] read 137072 sequences (10000092 bp)...
[M::mem_process_seqs] Processed 137110 reads in 2.635 CPU sec, 2.368 real sec
[M::process] read 136880 sequences (10000108 bp)...
[M::mem_process_seqs] Processed 137072 reads in 2.638 CPU sec, 2.375 real sec
[M::process] read 136922 sequences (10000132 bp)...
[M::mem_process_seqs] Processed 136880 reads in 2.646 CPU sec, 2.378 real sec
[M::process] read 136838 sequences (10000101 bp)...
[M::mem_process_seqs] Processed 136922 reads in 2.641 CPU sec, 2.374 real sec
[M::process] read 136682 sequences (10000067 bp)...
[M::mem_process_seqs] Processed 136838 reads in 2.638 CPU sec, 2.368 real sec
[M::process] read 136638 sequences (10000075 bp)...
[M::mem_process_seqs] Processed 136682 reads in 2.629 CPU sec, 2.358 real sec
[M::process] read 135356 sequences (10000059 bp)...
[M::mem_process_seqs] Processed 136638 reads in 2.633 CPU sec, 2.361 real sec
[M::process] read 136618 sequences (10000064 bp)...
[M::mem_process_seqs] Processed 135356 reads in 2.633 CPU sec, 2.359 real sec
[M::process] read 137386 sequences (10000019 bp)...
[M::mem_process_seqs] Processed 136618 reads in 2.614 CPU sec, 2.349 real sec
[M::process] read 137270 sequences (10000041 bp)...
[M::mem_process_seqs] Processed 137386 reads in 2.629 CPU sec, 2.364 real sec
[M::process] read 137198 sequences (10000040 bp)...
[M::mem_process_seqs] Processed 137270 reads in 2.643 CPU sec, 2.376 real sec
[M::process] read 137454 sequences (10000117 bp)...
[M::mem_process_seqs] Processed 137198 reads in 2.669 CPU sec, 2.403 real sec
[M::process] read 137288 sequences (10000101 bp)...
[M::mem_process_seqs] Processed 137454 reads in 2.640 CPU sec, 2.376 real sec
[M::process] read 137306 sequences (10000007 bp)...
[M::mem_process_seqs] Processed 137288 reads in 2.632 CPU sec, 2.367 real sec
[M::process] read 137158 sequences (10000070 bp)...
[M::mem_process_seqs] Processed 137306 reads in 2.650 CPU sec, 2.381 real sec
[M::process] read 137066 sequences (10000045 bp)...
[M::mem_process_seqs] Processed 137158 reads in 2.647 CPU sec, 2.378 real sec
[M::process] read 137040 sequences (10000016 bp)...
[M::mem_process_seqs] Processed 137066 reads in 2.629 CPU sec, 2.359 real sec
[M::process] read 136962 sequences (10000025 bp)...
[M::mem_process_seqs] Processed 137040 reads in 2.628 CPU sec, 2.358 real sec
[M::process] read 136852 sequences (10000136 bp)...
[M::mem_process_seqs] Processed 136962 reads in 2.635 CPU sec, 2.363 real sec
[M::process] read 136794 sequences (10000093 bp)...
[M::mem_process_seqs] Processed 136852 reads in 2.652 CPU sec, 2.381 real sec
[M::process] read 136210 sequences (10000156 bp)...
[M::mem_process_seqs] Processed 136794 reads in 2.652 CPU sec, 2.379 real sec
[M::process] read 136596 sequences (10000020 bp)...
[M::mem_process_seqs] Processed 136210 reads in 2.647 CPU sec, 2.370 real sec
[M::process] read 137994 sequences (10000147 bp)...
[M::mem_process_seqs] Processed 136596 reads in 2.632 CPU sec, 2.364 real sec
[M::process] read 137746 sequences (10000005 bp)...
[M::mem_process_seqs] Processed 137994 reads in 3.020 CPU sec, 2.755 real sec
[M::process] read 137430 sequences (10000022 bp)...
[M::mem_process_seqs] Processed 137746 reads in 2.740 CPU sec, 2.473 real sec
[M::process] read 137042 sequences (10000120 bp)...
[M::mem_process_seqs] Processed 137430 reads in 2.721 CPU sec, 2.453 real sec
[M::process] read 137222 sequences (10000079 bp)...
[M::mem_process_seqs] Processed 137042 reads in 2.661 CPU sec, 2.395 real sec
[M::process] read 137118 sequences (10000044 bp)...
[M::mem_process_seqs] Processed 137222 reads in 2.629 CPU sec, 2.363 real sec
[M::process] read 137074 sequences (10000009 bp)...
[M::mem_process_seqs] Processed 137118 reads in 2.631 CPU sec, 2.363 real sec
[M::process] read 137048 sequences (10000076 bp)...
[M::mem_process_seqs] Processed 137074 reads in 2.640 CPU sec, 2.372 real sec
[M::process] read 136952 sequences (10000023 bp)...
[M::mem_process_seqs] Processed 137048 reads in 2.641 CPU sec, 2.371 real sec
[M::process] read 136754 sequences (10000083 bp)...
[M::mem_process_seqs] Processed 136952 reads in 2.630 CPU sec, 2.360 real sec
[M::process] read 136730 sequences (10000021 bp)...
[M::mem_process_seqs] Processed 136754 reads in 2.630 CPU sec, 2.360 real sec
[M::process] read 136536 sequences (10000050 bp)...
[M::mem_process_seqs] Processed 136730 reads in 2.641 CPU sec, 2.368 real sec
[M::process] read 135730 sequences (10000009 bp)...
[M::mem_process_seqs] Processed 136536 reads in 2.645 CPU sec, 2.375 real sec
[M::process] read 127888 sequences (9375444 bp)...
[M::mem_process_seqs] Processed 135730 reads in 2.623 CPU sec, 2.362 real sec
[M::mem_process_seqs] Processed 127888 reads in 2.227 CPU sec, 2.183 real sec
[main] Version: 0.7.19-r1273
[main] CMD: bwa mem Efaecium /home/yogesh22/Genome_Analysis/raw_data/transcriptomics_data/RNA-Seq_BH/trimmed/trim_single_ERR1797973_pass_1.fastq.gz
[main] Real time: 133.563 sec; CPU: 148.201 sec
[M::bwa_idx_load_from_disk] read 0 ALT contigs
[M::process] read 87249 sequences (7938101 bp)...
[M::mem_process_seqs] Processed 87249 reads in 1.949 CPU sec, 1.956 real sec
[main] Version: 0.7.19-r1273
[main] CMD: bwa mem Efaecium /home/yogesh22/Genome_Analysis/raw_data/transcriptomics_data/RNA-Seq_BH/trimmed/trim_single_ERR1797973_pass_2.fastq.gz
[main] Real time: 2.572 sec; CPU: 2.131 sec
[M::bwa_idx_load_from_disk] read 0 ALT contigs
[M::process] read 138226 sequences (10000015 bp)...
[M::process] read 138068 sequences (10000106 bp)...
[M::mem_process_seqs] Processed 138226 reads in 2.647 CPU sec, 2.405 real sec
[M::process] read 137834 sequences (10000038 bp)...
[M::mem_process_seqs] Processed 138068 reads in 2.685 CPU sec, 2.411 real sec
[M::process] read 137884 sequences (10000056 bp)...
[M::mem_process_seqs] Processed 137834 reads in 2.660 CPU sec, 2.388 real sec
[M::process] read 138002 sequences (10000149 bp)...
[M::mem_process_seqs] Processed 137884 reads in 2.660 CPU sec, 2.389 real sec
[M::process] read 137846 sequences (10000018 bp)...
[M::mem_process_seqs] Processed 138002 reads in 2.670 CPU sec, 2.399 real sec
[M::process] read 137832 sequences (10000039 bp)...
[M::mem_process_seqs] Processed 137846 reads in 2.681 CPU sec, 2.411 real sec
[M::process] read 137764 sequences (10000007 bp)...
[M::mem_process_seqs] Processed 137832 reads in 2.653 CPU sec, 2.381 real sec
[M::process] read 137688 sequences (10000040 bp)...
[M::mem_process_seqs] Processed 137764 reads in 2.654 CPU sec, 2.386 real sec
[M::process] read 137582 sequences (10000073 bp)...
[M::mem_process_seqs] Processed 137688 reads in 2.648 CPU sec, 2.376 real sec
[M::process] read 137540 sequences (10000045 bp)...
[M::mem_process_seqs] Processed 137582 reads in 2.689 CPU sec, 2.417 real sec
[M::process] read 137338 sequences (10000015 bp)...
[M::mem_process_seqs] Processed 137540 reads in 2.656 CPU sec, 2.383 real sec
[M::process] read 136904 sequences (10000091 bp)...
[M::mem_process_seqs] Processed 137338 reads in 2.668 CPU sec, 2.395 real sec
[M::process] read 137178 sequences (10000090 bp)...
[M::mem_process_seqs] Processed 136904 reads in 2.661 CPU sec, 2.385 real sec
[M::process] read 137456 sequences (10000148 bp)...
[M::mem_process_seqs] Processed 137178 reads in 2.681 CPU sec, 2.411 real sec
[M::process] read 137926 sequences (10000074 bp)...
[M::mem_process_seqs] Processed 137456 reads in 2.663 CPU sec, 2.396 real sec
[M::process] read 137674 sequences (10000035 bp)...
[M::mem_process_seqs] Processed 137926 reads in 2.672 CPU sec, 2.406 real sec
[M::process] read 137842 sequences (10000080 bp)...
[M::mem_process_seqs] Processed 137674 reads in 2.648 CPU sec, 2.381 real sec
[M::process] read 137854 sequences (10000096 bp)...
[M::mem_process_seqs] Processed 137842 reads in 2.652 CPU sec, 2.382 real sec
[M::process] read 137450 sequences (10000120 bp)...
[M::mem_process_seqs] Processed 137854 reads in 2.650 CPU sec, 2.387 real sec
[M::process] read 137792 sequences (10000096 bp)...
[M::mem_process_seqs] Processed 137450 reads in 2.646 CPU sec, 2.377 real sec
[M::process] read 137628 sequences (10000075 bp)...
[M::mem_process_seqs] Processed 137792 reads in 2.645 CPU sec, 2.375 real sec
[M::process] read 137548 sequences (10000064 bp)...
[M::mem_process_seqs] Processed 137628 reads in 2.647 CPU sec, 2.377 real sec
[M::process] read 137494 sequences (10000134 bp)...
[M::mem_process_seqs] Processed 137548 reads in 2.641 CPU sec, 2.370 real sec
[M::process] read 137410 sequences (10000121 bp)...
[M::mem_process_seqs] Processed 137494 reads in 2.646 CPU sec, 2.374 real sec
[M::process] read 137178 sequences (10000058 bp)...
[M::mem_process_seqs] Processed 137410 reads in 2.653 CPU sec, 2.379 real sec
[M::process] read 137094 sequences (10000120 bp)...
[M::mem_process_seqs] Processed 137178 reads in 2.661 CPU sec, 2.387 real sec
[M::process] read 135864 sequences (10000058 bp)...
[M::mem_process_seqs] Processed 137094 reads in 2.699 CPU sec, 2.422 real sec
[M::process] read 137084 sequences (10000020 bp)...
[M::mem_process_seqs] Processed 135864 reads in 2.659 CPU sec, 2.384 real sec
[M::process] read 138046 sequences (10000031 bp)...
[M::mem_process_seqs] Processed 137084 reads in 2.659 CPU sec, 2.388 real sec
[M::process] read 138044 sequences (10000057 bp)...
[M::mem_process_seqs] Processed 138046 reads in 2.651 CPU sec, 2.383 real sec
[M::process] read 137630 sequences (10000071 bp)...
[M::mem_process_seqs] Processed 138044 reads in 2.656 CPU sec, 2.389 real sec
[M::process] read 138152 sequences (10000073 bp)...
[M::mem_process_seqs] Processed 137630 reads in 2.651 CPU sec, 2.382 real sec
[M::process] read 137850 sequences (10000113 bp)...
[M::mem_process_seqs] Processed 138152 reads in 2.686 CPU sec, 2.418 real sec
[M::process] read 137806 sequences (10000028 bp)...
[M::mem_process_seqs] Processed 137850 reads in 2.673 CPU sec, 2.401 real sec
[M::process] read 137802 sequences (10000025 bp)...
[M::mem_process_seqs] Processed 137806 reads in 2.666 CPU sec, 2.396 real sec
[M::process] read 137670 sequences (10000005 bp)...
[M::mem_process_seqs] Processed 137802 reads in 2.653 CPU sec, 2.384 real sec
[M::process] read 137708 sequences (10000094 bp)...
[M::mem_process_seqs] Processed 137670 reads in 2.649 CPU sec, 2.376 real sec
[M::process] read 137616 sequences (10000084 bp)...
[M::mem_process_seqs] Processed 137708 reads in 2.657 CPU sec, 2.384 real sec
[M::process] read 137510 sequences (10000077 bp)...
[M::mem_process_seqs] Processed 137616 reads in 2.663 CPU sec, 2.389 real sec
[M::process] read 137428 sequences (10000082 bp)...
[M::mem_process_seqs] Processed 137510 reads in 2.655 CPU sec, 2.382 real sec
[M::process] read 137352 sequences (10000133 bp)...
[M::mem_process_seqs] Processed 137428 reads in 2.649 CPU sec, 2.375 real sec
[M::process] read 136962 sequences (10000133 bp)...
[M::mem_process_seqs] Processed 137352 reads in 2.670 CPU sec, 2.394 real sec
[M::process] read 137736 sequences (10000098 bp)...
[M::mem_process_seqs] Processed 136962 reads in 2.651 CPU sec, 2.378 real sec
[M::process] read 138500 sequences (10000042 bp)...
[M::mem_process_seqs] Processed 137736 reads in 2.748 CPU sec, 2.481 real sec
[M::process] read 138542 sequences (10000095 bp)...
[M::mem_process_seqs] Processed 138500 reads in 3.036 CPU sec, 2.768 real sec
[M::process] read 137938 sequences (10000144 bp)...
[M::mem_process_seqs] Processed 138542 reads in 2.728 CPU sec, 2.459 real sec
[M::process] read 137832 sequences (10000074 bp)...
[M::mem_process_seqs] Processed 137938 reads in 2.730 CPU sec, 2.460 real sec
[M::process] read 137766 sequences (10000018 bp)...
[M::mem_process_seqs] Processed 137832 reads in 2.689 CPU sec, 2.420 real sec
[M::process] read 137852 sequences (10000028 bp)...
[M::mem_process_seqs] Processed 137766 reads in 2.644 CPU sec, 2.373 real sec
[M::process] read 137668 sequences (10000008 bp)...
[M::mem_process_seqs] Processed 137852 reads in 2.648 CPU sec, 2.378 real sec
[M::process] read 137648 sequences (10000043 bp)...
[M::mem_process_seqs] Processed 137668 reads in 2.653 CPU sec, 2.383 real sec
[M::process] read 137582 sequences (10000087 bp)...
[M::mem_process_seqs] Processed 137648 reads in 2.642 CPU sec, 2.370 real sec
[M::process] read 137462 sequences (10000019 bp)...
[M::mem_process_seqs] Processed 137582 reads in 2.657 CPU sec, 2.384 real sec
[M::process] read 137334 sequences (10000122 bp)...
[M::mem_process_seqs] Processed 137462 reads in 2.649 CPU sec, 2.375 real sec
[M::process] read 137090 sequences (10000078 bp)...
[M::mem_process_seqs] Processed 137334 reads in 2.655 CPU sec, 2.380 real sec
[M::process] read 135952 sequences (10000128 bp)...
[M::mem_process_seqs] Processed 137090 reads in 2.657 CPU sec, 2.382 real sec
[M::process] read 137086 sequences (10000019 bp)...
[M::mem_process_seqs] Processed 135952 reads in 2.667 CPU sec, 2.391 real sec
[M::process] read 9561 sequences (699044 bp)...
[M::mem_process_seqs] Processed 137086 reads in 2.441 CPU sec, 2.365 real sec
[M::mem_process_seqs] Processed 9561 reads in 0.266 CPU sec, 0.196 real sec
[main] Version: 0.7.19-r1273
[main] CMD: bwa mem Efaecium /home/yogesh22/Genome_Analysis/raw_data/transcriptomics_data/RNA-Seq_BH/trimmed/trim_single_ERR1797974_pass_1.fastq.gz
[main] Real time: 139.772 sec; CPU: 155.206 sec
[M::bwa_idx_load_from_disk] read 0 ALT contigs
[M::process] read 76754 sequences (6933917 bp)...
[M::mem_process_seqs] Processed 76754 reads in 1.716 CPU sec, 1.722 real sec
[main] Version: 0.7.19-r1273
[main] CMD: bwa mem Efaecium /home/yogesh22/Genome_Analysis/raw_data/transcriptomics_data/RNA-Seq_BH/trimmed/trim_single_ERR1797974_pass_2.fastq.gz
[main] Real time: 1.963 sec; CPU: 1.878 sec
[M::bwa_idx_load_from_disk] read 0 ALT contigs
[M::process] read 100370 sequences (10000127 bp)...
[M::process] read 100350 sequences (10000185 bp)...
[M::mem_process_seqs] Processed 100370 reads in 2.386 CPU sec, 2.192 real sec
[M::process] read 100516 sequences (10000035 bp)...
[M::mem_process_seqs] Processed 100350 reads in 2.374 CPU sec, 2.158 real sec
[M::process] read 100410 sequences (10000123 bp)...
[M::mem_process_seqs] Processed 100516 reads in 2.384 CPU sec, 2.170 real sec
[M::process] read 100434 sequences (10000050 bp)...
[M::mem_process_seqs] Processed 100410 reads in 2.372 CPU sec, 2.162 real sec
[M::process] read 100378 sequences (10000145 bp)...
[M::mem_process_seqs] Processed 100434 reads in 2.362 CPU sec, 2.153 real sec
[M::process] read 100380 sequences (10000105 bp)...
[M::mem_process_seqs] Processed 100378 reads in 2.374 CPU sec, 2.163 real sec
[M::process] read 100410 sequences (10000046 bp)...
[M::mem_process_seqs] Processed 100380 reads in 2.372 CPU sec, 2.162 real sec
[M::process] read 100608 sequences (10000032 bp)...
[M::mem_process_seqs] Processed 100410 reads in 2.361 CPU sec, 2.151 real sec
[M::process] read 100454 sequences (10000028 bp)...
[M::mem_process_seqs] Processed 100608 reads in 2.372 CPU sec, 2.160 real sec
[M::process] read 100446 sequences (10000042 bp)...
[M::mem_process_seqs] Processed 100454 reads in 2.365 CPU sec, 2.154 real sec
[M::process] read 100448 sequences (10000009 bp)...
[M::mem_process_seqs] Processed 100446 reads in 2.358 CPU sec, 2.147 real sec
[M::process] read 100466 sequences (10000003 bp)...
[M::mem_process_seqs] Processed 100448 reads in 2.365 CPU sec, 2.153 real sec
[M::process] read 100476 sequences (10000135 bp)...
[M::mem_process_seqs] Processed 100466 reads in 2.379 CPU sec, 2.167 real sec
[M::process] read 100460 sequences (10000062 bp)...
[M::mem_process_seqs] Processed 100476 reads in 2.381 CPU sec, 2.167 real sec
[M::process] read 100464 sequences (10000021 bp)...
[M::mem_process_seqs] Processed 100460 reads in 2.375 CPU sec, 2.162 real sec
[M::process] read 100462 sequences (10000171 bp)...
[M::mem_process_seqs] Processed 100464 reads in 2.365 CPU sec, 2.152 real sec
[M::process] read 100548 sequences (10000016 bp)...
[M::mem_process_seqs] Processed 100462 reads in 2.383 CPU sec, 2.169 real sec
[M::process] read 100472 sequences (10000025 bp)...
[M::mem_process_seqs] Processed 100548 reads in 2.376 CPU sec, 2.164 real sec
[M::process] read 100546 sequences (10000094 bp)...
[M::mem_process_seqs] Processed 100472 reads in 2.374 CPU sec, 2.159 real sec
[M::process] read 100530 sequences (10000107 bp)...
[M::mem_process_seqs] Processed 100546 reads in 2.384 CPU sec, 2.170 real sec
[M::process] read 100526 sequences (10000039 bp)...
[M::mem_process_seqs] Processed 100530 reads in 2.376 CPU sec, 2.161 real sec
[M::process] read 100562 sequences (10000042 bp)...
[M::mem_process_seqs] Processed 100526 reads in 2.379 CPU sec, 2.164 real sec
[M::process] read 100560 sequences (10000130 bp)...
[M::mem_process_seqs] Processed 100562 reads in 2.380 CPU sec, 2.163 real sec
[M::process] read 100614 sequences (10000122 bp)...
[M::mem_process_seqs] Processed 100560 reads in 2.385 CPU sec, 2.169 real sec
[M::process] read 100620 sequences (10000009 bp)...
[M::mem_process_seqs] Processed 100614 reads in 2.382 CPU sec, 2.165 real sec
[M::process] read 100658 sequences (10000175 bp)...
[M::mem_process_seqs] Processed 100620 reads in 2.384 CPU sec, 2.167 real sec
[M::process] read 100616 sequences (10000148 bp)...
[M::mem_process_seqs] Processed 100658 reads in 2.370 CPU sec, 2.153 real sec
[M::process] read 100620 sequences (10000125 bp)...
[M::mem_process_seqs] Processed 100616 reads in 2.373 CPU sec, 2.156 real sec
[M::process] read 100764 sequences (10000160 bp)...
[M::mem_process_seqs] Processed 100620 reads in 2.381 CPU sec, 2.163 real sec
[M::process] read 100924 sequences (10000000 bp)...
[M::mem_process_seqs] Processed 100764 reads in 2.389 CPU sec, 2.170 real sec
[M::process] read 100840 sequences (10000143 bp)...
[M::mem_process_seqs] Processed 100924 reads in 2.388 CPU sec, 2.169 real sec
[M::process] read 100608 sequences (10000057 bp)...
[M::mem_process_seqs] Processed 100840 reads in 2.376 CPU sec, 2.161 real sec
[M::process] read 100400 sequences (10000076 bp)...
[M::mem_process_seqs] Processed 100608 reads in 2.364 CPU sec, 2.155 real sec
[M::process] read 100390 sequences (10000196 bp)...
[M::mem_process_seqs] Processed 100400 reads in 2.359 CPU sec, 2.149 real sec
[M::process] read 100498 sequences (10000087 bp)...
[M::mem_process_seqs] Processed 100390 reads in 2.351 CPU sec, 2.140 real sec
[M::process] read 100378 sequences (10000144 bp)...
[M::mem_process_seqs] Processed 100498 reads in 2.377 CPU sec, 2.167 real sec
[M::process] read 100406 sequences (10000055 bp)...
[M::mem_process_seqs] Processed 100378 reads in 2.355 CPU sec, 2.146 real sec
[M::process] read 100388 sequences (10000007 bp)...
[M::mem_process_seqs] Processed 100406 reads in 2.363 CPU sec, 2.155 real sec
[M::process] read 100396 sequences (10000005 bp)...
[M::mem_process_seqs] Processed 100388 reads in 2.357 CPU sec, 2.147 real sec
[M::process] read 100474 sequences (10000101 bp)...
[M::mem_process_seqs] Processed 100396 reads in 2.356 CPU sec, 2.144 real sec
[M::process] read 100492 sequences (10000126 bp)...
[M::mem_process_seqs] Processed 100474 reads in 2.363 CPU sec, 2.152 real sec
[M::process] read 100406 sequences (10000060 bp)...
[M::mem_process_seqs] Processed 100492 reads in 2.363 CPU sec, 2.152 real sec
[M::process] read 100416 sequences (10000063 bp)...
[M::mem_process_seqs] Processed 100406 reads in 2.357 CPU sec, 2.146 real sec
[M::process] read 100522 sequences (10000059 bp)...
[M::mem_process_seqs] Processed 100416 reads in 2.370 CPU sec, 2.156 real sec
[M::process] read 100432 sequences (10000035 bp)...
[M::mem_process_seqs] Processed 100522 reads in 2.366 CPU sec, 2.154 real sec
[M::process] read 100442 sequences (10000166 bp)...
[M::mem_process_seqs] Processed 100432 reads in 2.375 CPU sec, 2.163 real sec
[M::process] read 100462 sequences (10000186 bp)...
[M::mem_process_seqs] Processed 100442 reads in 2.359 CPU sec, 2.147 real sec
[M::process] read 100460 sequences (10000078 bp)...
[M::mem_process_seqs] Processed 100462 reads in 2.375 CPU sec, 2.164 real sec
[M::process] read 100488 sequences (10000065 bp)...
[M::mem_process_seqs] Processed 100460 reads in 2.377 CPU sec, 2.164 real sec
[M::process] read 100464 sequences (10000074 bp)...
[M::mem_process_seqs] Processed 100488 reads in 2.378 CPU sec, 2.165 real sec
[M::process] read 100462 sequences (10000052 bp)...
[M::mem_process_seqs] Processed 100464 reads in 2.371 CPU sec, 2.157 real sec
[M::process] read 100510 sequences (10000043 bp)...
[M::mem_process_seqs] Processed 100462 reads in 2.375 CPU sec, 2.159 real sec
[M::process] read 100468 sequences (10000046 bp)...
[M::mem_process_seqs] Processed 100510 reads in 2.380 CPU sec, 2.166 real sec
[M::process] read 100528 sequences (10000150 bp)...
[M::mem_process_seqs] Processed 100468 reads in 2.377 CPU sec, 2.162 real sec
[M::process] read 100554 sequences (10000028 bp)...
[M::mem_process_seqs] Processed 100528 reads in 2.377 CPU sec, 2.161 real sec
[M::process] read 100576 sequences (10000072 bp)...
[M::mem_process_seqs] Processed 100554 reads in 2.378 CPU sec, 2.162 real sec
[M::process] read 100588 sequences (10000124 bp)...
[M::mem_process_seqs] Processed 100576 reads in 2.371 CPU sec, 2.155 real sec
[M::process] read 100556 sequences (10000116 bp)...
[M::mem_process_seqs] Processed 100588 reads in 2.375 CPU sec, 2.158 real sec
[M::process] read 100568 sequences (10000108 bp)...
[M::mem_process_seqs] Processed 100556 reads in 2.397 CPU sec, 2.180 real sec
[M::process] read 100590 sequences (10000163 bp)...
[M::mem_process_seqs] Processed 100568 reads in 2.379 CPU sec, 2.162 real sec
[M::process] read 100664 sequences (10000014 bp)...
[M::mem_process_seqs] Processed 100590 reads in 2.389 CPU sec, 2.171 real sec
[M::process] read 100892 sequences (10000099 bp)...
[M::mem_process_seqs] Processed 100664 reads in 2.391 CPU sec, 2.171 real sec
[M::process] read 100780 sequences (10000122 bp)...
[M::mem_process_seqs] Processed 100892 reads in 2.392 CPU sec, 2.172 real sec
[M::process] read 100814 sequences (10000085 bp)...
[M::mem_process_seqs] Processed 100780 reads in 2.384 CPU sec, 2.163 real sec
[M::process] read 100528 sequences (10000087 bp)...
[M::mem_process_seqs] Processed 100814 reads in 2.372 CPU sec, 2.161 real sec
[M::process] read 100370 sequences (10000047 bp)...
[M::mem_process_seqs] Processed 100528 reads in 2.367 CPU sec, 2.161 real sec
[M::process] read 100520 sequences (10000144 bp)...
[M::mem_process_seqs] Processed 100370 reads in 2.360 CPU sec, 2.151 real sec
[M::process] read 100420 sequences (10000024 bp)...
[M::mem_process_seqs] Processed 100520 reads in 2.378 CPU sec, 2.169 real sec
[M::process] read 100386 sequences (10000043 bp)...
[M::mem_process_seqs] Processed 100420 reads in 2.360 CPU sec, 2.150 real sec
[M::process] read 100384 sequences (10000092 bp)...
[M::mem_process_seqs] Processed 100386 reads in 2.355 CPU sec, 2.144 real sec
[M::process] read 100424 sequences (10000103 bp)...
[M::mem_process_seqs] Processed 100384 reads in 2.355 CPU sec, 2.145 real sec
[M::process] read 100400 sequences (10000018 bp)...
[M::mem_process_seqs] Processed 100424 reads in 2.464 CPU sec, 2.254 real sec
[M::process] read 100604 sequences (10000175 bp)...
[M::mem_process_seqs] Processed 100400 reads in 2.366 CPU sec, 2.154 real sec
[M::process] read 100424 sequences (10000114 bp)...
[M::mem_process_seqs] Processed 100604 reads in 2.363 CPU sec, 2.152 real sec
[M::process] read 100416 sequences (10000010 bp)...
[M::mem_process_seqs] Processed 100424 reads in 2.362 CPU sec, 2.151 real sec
[M::process] read 100422 sequences (10000180 bp)...
[M::mem_process_seqs] Processed 100416 reads in 2.379 CPU sec, 2.169 real sec
[M::process] read 100424 sequences (10000044 bp)...
[M::mem_process_seqs] Processed 100422 reads in 2.381 CPU sec, 2.170 real sec
[M::process] read 100448 sequences (10000160 bp)...
[M::mem_process_seqs] Processed 100424 reads in 2.372 CPU sec, 2.161 real sec
[M::process] read 100436 sequences (10000141 bp)...
[M::mem_process_seqs] Processed 100448 reads in 2.367 CPU sec, 2.156 real sec
[M::process] read 100466 sequences (10000188 bp)...
[M::mem_process_seqs] Processed 100436 reads in 2.367 CPU sec, 2.155 real sec
[M::process] read 100464 sequences (10000029 bp)...
[M::mem_process_seqs] Processed 100466 reads in 2.371 CPU sec, 2.159 real sec
[M::process] read 100460 sequences (10000149 bp)...
[M::mem_process_seqs] Processed 100464 reads in 2.372 CPU sec, 2.159 real sec
[M::process] read 100460 sequences (10000172 bp)...
[M::mem_process_seqs] Processed 100460 reads in 2.362 CPU sec, 2.148 real sec
[M::process] read 100444 sequences (10000055 bp)...
[M::mem_process_seqs] Processed 100460 reads in 2.373 CPU sec, 2.161 real sec
[M::process] read 100498 sequences (10000112 bp)...
[M::mem_process_seqs] Processed 100444 reads in 2.368 CPU sec, 2.154 real sec
[M::process] read 100500 sequences (10000113 bp)...
[M::mem_process_seqs] Processed 100498 reads in 2.365 CPU sec, 2.150 real sec
[M::process] read 100558 sequences (10000173 bp)...
[M::mem_process_seqs] Processed 100500 reads in 2.373 CPU sec, 2.159 real sec
[M::process] read 100522 sequences (10000069 bp)...
[M::mem_process_seqs] Processed 100558 reads in 2.363 CPU sec, 2.149 real sec
[M::process] read 100544 sequences (10000116 bp)...
[M::mem_process_seqs] Processed 100522 reads in 2.370 CPU sec, 2.154 real sec
[M::process] read 100578 sequences (10000193 bp)...
[M::mem_process_seqs] Processed 100544 reads in 2.364 CPU sec, 2.149 real sec
[M::process] read 100556 sequences (10000142 bp)...
[M::mem_process_seqs] Processed 100578 reads in 2.374 CPU sec, 2.158 real sec
[M::process] read 100580 sequences (10000059 bp)...
[M::mem_process_seqs] Processed 100556 reads in 2.368 CPU sec, 2.153 real sec
[M::process] read 100660 sequences (10000023 bp)...
[M::mem_process_seqs] Processed 100580 reads in 2.369 CPU sec, 2.152 real sec
[M::process] read 100598 sequences (10000003 bp)...
[M::mem_process_seqs] Processed 100660 reads in 2.377 CPU sec, 2.159 real sec
[M::process] read 100756 sequences (10000146 bp)...
[M::mem_process_seqs] Processed 100598 reads in 2.377 CPU sec, 2.159 real sec
[M::process] read 100886 sequences (10000143 bp)...
[M::mem_process_seqs] Processed 100756 reads in 2.377 CPU sec, 2.158 real sec
[M::process] read 100552 sequences (10000182 bp)...
[M::mem_process_seqs] Processed 100886 reads in 2.379 CPU sec, 2.164 real sec
[M::process] read 100802 sequences (10000054 bp)...
[M::mem_process_seqs] Processed 100552 reads in 2.533 CPU sec, 2.321 real sec
[M::process] read 101112 sequences (10000039 bp)...
[M::mem_process_seqs] Processed 100802 reads in 2.838 CPU sec, 2.627 real sec
[M::process] read 102086 sequences (10000144 bp)...
[M::mem_process_seqs] Processed 101112 reads in 2.872 CPU sec, 2.661 real sec
[M::process] read 101000 sequences (10000064 bp)...
[M::mem_process_seqs] Processed 102086 reads in 2.590 CPU sec, 2.380 real sec
[M::process] read 101040 sequences (10000033 bp)...
[M::mem_process_seqs] Processed 101000 reads in 2.533 CPU sec, 2.321 real sec
[M::process] read 100770 sequences (10000015 bp)...
[M::mem_process_seqs] Processed 101040 reads in 2.578 CPU sec, 2.367 real sec
[M::process] read 100378 sequences (10000076 bp)...
[M::mem_process_seqs] Processed 100770 reads in 2.578 CPU sec, 2.369 real sec
[M::process] read 100634 sequences (10000017 bp)...
[M::mem_process_seqs] Processed 100378 reads in 2.361 CPU sec, 2.148 real sec
[M::process] read 100508 sequences (10000118 bp)...
[M::mem_process_seqs] Processed 100634 reads in 2.367 CPU sec, 2.156 real sec
[M::process] read 100410 sequences (10000026 bp)...
[M::mem_process_seqs] Processed 100508 reads in 2.396 CPU sec, 2.183 real sec
[M::process] read 100426 sequences (10000042 bp)...
[M::mem_process_seqs] Processed 100410 reads in 2.424 CPU sec, 2.211 real sec
[M::process] read 100454 sequences (10000063 bp)...
[M::mem_process_seqs] Processed 100426 reads in 2.372 CPU sec, 2.160 real sec
[M::process] read 100440 sequences (10000063 bp)...
[M::mem_process_seqs] Processed 100454 reads in 2.375 CPU sec, 2.162 real sec
[M::process] read 100486 sequences (10000092 bp)...
[M::mem_process_seqs] Processed 100440 reads in 2.378 CPU sec, 2.165 real sec
[M::process] read 100416 sequences (10000116 bp)...
[M::mem_process_seqs] Processed 100486 reads in 2.353 CPU sec, 2.142 real sec
[M::process] read 100458 sequences (10000085 bp)...
[M::mem_process_seqs] Processed 100416 reads in 2.360 CPU sec, 2.147 real sec
[M::process] read 100434 sequences (10000197 bp)...
[M::mem_process_seqs] Processed 100458 reads in 2.367 CPU sec, 2.154 real sec
[M::process] read 100464 sequences (10000001 bp)...
[M::mem_process_seqs] Processed 100434 reads in 2.375 CPU sec, 2.162 real sec
[M::process] read 100440 sequences (10000136 bp)...
[M::mem_process_seqs] Processed 100464 reads in 2.373 CPU sec, 2.160 real sec
[M::process] read 100474 sequences (10000146 bp)...
[M::mem_process_seqs] Processed 100440 reads in 2.368 CPU sec, 2.154 real sec
[M::process] read 100482 sequences (10000104 bp)...
[M::mem_process_seqs] Processed 100474 reads in 2.373 CPU sec, 2.159 real sec
[M::process] read 100442 sequences (10000172 bp)...
[M::mem_process_seqs] Processed 100482 reads in 2.384 CPU sec, 2.172 real sec
[M::process] read 100478 sequences (10000189 bp)...
[M::mem_process_seqs] Processed 100442 reads in 2.370 CPU sec, 2.156 real sec
[M::process] read 100544 sequences (10000095 bp)...
[M::mem_process_seqs] Processed 100478 reads in 2.369 CPU sec, 2.154 real sec
[M::process] read 100568 sequences (10000107 bp)...
[M::mem_process_seqs] Processed 100544 reads in 2.364 CPU sec, 2.148 real sec
[M::process] read 100538 sequences (10000158 bp)...
[M::mem_process_seqs] Processed 100568 reads in 2.364 CPU sec, 2.149 real sec
[M::process] read 100566 sequences (10000003 bp)...
[M::mem_process_seqs] Processed 100538 reads in 2.371 CPU sec, 2.154 real sec
[M::process] read 100538 sequences (10000031 bp)...
[M::mem_process_seqs] Processed 100566 reads in 2.367 CPU sec, 2.151 real sec
[M::process] read 100630 sequences (10000189 bp)...
[M::mem_process_seqs] Processed 100538 reads in 2.359 CPU sec, 2.142 real sec
[M::process] read 100608 sequences (10000008 bp)...
[M::mem_process_seqs] Processed 100630 reads in 2.379 CPU sec, 2.162 real sec
[M::process] read 100794 sequences (10000197 bp)...
[M::mem_process_seqs] Processed 100608 reads in 2.383 CPU sec, 2.163 real sec
[M::process] read 100451 sequences (9969483 bp)...
[M::mem_process_seqs] Processed 100794 reads in 2.407 CPU sec, 2.191 real sec
[M::mem_process_seqs] Processed 100451 reads in 2.167 CPU sec, 2.125 real sec
[main] Version: 0.7.19-r1273
[main] CMD: bwa mem Efaecium /home/yogesh22/Genome_Analysis/raw_data/transcriptomics_data/RNA-Seq_Serum/trimmed/trim_paired_ERR1797969_pass_1.fastq.gz
[main] Real time: 283.398 sec; CPU: 310.533 sec
[M::bwa_idx_load_from_disk] read 0 ALT contigs
[M::process] read 100454 sequences (10000141 bp)...
[M::process] read 100480 sequences (10000026 bp)...
[M::mem_process_seqs] Processed 100454 reads in 2.447 CPU sec, 2.253 real sec
[M::process] read 100554 sequences (10000117 bp)...
[M::mem_process_seqs] Processed 100480 reads in 2.443 CPU sec, 2.227 real sec
[M::process] read 100480 sequences (10000145 bp)...
[M::mem_process_seqs] Processed 100554 reads in 2.454 CPU sec, 2.243 real sec
[M::process] read 100530 sequences (10000184 bp)...
[M::mem_process_seqs] Processed 100480 reads in 2.436 CPU sec, 2.227 real sec
[M::process] read 100458 sequences (10000014 bp)...
[M::mem_process_seqs] Processed 100530 reads in 2.451 CPU sec, 2.242 real sec
[M::process] read 100454 sequences (10000109 bp)...
[M::mem_process_seqs] Processed 100458 reads in 2.452 CPU sec, 2.244 real sec
[M::process] read 100528 sequences (10000062 bp)...
[M::mem_process_seqs] Processed 100454 reads in 2.438 CPU sec, 2.230 real sec
[M::process] read 100488 sequences (10000199 bp)...
[M::mem_process_seqs] Processed 100528 reads in 2.452 CPU sec, 2.243 real sec
[M::process] read 100596 sequences (10000102 bp)...
[M::mem_process_seqs] Processed 100488 reads in 2.457 CPU sec, 2.248 real sec
[M::process] read 100574 sequences (10000170 bp)...
[M::mem_process_seqs] Processed 100596 reads in 2.447 CPU sec, 2.237 real sec
[M::process] read 100538 sequences (10000192 bp)...
[M::mem_process_seqs] Processed 100574 reads in 2.445 CPU sec, 2.234 real sec
[M::process] read 100566 sequences (10000104 bp)...
[M::mem_process_seqs] Processed 100538 reads in 2.451 CPU sec, 2.242 real sec
[M::process] read 100584 sequences (10000180 bp)...
[M::mem_process_seqs] Processed 100566 reads in 2.458 CPU sec, 2.247 real sec
[M::process] read 100576 sequences (10000142 bp)...
[M::mem_process_seqs] Processed 100584 reads in 2.450 CPU sec, 2.240 real sec
[M::process] read 100586 sequences (10000021 bp)...
[M::mem_process_seqs] Processed 100576 reads in 2.437 CPU sec, 2.226 real sec
[M::process] read 100574 sequences (10000088 bp)...
[M::mem_process_seqs] Processed 100586 reads in 2.436 CPU sec, 2.224 real sec
[M::process] read 100642 sequences (10000011 bp)...
[M::mem_process_seqs] Processed 100574 reads in 2.440 CPU sec, 2.229 real sec
[M::process] read 100574 sequences (10000189 bp)...
[M::mem_process_seqs] Processed 100642 reads in 2.448 CPU sec, 2.244 real sec
[M::process] read 100594 sequences (10000009 bp)...
[M::mem_process_seqs] Processed 100574 reads in 2.432 CPU sec, 2.220 real sec
[M::process] read 100684 sequences (10000029 bp)...
[M::mem_process_seqs] Processed 100594 reads in 2.453 CPU sec, 2.239 real sec
[M::process] read 100634 sequences (10000118 bp)...
[M::mem_process_seqs] Processed 100684 reads in 2.609 CPU sec, 2.273 real sec
[M::process] read 100654 sequences (10000081 bp)...
[M::mem_process_seqs] Processed 100634 reads in 2.422 CPU sec, 2.209 real sec
[M::process] read 100748 sequences (10000096 bp)...
[M::mem_process_seqs] Processed 100654 reads in 2.441 CPU sec, 2.226 real sec
[M::process] read 100740 sequences (10000117 bp)...
[M::mem_process_seqs] Processed 100748 reads in 2.452 CPU sec, 2.237 real sec
[M::process] read 100788 sequences (10000008 bp)...
[M::mem_process_seqs] Processed 100740 reads in 2.443 CPU sec, 2.227 real sec
[M::process] read 100806 sequences (10000023 bp)...
[M::mem_process_seqs] Processed 100788 reads in 2.472 CPU sec, 2.256 real sec
[M::process] read 100780 sequences (10000158 bp)...
[M::mem_process_seqs] Processed 100806 reads in 2.444 CPU sec, 2.228 real sec
[M::process] read 102168 sequences (10000037 bp)...
[M::mem_process_seqs] Processed 100780 reads in 2.455 CPU sec, 2.237 real sec
[M::process] read 100990 sequences (10000117 bp)...
[M::mem_process_seqs] Processed 102168 reads in 2.459 CPU sec, 2.241 real sec
[M::process] read 101142 sequences (10000170 bp)...
[M::mem_process_seqs] Processed 100990 reads in 2.470 CPU sec, 2.249 real sec
[M::process] read 101168 sequences (10000181 bp)...
[M::mem_process_seqs] Processed 101142 reads in 2.462 CPU sec, 2.243 real sec
[M::process] read 100700 sequences (10000063 bp)...
[M::mem_process_seqs] Processed 101168 reads in 2.458 CPU sec, 2.244 real sec
[M::process] read 100460 sequences (10000125 bp)...
[M::mem_process_seqs] Processed 100700 reads in 2.445 CPU sec, 2.238 real sec
[M::process] read 100472 sequences (10000124 bp)...
[M::mem_process_seqs] Processed 100460 reads in 2.440 CPU sec, 2.232 real sec
[M::process] read 100542 sequences (10000029 bp)...
[M::mem_process_seqs] Processed 100472 reads in 2.427 CPU sec, 2.218 real sec
[M::process] read 100518 sequences (10000080 bp)...
[M::mem_process_seqs] Processed 100542 reads in 2.443 CPU sec, 2.234 real sec
[M::process] read 100576 sequences (10000065 bp)...
[M::mem_process_seqs] Processed 100518 reads in 2.443 CPU sec, 2.234 real sec
[M::process] read 100486 sequences (10000016 bp)...
[M::mem_process_seqs] Processed 100576 reads in 2.463 CPU sec, 2.256 real sec
[M::process] read 100504 sequences (10000127 bp)...
[M::mem_process_seqs] Processed 100486 reads in 2.455 CPU sec, 2.246 real sec
[M::process] read 100508 sequences (10000153 bp)...
[M::mem_process_seqs] Processed 100504 reads in 2.434 CPU sec, 2.224 real sec
[M::process] read 100508 sequences (10000025 bp)...
[M::mem_process_seqs] Processed 100508 reads in 2.447 CPU sec, 2.237 real sec
[M::process] read 100574 sequences (10000097 bp)...
[M::mem_process_seqs] Processed 100508 reads in 2.454 CPU sec, 2.244 real sec
[M::process] read 100520 sequences (10000014 bp)...
[M::mem_process_seqs] Processed 100574 reads in 2.444 CPU sec, 2.233 real sec
[M::process] read 100578 sequences (10000071 bp)...
[M::mem_process_seqs] Processed 100520 reads in 2.442 CPU sec, 2.231 real sec
[M::process] read 100516 sequences (10000131 bp)...
[M::mem_process_seqs] Processed 100578 reads in 2.450 CPU sec, 2.239 real sec
[M::process] read 100554 sequences (10000010 bp)...
[M::mem_process_seqs] Processed 100516 reads in 2.436 CPU sec, 2.225 real sec
[M::process] read 100578 sequences (10000159 bp)...
[M::mem_process_seqs] Processed 100554 reads in 2.449 CPU sec, 2.238 real sec
[M::process] read 100608 sequences (10000009 bp)...
[M::mem_process_seqs] Processed 100578 reads in 2.446 CPU sec, 2.235 real sec
[M::process] read 100606 sequences (10000089 bp)...
[M::mem_process_seqs] Processed 100608 reads in 2.441 CPU sec, 2.228 real sec
[M::process] read 100622 sequences (10000019 bp)...
[M::mem_process_seqs] Processed 100606 reads in 2.466 CPU sec, 2.254 real sec
[M::process] read 100592 sequences (10000012 bp)...
[M::mem_process_seqs] Processed 100622 reads in 2.443 CPU sec, 2.231 real sec
[M::process] read 100614 sequences (10000130 bp)...
[M::mem_process_seqs] Processed 100592 reads in 2.451 CPU sec, 2.236 real sec
[M::process] read 100628 sequences (10000116 bp)...
[M::mem_process_seqs] Processed 100614 reads in 2.638 CPU sec, 2.294 real sec
[M::process] read 100636 sequences (10000007 bp)...
[M::mem_process_seqs] Processed 100628 reads in 2.471 CPU sec, 2.258 real sec
[M::process] read 100698 sequences (10000143 bp)...
[M::mem_process_seqs] Processed 100636 reads in 2.466 CPU sec, 2.254 real sec
[M::process] read 100794 sequences (10000077 bp)...
[M::mem_process_seqs] Processed 100698 reads in 2.458 CPU sec, 2.243 real sec
[M::process] read 100786 sequences (10000195 bp)...
[M::mem_process_seqs] Processed 100794 reads in 2.460 CPU sec, 2.245 real sec
[M::process] read 100776 sequences (10000127 bp)...
[M::mem_process_seqs] Processed 100786 reads in 2.480 CPU sec, 2.265 real sec
[M::process] read 100732 sequences (10000199 bp)...
[M::mem_process_seqs] Processed 100776 reads in 2.457 CPU sec, 2.242 real sec
[M::process] read 101178 sequences (10000198 bp)...
[M::mem_process_seqs] Processed 100732 reads in 2.466 CPU sec, 2.248 real sec
[M::process] read 102734 sequences (10000087 bp)...
[M::mem_process_seqs] Processed 101178 reads in 2.482 CPU sec, 2.260 real sec
[M::process] read 100938 sequences (10000060 bp)...
[M::mem_process_seqs] Processed 102734 reads in 2.488 CPU sec, 2.271 real sec
[M::process] read 101164 sequences (10000139 bp)...
[M::mem_process_seqs] Processed 100938 reads in 2.474 CPU sec, 2.254 real sec
[M::process] read 101074 sequences (10000069 bp)...
[M::mem_process_seqs] Processed 101164 reads in 2.479 CPU sec, 2.261 real sec
[M::process] read 100518 sequences (10000007 bp)...
[M::mem_process_seqs] Processed 101074 reads in 2.461 CPU sec, 2.253 real sec
[M::process] read 100462 sequences (10000181 bp)...
[M::mem_process_seqs] Processed 100518 reads in 2.438 CPU sec, 2.232 real sec
[M::process] read 100538 sequences (10000029 bp)...
[M::mem_process_seqs] Processed 100462 reads in 2.445 CPU sec, 2.239 real sec
[M::process] read 100586 sequences (10000001 bp)...
[M::mem_process_seqs] Processed 100538 reads in 2.465 CPU sec, 2.257 real sec
[M::process] read 100466 sequences (10000001 bp)...
[M::mem_process_seqs] Processed 100586 reads in 2.464 CPU sec, 2.256 real sec
[M::process] read 100498 sequences (10000036 bp)...
[M::mem_process_seqs] Processed 100466 reads in 2.435 CPU sec, 2.226 real sec
[M::process] read 100462 sequences (10000050 bp)...
[M::mem_process_seqs] Processed 100498 reads in 2.433 CPU sec, 2.225 real sec
[M::process] read 100460 sequences (10000159 bp)...
[M::mem_process_seqs] Processed 100462 reads in 2.439 CPU sec, 2.231 real sec
[M::process] read 100540 sequences (10000125 bp)...
[M::mem_process_seqs] Processed 100460 reads in 2.436 CPU sec, 2.226 real sec
[M::process] read 100504 sequences (10000196 bp)...
[M::mem_process_seqs] Processed 100540 reads in 2.442 CPU sec, 2.233 real sec
[M::process] read 100616 sequences (10000049 bp)...
[M::mem_process_seqs] Processed 100504 reads in 2.442 CPU sec, 2.233 real sec
[M::process] read 100526 sequences (10000014 bp)...
[M::mem_process_seqs] Processed 100616 reads in 2.476 CPU sec, 2.266 real sec
[M::process] read 100536 sequences (10000154 bp)...
[M::mem_process_seqs] Processed 100526 reads in 2.438 CPU sec, 2.228 real sec
[M::process] read 100528 sequences (10000002 bp)...
[M::mem_process_seqs] Processed 100536 reads in 2.447 CPU sec, 2.237 real sec
[M::process] read 100572 sequences (10000142 bp)...
[M::mem_process_seqs] Processed 100528 reads in 2.447 CPU sec, 2.237 real sec
[M::process] read 100588 sequences (10000028 bp)...
[M::mem_process_seqs] Processed 100572 reads in 2.450 CPU sec, 2.239 real sec
[M::process] read 100618 sequences (10000055 bp)...
[M::mem_process_seqs] Processed 100588 reads in 2.470 CPU sec, 2.260 real sec
[M::process] read 100604 sequences (10000165 bp)...
[M::mem_process_seqs] Processed 100618 reads in 2.456 CPU sec, 2.247 real sec
[M::process] read 100620 sequences (10000016 bp)...
[M::mem_process_seqs] Processed 100604 reads in 2.435 CPU sec, 2.223 real sec
[M::process] read 100648 sequences (10000112 bp)...
[M::mem_process_seqs] Processed 100620 reads in 2.450 CPU sec, 2.239 real sec
[M::process] read 100628 sequences (10000003 bp)...
[M::mem_process_seqs] Processed 100648 reads in 2.463 CPU sec, 2.252 real sec
[M::process] read 100708 sequences (10000154 bp)...
[M::mem_process_seqs] Processed 100628 reads in 2.459 CPU sec, 2.247 real sec
[M::process] read 100676 sequences (10000048 bp)...
[M::mem_process_seqs] Processed 100708 reads in 2.442 CPU sec, 2.230 real sec
[M::process] read 100782 sequences (10000168 bp)...
[M::mem_process_seqs] Processed 100676 reads in 2.442 CPU sec, 2.228 real sec
[M::process] read 100704 sequences (10000037 bp)...
[M::mem_process_seqs] Processed 100782 reads in 2.438 CPU sec, 2.224 real sec
[M::process] read 100752 sequences (10000179 bp)...
[M::mem_process_seqs] Processed 100704 reads in 2.459 CPU sec, 2.244 real sec
[M::process] read 100754 sequences (10000164 bp)...
[M::mem_process_seqs] Processed 100752 reads in 2.461 CPU sec, 2.247 real sec
[M::process] read 100842 sequences (10000089 bp)...
[M::mem_process_seqs] Processed 100754 reads in 2.465 CPU sec, 2.250 real sec
[M::process] read 102108 sequences (10000080 bp)...
[M::mem_process_seqs] Processed 100842 reads in 2.465 CPU sec, 2.247 real sec
[M::process] read 100806 sequences (10000062 bp)...
[M::mem_process_seqs] Processed 102108 reads in 2.465 CPU sec, 2.249 real sec
[M::process] read 101192 sequences (10000103 bp)...
[M::mem_process_seqs] Processed 100806 reads in 2.460 CPU sec, 2.241 real sec
[M::process] read 101172 sequences (10000196 bp)...
[M::mem_process_seqs] Processed 101192 reads in 2.465 CPU sec, 2.246 real sec
[M::process] read 100664 sequences (10000001 bp)...
[M::mem_process_seqs] Processed 101172 reads in 2.457 CPU sec, 2.245 real sec
[M::process] read 100786 sequences (10000191 bp)...
[M::mem_process_seqs] Processed 100664 reads in 2.460 CPU sec, 2.252 real sec
[M::process] read 101060 sequences (10000057 bp)...
[M::mem_process_seqs] Processed 100786 reads in 2.632 CPU sec, 2.424 real sec
[M::process] read 100886 sequences (10000017 bp)...
[M::mem_process_seqs] Processed 101060 reads in 2.731 CPU sec, 2.521 real sec
[M::process] read 100722 sequences (10000124 bp)...
[M::mem_process_seqs] Processed 100886 reads in 2.861 CPU sec, 2.653 real sec
[M::process] read 101274 sequences (10000091 bp)...
[M::mem_process_seqs] Processed 100722 reads in 2.585 CPU sec, 2.374 real sec
[M::process] read 100712 sequences (10000064 bp)...
[M::mem_process_seqs] Processed 101274 reads in 2.713 CPU sec, 2.506 real sec
[M::process] read 100580 sequences (10000125 bp)...
[M::mem_process_seqs] Processed 100712 reads in 2.457 CPU sec, 2.246 real sec
[M::process] read 100722 sequences (10000014 bp)...
[M::mem_process_seqs] Processed 100580 reads in 2.572 CPU sec, 2.363 real sec
[M::process] read 100516 sequences (10000122 bp)...
[M::mem_process_seqs] Processed 100722 reads in 2.562 CPU sec, 2.353 real sec
[M::process] read 100536 sequences (10000144 bp)...
[M::mem_process_seqs] Processed 100516 reads in 2.443 CPU sec, 2.235 real sec
[M::process] read 100548 sequences (10000094 bp)...
[M::mem_process_seqs] Processed 100536 reads in 2.436 CPU sec, 2.226 real sec
[M::process] read 100516 sequences (10000093 bp)...
[M::mem_process_seqs] Processed 100548 reads in 2.463 CPU sec, 2.254 real sec
[M::process] read 100552 sequences (10000014 bp)...
[M::mem_process_seqs] Processed 100516 reads in 2.449 CPU sec, 2.239 real sec
[M::process] read 100508 sequences (10000140 bp)...
[M::mem_process_seqs] Processed 100552 reads in 2.502 CPU sec, 2.292 real sec
[M::process] read 100566 sequences (10000111 bp)...
[M::mem_process_seqs] Processed 100508 reads in 2.440 CPU sec, 2.229 real sec
[M::process] read 100592 sequences (10000011 bp)...
[M::mem_process_seqs] Processed 100566 reads in 2.449 CPU sec, 2.238 real sec
[M::process] read 100596 sequences (10000125 bp)...
[M::mem_process_seqs] Processed 100592 reads in 2.447 CPU sec, 2.235 real sec
[M::process] read 100578 sequences (10000044 bp)...
[M::mem_process_seqs] Processed 100596 reads in 2.444 CPU sec, 2.233 real sec
[M::process] read 100604 sequences (10000185 bp)...
[M::mem_process_seqs] Processed 100578 reads in 2.451 CPU sec, 2.241 real sec
[M::process] read 100602 sequences (10000063 bp)...
[M::mem_process_seqs] Processed 100604 reads in 2.449 CPU sec, 2.237 real sec
[M::process] read 100664 sequences (10000025 bp)...
[M::mem_process_seqs] Processed 100602 reads in 2.438 CPU sec, 2.225 real sec
[M::process] read 100708 sequences (10000009 bp)...
[M::mem_process_seqs] Processed 100664 reads in 2.462 CPU sec, 2.249 real sec
[M::process] read 100726 sequences (10000153 bp)...
[M::mem_process_seqs] Processed 100708 reads in 2.492 CPU sec, 2.279 real sec
[M::process] read 100746 sequences (10000171 bp)...
[M::mem_process_seqs] Processed 100726 reads in 2.464 CPU sec, 2.250 real sec
[M::process] read 100736 sequences (10000130 bp)...
[M::mem_process_seqs] Processed 100746 reads in 2.475 CPU sec, 2.261 real sec
[M::process] read 100782 sequences (10000149 bp)...
[M::mem_process_seqs] Processed 100736 reads in 2.459 CPU sec, 2.249 real sec
[M::process] read 100778 sequences (10000112 bp)...
[M::mem_process_seqs] Processed 100782 reads in 2.535 CPU sec, 2.320 real sec
[M::process] read 101878 sequences (10000174 bp)...
[M::mem_process_seqs] Processed 100778 reads in 2.464 CPU sec, 2.245 real sec
[M::process] read 101616 sequences (10000091 bp)...
[M::mem_process_seqs] Processed 101878 reads in 2.479 CPU sec, 2.260 real sec
[M::process] read 100944 sequences (10000074 bp)...
[M::mem_process_seqs] Processed 101616 reads in 2.483 CPU sec, 2.265 real sec
[M::process] read 101092 sequences (10000045 bp)...
[M::mem_process_seqs] Processed 100944 reads in 2.481 CPU sec, 2.262 real sec
[M::process] read 77853 sequences (7711118 bp)...
[M::mem_process_seqs] Processed 101092 reads in 2.417 CPU sec, 2.240 real sec
[M::mem_process_seqs] Processed 77853 reads in 1.728 CPU sec, 1.683 real sec
[main] Version: 0.7.19-r1273
[main] CMD: bwa mem Efaecium /home/yogesh22/Genome_Analysis/raw_data/transcriptomics_data/RNA-Seq_Serum/trimmed/trim_paired_ERR1797969_pass_2.fastq.gz
[main] Real time: 293.027 sec; CPU: 320.393 sec
[M::bwa_idx_load_from_disk] read 0 ALT contigs
[M::process] read 100366 sequences (10000175 bp)...
[M::process] read 100362 sequences (10000036 bp)...
[M::mem_process_seqs] Processed 100366 reads in 2.371 CPU sec, 2.177 real sec
[M::process] read 100434 sequences (10000026 bp)...
[M::mem_process_seqs] Processed 100362 reads in 2.370 CPU sec, 2.154 real sec
[M::process] read 100432 sequences (10000109 bp)...
[M::mem_process_seqs] Processed 100434 reads in 2.395 CPU sec, 2.181 real sec
[M::process] read 100392 sequences (10000028 bp)...
[M::mem_process_seqs] Processed 100432 reads in 2.375 CPU sec, 2.167 real sec
[M::process] read 100398 sequences (10000032 bp)...
[M::mem_process_seqs] Processed 100392 reads in 2.363 CPU sec, 2.156 real sec
[M::process] read 100360 sequences (10000199 bp)...
[M::mem_process_seqs] Processed 100398 reads in 2.365 CPU sec, 2.156 real sec
[M::process] read 100356 sequences (10000044 bp)...
[M::mem_process_seqs] Processed 100360 reads in 2.358 CPU sec, 2.148 real sec
[M::process] read 100392 sequences (10000083 bp)...
[M::mem_process_seqs] Processed 100356 reads in 2.363 CPU sec, 2.153 real sec
[M::process] read 100556 sequences (10000172 bp)...
[M::mem_process_seqs] Processed 100392 reads in 2.369 CPU sec, 2.157 real sec
[M::process] read 100432 sequences (10000014 bp)...
[M::mem_process_seqs] Processed 100556 reads in 2.369 CPU sec, 2.158 real sec
[M::process] read 100434 sequences (10000124 bp)...
[M::mem_process_seqs] Processed 100432 reads in 2.378 CPU sec, 2.167 real sec
[M::process] read 100416 sequences (10000183 bp)...
[M::mem_process_seqs] Processed 100434 reads in 2.372 CPU sec, 2.161 real sec
[M::process] read 100402 sequences (10000048 bp)...
[M::mem_process_seqs] Processed 100416 reads in 2.381 CPU sec, 2.171 real sec
[M::process] read 100454 sequences (10000048 bp)...
[M::mem_process_seqs] Processed 100402 reads in 2.370 CPU sec, 2.157 real sec
[M::process] read 100430 sequences (10000070 bp)...
[M::mem_process_seqs] Processed 100454 reads in 2.384 CPU sec, 2.172 real sec
[M::process] read 100458 sequences (10000022 bp)...
[M::mem_process_seqs] Processed 100430 reads in 2.387 CPU sec, 2.175 real sec
[M::process] read 100412 sequences (10000132 bp)...
[M::mem_process_seqs] Processed 100458 reads in 2.372 CPU sec, 2.160 real sec
[M::process] read 100432 sequences (10000190 bp)...
[M::mem_process_seqs] Processed 100412 reads in 2.385 CPU sec, 2.174 real sec
[M::process] read 100506 sequences (10000068 bp)...
[M::mem_process_seqs] Processed 100432 reads in 2.387 CPU sec, 2.176 real sec
[M::process] read 100474 sequences (10000144 bp)...
[M::mem_process_seqs] Processed 100506 reads in 2.383 CPU sec, 2.171 real sec
[M::process] read 100462 sequences (10000070 bp)...
[M::mem_process_seqs] Processed 100474 reads in 2.379 CPU sec, 2.166 real sec
[M::process] read 100548 sequences (10000103 bp)...
[M::mem_process_seqs] Processed 100462 reads in 2.373 CPU sec, 2.159 real sec
[M::process] read 100458 sequences (10000028 bp)...
[M::mem_process_seqs] Processed 100548 reads in 2.383 CPU sec, 2.169 real sec
[M::process] read 100494 sequences (10000066 bp)...
[M::mem_process_seqs] Processed 100458 reads in 2.377 CPU sec, 2.163 real sec
[M::process] read 100580 sequences (10000175 bp)...
[M::mem_process_seqs] Processed 100494 reads in 2.391 CPU sec, 2.176 real sec
[M::process] read 100536 sequences (10000057 bp)...
[M::mem_process_seqs] Processed 100580 reads in 2.374 CPU sec, 2.160 real sec
[M::process] read 100586 sequences (10000008 bp)...
[M::mem_process_seqs] Processed 100536 reads in 2.383 CPU sec, 2.167 real sec
[M::process] read 100602 sequences (10000067 bp)...
[M::mem_process_seqs] Processed 100586 reads in 2.399 CPU sec, 2.190 real sec
[M::process] read 100606 sequences (10000070 bp)...
[M::mem_process_seqs] Processed 100602 reads in 2.398 CPU sec, 2.182 real sec
[M::process] read 100612 sequences (10000067 bp)...
[M::mem_process_seqs] Processed 100606 reads in 2.393 CPU sec, 2.178 real sec
[M::process] read 100582 sequences (10000084 bp)...
[M::mem_process_seqs] Processed 100612 reads in 2.399 CPU sec, 2.184 real sec
[M::process] read 100672 sequences (10000164 bp)...
[M::mem_process_seqs] Processed 100582 reads in 2.388 CPU sec, 2.171 real sec
[M::process] read 100634 sequences (10000133 bp)...
[M::mem_process_seqs] Processed 100672 reads in 2.387 CPU sec, 2.170 real sec
[M::process] read 100954 sequences (10000022 bp)...
[M::mem_process_seqs] Processed 100634 reads in 2.397 CPU sec, 2.179 real sec
[M::process] read 100752 sequences (10000005 bp)...
[M::mem_process_seqs] Processed 100954 reads in 2.394 CPU sec, 2.176 real sec
[M::process] read 100572 sequences (10000172 bp)...
[M::mem_process_seqs] Processed 100752 reads in 2.387 CPU sec, 2.174 real sec
[M::process] read 100376 sequences (10000078 bp)...
[M::mem_process_seqs] Processed 100572 reads in 2.375 CPU sec, 2.167 real sec
[M::process] read 100374 sequences (10000030 bp)...
[M::mem_process_seqs] Processed 100376 reads in 2.366 CPU sec, 2.158 real sec
[M::process] read 100504 sequences (10000090 bp)...
[M::mem_process_seqs] Processed 100374 reads in 2.359 CPU sec, 2.148 real sec
[M::process] read 100380 sequences (10000054 bp)...
[M::mem_process_seqs] Processed 100504 reads in 2.382 CPU sec, 2.174 real sec
[M::process] read 100382 sequences (10000003 bp)...
[M::mem_process_seqs] Processed 100380 reads in 2.371 CPU sec, 2.162 real sec
[M::process] read 100388 sequences (10000167 bp)...
[M::mem_process_seqs] Processed 100382 reads in 2.381 CPU sec, 2.172 real sec
[M::process] read 100384 sequences (10000119 bp)...
[M::mem_process_seqs] Processed 100388 reads in 2.377 CPU sec, 2.167 real sec
[M::process] read 100360 sequences (10000087 bp)...
[M::mem_process_seqs] Processed 100384 reads in 2.373 CPU sec, 2.163 real sec
[M::process] read 100412 sequences (10000130 bp)...
[M::mem_process_seqs] Processed 100360 reads in 2.375 CPU sec, 2.165 real sec
[M::process] read 100534 sequences (10000128 bp)...
[M::mem_process_seqs] Processed 100412 reads in 2.370 CPU sec, 2.161 real sec
[M::process] read 100426 sequences (10000100 bp)...
[M::mem_process_seqs] Processed 100534 reads in 2.360 CPU sec, 2.149 real sec
[M::process] read 100398 sequences (10000144 bp)...
[M::mem_process_seqs] Processed 100426 reads in 2.378 CPU sec, 2.166 real sec
[M::process] read 100416 sequences (10000163 bp)...
[M::mem_process_seqs] Processed 100398 reads in 2.377 CPU sec, 2.166 real sec
[M::process] read 100484 sequences (10000122 bp)...
[M::mem_process_seqs] Processed 100416 reads in 2.372 CPU sec, 2.160 real sec
[M::process] read 100408 sequences (10000062 bp)...
[M::mem_process_seqs] Processed 100484 reads in 2.377 CPU sec, 2.165 real sec
[M::process] read 100406 sequences (10000148 bp)...
[M::mem_process_seqs] Processed 100408 reads in 2.360 CPU sec, 2.148 real sec
[M::process] read 100430 sequences (10000066 bp)...
[M::mem_process_seqs] Processed 100406 reads in 2.380 CPU sec, 2.168 real sec
[M::process] read 100436 sequences (10000167 bp)...
[M::mem_process_seqs] Processed 100430 reads in 2.369 CPU sec, 2.158 real sec
[M::process] read 100460 sequences (10000014 bp)...
[M::mem_process_seqs] Processed 100436 reads in 2.372 CPU sec, 2.158 real sec
[M::process] read 100404 sequences (10000146 bp)...
[M::mem_process_seqs] Processed 100460 reads in 2.376 CPU sec, 2.164 real sec
[M::process] read 100438 sequences (10000096 bp)...
[M::mem_process_seqs] Processed 100404 reads in 2.374 CPU sec, 2.161 real sec
[M::process] read 100486 sequences (10000178 bp)...
[M::mem_process_seqs] Processed 100438 reads in 2.384 CPU sec, 2.170 real sec
[M::process] read 100542 sequences (10000012 bp)...
[M::mem_process_seqs] Processed 100486 reads in 2.376 CPU sec, 2.161 real sec
[M::process] read 100472 sequences (10000048 bp)...
[M::mem_process_seqs] Processed 100542 reads in 2.373 CPU sec, 2.161 real sec
[M::process] read 100486 sequences (10000183 bp)...
[M::mem_process_seqs] Processed 100472 reads in 2.375 CPU sec, 2.160 real sec
[M::process] read 100558 sequences (10000132 bp)...
[M::mem_process_seqs] Processed 100486 reads in 2.429 CPU sec, 2.214 real sec
[M::process] read 100538 sequences (10000029 bp)...
[M::mem_process_seqs] Processed 100558 reads in 2.380 CPU sec, 2.164 real sec
[M::process] read 100540 sequences (10000020 bp)...
[M::mem_process_seqs] Processed 100538 reads in 2.393 CPU sec, 2.180 real sec
[M::process] read 100524 sequences (10000178 bp)...
[M::mem_process_seqs] Processed 100540 reads in 2.385 CPU sec, 2.169 real sec
[M::process] read 100526 sequences (10000030 bp)...
[M::mem_process_seqs] Processed 100524 reads in 2.392 CPU sec, 2.176 real sec
[M::process] read 100610 sequences (10000080 bp)...
[M::mem_process_seqs] Processed 100526 reads in 2.386 CPU sec, 2.168 real sec
[M::process] read 100540 sequences (10000038 bp)...
[M::mem_process_seqs] Processed 100610 reads in 2.395 CPU sec, 2.178 real sec
[M::process] read 100832 sequences (10000182 bp)...
[M::mem_process_seqs] Processed 100540 reads in 2.395 CPU sec, 2.177 real sec
[M::process] read 100746 sequences (10000023 bp)...
[M::mem_process_seqs] Processed 100832 reads in 2.392 CPU sec, 2.173 real sec
[M::process] read 100732 sequences (10000161 bp)...
[M::mem_process_seqs] Processed 100746 reads in 2.397 CPU sec, 2.179 real sec
[M::process] read 100760 sequences (10000193 bp)...
[M::mem_process_seqs] Processed 100732 reads in 2.399 CPU sec, 2.179 real sec
[M::process] read 100506 sequences (10000065 bp)...
[M::mem_process_seqs] Processed 100760 reads in 2.385 CPU sec, 2.174 real sec
[M::process] read 100336 sequences (10000175 bp)...
[M::mem_process_seqs] Processed 100506 reads in 2.380 CPU sec, 2.173 real sec
[M::process] read 100362 sequences (10000161 bp)...
[M::mem_process_seqs] Processed 100336 reads in 2.374 CPU sec, 2.166 real sec
[M::process] read 100552 sequences (10000085 bp)...
[M::mem_process_seqs] Processed 100362 reads in 2.371 CPU sec, 2.161 real sec
[M::process] read 100364 sequences (10000161 bp)...
[M::mem_process_seqs] Processed 100552 reads in 2.376 CPU sec, 2.168 real sec
[M::process] read 100366 sequences (10000063 bp)...
[M::mem_process_seqs] Processed 100364 reads in 2.363 CPU sec, 2.154 real sec
[M::process] read 100384 sequences (10000163 bp)...
[M::mem_process_seqs] Processed 100366 reads in 2.355 CPU sec, 2.146 real sec
[M::process] read 100440 sequences (10000117 bp)...
[M::mem_process_seqs] Processed 100384 reads in 2.359 CPU sec, 2.150 real sec
[M::process] read 100366 sequences (10000137 bp)...
[M::mem_process_seqs] Processed 100440 reads in 2.453 CPU sec, 2.244 real sec
[M::process] read 100588 sequences (10000145 bp)...
[M::mem_process_seqs] Processed 100366 reads in 2.350 CPU sec, 2.140 real sec
[M::process] read 100442 sequences (10000129 bp)...
[M::mem_process_seqs] Processed 100588 reads in 2.359 CPU sec, 2.149 real sec
[M::process] read 100382 sequences (10000118 bp)...
[M::mem_process_seqs] Processed 100442 reads in 2.376 CPU sec, 2.173 real sec
[M::process] read 100368 sequences (10000080 bp)...
[M::mem_process_seqs] Processed 100382 reads in 2.380 CPU sec, 2.171 real sec
[M::process] read 100432 sequences (10000178 bp)...
[M::mem_process_seqs] Processed 100368 reads in 2.370 CPU sec, 2.160 real sec
[M::process] read 100386 sequences (10000169 bp)...
[M::mem_process_seqs] Processed 100432 reads in 2.381 CPU sec, 2.171 real sec
[M::process] read 100418 sequences (10000126 bp)...
[M::mem_process_seqs] Processed 100386 reads in 2.383 CPU sec, 2.173 real sec
[M::process] read 100418 sequences (10000091 bp)...
[M::mem_process_seqs] Processed 100418 reads in 2.385 CPU sec, 2.175 real sec
[M::process] read 100458 sequences (10000109 bp)...
[M::mem_process_seqs] Processed 100418 reads in 2.376 CPU sec, 2.166 real sec
[M::process] read 100422 sequences (10000046 bp)...
[M::mem_process_seqs] Processed 100458 reads in 2.389 CPU sec, 2.178 real sec
[M::process] read 100400 sequences (10000194 bp)...
[M::mem_process_seqs] Processed 100422 reads in 2.387 CPU sec, 2.176 real sec
[M::process] read 100444 sequences (10000048 bp)...
[M::mem_process_seqs] Processed 100400 reads in 2.370 CPU sec, 2.159 real sec
[M::process] read 100424 sequences (10000069 bp)...
[M::mem_process_seqs] Processed 100444 reads in 2.375 CPU sec, 2.163 real sec
[M::process] read 100454 sequences (10000092 bp)...
[M::mem_process_seqs] Processed 100424 reads in 2.370 CPU sec, 2.158 real sec
[M::process] read 100528 sequences (10000164 bp)...
[M::mem_process_seqs] Processed 100454 reads in 2.380 CPU sec, 2.167 real sec
[M::process] read 100470 sequences (10000130 bp)...
[M::mem_process_seqs] Processed 100528 reads in 2.369 CPU sec, 2.155 real sec
[M::process] read 100514 sequences (10000179 bp)...
[M::mem_process_seqs] Processed 100470 reads in 2.374 CPU sec, 2.161 real sec
[M::process] read 100506 sequences (10000082 bp)...
[M::mem_process_seqs] Processed 100514 reads in 2.381 CPU sec, 2.167 real sec
[M::process] read 100512 sequences (10000116 bp)...
[M::mem_process_seqs] Processed 100506 reads in 2.378 CPU sec, 2.162 real sec
[M::process] read 100504 sequences (10000112 bp)...
[M::mem_process_seqs] Processed 100512 reads in 2.389 CPU sec, 2.174 real sec
[M::process] read 100582 sequences (10000010 bp)...
[M::mem_process_seqs] Processed 100504 reads in 2.382 CPU sec, 2.168 real sec
[M::process] read 100538 sequences (10000021 bp)...
[M::mem_process_seqs] Processed 100582 reads in 2.388 CPU sec, 2.174 real sec
[M::process] read 100584 sequences (10000105 bp)...
[M::mem_process_seqs] Processed 100538 reads in 2.388 CPU sec, 2.175 real sec
[M::process] read 100614 sequences (10000170 bp)...
[M::mem_process_seqs] Processed 100584 reads in 2.371 CPU sec, 2.155 real sec
[M::process] read 100566 sequences (10000005 bp)...
[M::mem_process_seqs] Processed 100614 reads in 2.403 CPU sec, 2.187 real sec
[M::process] read 100784 sequences (10000126 bp)...
[M::mem_process_seqs] Processed 100566 reads in 2.383 CPU sec, 2.165 real sec
[M::process] read 100868 sequences (10000084 bp)...
[M::mem_process_seqs] Processed 100784 reads in 2.396 CPU sec, 2.177 real sec
[M::process] read 100570 sequences (10000032 bp)...
[M::mem_process_seqs] Processed 100868 reads in 2.392 CPU sec, 2.177 real sec
[M::process] read 100630 sequences (10000033 bp)...
[M::mem_process_seqs] Processed 100570 reads in 2.502 CPU sec, 2.292 real sec
[M::process] read 101376 sequences (10000106 bp)...
[M::mem_process_seqs] Processed 100630 reads in 2.760 CPU sec, 2.552 real sec
[M::process] read 100588 sequences (10000013 bp)...
[M::mem_process_seqs] Processed 101376 reads in 3.009 CPU sec, 2.801 real sec
[M::process] read 102250 sequences (10000039 bp)...
[M::mem_process_seqs] Processed 100588 reads in 2.720 CPU sec, 2.511 real sec
[M::process] read 100894 sequences (10000007 bp)...
[M::mem_process_seqs] Processed 102250 reads in 2.551 CPU sec, 2.344 real sec
[M::process] read 101014 sequences (10000100 bp)...
[M::mem_process_seqs] Processed 100894 reads in 2.547 CPU sec, 2.338 real sec
[M::process] read 100814 sequences (10000164 bp)...
[M::mem_process_seqs] Processed 101014 reads in 2.547 CPU sec, 2.340 real sec
[M::process] read 100334 sequences (10000140 bp)...
[M::mem_process_seqs] Processed 100814 reads in 2.625 CPU sec, 2.417 real sec
[M::process] read 100552 sequences (10000199 bp)...
[M::mem_process_seqs] Processed 100334 reads in 2.372 CPU sec, 2.161 real sec
[M::process] read 100602 sequences (10000195 bp)...
[M::mem_process_seqs] Processed 100552 reads in 2.379 CPU sec, 2.170 real sec
[M::process] read 100376 sequences (10000190 bp)...
[M::mem_process_seqs] Processed 100602 reads in 2.374 CPU sec, 2.164 real sec
[M::process] read 100382 sequences (10000182 bp)...
[M::mem_process_seqs] Processed 100376 reads in 2.478 CPU sec, 2.270 real sec
[M::process] read 100430 sequences (10000198 bp)...
[M::mem_process_seqs] Processed 100382 reads in 2.358 CPU sec, 2.148 real sec
[M::process] read 100420 sequences (10000169 bp)...
[M::mem_process_seqs] Processed 100430 reads in 2.375 CPU sec, 2.164 real sec
[M::process] read 100414 sequences (10000105 bp)...
[M::mem_process_seqs] Processed 100420 reads in 2.369 CPU sec, 2.160 real sec
[M::process] read 100470 sequences (10000184 bp)...
[M::mem_process_seqs] Processed 100414 reads in 2.369 CPU sec, 2.158 real sec
[M::process] read 100370 sequences (10000117 bp)...
[M::mem_process_seqs] Processed 100470 reads in 2.372 CPU sec, 2.163 real sec
[M::process] read 100448 sequences (10000185 bp)...
[M::mem_process_seqs] Processed 100370 reads in 2.365 CPU sec, 2.154 real sec
[M::process] read 100398 sequences (10000112 bp)...
[M::mem_process_seqs] Processed 100448 reads in 2.381 CPU sec, 2.171 real sec
[M::process] read 100426 sequences (10000061 bp)...
[M::mem_process_seqs] Processed 100398 reads in 2.373 CPU sec, 2.161 real sec
[M::process] read 100402 sequences (10000179 bp)...
[M::mem_process_seqs] Processed 100426 reads in 2.372 CPU sec, 2.163 real sec
[M::process] read 100430 sequences (10000079 bp)...
[M::mem_process_seqs] Processed 100402 reads in 2.472 CPU sec, 2.261 real sec
[M::process] read 100438 sequences (10000106 bp)...
[M::mem_process_seqs] Processed 100430 reads in 2.381 CPU sec, 2.169 real sec
[M::process] read 100476 sequences (10000136 bp)...
[M::mem_process_seqs] Processed 100438 reads in 2.372 CPU sec, 2.161 real sec
[M::process] read 100448 sequences (10000145 bp)...
[M::mem_process_seqs] Processed 100476 reads in 2.385 CPU sec, 2.174 real sec
[M::process] read 100474 sequences (10000039 bp)...
[M::mem_process_seqs] Processed 100448 reads in 2.368 CPU sec, 2.156 real sec
[M::process] read 100512 sequences (10000131 bp)...
[M::mem_process_seqs] Processed 100474 reads in 2.381 CPU sec, 2.167 real sec
[M::process] read 100554 sequences (10000132 bp)...
[M::mem_process_seqs] Processed 100512 reads in 2.382 CPU sec, 2.168 real sec
[M::process] read 100496 sequences (10000112 bp)...
[M::mem_process_seqs] Processed 100554 reads in 2.375 CPU sec, 2.161 real sec
[M::process] read 100514 sequences (10000043 bp)...
[M::mem_process_seqs] Processed 100496 reads in 2.383 CPU sec, 2.169 real sec
[M::process] read 100540 sequences (10000102 bp)...
[M::mem_process_seqs] Processed 100514 reads in 2.377 CPU sec, 2.162 real sec
[M::process] read 100498 sequences (10000128 bp)...
[M::mem_process_seqs] Processed 100540 reads in 2.366 CPU sec, 2.151 real sec
[M::process] read 100658 sequences (10000135 bp)...
[M::mem_process_seqs] Processed 100498 reads in 2.374 CPU sec, 2.158 real sec
[M::process] read 100590 sequences (10000144 bp)...
[M::mem_process_seqs] Processed 100658 reads in 2.373 CPU sec, 2.157 real sec
[M::process] read 100782 sequences (10000080 bp)...
[M::mem_process_seqs] Processed 100590 reads in 2.404 CPU sec, 2.186 real sec
[M::process] read 100730 sequences (10000136 bp)...
[M::mem_process_seqs] Processed 100782 reads in 2.403 CPU sec, 2.185 real sec
[M::process] read 16927 sequences (1680696 bp)...
[M::mem_process_seqs] Processed 100730 reads in 2.217 CPU sec, 2.146 real sec
[M::mem_process_seqs] Processed 16927 reads in 0.431 CPU sec, 0.383 real sec
[main] Version: 0.7.19-r1273
[main] CMD: bwa mem Efaecium /home/yogesh22/Genome_Analysis/raw_data/transcriptomics_data/RNA-Seq_Serum/trimmed/trim_paired_ERR1797970_pass_1.fastq.gz
[main] Real time: 320.874 sec; CPU: 350.340 sec
[M::bwa_idx_load_from_disk] read 0 ALT contigs
[M::process] read 100432 sequences (10000083 bp)...
[M::process] read 100478 sequences (10000047 bp)...
[M::mem_process_seqs] Processed 100432 reads in 2.447 CPU sec, 2.254 real sec
[M::process] read 100436 sequences (10000051 bp)...
[M::mem_process_seqs] Processed 100478 reads in 2.448 CPU sec, 2.233 real sec
[M::process] read 100560 sequences (10000016 bp)...
[M::mem_process_seqs] Processed 100436 reads in 2.454 CPU sec, 2.242 real sec
[M::process] read 100520 sequences (10000104 bp)...
[M::mem_process_seqs] Processed 100560 reads in 2.448 CPU sec, 2.240 real sec
[M::process] read 100566 sequences (10000100 bp)...
[M::mem_process_seqs] Processed 100520 reads in 2.437 CPU sec, 2.229 real sec
[M::process] read 100486 sequences (10000132 bp)...
[M::mem_process_seqs] Processed 100566 reads in 2.446 CPU sec, 2.239 real sec
[M::process] read 100460 sequences (10000148 bp)...
[M::mem_process_seqs] Processed 100486 reads in 2.449 CPU sec, 2.243 real sec
[M::process] read 100534 sequences (10000024 bp)...
[M::mem_process_seqs] Processed 100460 reads in 2.443 CPU sec, 2.236 real sec
[M::process] read 100512 sequences (10000186 bp)...
[M::mem_process_seqs] Processed 100534 reads in 2.437 CPU sec, 2.229 real sec
[M::process] read 100588 sequences (10000096 bp)...
[M::mem_process_seqs] Processed 100512 reads in 2.455 CPU sec, 2.245 real sec
[M::process] read 100564 sequences (10000082 bp)...
[M::mem_process_seqs] Processed 100588 reads in 2.446 CPU sec, 2.235 real sec
[M::process] read 100568 sequences (10000092 bp)...
[M::mem_process_seqs] Processed 100564 reads in 2.447 CPU sec, 2.238 real sec
[M::process] read 100528 sequences (10000111 bp)...
[M::mem_process_seqs] Processed 100568 reads in 2.446 CPU sec, 2.236 real sec
[M::process] read 100578 sequences (10000126 bp)...
[M::mem_process_seqs] Processed 100528 reads in 2.446 CPU sec, 2.237 real sec
[M::process] read 100578 sequences (10000080 bp)...
[M::mem_process_seqs] Processed 100578 reads in 2.453 CPU sec, 2.244 real sec
[M::process] read 100614 sequences (10000108 bp)...
[M::mem_process_seqs] Processed 100578 reads in 2.451 CPU sec, 2.241 real sec
[M::process] read 100588 sequences (10000197 bp)...
[M::mem_process_seqs] Processed 100614 reads in 2.447 CPU sec, 2.237 real sec
[M::process] read 100600 sequences (10000021 bp)...
[M::mem_process_seqs] Processed 100588 reads in 2.446 CPU sec, 2.236 real sec
[M::process] read 100672 sequences (10000152 bp)...
[M::mem_process_seqs] Processed 100600 reads in 2.451 CPU sec, 2.240 real sec
[M::process] read 100592 sequences (10000011 bp)...
[M::mem_process_seqs] Processed 100672 reads in 2.455 CPU sec, 2.244 real sec
[M::process] read 100596 sequences (10000047 bp)...
[M::mem_process_seqs] Processed 100592 reads in 2.449 CPU sec, 2.236 real sec
[M::process] read 100694 sequences (10000048 bp)...
[M::mem_process_seqs] Processed 100596 reads in 2.443 CPU sec, 2.229 real sec
[M::process] read 100684 sequences (10000162 bp)...
[M::mem_process_seqs] Processed 100694 reads in 2.460 CPU sec, 2.246 real sec
[M::process] read 100602 sequences (10000041 bp)...
[M::mem_process_seqs] Processed 100684 reads in 2.452 CPU sec, 2.239 real sec
[M::process] read 100682 sequences (10000146 bp)...
[M::mem_process_seqs] Processed 100602 reads in 2.452 CPU sec, 2.238 real sec
[M::process] read 100758 sequences (10000010 bp)...
[M::mem_process_seqs] Processed 100682 reads in 2.448 CPU sec, 2.234 real sec
[M::process] read 100786 sequences (10000016 bp)...
[M::mem_process_seqs] Processed 100758 reads in 2.472 CPU sec, 2.262 real sec
[M::process] read 100770 sequences (10000095 bp)...
[M::mem_process_seqs] Processed 100786 reads in 2.460 CPU sec, 2.245 real sec
[M::process] read 100818 sequences (10000163 bp)...
[M::mem_process_seqs] Processed 100770 reads in 2.460 CPU sec, 2.245 real sec
[M::process] read 100764 sequences (10000100 bp)...
[M::mem_process_seqs] Processed 100818 reads in 2.513 CPU sec, 2.298 real sec
[M::process] read 101620 sequences (10000033 bp)...
[M::mem_process_seqs] Processed 100764 reads in 2.471 CPU sec, 2.254 real sec
[M::process] read 101664 sequences (10000177 bp)...
[M::mem_process_seqs] Processed 101620 reads in 2.474 CPU sec, 2.256 real sec
[M::process] read 100830 sequences (10000002 bp)...
[M::mem_process_seqs] Processed 101664 reads in 2.478 CPU sec, 2.261 real sec
[M::process] read 101176 sequences (10000193 bp)...
[M::mem_process_seqs] Processed 100830 reads in 2.489 CPU sec, 2.269 real sec
[M::process] read 101104 sequences (10000159 bp)...
[M::mem_process_seqs] Processed 101176 reads in 2.470 CPU sec, 2.252 real sec
[M::process] read 100722 sequences (10000107 bp)...
[M::mem_process_seqs] Processed 101104 reads in 2.464 CPU sec, 2.252 real sec
[M::process] read 100474 sequences (10000155 bp)...
[M::mem_process_seqs] Processed 100722 reads in 2.452 CPU sec, 2.245 real sec
[M::process] read 100476 sequences (10000074 bp)...
[M::mem_process_seqs] Processed 100474 reads in 2.450 CPU sec, 2.242 real sec
[M::process] read 100590 sequences (10000152 bp)...
[M::mem_process_seqs] Processed 100476 reads in 2.446 CPU sec, 2.238 real sec
[M::process] read 100506 sequences (10000130 bp)...
[M::mem_process_seqs] Processed 100590 reads in 2.464 CPU sec, 2.256 real sec
[M::process] read 100604 sequences (10000005 bp)...
[M::mem_process_seqs] Processed 100506 reads in 2.432 CPU sec, 2.222 real sec
[M::process] read 100518 sequences (10000010 bp)...
[M::mem_process_seqs] Processed 100604 reads in 2.450 CPU sec, 2.242 real sec
[M::process] read 100504 sequences (10000144 bp)...
[M::mem_process_seqs] Processed 100518 reads in 2.448 CPU sec, 2.240 real sec
[M::process] read 100508 sequences (10000095 bp)...
[M::mem_process_seqs] Processed 100504 reads in 2.447 CPU sec, 2.238 real sec
[M::process] read 100498 sequences (10000085 bp)...
[M::mem_process_seqs] Processed 100508 reads in 2.450 CPU sec, 2.241 real sec
[M::process] read 100530 sequences (10000014 bp)...
[M::mem_process_seqs] Processed 100498 reads in 2.457 CPU sec, 2.251 real sec
[M::process] read 100562 sequences (10000168 bp)...
[M::mem_process_seqs] Processed 100530 reads in 2.441 CPU sec, 2.231 real sec
[M::process] read 100550 sequences (10000090 bp)...
[M::mem_process_seqs] Processed 100562 reads in 2.421 CPU sec, 2.211 real sec
[M::process] read 100540 sequences (10000175 bp)...
[M::mem_process_seqs] Processed 100550 reads in 2.445 CPU sec, 2.234 real sec
[M::process] read 100584 sequences (10000195 bp)...
[M::mem_process_seqs] Processed 100540 reads in 2.442 CPU sec, 2.231 real sec
[M::process] read 100562 sequences (10000182 bp)...
[M::mem_process_seqs] Processed 100584 reads in 2.431 CPU sec, 2.220 real sec
[M::process] read 100544 sequences (10000115 bp)...
[M::mem_process_seqs] Processed 100562 reads in 2.422 CPU sec, 2.210 real sec
[M::process] read 100596 sequences (10000189 bp)...
[M::mem_process_seqs] Processed 100544 reads in 2.433 CPU sec, 2.222 real sec
[M::process] read 100576 sequences (10000033 bp)...
[M::mem_process_seqs] Processed 100596 reads in 2.445 CPU sec, 2.238 real sec
[M::process] read 100604 sequences (10000028 bp)...
[M::mem_process_seqs] Processed 100576 reads in 2.458 CPU sec, 2.245 real sec
[M::process] read 100618 sequences (10000196 bp)...
[M::mem_process_seqs] Processed 100604 reads in 2.441 CPU sec, 2.229 real sec
[M::process] read 100636 sequences (10000109 bp)...
[M::mem_process_seqs] Processed 100618 reads in 2.456 CPU sec, 2.243 real sec
[M::process] read 100612 sequences (10000140 bp)...
[M::mem_process_seqs] Processed 100636 reads in 2.462 CPU sec, 2.249 real sec
[M::process] read 100648 sequences (10000159 bp)...
[M::mem_process_seqs] Processed 100612 reads in 2.468 CPU sec, 2.254 real sec
[M::process] read 100690 sequences (10000022 bp)...
[M::mem_process_seqs] Processed 100648 reads in 2.465 CPU sec, 2.253 real sec
[M::process] read 100660 sequences (10000196 bp)...
[M::mem_process_seqs] Processed 100690 reads in 2.457 CPU sec, 2.244 real sec
[M::process] read 100738 sequences (10000137 bp)...
[M::mem_process_seqs] Processed 100660 reads in 2.473 CPU sec, 2.258 real sec
[M::process] read 100802 sequences (10000106 bp)...
[M::mem_process_seqs] Processed 100738 reads in 2.459 CPU sec, 2.243 real sec
[M::process] read 100754 sequences (10000025 bp)...
[M::mem_process_seqs] Processed 100802 reads in 2.472 CPU sec, 2.257 real sec
[M::process] read 100728 sequences (10000101 bp)...
[M::mem_process_seqs] Processed 100754 reads in 2.458 CPU sec, 2.243 real sec
[M::process] read 100812 sequences (10000166 bp)...
[M::mem_process_seqs] Processed 100728 reads in 2.468 CPU sec, 2.252 real sec
[M::process] read 100756 sequences (10000111 bp)...
[M::mem_process_seqs] Processed 100812 reads in 2.465 CPU sec, 2.250 real sec
[M::process] read 102628 sequences (10000082 bp)...
[M::mem_process_seqs] Processed 100756 reads in 2.480 CPU sec, 2.260 real sec
[M::process] read 101530 sequences (10000113 bp)...
[M::mem_process_seqs] Processed 102628 reads in 2.478 CPU sec, 2.257 real sec
[M::process] read 100968 sequences (10000118 bp)...
[M::mem_process_seqs] Processed 101530 reads in 2.465 CPU sec, 2.247 real sec
[M::process] read 101186 sequences (10000145 bp)...
[M::mem_process_seqs] Processed 100968 reads in 2.461 CPU sec, 2.240 real sec
[M::process] read 101020 sequences (10000019 bp)...
[M::mem_process_seqs] Processed 101186 reads in 2.456 CPU sec, 2.238 real sec
[M::process] read 100558 sequences (10000176 bp)...
[M::mem_process_seqs] Processed 101020 reads in 2.450 CPU sec, 2.240 real sec
[M::process] read 100458 sequences (10000009 bp)...
[M::mem_process_seqs] Processed 100558 reads in 2.446 CPU sec, 2.239 real sec
[M::process] read 100474 sequences (10000033 bp)...
[M::mem_process_seqs] Processed 100458 reads in 2.455 CPU sec, 2.248 real sec
[M::process] read 100644 sequences (10000019 bp)...
[M::mem_process_seqs] Processed 100474 reads in 2.433 CPU sec, 2.224 real sec
[M::process] read 100472 sequences (10000043 bp)...
[M::mem_process_seqs] Processed 100644 reads in 2.458 CPU sec, 2.249 real sec
[M::process] read 100512 sequences (10000024 bp)...
[M::mem_process_seqs] Processed 100472 reads in 2.434 CPU sec, 2.226 real sec
[M::process] read 100488 sequences (10000068 bp)...
[M::mem_process_seqs] Processed 100512 reads in 2.446 CPU sec, 2.239 real sec
[M::process] read 100450 sequences (10000032 bp)...
[M::mem_process_seqs] Processed 100488 reads in 2.449 CPU sec, 2.242 real sec
[M::process] read 100484 sequences (10000131 bp)...
[M::mem_process_seqs] Processed 100450 reads in 2.443 CPU sec, 2.235 real sec
[M::process] read 100570 sequences (10000169 bp)...
[M::mem_process_seqs] Processed 100484 reads in 2.447 CPU sec, 2.238 real sec
[M::process] read 100504 sequences (10000037 bp)...
[M::mem_process_seqs] Processed 100570 reads in 2.452 CPU sec, 2.245 real sec
[M::process] read 100600 sequences (10000018 bp)...
[M::mem_process_seqs] Processed 100504 reads in 2.446 CPU sec, 2.237 real sec
[M::process] read 100540 sequences (10000078 bp)...
[M::mem_process_seqs] Processed 100600 reads in 2.484 CPU sec, 2.275 real sec
[M::process] read 100502 sequences (10000039 bp)...
[M::mem_process_seqs] Processed 100540 reads in 2.447 CPU sec, 2.238 real sec
[M::process] read 100572 sequences (10000192 bp)...
[M::mem_process_seqs] Processed 100502 reads in 2.484 CPU sec, 2.275 real sec
[M::process] read 100528 sequences (10000000 bp)...
[M::mem_process_seqs] Processed 100572 reads in 2.431 CPU sec, 2.221 real sec
[M::process] read 100540 sequences (10000019 bp)...
[M::mem_process_seqs] Processed 100528 reads in 2.433 CPU sec, 2.226 real sec
[M::process] read 100584 sequences (10000154 bp)...
[M::mem_process_seqs] Processed 100540 reads in 2.452 CPU sec, 2.241 real sec
[M::process] read 100590 sequences (10000086 bp)...
[M::mem_process_seqs] Processed 100584 reads in 2.448 CPU sec, 2.238 real sec
[M::process] read 100592 sequences (10000069 bp)...
[M::mem_process_seqs] Processed 100590 reads in 2.460 CPU sec, 2.249 real sec
[M::process] read 100604 sequences (10000121 bp)...
[M::mem_process_seqs] Processed 100592 reads in 2.438 CPU sec, 2.228 real sec
[M::process] read 100634 sequences (10000012 bp)...
[M::mem_process_seqs] Processed 100604 reads in 2.489 CPU sec, 2.277 real sec
[M::process] read 100622 sequences (10000181 bp)...
[M::mem_process_seqs] Processed 100634 reads in 2.479 CPU sec, 2.266 real sec
[M::process] read 100748 sequences (10000098 bp)...
[M::mem_process_seqs] Processed 100622 reads in 2.456 CPU sec, 2.245 real sec
[M::process] read 100592 sequences (10000090 bp)...
[M::mem_process_seqs] Processed 100748 reads in 2.460 CPU sec, 2.248 real sec
[M::process] read 100644 sequences (10000113 bp)...
[M::mem_process_seqs] Processed 100592 reads in 2.447 CPU sec, 2.234 real sec
[M::process] read 100830 sequences (10000182 bp)...
[M::mem_process_seqs] Processed 100644 reads in 2.441 CPU sec, 2.227 real sec
[M::process] read 100698 sequences (10000075 bp)...
[M::mem_process_seqs] Processed 100830 reads in 2.459 CPU sec, 2.244 real sec
[M::process] read 100778 sequences (10000032 bp)...
[M::mem_process_seqs] Processed 100698 reads in 2.459 CPU sec, 2.245 real sec
[M::process] read 100794 sequences (10000086 bp)...
[M::mem_process_seqs] Processed 100778 reads in 2.462 CPU sec, 2.248 real sec
[M::process] read 100704 sequences (10000102 bp)...
[M::mem_process_seqs] Processed 100794 reads in 2.465 CPU sec, 2.251 real sec
[M::process] read 101554 sequences (10000007 bp)...
[M::mem_process_seqs] Processed 100704 reads in 2.468 CPU sec, 2.251 real sec
[M::process] read 101594 sequences (10000155 bp)...
[M::mem_process_seqs] Processed 101554 reads in 2.475 CPU sec, 2.257 real sec
[M::process] read 100752 sequences (10000093 bp)...
[M::mem_process_seqs] Processed 101594 reads in 2.474 CPU sec, 2.258 real sec
[M::process] read 101342 sequences (10000035 bp)...
[M::mem_process_seqs] Processed 100752 reads in 2.473 CPU sec, 2.253 real sec
[M::process] read 101168 sequences (10000102 bp)...
[M::mem_process_seqs] Processed 101342 reads in 2.481 CPU sec, 2.263 real sec
[M::process] read 100730 sequences (10000057 bp)...
[M::mem_process_seqs] Processed 101168 reads in 2.468 CPU sec, 2.255 real sec
[M::process] read 100806 sequences (10000045 bp)...
[M::mem_process_seqs] Processed 100730 reads in 2.465 CPU sec, 2.256 real sec
[M::process] read 100892 sequences (10000039 bp)...
[M::mem_process_seqs] Processed 100806 reads in 2.697 CPU sec, 2.490 real sec
[M::process] read 100930 sequences (10000153 bp)...
[M::mem_process_seqs] Processed 100892 reads in 2.622 CPU sec, 2.411 real sec
[M::process] read 100972 sequences (10000018 bp)...
[M::mem_process_seqs] Processed 100930 reads in 2.652 CPU sec, 2.442 real sec
[M::process] read 100540 sequences (10000102 bp)...
[M::mem_process_seqs] Processed 100972 reads in 3.027 CPU sec, 2.820 real sec
[M::process] read 101610 sequences (10000164 bp)...
[M::mem_process_seqs] Processed 100540 reads in 2.514 CPU sec, 2.303 real sec
[M::process] read 100618 sequences (10000064 bp)...
[M::mem_process_seqs] Processed 101610 reads in 2.703 CPU sec, 2.496 real sec
[M::process] read 100546 sequences (10000142 bp)...
[M::mem_process_seqs] Processed 100618 reads in 2.460 CPU sec, 2.249 real sec
[M::process] read 100752 sequences (10000061 bp)...
[M::mem_process_seqs] Processed 100546 reads in 2.575 CPU sec, 2.365 real sec
[M::process] read 100550 sequences (10000058 bp)...
[M::mem_process_seqs] Processed 100752 reads in 2.581 CPU sec, 2.373 real sec
[M::process] read 100478 sequences (10000080 bp)...
[M::mem_process_seqs] Processed 100550 reads in 2.448 CPU sec, 2.239 real sec
[M::process] read 100546 sequences (10000121 bp)...
[M::mem_process_seqs] Processed 100478 reads in 2.451 CPU sec, 2.241 real sec
[M::process] read 100576 sequences (10000008 bp)...
[M::mem_process_seqs] Processed 100546 reads in 2.452 CPU sec, 2.244 real sec
[M::process] read 100496 sequences (10000076 bp)...
[M::mem_process_seqs] Processed 100576 reads in 2.451 CPU sec, 2.241 real sec
[M::process] read 100580 sequences (10000024 bp)...
[M::mem_process_seqs] Processed 100496 reads in 2.521 CPU sec, 2.311 real sec
[M::process] read 100582 sequences (10000195 bp)...
[M::mem_process_seqs] Processed 100580 reads in 2.443 CPU sec, 2.230 real sec
[M::process] read 100556 sequences (10000097 bp)...
[M::mem_process_seqs] Processed 100582 reads in 2.447 CPU sec, 2.240 real sec
[M::process] read 100580 sequences (10000122 bp)...
[M::mem_process_seqs] Processed 100556 reads in 2.454 CPU sec, 2.243 real sec
[M::process] read 100620 sequences (10000125 bp)...
[M::mem_process_seqs] Processed 100580 reads in 2.445 CPU sec, 2.234 real sec
[M::process] read 100568 sequences (10000097 bp)...
[M::mem_process_seqs] Processed 100620 reads in 2.440 CPU sec, 2.228 real sec
[M::process] read 100558 sequences (10000158 bp)...
[M::mem_process_seqs] Processed 100568 reads in 2.447 CPU sec, 2.235 real sec
[M::process] read 100606 sequences (10000146 bp)...
[M::mem_process_seqs] Processed 100558 reads in 2.440 CPU sec, 2.228 real sec
[M::process] read 100640 sequences (10000170 bp)...
[M::mem_process_seqs] Processed 100606 reads in 2.452 CPU sec, 2.239 real sec
[M::process] read 100690 sequences (10000015 bp)...
[M::mem_process_seqs] Processed 100640 reads in 2.449 CPU sec, 2.236 real sec
[M::process] read 100682 sequences (10000032 bp)...
[M::mem_process_seqs] Processed 100690 reads in 2.517 CPU sec, 2.304 real sec
[M::process] read 100722 sequences (10000110 bp)...
[M::mem_process_seqs] Processed 100682 reads in 2.461 CPU sec, 2.247 real sec
[M::process] read 100770 sequences (10000173 bp)...
[M::mem_process_seqs] Processed 100722 reads in 2.470 CPU sec, 2.255 real sec
[M::process] read 100710 sequences (10000029 bp)...
[M::mem_process_seqs] Processed 100770 reads in 2.466 CPU sec, 2.253 real sec
[M::process] read 100788 sequences (10000047 bp)...
[M::mem_process_seqs] Processed 100710 reads in 2.463 CPU sec, 2.249 real sec
[M::process] read 100776 sequences (10000132 bp)...
[M::mem_process_seqs] Processed 100788 reads in 2.548 CPU sec, 2.335 real sec
[M::process] read 100834 sequences (10000022 bp)...
[M::mem_process_seqs] Processed 100776 reads in 2.467 CPU sec, 2.253 real sec
[M::process] read 102600 sequences (10000020 bp)...
[M::mem_process_seqs] Processed 100834 reads in 2.463 CPU sec, 2.243 real sec
[M::process] read 101122 sequences (10000163 bp)...
[M::mem_process_seqs] Processed 102600 reads in 2.480 CPU sec, 2.260 real sec
[M::process] read 100960 sequences (10000149 bp)...
[M::mem_process_seqs] Processed 101122 reads in 2.490 CPU sec, 2.272 real sec
[M::process] read 101074 sequences (10000009 bp)...
[M::mem_process_seqs] Processed 100960 reads in 2.469 CPU sec, 2.251 real sec
[M::process] read 88133 sequences (8730390 bp)...
[M::mem_process_seqs] Processed 101074 reads in 2.435 CPU sec, 2.241 real sec
[M::mem_process_seqs] Processed 88133 reads in 1.964 CPU sec, 1.922 real sec
[main] Version: 0.7.19-r1273
[main] CMD: bwa mem Efaecium /home/yogesh22/Genome_Analysis/raw_data/transcriptomics_data/RNA-Seq_Serum/trimmed/trim_paired_ERR1797970_pass_2.fastq.gz
[main] Real time: 331.308 sec; CPU: 360.242 sec
[M::bwa_idx_load_from_disk] read 0 ALT contigs
[M::process] read 100376 sequences (10000157 bp)...
[M::process] read 100362 sequences (10000098 bp)...
[M::mem_process_seqs] Processed 100376 reads in 2.385 CPU sec, 2.193 real sec
[M::process] read 100532 sequences (10000164 bp)...
[M::mem_process_seqs] Processed 100362 reads in 2.382 CPU sec, 2.164 real sec
[M::process] read 100384 sequences (10000126 bp)...
[M::mem_process_seqs] Processed 100532 reads in 2.372 CPU sec, 2.160 real sec
[M::process] read 100414 sequences (10000127 bp)...
[M::mem_process_seqs] Processed 100384 reads in 2.364 CPU sec, 2.156 real sec
[M::process] read 100390 sequences (10000089 bp)...
[M::mem_process_seqs] Processed 100414 reads in 2.380 CPU sec, 2.172 real sec
[M::process] read 100384 sequences (10000145 bp)...
[M::mem_process_seqs] Processed 100390 reads in 2.411 CPU sec, 2.203 real sec
[M::process] read 100400 sequences (10000023 bp)...
[M::mem_process_seqs] Processed 100384 reads in 2.377 CPU sec, 2.168 real sec
[M::process] read 100456 sequences (10000087 bp)...
[M::mem_process_seqs] Processed 100400 reads in 2.374 CPU sec, 2.165 real sec
[M::process] read 100514 sequences (10000193 bp)...
[M::mem_process_seqs] Processed 100456 reads in 2.379 CPU sec, 2.169 real sec
[M::process] read 100458 sequences (10000075 bp)...
[M::mem_process_seqs] Processed 100514 reads in 2.367 CPU sec, 2.156 real sec
[M::process] read 100418 sequences (10000184 bp)...
[M::mem_process_seqs] Processed 100458 reads in 2.381 CPU sec, 2.171 real sec
[M::process] read 100454 sequences (10000104 bp)...
[M::mem_process_seqs] Processed 100418 reads in 2.373 CPU sec, 2.162 real sec
[M::process] read 100450 sequences (10000160 bp)...
[M::mem_process_seqs] Processed 100454 reads in 2.389 CPU sec, 2.179 real sec
[M::process] read 100460 sequences (10000026 bp)...
[M::mem_process_seqs] Processed 100450 reads in 2.384 CPU sec, 2.173 real sec
[M::process] read 100458 sequences (10000114 bp)...
[M::mem_process_seqs] Processed 100460 reads in 2.383 CPU sec, 2.172 real sec
[M::process] read 100458 sequences (10000111 bp)...
[M::mem_process_seqs] Processed 100458 reads in 2.370 CPU sec, 2.160 real sec
[M::process] read 100464 sequences (10000033 bp)...
[M::mem_process_seqs] Processed 100458 reads in 2.379 CPU sec, 2.167 real sec
[M::process] read 100524 sequences (10000025 bp)...
[M::mem_process_seqs] Processed 100464 reads in 2.374 CPU sec, 2.161 real sec
[M::process] read 100498 sequences (10000079 bp)...
[M::mem_process_seqs] Processed 100524 reads in 2.383 CPU sec, 2.171 real sec
[M::process] read 100496 sequences (10000043 bp)...
[M::mem_process_seqs] Processed 100498 reads in 2.374 CPU sec, 2.162 real sec
[M::process] read 100544 sequences (10000070 bp)...
[M::mem_process_seqs] Processed 100496 reads in 2.384 CPU sec, 2.171 real sec
[M::process] read 100502 sequences (10000012 bp)...
[M::mem_process_seqs] Processed 100544 reads in 2.373 CPU sec, 2.160 real sec
[M::process] read 100522 sequences (10000015 bp)...
[M::mem_process_seqs] Processed 100502 reads in 2.370 CPU sec, 2.157 real sec
[M::process] read 100576 sequences (10000168 bp)...
[M::mem_process_seqs] Processed 100522 reads in 2.367 CPU sec, 2.153 real sec
[M::process] read 100566 sequences (10000121 bp)...
[M::mem_process_seqs] Processed 100576 reads in 2.366 CPU sec, 2.150 real sec
[M::process] read 100596 sequences (10000142 bp)...
[M::mem_process_seqs] Processed 100566 reads in 2.395 CPU sec, 2.180 real sec
[M::process] read 100618 sequences (10000041 bp)...
[M::mem_process_seqs] Processed 100596 reads in 2.393 CPU sec, 2.178 real sec
[M::process] read 100666 sequences (10000032 bp)...
[M::mem_process_seqs] Processed 100618 reads in 2.381 CPU sec, 2.165 real sec
[M::process] read 100594 sequences (10000019 bp)...
[M::mem_process_seqs] Processed 100666 reads in 2.412 CPU sec, 2.199 real sec
[M::process] read 100592 sequences (10000069 bp)...
[M::mem_process_seqs] Processed 100594 reads in 2.382 CPU sec, 2.167 real sec
[M::process] read 100792 sequences (10000016 bp)...
[M::mem_process_seqs] Processed 100592 reads in 2.383 CPU sec, 2.166 real sec
[M::process] read 100674 sequences (10000081 bp)...
[M::mem_process_seqs] Processed 100792 reads in 2.385 CPU sec, 2.168 real sec
[M::process] read 100876 sequences (10000158 bp)...
[M::mem_process_seqs] Processed 100674 reads in 2.384 CPU sec, 2.166 real sec
[M::process] read 100732 sequences (10000058 bp)...
[M::mem_process_seqs] Processed 100876 reads in 2.378 CPU sec, 2.161 real sec
[M::process] read 100390 sequences (10000067 bp)...
[M::mem_process_seqs] Processed 100732 reads in 2.370 CPU sec, 2.160 real sec
[M::process] read 100364 sequences (10000096 bp)...
[M::mem_process_seqs] Processed 100390 reads in 2.353 CPU sec, 2.145 real sec
[M::process] read 100524 sequences (10000005 bp)...
[M::mem_process_seqs] Processed 100364 reads in 2.360 CPU sec, 2.154 real sec
[M::process] read 100362 sequences (10000103 bp)...
[M::mem_process_seqs] Processed 100524 reads in 2.368 CPU sec, 2.160 real sec
[M::process] read 100420 sequences (10000066 bp)...
[M::mem_process_seqs] Processed 100362 reads in 2.358 CPU sec, 2.148 real sec
[M::process] read 100380 sequences (10000190 bp)...
[M::mem_process_seqs] Processed 100420 reads in 2.350 CPU sec, 2.141 real sec
[M::process] read 100420 sequences (10000191 bp)...
[M::mem_process_seqs] Processed 100380 reads in 2.357 CPU sec, 2.147 real sec
[M::process] read 100354 sequences (10000022 bp)...
[M::mem_process_seqs] Processed 100420 reads in 2.354 CPU sec, 2.145 real sec
[M::process] read 100434 sequences (10000016 bp)...
[M::mem_process_seqs] Processed 100354 reads in 2.350 CPU sec, 2.140 real sec
[M::process] read 100532 sequences (10000049 bp)...
[M::mem_process_seqs] Processed 100434 reads in 2.374 CPU sec, 2.163 real sec
[M::process] read 100420 sequences (10000129 bp)...
[M::mem_process_seqs] Processed 100532 reads in 2.352 CPU sec, 2.142 real sec
[M::process] read 100418 sequences (10000058 bp)...
[M::mem_process_seqs] Processed 100420 reads in 2.360 CPU sec, 2.149 real sec
[M::process] read 100492 sequences (10000154 bp)...
[M::mem_process_seqs] Processed 100418 reads in 2.358 CPU sec, 2.148 real sec
[M::process] read 100478 sequences (10000192 bp)...
[M::mem_process_seqs] Processed 100492 reads in 2.364 CPU sec, 2.152 real sec
[M::process] read 100418 sequences (10000076 bp)...
[M::mem_process_seqs] Processed 100478 reads in 2.374 CPU sec, 2.163 real sec
[M::process] read 100418 sequences (10000121 bp)...
[M::mem_process_seqs] Processed 100418 reads in 2.374 CPU sec, 2.163 real sec
[M::process] read 100492 sequences (10000088 bp)...
[M::mem_process_seqs] Processed 100418 reads in 2.380 CPU sec, 2.169 real sec
[M::process] read 100470 sequences (10000165 bp)...
[M::mem_process_seqs] Processed 100492 reads in 2.377 CPU sec, 2.165 real sec
[M::process] read 100468 sequences (10000136 bp)...
[M::mem_process_seqs] Processed 100470 reads in 2.379 CPU sec, 2.167 real sec
[M::process] read 100472 sequences (10000056 bp)...
[M::mem_process_seqs] Processed 100468 reads in 2.379 CPU sec, 2.166 real sec
[M::process] read 100442 sequences (10000099 bp)...
[M::mem_process_seqs] Processed 100472 reads in 2.379 CPU sec, 2.167 real sec
[M::process] read 100532 sequences (10000175 bp)...
[M::mem_process_seqs] Processed 100442 reads in 2.379 CPU sec, 2.166 real sec
[M::process] read 100510 sequences (10000006 bp)...
[M::mem_process_seqs] Processed 100532 reads in 2.366 CPU sec, 2.154 real sec
[M::process] read 100486 sequences (10000001 bp)...
[M::mem_process_seqs] Processed 100510 reads in 2.368 CPU sec, 2.153 real sec
[M::process] read 100536 sequences (10000189 bp)...
[M::mem_process_seqs] Processed 100486 reads in 2.365 CPU sec, 2.150 real sec
[M::process] read 100564 sequences (10000091 bp)...
[M::mem_process_seqs] Processed 100536 reads in 2.373 CPU sec, 2.157 real sec
[M::process] read 100612 sequences (10000139 bp)...
[M::mem_process_seqs] Processed 100564 reads in 2.363 CPU sec, 2.148 real sec
[M::process] read 100500 sequences (10000029 bp)...
[M::mem_process_seqs] Processed 100612 reads in 2.378 CPU sec, 2.162 real sec
[M::process] read 100560 sequences (10000111 bp)...
[M::mem_process_seqs] Processed 100500 reads in 2.367 CPU sec, 2.151 real sec
[M::process] read 100594 sequences (10000069 bp)...
[M::mem_process_seqs] Processed 100560 reads in 2.387 CPU sec, 2.170 real sec
[M::process] read 100522 sequences (10000181 bp)...
[M::mem_process_seqs] Processed 100594 reads in 2.379 CPU sec, 2.162 real sec
[M::process] read 100880 sequences (10000152 bp)...
[M::mem_process_seqs] Processed 100522 reads in 2.394 CPU sec, 2.177 real sec
[M::process] read 100774 sequences (10000021 bp)...
[M::mem_process_seqs] Processed 100880 reads in 2.392 CPU sec, 2.174 real sec
[M::process] read 100730 sequences (10000109 bp)...
[M::mem_process_seqs] Processed 100774 reads in 2.401 CPU sec, 2.182 real sec
[M::process] read 100796 sequences (10000187 bp)...
[M::mem_process_seqs] Processed 100730 reads in 2.400 CPU sec, 2.181 real sec
[M::process] read 100386 sequences (10000040 bp)...
[M::mem_process_seqs] Processed 100796 reads in 2.377 CPU sec, 2.170 real sec
[M::process] read 100370 sequences (10000018 bp)...
[M::mem_process_seqs] Processed 100386 reads in 2.362 CPU sec, 2.156 real sec
[M::process] read 100546 sequences (10000166 bp)...
[M::mem_process_seqs] Processed 100370 reads in 2.359 CPU sec, 2.151 real sec
[M::process] read 100426 sequences (10000041 bp)...
[M::mem_process_seqs] Processed 100546 reads in 2.393 CPU sec, 2.184 real sec
[M::process] read 100392 sequences (10000076 bp)...
[M::mem_process_seqs] Processed 100426 reads in 2.374 CPU sec, 2.166 real sec
[M::process] read 100350 sequences (10000075 bp)...
[M::mem_process_seqs] Processed 100392 reads in 2.357 CPU sec, 2.149 real sec
[M::process] read 100446 sequences (10000166 bp)...
[M::mem_process_seqs] Processed 100350 reads in 2.358 CPU sec, 2.148 real sec
[M::process] read 100396 sequences (10000195 bp)...
[M::mem_process_seqs] Processed 100446 reads in 2.452 CPU sec, 2.247 real sec
[M::process] read 100466 sequences (10000159 bp)...
[M::mem_process_seqs] Processed 100396 reads in 2.387 CPU sec, 2.178 real sec
[M::process] read 100562 sequences (10000181 bp)...
[M::mem_process_seqs] Processed 100466 reads in 2.362 CPU sec, 2.153 real sec
[M::process] read 100406 sequences (10000086 bp)...
[M::mem_process_seqs] Processed 100562 reads in 2.370 CPU sec, 2.160 real sec
[M::process] read 100362 sequences (10000107 bp)...
[M::mem_process_seqs] Processed 100406 reads in 2.372 CPU sec, 2.164 real sec
[M::process] read 100432 sequences (10000132 bp)...
[M::mem_process_seqs] Processed 100362 reads in 2.375 CPU sec, 2.165 real sec
[M::process] read 100414 sequences (10000159 bp)...
[M::mem_process_seqs] Processed 100432 reads in 2.357 CPU sec, 2.147 real sec
[M::process] read 100448 sequences (10000094 bp)...
[M::mem_process_seqs] Processed 100414 reads in 2.354 CPU sec, 2.144 real sec
[M::process] read 100422 sequences (10000032 bp)...
[M::mem_process_seqs] Processed 100448 reads in 2.348 CPU sec, 2.137 real sec
[M::process] read 100476 sequences (10000197 bp)...
[M::mem_process_seqs] Processed 100422 reads in 2.356 CPU sec, 2.148 real sec
[M::process] read 100468 sequences (10000118 bp)...
[M::mem_process_seqs] Processed 100476 reads in 2.373 CPU sec, 2.162 real sec
[M::process] read 100436 sequences (10000092 bp)...
[M::mem_process_seqs] Processed 100468 reads in 2.375 CPU sec, 2.164 real sec
[M::process] read 100462 sequences (10000012 bp)...
[M::mem_process_seqs] Processed 100436 reads in 2.371 CPU sec, 2.159 real sec
[M::process] read 100454 sequences (10000167 bp)...
[M::mem_process_seqs] Processed 100462 reads in 2.377 CPU sec, 2.166 real sec
[M::process] read 100484 sequences (10000040 bp)...
[M::mem_process_seqs] Processed 100454 reads in 2.372 CPU sec, 2.160 real sec
[M::process] read 100538 sequences (10000057 bp)...
[M::mem_process_seqs] Processed 100484 reads in 2.369 CPU sec, 2.156 real sec
[M::process] read 100476 sequences (10000028 bp)...
[M::mem_process_seqs] Processed 100538 reads in 2.377 CPU sec, 2.165 real sec
[M::process] read 100506 sequences (10000070 bp)...
[M::mem_process_seqs] Processed 100476 reads in 2.376 CPU sec, 2.164 real sec
[M::process] read 100566 sequences (10000091 bp)...
[M::mem_process_seqs] Processed 100506 reads in 2.387 CPU sec, 2.174 real sec
[M::process] read 100526 sequences (10000149 bp)...
[M::mem_process_seqs] Processed 100566 reads in 2.372 CPU sec, 2.158 real sec
[M::process] read 100580 sequences (10000033 bp)...
[M::mem_process_seqs] Processed 100526 reads in 2.371 CPU sec, 2.157 real sec
[M::process] read 100544 sequences (10000187 bp)...
[M::mem_process_seqs] Processed 100580 reads in 2.372 CPU sec, 2.158 real sec
[M::process] read 100600 sequences (10000037 bp)...
[M::mem_process_seqs] Processed 100544 reads in 2.355 CPU sec, 2.142 real sec
[M::process] read 100624 sequences (10000197 bp)...
[M::mem_process_seqs] Processed 100600 reads in 2.369 CPU sec, 2.153 real sec
[M::process] read 100588 sequences (10000172 bp)...
[M::mem_process_seqs] Processed 100624 reads in 2.386 CPU sec, 2.170 real sec
[M::process] read 100716 sequences (10000139 bp)...
[M::mem_process_seqs] Processed 100588 reads in 2.373 CPU sec, 2.155 real sec
[M::process] read 100884 sequences (10000022 bp)...
[M::mem_process_seqs] Processed 100716 reads in 2.378 CPU sec, 2.159 real sec
[M::process] read 100606 sequences (10000028 bp)...
[M::mem_process_seqs] Processed 100884 reads in 2.375 CPU sec, 2.160 real sec
[M::process] read 100648 sequences (10000140 bp)...
[M::mem_process_seqs] Processed 100606 reads in 2.436 CPU sec, 2.225 real sec
[M::process] read 101358 sequences (10000159 bp)...
[M::mem_process_seqs] Processed 100648 reads in 2.707 CPU sec, 2.502 real sec
[M::process] read 100608 sequences (10000106 bp)...
[M::mem_process_seqs] Processed 101358 reads in 3.021 CPU sec, 2.813 real sec
[M::process] read 102214 sequences (10000024 bp)...
[M::mem_process_seqs] Processed 100608 reads in 2.720 CPU sec, 2.511 real sec
[M::process] read 101142 sequences (10000045 bp)...
[M::mem_process_seqs] Processed 102214 reads in 2.541 CPU sec, 2.331 real sec
[M::process] read 100742 sequences (10000075 bp)...
[M::mem_process_seqs] Processed 101142 reads in 2.591 CPU sec, 2.381 real sec
[M::process] read 100798 sequences (10000149 bp)...
[M::mem_process_seqs] Processed 100742 reads in 2.477 CPU sec, 2.267 real sec
[M::process] read 100450 sequences (10000134 bp)...
[M::mem_process_seqs] Processed 100798 reads in 2.590 CPU sec, 2.382 real sec
[M::process] read 100664 sequences (10000125 bp)...
[M::mem_process_seqs] Processed 100450 reads in 2.371 CPU sec, 2.159 real sec
[M::process] read 100442 sequences (10000101 bp)...
[M::mem_process_seqs] Processed 100664 reads in 2.371 CPU sec, 2.162 real sec
[M::process] read 100386 sequences (10000127 bp)...
[M::mem_process_seqs] Processed 100442 reads in 2.419 CPU sec, 2.210 real sec
[M::process] read 100422 sequences (10000012 bp)...
[M::mem_process_seqs] Processed 100386 reads in 2.422 CPU sec, 2.214 real sec
[M::process] read 100436 sequences (10000148 bp)...
[M::mem_process_seqs] Processed 100422 reads in 2.363 CPU sec, 2.154 real sec
[M::process] read 100434 sequences (10000166 bp)...
[M::mem_process_seqs] Processed 100436 reads in 2.373 CPU sec, 2.163 real sec
[M::process] read 100466 sequences (10000121 bp)...
[M::mem_process_seqs] Processed 100434 reads in 2.377 CPU sec, 2.167 real sec
[M::process] read 100394 sequences (10000078 bp)...
[M::mem_process_seqs] Processed 100466 reads in 2.360 CPU sec, 2.150 real sec
[M::process] read 100444 sequences (10000033 bp)...
[M::mem_process_seqs] Processed 100394 reads in 2.362 CPU sec, 2.152 real sec
[M::process] read 100414 sequences (10000131 bp)...
[M::mem_process_seqs] Processed 100444 reads in 2.361 CPU sec, 2.149 real sec
[M::process] read 100424 sequences (10000044 bp)...
[M::mem_process_seqs] Processed 100414 reads in 2.358 CPU sec, 2.147 real sec
[M::process] read 100420 sequences (10000161 bp)...
[M::mem_process_seqs] Processed 100424 reads in 2.360 CPU sec, 2.149 real sec
[M::process] read 100436 sequences (10000073 bp)...
[M::mem_process_seqs] Processed 100420 reads in 2.361 CPU sec, 2.149 real sec
[M::process] read 100454 sequences (10000139 bp)...
[M::mem_process_seqs] Processed 100436 reads in 2.381 CPU sec, 2.170 real sec
[M::process] read 100498 sequences (10000012 bp)...
[M::mem_process_seqs] Processed 100454 reads in 2.374 CPU sec, 2.161 real sec
[M::process] read 100460 sequences (10000091 bp)...
[M::mem_process_seqs] Processed 100498 reads in 2.381 CPU sec, 2.170 real sec
[M::process] read 100498 sequences (10000110 bp)...
[M::mem_process_seqs] Processed 100460 reads in 2.382 CPU sec, 2.169 real sec
[M::process] read 100518 sequences (10000170 bp)...
[M::mem_process_seqs] Processed 100498 reads in 2.364 CPU sec, 2.151 real sec
[M::process] read 100550 sequences (10000079 bp)...
[M::mem_process_seqs] Processed 100518 reads in 2.369 CPU sec, 2.156 real sec
[M::process] read 100526 sequences (10000189 bp)...
[M::mem_process_seqs] Processed 100550 reads in 2.369 CPU sec, 2.156 real sec
[M::process] read 100566 sequences (10000128 bp)...
[M::mem_process_seqs] Processed 100526 reads in 2.370 CPU sec, 2.157 real sec
[M::process] read 100556 sequences (10000075 bp)...
[M::mem_process_seqs] Processed 100566 reads in 2.368 CPU sec, 2.155 real sec
[M::process] read 100468 sequences (10000079 bp)...
[M::mem_process_seqs] Processed 100556 reads in 2.391 CPU sec, 2.177 real sec
[M::process] read 100730 sequences (10000072 bp)...
[M::mem_process_seqs] Processed 100468 reads in 2.373 CPU sec, 2.155 real sec
[M::process] read 100696 sequences (10000116 bp)...
[M::mem_process_seqs] Processed 100730 reads in 2.380 CPU sec, 2.164 real sec
[M::process] read 100758 sequences (10000179 bp)...
[M::mem_process_seqs] Processed 100696 reads in 2.420 CPU sec, 2.201 real sec
[M::process] read 64318 sequences (6380913 bp)...
[M::mem_process_seqs] Processed 100758 reads in 2.345 CPU sec, 2.191 real sec
[M::mem_process_seqs] Processed 64318 reads in 1.423 CPU sec, 1.377 real sec
[main] Version: 0.7.19-r1273
[main] CMD: bwa mem Efaecium /home/yogesh22/Genome_Analysis/raw_data/transcriptomics_data/RNA-Seq_Serum/trimmed/trim_paired_ERR1797971_pass_1.fastq.gz
[main] Real time: 306.343 sec; CPU: 333.915 sec
[M::bwa_idx_load_from_disk] read 0 ALT contigs
[M::process] read 100496 sequences (10000143 bp)...
[M::process] read 100524 sequences (10000046 bp)...
[M::mem_process_seqs] Processed 100496 reads in 2.446 CPU sec, 2.252 real sec
[M::process] read 100470 sequences (10000043 bp)...
[M::mem_process_seqs] Processed 100524 reads in 2.456 CPU sec, 2.240 real sec
[M::process] read 100596 sequences (10000134 bp)...
[M::mem_process_seqs] Processed 100470 reads in 2.453 CPU sec, 2.237 real sec
[M::process] read 100568 sequences (10000174 bp)...
[M::mem_process_seqs] Processed 100596 reads in 2.451 CPU sec, 2.244 real sec
[M::process] read 100540 sequences (10000113 bp)...
[M::mem_process_seqs] Processed 100568 reads in 2.448 CPU sec, 2.240 real sec
[M::process] read 100504 sequences (10000155 bp)...
[M::mem_process_seqs] Processed 100540 reads in 2.441 CPU sec, 2.232 real sec
[M::process] read 100554 sequences (10000057 bp)...
[M::mem_process_seqs] Processed 100504 reads in 2.458 CPU sec, 2.248 real sec
[M::process] read 100530 sequences (10000115 bp)...
[M::mem_process_seqs] Processed 100554 reads in 2.444 CPU sec, 2.236 real sec
[M::process] read 100574 sequences (10000112 bp)...
[M::mem_process_seqs] Processed 100530 reads in 2.447 CPU sec, 2.237 real sec
[M::process] read 100618 sequences (10000191 bp)...
[M::mem_process_seqs] Processed 100574 reads in 2.461 CPU sec, 2.252 real sec
[M::process] read 100642 sequences (10000081 bp)...
[M::mem_process_seqs] Processed 100618 reads in 2.472 CPU sec, 2.261 real sec
[M::process] read 100588 sequences (10000094 bp)...
[M::mem_process_seqs] Processed 100642 reads in 2.491 CPU sec, 2.281 real sec
[M::process] read 100602 sequences (10000119 bp)...
[M::mem_process_seqs] Processed 100588 reads in 2.549 CPU sec, 2.335 real sec
[M::process] read 100638 sequences (10000166 bp)...
[M::mem_process_seqs] Processed 100602 reads in 2.570 CPU sec, 2.352 real sec
[M::process] read 100644 sequences (10000016 bp)...
[M::mem_process_seqs] Processed 100638 reads in 2.578 CPU sec, 2.364 real sec
[M::process] read 100646 sequences (10000165 bp)...
[M::mem_process_seqs] Processed 100644 reads in 2.514 CPU sec, 2.293 real sec
[M::process] read 100620 sequences (10000011 bp)...
[M::mem_process_seqs] Processed 100646 reads in 2.470 CPU sec, 2.259 real sec
[M::process] read 100712 sequences (10000016 bp)...
[M::mem_process_seqs] Processed 100620 reads in 2.548 CPU sec, 2.324 real sec
[M::process] read 100624 sequences (10000136 bp)...
[M::mem_process_seqs] Processed 100712 reads in 2.499 CPU sec, 2.288 real sec
[M::process] read 100660 sequences (10000179 bp)...
[M::mem_process_seqs] Processed 100624 reads in 2.462 CPU sec, 2.249 real sec
[M::process] read 100704 sequences (10000025 bp)...
[M::mem_process_seqs] Processed 100660 reads in 2.546 CPU sec, 2.329 real sec
[M::process] read 100734 sequences (10000141 bp)...
[M::mem_process_seqs] Processed 100704 reads in 2.551 CPU sec, 2.326 real sec
[M::process] read 100676 sequences (10000184 bp)...
[M::mem_process_seqs] Processed 100734 reads in 2.613 CPU sec, 2.400 real sec
[M::process] read 100724 sequences (10000042 bp)...
[M::mem_process_seqs] Processed 100676 reads in 2.729 CPU sec, 2.491 real sec
[M::process] read 100866 sequences (10000063 bp)...
[M::mem_process_seqs] Processed 100724 reads in 2.687 CPU sec, 2.448 real sec
[M::process] read 100794 sequences (10000145 bp)...
[M::mem_process_seqs] Processed 100866 reads in 2.650 CPU sec, 2.414 real sec
[M::process] read 100826 sequences (10000046 bp)...
[M::mem_process_seqs] Processed 100794 reads in 2.550 CPU sec, 2.333 real sec
[M::process] read 100858 sequences (10000031 bp)...
[M::mem_process_seqs] Processed 100826 reads in 2.566 CPU sec, 2.345 real sec
[M::process] read 100850 sequences (10000013 bp)...
[M::mem_process_seqs] Processed 100858 reads in 2.715 CPU sec, 2.498 real sec
[M::process] read 102252 sequences (10000120 bp)...
[M::mem_process_seqs] Processed 100850 reads in 2.626 CPU sec, 2.392 real sec
[M::process] read 101174 sequences (10000027 bp)...
[M::mem_process_seqs] Processed 102252 reads in 2.605 CPU sec, 2.380 real sec
[M::process] read 101032 sequences (10000071 bp)...
[M::mem_process_seqs] Processed 101174 reads in 2.577 CPU sec, 2.354 real sec
[M::process] read 101296 sequences (10000096 bp)...
[M::mem_process_seqs] Processed 101032 reads in 2.705 CPU sec, 2.484 real sec
[M::process] read 100912 sequences (10000039 bp)...
[M::mem_process_seqs] Processed 101296 reads in 2.670 CPU sec, 2.430 real sec
[M::process] read 100486 sequences (10000099 bp)...
[M::mem_process_seqs] Processed 100912 reads in 2.565 CPU sec, 2.349 real sec
[M::process] read 100520 sequences (10000152 bp)...
[M::mem_process_seqs] Processed 100486 reads in 2.485 CPU sec, 2.278 real sec
[M::process] read 100566 sequences (10000116 bp)...
[M::mem_process_seqs] Processed 100520 reads in 2.603 CPU sec, 2.396 real sec
[M::process] read 100550 sequences (10000160 bp)...
[M::mem_process_seqs] Processed 100566 reads in 2.640 CPU sec, 2.410 real sec
[M::process] read 100610 sequences (10000106 bp)...
[M::mem_process_seqs] Processed 100550 reads in 2.568 CPU sec, 2.345 real sec
[M::process] read 100574 sequences (10000137 bp)...
[M::mem_process_seqs] Processed 100610 reads in 2.489 CPU sec, 2.278 real sec
[M::process] read 100522 sequences (10000155 bp)...
[M::mem_process_seqs] Processed 100574 reads in 2.650 CPU sec, 2.434 real sec
[M::process] read 100518 sequences (10000091 bp)...
[M::mem_process_seqs] Processed 100522 reads in 2.662 CPU sec, 2.433 real sec
[M::process] read 100534 sequences (10000023 bp)...
[M::mem_process_seqs] Processed 100518 reads in 2.557 CPU sec, 2.339 real sec
[M::process] read 100552 sequences (10000171 bp)...
[M::mem_process_seqs] Processed 100534 reads in 2.559 CPU sec, 2.342 real sec
[M::process] read 100634 sequences (10000126 bp)...
[M::mem_process_seqs] Processed 100552 reads in 2.658 CPU sec, 2.445 real sec
[M::process] read 100594 sequences (10000033 bp)...
[M::mem_process_seqs] Processed 100634 reads in 2.522 CPU sec, 2.310 real sec
[M::process] read 100660 sequences (10000077 bp)...
[M::mem_process_seqs] Processed 100594 reads in 2.523 CPU sec, 2.292 real sec
[M::process] read 100588 sequences (10000080 bp)...
[M::mem_process_seqs] Processed 100660 reads in 2.583 CPU sec, 2.371 real sec
[M::process] read 100604 sequences (10000190 bp)...
[M::mem_process_seqs] Processed 100588 reads in 2.640 CPU sec, 2.408 real sec
[M::process] read 100568 sequences (10000077 bp)...
[M::mem_process_seqs] Processed 100604 reads in 2.561 CPU sec, 2.345 real sec
[M::process] read 100662 sequences (10000023 bp)...
[M::mem_process_seqs] Processed 100568 reads in 2.509 CPU sec, 2.295 real sec
[M::process] read 100646 sequences (10000178 bp)...
[M::mem_process_seqs] Processed 100662 reads in 2.558 CPU sec, 2.340 real sec
[M::process] read 100652 sequences (10000040 bp)...
[M::mem_process_seqs] Processed 100646 reads in 2.718 CPU sec, 2.505 real sec
[M::process] read 100664 sequences (10000111 bp)...
[M::mem_process_seqs] Processed 100652 reads in 2.731 CPU sec, 2.497 real sec
[M::process] read 100656 sequences (10000072 bp)...
[M::mem_process_seqs] Processed 100664 reads in 2.643 CPU sec, 2.411 real sec
[M::process] read 100670 sequences (10000090 bp)...
[M::mem_process_seqs] Processed 100656 reads in 2.596 CPU sec, 2.376 real sec
[M::process] read 100722 sequences (10000172 bp)...
[M::mem_process_seqs] Processed 100670 reads in 2.522 CPU sec, 2.307 real sec
[M::process] read 100692 sequences (10000144 bp)...
[M::mem_process_seqs] Processed 100722 reads in 2.695 CPU sec, 2.477 real sec
[M::process] read 100754 sequences (10000180 bp)...
[M::mem_process_seqs] Processed 100692 reads in 2.720 CPU sec, 2.482 real sec
[M::process] read 100862 sequences (10000168 bp)...
[M::mem_process_seqs] Processed 100754 reads in 2.589 CPU sec, 2.366 real sec
[M::process] read 100826 sequences (10000040 bp)...
[M::mem_process_seqs] Processed 100862 reads in 2.600 CPU sec, 2.361 real sec
[M::process] read 100800 sequences (10000130 bp)...
[M::mem_process_seqs] Processed 100826 reads in 2.701 CPU sec, 2.477 real sec
[M::process] read 100848 sequences (10000075 bp)...
[M::mem_process_seqs] Processed 100800 reads in 2.712 CPU sec, 2.475 real sec
[M::process] read 100830 sequences (10000019 bp)...
[M::mem_process_seqs] Processed 100848 reads in 2.631 CPU sec, 2.397 real sec
[M::process] read 102706 sequences (10000074 bp)...
[M::mem_process_seqs] Processed 100830 reads in 2.573 CPU sec, 2.339 real sec
[M::process] read 101464 sequences (10000003 bp)...
[M::mem_process_seqs] Processed 102706 reads in 2.628 CPU sec, 2.406 real sec
[M::process] read 101076 sequences (10000182 bp)...
[M::mem_process_seqs] Processed 101464 reads in 2.754 CPU sec, 2.511 real sec
[M::process] read 101152 sequences (10000175 bp)...
[M::mem_process_seqs] Processed 101076 reads in 2.651 CPU sec, 2.410 real sec
[M::process] read 101018 sequences (10000046 bp)...
[M::mem_process_seqs] Processed 101152 reads in 2.584 CPU sec, 2.360 real sec
[M::process] read 100474 sequences (10000196 bp)...
[M::mem_process_seqs] Processed 101018 reads in 2.646 CPU sec, 2.439 real sec
[M::process] read 100494 sequences (10000072 bp)...
[M::mem_process_seqs] Processed 100474 reads in 2.743 CPU sec, 2.513 real sec
[M::process] read 100576 sequences (10000164 bp)...
[M::mem_process_seqs] Processed 100494 reads in 2.611 CPU sec, 2.386 real sec
[M::process] read 100626 sequences (10000116 bp)...
[M::mem_process_seqs] Processed 100576 reads in 2.591 CPU sec, 2.371 real sec
[M::process] read 100496 sequences (10000144 bp)...
[M::mem_process_seqs] Processed 100626 reads in 2.657 CPU sec, 2.450 real sec
[M::process] read 100552 sequences (10000049 bp)...
[M::mem_process_seqs] Processed 100496 reads in 2.683 CPU sec, 2.455 real sec
[M::process] read 100464 sequences (10000019 bp)...
[M::mem_process_seqs] Processed 100552 reads in 2.584 CPU sec, 2.361 real sec
[M::process] read 100504 sequences (10000085 bp)...
[M::mem_process_seqs] Processed 100464 reads in 2.541 CPU sec, 2.327 real sec
[M::process] read 100554 sequences (10000020 bp)...
[M::mem_process_seqs] Processed 100504 reads in 2.527 CPU sec, 2.314 real sec
[M::process] read 100568 sequences (10000199 bp)...
[M::mem_process_seqs] Processed 100554 reads in 2.663 CPU sec, 2.452 real sec
[M::process] read 100648 sequences (10000118 bp)...
[M::mem_process_seqs] Processed 100568 reads in 2.692 CPU sec, 2.459 real sec
[M::process] read 100598 sequences (10000058 bp)...
[M::mem_process_seqs] Processed 100648 reads in 2.583 CPU sec, 2.373 real sec
[M::process] read 100564 sequences (10000155 bp)...
[M::mem_process_seqs] Processed 100598 reads in 2.518 CPU sec, 2.300 real sec
[M::process] read 100602 sequences (10000090 bp)...
[M::mem_process_seqs] Processed 100564 reads in 2.655 CPU sec, 2.440 real sec
[M::process] read 100590 sequences (10000132 bp)...
[M::mem_process_seqs] Processed 100602 reads in 2.718 CPU sec, 2.484 real sec
[M::process] read 100588 sequences (10000100 bp)...
[M::mem_process_seqs] Processed 100590 reads in 2.561 CPU sec, 2.335 real sec
[M::process] read 100646 sequences (10000023 bp)...
[M::mem_process_seqs] Processed 100588 reads in 2.536 CPU sec, 2.312 real sec
[M::process] read 100628 sequences (10000025 bp)...
[M::mem_process_seqs] Processed 100646 reads in 2.551 CPU sec, 2.339 real sec
[M::process] read 100644 sequences (10000129 bp)...
[M::mem_process_seqs] Processed 100628 reads in 2.747 CPU sec, 2.514 real sec
[M::process] read 100658 sequences (10000081 bp)...
[M::mem_process_seqs] Processed 100644 reads in 2.629 CPU sec, 2.396 real sec
[M::process] read 100672 sequences (10000193 bp)...
[M::mem_process_seqs] Processed 100658 reads in 2.529 CPU sec, 2.313 real sec
[M::process] read 100646 sequences (10000030 bp)...
[M::mem_process_seqs] Processed 100672 reads in 2.611 CPU sec, 2.390 real sec
[M::process] read 100744 sequences (10000043 bp)...
[M::mem_process_seqs] Processed 100646 reads in 2.709 CPU sec, 2.475 real sec
[M::process] read 100712 sequences (10000106 bp)...
[M::mem_process_seqs] Processed 100744 reads in 2.636 CPU sec, 2.404 real sec
[M::process] read 100744 sequences (10000164 bp)...
[M::mem_process_seqs] Processed 100712 reads in 2.547 CPU sec, 2.325 real sec
[M::process] read 100842 sequences (10000016 bp)...
[M::mem_process_seqs] Processed 100744 reads in 2.609 CPU sec, 2.390 real sec
[M::process] read 100772 sequences (10000009 bp)...
[M::mem_process_seqs] Processed 100842 reads in 2.789 CPU sec, 2.553 real sec
[M::process] read 100852 sequences (10000042 bp)...
[M::mem_process_seqs] Processed 100772 reads in 2.639 CPU sec, 2.404 real sec
[M::process] read 100780 sequences (10000157 bp)...
[M::mem_process_seqs] Processed 100852 reads in 2.563 CPU sec, 2.342 real sec
[M::process] read 100918 sequences (10000111 bp)...
[M::mem_process_seqs] Processed 100780 reads in 2.649 CPU sec, 2.425 real sec
[M::process] read 102204 sequences (10000185 bp)...
[M::mem_process_seqs] Processed 100918 reads in 2.725 CPU sec, 2.483 real sec
[M::process] read 100818 sequences (10000099 bp)...
[M::mem_process_seqs] Processed 102204 reads in 2.632 CPU sec, 2.399 real sec
[M::process] read 101250 sequences (10000048 bp)...
[M::mem_process_seqs] Processed 100818 reads in 2.558 CPU sec, 2.327 real sec
[M::process] read 101228 sequences (10000090 bp)...
[M::mem_process_seqs] Processed 101250 reads in 2.590 CPU sec, 2.365 real sec
[M::process] read 100780 sequences (10000093 bp)...
[M::mem_process_seqs] Processed 101228 reads in 2.721 CPU sec, 2.506 real sec
[M::process] read 100840 sequences (10000044 bp)...
[M::mem_process_seqs] Processed 100780 reads in 2.642 CPU sec, 2.412 real sec
[M::process] read 100984 sequences (10000197 bp)...
[M::mem_process_seqs] Processed 100840 reads in 2.746 CPU sec, 2.528 real sec
[M::process] read 100964 sequences (10000093 bp)...
[M::mem_process_seqs] Processed 100984 reads in 2.793 CPU sec, 2.575 real sec
[M::process] read 100946 sequences (10000107 bp)...
[M::mem_process_seqs] Processed 100964 reads in 2.938 CPU sec, 2.705 real sec
[M::process] read 100662 sequences (10000046 bp)...
[M::mem_process_seqs] Processed 100946 reads in 3.198 CPU sec, 2.980 real sec
[M::process] read 101662 sequences (10000052 bp)...
[M::mem_process_seqs] Processed 100662 reads in 2.661 CPU sec, 2.448 real sec
[M::process] read 100540 sequences (10000062 bp)...
[M::mem_process_seqs] Processed 101662 reads in 2.940 CPU sec, 2.732 real sec
[M::process] read 100648 sequences (10000006 bp)...
[M::mem_process_seqs] Processed 100540 reads in 2.639 CPU sec, 2.408 real sec
[M::process] read 100738 sequences (10000185 bp)...
[M::mem_process_seqs] Processed 100648 reads in 2.740 CPU sec, 2.527 real sec
[M::process] read 100544 sequences (10000074 bp)...
[M::mem_process_seqs] Processed 100738 reads in 2.780 CPU sec, 2.563 real sec
[M::process] read 100562 sequences (10000129 bp)...
[M::mem_process_seqs] Processed 100544 reads in 2.703 CPU sec, 2.471 real sec
[M::process] read 100612 sequences (10000010 bp)...
[M::mem_process_seqs] Processed 100562 reads in 2.577 CPU sec, 2.350 real sec
[M::process] read 100570 sequences (10000030 bp)...
[M::mem_process_seqs] Processed 100612 reads in 2.582 CPU sec, 2.364 real sec
[M::process] read 100600 sequences (10000075 bp)...
[M::mem_process_seqs] Processed 100570 reads in 2.581 CPU sec, 2.364 real sec
[M::process] read 100618 sequences (10000097 bp)...
[M::mem_process_seqs] Processed 100600 reads in 2.808 CPU sec, 2.574 real sec
[M::process] read 100572 sequences (10000048 bp)...
[M::mem_process_seqs] Processed 100618 reads in 2.675 CPU sec, 2.446 real sec
[M::process] read 100626 sequences (10000063 bp)...
[M::mem_process_seqs] Processed 100572 reads in 2.596 CPU sec, 2.373 real sec
[M::process] read 100648 sequences (10000046 bp)...
[M::mem_process_seqs] Processed 100626 reads in 2.554 CPU sec, 2.337 real sec
[M::process] read 100636 sequences (10000193 bp)...
[M::mem_process_seqs] Processed 100648 reads in 2.699 CPU sec, 2.486 real sec
[M::process] read 100608 sequences (10000187 bp)...
[M::mem_process_seqs] Processed 100636 reads in 2.675 CPU sec, 2.439 real sec
[M::process] read 100678 sequences (10000175 bp)...
[M::mem_process_seqs] Processed 100608 reads in 2.517 CPU sec, 2.305 real sec
[M::process] read 100702 sequences (10000022 bp)...
[M::mem_process_seqs] Processed 100678 reads in 2.572 CPU sec, 2.346 real sec
[M::process] read 100734 sequences (10000053 bp)...
[M::mem_process_seqs] Processed 100702 reads in 2.646 CPU sec, 2.425 real sec
[M::process] read 100752 sequences (10000164 bp)...
[M::mem_process_seqs] Processed 100734 reads in 2.772 CPU sec, 2.537 real sec
[M::process] read 100802 sequences (10000151 bp)...
[M::mem_process_seqs] Processed 100752 reads in 2.579 CPU sec, 2.346 real sec
[M::process] read 100776 sequences (10000184 bp)...
[M::mem_process_seqs] Processed 100802 reads in 2.549 CPU sec, 2.329 real sec
[M::process] read 100784 sequences (10000059 bp)...
[M::mem_process_seqs] Processed 100776 reads in 2.604 CPU sec, 2.383 real sec
[M::process] read 100870 sequences (10000142 bp)...
[M::mem_process_seqs] Processed 100784 reads in 2.752 CPU sec, 2.517 real sec
[M::process] read 100828 sequences (10000139 bp)...
[M::mem_process_seqs] Processed 100870 reads in 2.760 CPU sec, 2.525 real sec
[M::process] read 101130 sequences (10000084 bp)...
[M::mem_process_seqs] Processed 100828 reads in 2.586 CPU sec, 2.361 real sec
[M::process] read 102602 sequences (10000014 bp)...
[M::mem_process_seqs] Processed 101130 reads in 2.585 CPU sec, 2.363 real sec
[M::process] read 100906 sequences (10000031 bp)...
[M::mem_process_seqs] Processed 102602 reads in 2.705 CPU sec, 2.487 real sec
[M::process] read 101122 sequences (10000194 bp)...
[M::mem_process_seqs] Processed 100906 reads in 2.748 CPU sec, 2.506 real sec
[M::process] read 101054 sequences (10000140 bp)...
[M::mem_process_seqs] Processed 101122 reads in 2.671 CPU sec, 2.431 real sec
[M::process] read 32076 sequences (3173973 bp)...
[M::mem_process_seqs] Processed 101054 reads in 2.441 CPU sec, 2.342 real sec
[M::mem_process_seqs] Processed 32076 reads in 0.793 CPU sec, 0.744 real sec
[main] Version: 0.7.19-r1273
[main] CMD: bwa mem Efaecium /home/yogesh22/Genome_Analysis/raw_data/transcriptomics_data/RNA-Seq_Serum/trimmed/trim_paired_ERR1797971_pass_2.fastq.gz
[main] Real time: 335.999 sec; CPU: 364.887 sec
[M::bwa_idx_load_from_disk] read 0 ALT contigs
[M::process] read 142448 sequences (10000012 bp)...
[M::process] read 142356 sequences (10000133 bp)...
[M::mem_process_seqs] Processed 142448 reads in 2.741 CPU sec, 2.503 real sec
[M::process] read 142142 sequences (10000054 bp)...
[M::mem_process_seqs] Processed 142356 reads in 2.842 CPU sec, 2.549 real sec
[M::process] read 142240 sequences (10000052 bp)...
[M::mem_process_seqs] Processed 142142 reads in 2.673 CPU sec, 2.404 real sec
[M::process] read 142176 sequences (10000015 bp)...
[M::mem_process_seqs] Processed 142240 reads in 2.662 CPU sec, 2.380 real sec
[M::process] read 141964 sequences (10000104 bp)...
[M::mem_process_seqs] Processed 142176 reads in 2.810 CPU sec, 2.541 real sec
[M::process] read 142126 sequences (10000053 bp)...
[M::mem_process_seqs] Processed 141964 reads in 2.832 CPU sec, 2.540 real sec
[M::process] read 142128 sequences (10000037 bp)...
[M::mem_process_seqs] Processed 142126 reads in 2.718 CPU sec, 2.456 real sec
[M::process] read 142164 sequences (10000040 bp)...
[M::mem_process_seqs] Processed 142128 reads in 2.677 CPU sec, 2.409 real sec
[M::process] read 142100 sequences (10000072 bp)...
[M::mem_process_seqs] Processed 142164 reads in 2.875 CPU sec, 2.599 real sec
[M::process] read 141968 sequences (10000046 bp)...
[M::mem_process_seqs] Processed 142100 reads in 2.813 CPU sec, 2.521 real sec
[M::process] read 141816 sequences (10000125 bp)...
[M::mem_process_seqs] Processed 141968 reads in 2.710 CPU sec, 2.434 real sec
[M::process] read 141688 sequences (10000001 bp)...
[M::mem_process_seqs] Processed 141816 reads in 2.760 CPU sec, 2.489 real sec
[M::process] read 141674 sequences (10000015 bp)...
[M::mem_process_seqs] Processed 141688 reads in 2.828 CPU sec, 2.530 real sec
[M::process] read 141796 sequences (10000039 bp)...
[M::mem_process_seqs] Processed 141674 reads in 2.723 CPU sec, 2.446 real sec
[M::process] read 141072 sequences (10000021 bp)...
[M::mem_process_seqs] Processed 141796 reads in 2.669 CPU sec, 2.401 real sec
[M::process] read 141464 sequences (10000078 bp)...
[M::mem_process_seqs] Processed 141072 reads in 2.836 CPU sec, 2.552 real sec
[M::process] read 141984 sequences (10000036 bp)...
[M::mem_process_seqs] Processed 141464 reads in 2.811 CPU sec, 2.524 real sec
[M::process] read 141932 sequences (10000062 bp)...
[M::mem_process_seqs] Processed 141984 reads in 2.672 CPU sec, 2.404 real sec
[M::process] read 142062 sequences (10000033 bp)...
[M::mem_process_seqs] Processed 141932 reads in 2.782 CPU sec, 2.516 real sec
[M::process] read 142174 sequences (10000026 bp)...
[M::mem_process_seqs] Processed 142062 reads in 2.849 CPU sec, 2.557 real sec
[M::process] read 142108 sequences (10000079 bp)...
[M::mem_process_seqs] Processed 142174 reads in 2.742 CPU sec, 2.479 real sec
[M::process] read 141808 sequences (10000090 bp)...
[M::mem_process_seqs] Processed 142108 reads in 2.684 CPU sec, 2.419 real sec
[M::process] read 142118 sequences (10000042 bp)...
[M::mem_process_seqs] Processed 141808 reads in 2.881 CPU sec, 2.597 real sec
[M::process] read 142034 sequences (10000110 bp)...
[M::mem_process_seqs] Processed 142118 reads in 2.837 CPU sec, 2.549 real sec
[M::process] read 141980 sequences (10000041 bp)...
[M::mem_process_seqs] Processed 142034 reads in 2.708 CPU sec, 2.439 real sec
[M::process] read 141672 sequences (10000033 bp)...
[M::mem_process_seqs] Processed 141980 reads in 2.700 CPU sec, 2.429 real sec
[M::process] read 141944 sequences (10000127 bp)...
[M::mem_process_seqs] Processed 141672 reads in 2.900 CPU sec, 2.606 real sec
[M::process] read 141816 sequences (10000095 bp)...
[M::mem_process_seqs] Processed 141944 reads in 2.705 CPU sec, 2.439 real sec
[M::process] read 141760 sequences (10000073 bp)...
[M::mem_process_seqs] Processed 141816 reads in 2.653 CPU sec, 2.386 real sec
[M::process] read 141794 sequences (10000042 bp)...
[M::mem_process_seqs] Processed 141760 reads in 2.868 CPU sec, 2.587 real sec
[M::process] read 141432 sequences (10000075 bp)...
[M::mem_process_seqs] Processed 141794 reads in 2.760 CPU sec, 2.471 real sec
[M::process] read 139920 sequences (10000087 bp)...
[M::mem_process_seqs] Processed 141432 reads in 2.695 CPU sec, 2.412 real sec
[M::process] read 141514 sequences (10000058 bp)...
[M::mem_process_seqs] Processed 139920 reads in 2.826 CPU sec, 2.554 real sec
[M::process] read 141554 sequences (10000109 bp)...
[M::mem_process_seqs] Processed 141514 reads in 2.786 CPU sec, 2.496 real sec
[M::process] read 142542 sequences (10000112 bp)...
[M::mem_process_seqs] Processed 141554 reads in 2.670 CPU sec, 2.396 real sec
[M::process] read 141982 sequences (10000125 bp)...
[M::mem_process_seqs] Processed 142542 reads in 2.796 CPU sec, 2.532 real sec
[M::process] read 142188 sequences (10000027 bp)...
[M::mem_process_seqs] Processed 141982 reads in 2.706 CPU sec, 2.424 real sec
[M::process] read 142262 sequences (10000131 bp)...
[M::mem_process_seqs] Processed 142188 reads in 2.731 CPU sec, 2.454 real sec
[M::process] read 142104 sequences (10000060 bp)...
[M::mem_process_seqs] Processed 142262 reads in 2.840 CPU sec, 2.575 real sec
[M::process] read 142152 sequences (10000079 bp)...
[M::mem_process_seqs] Processed 142104 reads in 2.724 CPU sec, 2.460 real sec
[M::process] read 142120 sequences (10000015 bp)...
[M::mem_process_seqs] Processed 142152 reads in 2.689 CPU sec, 2.420 real sec
[M::process] read 142074 sequences (10000075 bp)...
[M::mem_process_seqs] Processed 142120 reads in 2.837 CPU sec, 2.571 real sec
[M::process] read 142006 sequences (10000015 bp)...
[M::mem_process_seqs] Processed 142074 reads in 2.673 CPU sec, 2.401 real sec
[M::process] read 141932 sequences (10000105 bp)...
[M::mem_process_seqs] Processed 142006 reads in 2.723 CPU sec, 2.453 real sec
[M::process] read 141914 sequences (10000125 bp)...
[M::mem_process_seqs] Processed 141932 reads in 2.868 CPU sec, 2.579 real sec
[M::process] read 141896 sequences (10000052 bp)...
[M::mem_process_seqs] Processed 141914 reads in 2.859 CPU sec, 2.567 real sec
[M::process] read 141722 sequences (10000001 bp)...
[M::mem_process_seqs] Processed 141896 reads in 2.850 CPU sec, 2.557 real sec
[M::process] read 141644 sequences (10000010 bp)...
[M::mem_process_seqs] Processed 141722 reads in 2.832 CPU sec, 2.542 real sec
[M::process] read 141172 sequences (10000077 bp)...
[M::mem_process_seqs] Processed 141644 reads in 2.747 CPU sec, 2.455 real sec
[M::process] read 141566 sequences (10000097 bp)...
[M::mem_process_seqs] Processed 141172 reads in 2.716 CPU sec, 2.433 real sec
[M::process] read 141754 sequences (10000027 bp)...
[M::mem_process_seqs] Processed 141566 reads in 2.612 CPU sec, 2.337 real sec
[M::process] read 142808 sequences (10000101 bp)...
[M::mem_process_seqs] Processed 141754 reads in 2.652 CPU sec, 2.388 real sec
[M::process] read 142606 sequences (10000054 bp)...
[M::mem_process_seqs] Processed 142808 reads in 3.153 CPU sec, 2.873 real sec
[M::process] read 142456 sequences (10000070 bp)...
[M::mem_process_seqs] Processed 142606 reads in 2.930 CPU sec, 2.643 real sec
[M::process] read 142046 sequences (10000087 bp)...
[M::mem_process_seqs] Processed 142456 reads in 2.933 CPU sec, 2.650 real sec
[M::process] read 142148 sequences (10000122 bp)...
[M::mem_process_seqs] Processed 142046 reads in 2.804 CPU sec, 2.523 real sec
[M::process] read 142076 sequences (10000102 bp)...
[M::mem_process_seqs] Processed 142148 reads in 2.848 CPU sec, 2.570 real sec
[M::process] read 142064 sequences (10000039 bp)...
[M::mem_process_seqs] Processed 142076 reads in 2.760 CPU sec, 2.476 real sec
[M::process] read 142070 sequences (10000069 bp)...
[M::mem_process_seqs] Processed 142064 reads in 2.770 CPU sec, 2.488 real sec
[M::process] read 142028 sequences (10000073 bp)...
[M::mem_process_seqs] Processed 142070 reads in 2.757 CPU sec, 2.474 real sec
[M::process] read 141854 sequences (10000045 bp)...
[M::mem_process_seqs] Processed 142028 reads in 2.848 CPU sec, 2.570 real sec
[M::process] read 141942 sequences (10000031 bp)...
[M::mem_process_seqs] Processed 141854 reads in 2.873 CPU sec, 2.583 real sec
[M::process] read 141806 sequences (10000142 bp)...
[M::mem_process_seqs] Processed 141942 reads in 2.723 CPU sec, 2.427 real sec
[M::process] read 141770 sequences (10000036 bp)...
[M::mem_process_seqs] Processed 141806 reads in 2.723 CPU sec, 2.447 real sec
[M::process] read 141594 sequences (10000146 bp)...
[M::mem_process_seqs] Processed 141770 reads in 2.708 CPU sec, 2.428 real sec
[M::process] read 141116 sequences (10000091 bp)...
[M::mem_process_seqs] Processed 141594 reads in 2.605 CPU sec, 2.340 real sec
[M::process] read 140596 sequences (10000098 bp)...
[M::mem_process_seqs] Processed 141116 reads in 2.573 CPU sec, 2.306 real sec
[M::process] read 136983 sequences (9675978 bp)...
[M::mem_process_seqs] Processed 140596 reads in 2.579 CPU sec, 2.317 real sec
[M::mem_process_seqs] Processed 136983 reads in 2.260 CPU sec, 2.200 real sec
[main] Version: 0.7.19-r1273
[main] CMD: bwa mem Efaecium /home/yogesh22/Genome_Analysis/raw_data/transcriptomics_data/RNA-Seq_Serum/trimmed/trim_single_ERR1797969_pass_1.fastq.gz
[main] Real time: 172.927 sec; CPU: 190.747 sec
[M::bwa_idx_load_from_disk] read 0 ALT contigs
[M::process] read 83153 sequences (7525657 bp)...
[M::mem_process_seqs] Processed 83153 reads in 1.859 CPU sec, 1.866 real sec
[main] Version: 0.7.19-r1273
[main] CMD: bwa mem Efaecium /home/yogesh22/Genome_Analysis/raw_data/transcriptomics_data/RNA-Seq_Serum/trimmed/trim_single_ERR1797969_pass_2.fastq.gz
[main] Real time: 2.453 sec; CPU: 2.034 sec
[M::bwa_idx_load_from_disk] read 0 ALT contigs
[M::process] read 142074 sequences (10000076 bp)...
[M::process] read 141856 sequences (10000086 bp)...
[M::mem_process_seqs] Processed 142074 reads in 2.641 CPU sec, 2.400 real sec
[M::process] read 141664 sequences (10000074 bp)...
[M::mem_process_seqs] Processed 141856 reads in 2.725 CPU sec, 2.456 real sec
[M::process] read 141726 sequences (10000014 bp)...
[M::mem_process_seqs] Processed 141664 reads in 2.707 CPU sec, 2.436 real sec
[M::process] read 141730 sequences (10000040 bp)...
[M::mem_process_seqs] Processed 141726 reads in 2.763 CPU sec, 2.490 real sec
[M::process] read 141660 sequences (10000065 bp)...
[M::mem_process_seqs] Processed 141730 reads in 2.571 CPU sec, 2.309 real sec
[M::process] read 141608 sequences (10000054 bp)...
[M::mem_process_seqs] Processed 141660 reads in 2.781 CPU sec, 2.517 real sec
[M::process] read 141550 sequences (10000132 bp)...
[M::mem_process_seqs] Processed 141608 reads in 2.596 CPU sec, 2.332 real sec
[M::process] read 141568 sequences (10000065 bp)...
[M::mem_process_seqs] Processed 141550 reads in 2.595 CPU sec, 2.332 real sec
[M::process] read 141536 sequences (10000072 bp)...
[M::mem_process_seqs] Processed 141568 reads in 2.755 CPU sec, 2.466 real sec
[M::process] read 141362 sequences (10000075 bp)...
[M::mem_process_seqs] Processed 141536 reads in 2.784 CPU sec, 2.518 real sec
[M::process] read 141254 sequences (10000104 bp)...
[M::mem_process_seqs] Processed 141362 reads in 2.941 CPU sec, 2.646 real sec
[M::process] read 141152 sequences (10000034 bp)...
[M::mem_process_seqs] Processed 141254 reads in 2.857 CPU sec, 2.562 real sec
[M::process] read 140354 sequences (10000057 bp)...
[M::mem_process_seqs] Processed 141152 reads in 2.732 CPU sec, 2.463 real sec
[M::process] read 140958 sequences (10000056 bp)...
[M::mem_process_seqs] Processed 140354 reads in 2.711 CPU sec, 2.425 real sec
[M::process] read 141214 sequences (10000107 bp)...
[M::mem_process_seqs] Processed 140958 reads in 2.782 CPU sec, 2.518 real sec
[M::process] read 141588 sequences (10000077 bp)...
[M::mem_process_seqs] Processed 141214 reads in 2.744 CPU sec, 2.459 real sec
[M::process] read 141588 sequences (10000082 bp)...
[M::mem_process_seqs] Processed 141588 reads in 2.685 CPU sec, 2.422 real sec
[M::process] read 141780 sequences (10000064 bp)...
[M::mem_process_seqs] Processed 141588 reads in 2.658 CPU sec, 2.377 real sec
[M::process] read 141594 sequences (10000041 bp)...
[M::mem_process_seqs] Processed 141780 reads in 2.770 CPU sec, 2.506 real sec
[M::process] read 141274 sequences (10000021 bp)...
[M::mem_process_seqs] Processed 141594 reads in 2.768 CPU sec, 2.483 real sec
[M::process] read 141744 sequences (10000018 bp)...
[M::mem_process_seqs] Processed 141274 reads in 2.698 CPU sec, 2.424 real sec
[M::process] read 141398 sequences (10000115 bp)...
[M::mem_process_seqs] Processed 141744 reads in 2.758 CPU sec, 2.487 real sec
[M::process] read 141466 sequences (10000122 bp)...
[M::mem_process_seqs] Processed 141398 reads in 2.855 CPU sec, 2.564 real sec
[M::process] read 141440 sequences (10000006 bp)...
[M::mem_process_seqs] Processed 141466 reads in 2.675 CPU sec, 2.409 real sec
[M::process] read 141124 sequences (10000112 bp)...
[M::mem_process_seqs] Processed 141440 reads in 2.679 CPU sec, 2.409 real sec
[M::process] read 141222 sequences (10000114 bp)...
[M::mem_process_seqs] Processed 141124 reads in 2.835 CPU sec, 2.558 real sec
[M::process] read 141184 sequences (10000006 bp)...
[M::mem_process_seqs] Processed 141222 reads in 2.728 CPU sec, 2.461 real sec
[M::process] read 140886 sequences (10000112 bp)...
[M::mem_process_seqs] Processed 141184 reads in 2.669 CPU sec, 2.391 real sec
[M::process] read 139216 sequences (10000105 bp)...
[M::mem_process_seqs] Processed 140886 reads in 2.725 CPU sec, 2.442 real sec
[M::process] read 140794 sequences (10000095 bp)...
[M::mem_process_seqs] Processed 139216 reads in 2.895 CPU sec, 2.609 real sec
[M::process] read 141714 sequences (10000114 bp)...
[M::mem_process_seqs] Processed 140794 reads in 2.856 CPU sec, 2.567 real sec
[M::process] read 141692 sequences (10000071 bp)...
[M::mem_process_seqs] Processed 141714 reads in 2.809 CPU sec, 2.527 real sec
[M::process] read 141580 sequences (10000064 bp)...
[M::mem_process_seqs] Processed 141692 reads in 2.724 CPU sec, 2.452 real sec
[M::process] read 141860 sequences (10000049 bp)...
[M::mem_process_seqs] Processed 141580 reads in 2.739 CPU sec, 2.475 real sec
[M::process] read 141760 sequences (10000011 bp)...
[M::mem_process_seqs] Processed 141860 reads in 2.936 CPU sec, 2.647 real sec
[M::process] read 141798 sequences (10000109 bp)...
[M::mem_process_seqs] Processed 141760 reads in 2.760 CPU sec, 2.477 real sec
[M::process] read 141712 sequences (10000055 bp)...
[M::mem_process_seqs] Processed 141798 reads in 2.721 CPU sec, 2.438 real sec
[M::process] read 141412 sequences (10000115 bp)...
[M::mem_process_seqs] Processed 141712 reads in 2.787 CPU sec, 2.522 real sec
[M::process] read 141454 sequences (10000132 bp)...
[M::mem_process_seqs] Processed 141412 reads in 2.844 CPU sec, 2.555 real sec
[M::process] read 141352 sequences (10000145 bp)...
[M::mem_process_seqs] Processed 141454 reads in 2.750 CPU sec, 2.485 real sec
[M::process] read 141288 sequences (10000108 bp)...
[M::mem_process_seqs] Processed 141352 reads in 2.728 CPU sec, 2.454 real sec
[M::process] read 141226 sequences (10000029 bp)...
[M::mem_process_seqs] Processed 141288 reads in 2.867 CPU sec, 2.594 real sec
[M::process] read 140846 sequences (10000129 bp)...
[M::mem_process_seqs] Processed 141226 reads in 2.820 CPU sec, 2.527 real sec
[M::process] read 140876 sequences (10000032 bp)...
[M::mem_process_seqs] Processed 140846 reads in 2.768 CPU sec, 2.484 real sec
[M::process] read 140786 sequences (10000104 bp)...
[M::mem_process_seqs] Processed 140876 reads in 2.744 CPU sec, 2.474 real sec
[M::process] read 141032 sequences (10000004 bp)...
[M::mem_process_seqs] Processed 140786 reads in 2.917 CPU sec, 2.624 real sec
[M::process] read 142408 sequences (10000117 bp)...
[M::mem_process_seqs] Processed 141032 reads in 2.870 CPU sec, 2.581 real sec
[M::process] read 142002 sequences (10000107 bp)...
[M::mem_process_seqs] Processed 142408 reads in 3.192 CPU sec, 2.856 real sec
[M::process] read 141712 sequences (10000071 bp)...
[M::mem_process_seqs] Processed 142002 reads in 2.799 CPU sec, 2.531 real sec
[M::process] read 141274 sequences (10000016 bp)...
[M::mem_process_seqs] Processed 141712 reads in 3.008 CPU sec, 2.718 real sec
[M::process] read 141564 sequences (10000002 bp)...
[M::mem_process_seqs] Processed 141274 reads in 2.827 CPU sec, 2.540 real sec
[M::process] read 141634 sequences (10000053 bp)...
[M::mem_process_seqs] Processed 141564 reads in 2.743 CPU sec, 2.471 real sec
[M::process] read 141574 sequences (10000133 bp)...
[M::mem_process_seqs] Processed 141634 reads in 2.748 CPU sec, 2.481 real sec
[M::process] read 141436 sequences (10000021 bp)...
[M::mem_process_seqs] Processed 141574 reads in 2.894 CPU sec, 2.596 real sec
[M::process] read 141356 sequences (10000012 bp)...
[M::mem_process_seqs] Processed 141436 reads in 2.746 CPU sec, 2.467 real sec
[M::process] read 141224 sequences (10000164 bp)...
[M::mem_process_seqs] Processed 141356 reads in 2.720 CPU sec, 2.433 real sec
[M::process] read 141174 sequences (10000059 bp)...
[M::mem_process_seqs] Processed 141224 reads in 2.853 CPU sec, 2.574 real sec
[M::process] read 141032 sequences (10000090 bp)...
[M::mem_process_seqs] Processed 141174 reads in 2.833 CPU sec, 2.537 real sec
[M::process] read 140888 sequences (10000114 bp)...
[M::mem_process_seqs] Processed 141032 reads in 2.702 CPU sec, 2.429 real sec
[M::process] read 139670 sequences (10000053 bp)...
[M::mem_process_seqs] Processed 140888 reads in 2.711 CPU sec, 2.438 real sec
[M::process] read 140730 sequences (10000028 bp)...
[M::mem_process_seqs] Processed 139670 reads in 2.929 CPU sec, 2.638 real sec
[M::process] read 34612 sequences (2457733 bp)...
[M::mem_process_seqs] Processed 140730 reads in 2.630 CPU sec, 2.508 real sec
[M::mem_process_seqs] Processed 34612 reads in 0.701 CPU sec, 0.630 real sec
[main] Version: 0.7.19-r1273
[main] CMD: bwa mem Efaecium /home/yogesh22/Genome_Analysis/raw_data/transcriptomics_data/RNA-Seq_Serum/trimmed/trim_single_ERR1797970_pass_1.fastq.gz
[main] Real time: 156.965 sec; CPU: 173.054 sec
[M::bwa_idx_load_from_disk] read 0 ALT contigs
[M::process] read 91274 sequences (8280525 bp)...
[M::mem_process_seqs] Processed 91274 reads in 2.137 CPU sec, 2.146 real sec
[main] Version: 0.7.19-r1273
[main] CMD: bwa mem Efaecium /home/yogesh22/Genome_Analysis/raw_data/transcriptomics_data/RNA-Seq_Serum/trimmed/trim_single_ERR1797970_pass_2.fastq.gz
[main] Real time: 2.747 sec; CPU: 2.336 sec
[M::bwa_idx_load_from_disk] read 0 ALT contigs
[M::process] read 143446 sequences (10000058 bp)...
[M::process] read 143374 sequences (10000149 bp)...
[M::mem_process_seqs] Processed 143446 reads in 2.885 CPU sec, 2.622 real sec
[M::process] read 143012 sequences (10000149 bp)...
[M::mem_process_seqs] Processed 143374 reads in 2.766 CPU sec, 2.490 real sec
[M::process] read 143144 sequences (10000040 bp)...
[M::mem_process_seqs] Processed 143012 reads in 2.703 CPU sec, 2.417 real sec
[M::process] read 143172 sequences (10000159 bp)...
[M::mem_process_seqs] Processed 143144 reads in 2.794 CPU sec, 2.528 real sec
[M::process] read 143000 sequences (10000141 bp)...
[M::mem_process_seqs] Processed 143172 reads in 2.818 CPU sec, 2.528 real sec
[M::process] read 143166 sequences (10000088 bp)...
[M::mem_process_seqs] Processed 143000 reads in 2.766 CPU sec, 2.492 real sec
[M::process] read 142948 sequences (10000131 bp)...
[M::mem_process_seqs] Processed 143166 reads in 2.676 CPU sec, 2.410 real sec
[M::process] read 142986 sequences (10000101 bp)...
[M::mem_process_seqs] Processed 142948 reads in 2.917 CPU sec, 2.649 real sec
[M::process] read 142880 sequences (10000102 bp)...
[M::mem_process_seqs] Processed 142986 reads in 2.764 CPU sec, 2.489 real sec
[M::process] read 142732 sequences (10000093 bp)...
[M::mem_process_seqs] Processed 142880 reads in 2.719 CPU sec, 2.433 real sec
[M::process] read 142868 sequences (10000121 bp)...
[M::mem_process_seqs] Processed 142732 reads in 2.873 CPU sec, 2.603 real sec
[M::process] read 142620 sequences (10000026 bp)...
[M::mem_process_seqs] Processed 142868 reads in 2.805 CPU sec, 2.513 real sec
[M::process] read 142504 sequences (10000088 bp)...
[M::mem_process_seqs] Processed 142620 reads in 2.716 CPU sec, 2.437 real sec
[M::process] read 142022 sequences (10000075 bp)...
[M::mem_process_seqs] Processed 142504 reads in 2.751 CPU sec, 2.479 real sec
[M::process] read 142296 sequences (10000006 bp)...
[M::mem_process_seqs] Processed 142022 reads in 2.815 CPU sec, 2.520 real sec
[M::process] read 142020 sequences (10000090 bp)...
[M::mem_process_seqs] Processed 142296 reads in 2.681 CPU sec, 2.411 real sec
[M::process] read 142980 sequences (10000078 bp)...
[M::mem_process_seqs] Processed 142020 reads in 2.700 CPU sec, 2.429 real sec
[M::process] read 143034 sequences (10000023 bp)...
[M::mem_process_seqs] Processed 142980 reads in 2.842 CPU sec, 2.566 real sec
[M::process] read 142970 sequences (10000075 bp)...
[M::mem_process_seqs] Processed 143034 reads in 2.690 CPU sec, 2.420 real sec
[M::process] read 143026 sequences (10000054 bp)...
[M::mem_process_seqs] Processed 142970 reads in 2.738 CPU sec, 2.467 real sec
[M::process] read 143024 sequences (10000059 bp)...
[M::mem_process_seqs] Processed 143026 reads in 2.886 CPU sec, 2.597 real sec
[M::process] read 142632 sequences (10000088 bp)...
[M::mem_process_seqs] Processed 143024 reads in 2.694 CPU sec, 2.426 real sec
[M::process] read 142952 sequences (10000047 bp)...
[M::mem_process_seqs] Processed 142632 reads in 2.781 CPU sec, 2.506 real sec
[M::process] read 142932 sequences (10000088 bp)...
[M::mem_process_seqs] Processed 142952 reads in 2.835 CPU sec, 2.543 real sec
[M::process] read 142736 sequences (10000062 bp)...
[M::mem_process_seqs] Processed 142932 reads in 2.698 CPU sec, 2.426 real sec
[M::process] read 142618 sequences (10000030 bp)...
[M::mem_process_seqs] Processed 142736 reads in 2.783 CPU sec, 2.518 real sec
[M::process] read 142626 sequences (10000008 bp)...
[M::mem_process_seqs] Processed 142618 reads in 2.798 CPU sec, 2.505 real sec
[M::process] read 142520 sequences (10000154 bp)...
[M::mem_process_seqs] Processed 142626 reads in 2.708 CPU sec, 2.428 real sec
[M::process] read 142420 sequences (10000021 bp)...
[M::mem_process_seqs] Processed 142520 reads in 2.819 CPU sec, 2.552 real sec
[M::process] read 142222 sequences (10000086 bp)...
[M::mem_process_seqs] Processed 142420 reads in 2.900 CPU sec, 2.602 real sec
[M::process] read 141994 sequences (10000104 bp)...
[M::mem_process_seqs] Processed 142222 reads in 2.870 CPU sec, 2.578 real sec
[M::process] read 141000 sequences (10000041 bp)...
[M::mem_process_seqs] Processed 141994 reads in 2.890 CPU sec, 2.594 real sec
[M::process] read 142112 sequences (10000059 bp)...
[M::mem_process_seqs] Processed 141000 reads in 2.816 CPU sec, 2.523 real sec
[M::process] read 143286 sequences (10000001 bp)...
[M::mem_process_seqs] Processed 142112 reads in 2.736 CPU sec, 2.467 real sec
[M::process] read 143228 sequences (10000012 bp)...
[M::mem_process_seqs] Processed 143286 reads in 2.623 CPU sec, 2.353 real sec
[M::process] read 142842 sequences (10000049 bp)...
[M::mem_process_seqs] Processed 143228 reads in 2.649 CPU sec, 2.388 real sec
[M::process] read 143132 sequences (10000139 bp)...
[M::mem_process_seqs] Processed 142842 reads in 2.793 CPU sec, 2.518 real sec
[M::process] read 143308 sequences (10000100 bp)...
[M::mem_process_seqs] Processed 143132 reads in 2.819 CPU sec, 2.540 real sec
[M::process] read 142928 sequences (10000091 bp)...
[M::mem_process_seqs] Processed 143308 reads in 2.785 CPU sec, 2.506 real sec
[M::process] read 143216 sequences (10000157 bp)...
[M::mem_process_seqs] Processed 142928 reads in 2.816 CPU sec, 2.534 real sec
[M::process] read 143034 sequences (10000082 bp)...
[M::mem_process_seqs] Processed 143216 reads in 2.806 CPU sec, 2.528 real sec
[M::process] read 142994 sequences (10000019 bp)...
[M::mem_process_seqs] Processed 143034 reads in 2.785 CPU sec, 2.501 real sec
[M::process] read 142842 sequences (10000079 bp)...
[M::mem_process_seqs] Processed 142994 reads in 2.746 CPU sec, 2.466 real sec
[M::process] read 142750 sequences (10000064 bp)...
[M::mem_process_seqs] Processed 142842 reads in 2.770 CPU sec, 2.491 real sec
[M::process] read 142714 sequences (10000069 bp)...
[M::mem_process_seqs] Processed 142750 reads in 3.015 CPU sec, 2.749 real sec
[M::process] read 142594 sequences (10000007 bp)...
[M::mem_process_seqs] Processed 142714 reads in 2.828 CPU sec, 2.537 real sec
[M::process] read 142482 sequences (10000054 bp)...
[M::mem_process_seqs] Processed 142594 reads in 2.698 CPU sec, 2.426 real sec
[M::process] read 142232 sequences (10000170 bp)...
[M::mem_process_seqs] Processed 142482 reads in 2.774 CPU sec, 2.497 real sec
[M::process] read 142102 sequences (10000001 bp)...
[M::mem_process_seqs] Processed 142232 reads in 2.683 CPU sec, 2.392 real sec
[M::process] read 142214 sequences (10000026 bp)...
[M::mem_process_seqs] Processed 142102 reads in 2.598 CPU sec, 2.328 real sec
[M::process] read 143866 sequences (10000011 bp)...
[M::mem_process_seqs] Processed 142214 reads in 2.588 CPU sec, 2.327 real sec
[M::process] read 143480 sequences (10000039 bp)...
[M::mem_process_seqs] Processed 143866 reads in 2.918 CPU sec, 2.659 real sec
[M::process] read 143248 sequences (10000173 bp)...
[M::mem_process_seqs] Processed 143480 reads in 2.795 CPU sec, 2.532 real sec
[M::process] read 142922 sequences (10000018 bp)...
[M::mem_process_seqs] Processed 143248 reads in 2.668 CPU sec, 2.407 real sec
[M::process] read 142990 sequences (10000021 bp)...
[M::mem_process_seqs] Processed 142922 reads in 2.802 CPU sec, 2.531 real sec
[M::process] read 142970 sequences (10000082 bp)...
[M::mem_process_seqs] Processed 142990 reads in 2.762 CPU sec, 2.492 real sec
[M::process] read 142938 sequences (10000045 bp)...
[M::mem_process_seqs] Processed 142970 reads in 2.714 CPU sec, 2.443 real sec
[M::process] read 142976 sequences (10000036 bp)...
[M::mem_process_seqs] Processed 142938 reads in 2.577 CPU sec, 2.316 real sec
[M::process] read 142746 sequences (10000050 bp)...
[M::mem_process_seqs] Processed 142976 reads in 2.798 CPU sec, 2.536 real sec
[M::process] read 142800 sequences (10000106 bp)...
[M::mem_process_seqs] Processed 142746 reads in 2.592 CPU sec, 2.329 real sec
[M::process] read 142628 sequences (10000042 bp)...
[M::mem_process_seqs] Processed 142800 reads in 2.621 CPU sec, 2.356 real sec
[M::process] read 142526 sequences (10000090 bp)...
[M::mem_process_seqs] Processed 142628 reads in 2.745 CPU sec, 2.463 real sec
[M::process] read 142352 sequences (10000052 bp)...
[M::mem_process_seqs] Processed 142526 reads in 2.765 CPU sec, 2.497 real sec
[M::process] read 142140 sequences (10000047 bp)...
[M::mem_process_seqs] Processed 142352 reads in 2.870 CPU sec, 2.578 real sec
[M::process] read 141346 sequences (10000097 bp)...
[M::mem_process_seqs] Processed 142140 reads in 2.841 CPU sec, 2.548 real sec
[M::process] read 141782 sequences (10000079 bp)...
[M::mem_process_seqs] Processed 141346 reads in 2.692 CPU sec, 2.426 real sec
[M::process] read 119415 sequences (8401634 bp)...
[M::mem_process_seqs] Processed 141782 reads in 2.641 CPU sec, 2.388 real sec
[M::mem_process_seqs] Processed 119415 reads in 2.112 CPU sec, 2.050 real sec
[main] Version: 0.7.19-r1273
[main] CMD: bwa mem Efaecium /home/yogesh22/Genome_Analysis/raw_data/transcriptomics_data/RNA-Seq_Serum/trimmed/trim_single_ERR1797971_pass_1.fastq.gz
[main] Real time: 170.329 sec; CPU: 187.718 sec
[M::bwa_idx_load_from_disk] read 0 ALT contigs
[M::process] read 86098 sequences (7765569 bp)...
[M::mem_process_seqs] Processed 86098 reads in 2.047 CPU sec, 2.055 real sec
[main] Version: 0.7.19-r1273
[main] CMD: bwa mem Efaecium /home/yogesh22/Genome_Analysis/raw_data/transcriptomics_data/RNA-Seq_Serum/trimmed/trim_single_ERR1797971_pass_2.fastq.gz
[main] Real time: 2.433 sec; CPU: 2.241 sec
