"gene_id","gene_symbol","product","display_name","feature_type","EC_number","COG","baseMean","log2FoldChange","lfcSE","stat","pvalue","padj","classification","plot_label","locus_tag"
"AENJPLPP_00096","yfiY","putative siderophore-binding lipoprotein YfiY","yfiY","CDS","","COG0614",3942.4386369732,3.83255137665277,0.067423241567971,56.8431788137786,0,0,"Up in serum","yfiY
(AENJPLPP_00096)","AENJPLPP_00096"
"AENJPLPP_00119","argS","Arginine--tRNA ligase","argS","CDS","6.1.1.19","COG0018",65260.5658164296,3.10187127167084,0.053928506562412,57.5182119697867,0,0,"Up in serum","argS
(AENJPLPP_00119)","AENJPLPP_00119"
"AENJPLPP_00124","rpsB","30S ribosomal protein S2","rpsB","CDS","","COG0052",28706.9607294761,-2.77172101703133,0.0609729247760117,-45.4582263720076,0,0,"Down in serum","rpsB
(AENJPLPP_00124)","AENJPLPP_00124"
"AENJPLPP_00144","gdhIV","Glucose 1-dehydrogenase 4","gdhIV","CDS","1.1.1.47","COG1028",3483.83141894517,2.61172661809573,0.0667761243107128,39.1116831810008,0,0,"Up in serum","gdhIV
(AENJPLPP_00144)","AENJPLPP_00144"
"AENJPLPP_00145","glcU_1","Glucose uptake protein GlcU","glcU_1","CDS","","COG4975",2701.58219268423,3.14333102233491,0.073155518707059,42.9677907817445,0,0,"Up in serum","glcU_1
(AENJPLPP_00145)","AENJPLPP_00145"
"AENJPLPP_00186","tig","Trigger factor","tig","CDS","5.2.1.8","COG0544",25858.0513879911,-2.10420810949946,0.0507892962197903,-41.4301489903211,0,0,"Down in serum","tig
(AENJPLPP_00186)","AENJPLPP_00186"
"AENJPLPP_00189",NA,"hypothetical protein","hypothetical protein","CDS","","",2965.67179732864,2.98614441939439,0.0728326938165896,41.0000545485003,0,0,"Up in serum","hypothetical protein","AENJPLPP_00189"
"AENJPLPP_00192","glcR","HTH-type transcriptional repressor GlcR","glcR","CDS","","COG1349",5514.36452733146,-5.40165615770392,0.0842192980719451,-64.1379859648023,0,0,"Down in serum","glcR
(AENJPLPP_00192)","AENJPLPP_00192"
"AENJPLPP_00193","lacC_1","Tagatose-6-phosphate kinase","lacC_1","CDS","2.7.1.144","COG1105",8954.23551394383,-6.01312052477942,0.101740931857232,-59.1022749154423,0,0,"Down in serum","lacC_1
(AENJPLPP_00193)","AENJPLPP_00193"
"AENJPLPP_00194","fruA_1","PTS system fructose-specific EIIABC component","fruA_1","CDS","","COG1299",8279.09119807835,-5.48851048787128,0.0717271404765501,-76.5192987118404,0,0,"Down in serum","fruA_1
(AENJPLPP_00194)","AENJPLPP_00194"
"AENJPLPP_00268",NA,"hypothetical protein","hypothetical protein","CDS","","",5056.99055831012,4.66639922725494,0.0734003178703502,63.5746460321518,0,0,"Up in serum","hypothetical protein","AENJPLPP_00268"
"AENJPLPP_00308",NA,"hypothetical protein","hypothetical protein","CDS","","",1250.73314703749,5.01344483228334,0.120258256750152,41.688986417783,0,0,"Up in serum","hypothetical protein","AENJPLPP_00308"
"AENJPLPP_00310","gspA_1","General stress protein A","gspA_1","CDS","","COG1442",3792.75713007616,7.35438635439134,0.134619811443732,54.6307878128717,0,0,"Up in serum","gspA_1
(AENJPLPP_00310)","AENJPLPP_00310"
"AENJPLPP_00311","gspA_2","General stress protein A","gspA_2","CDS","","COG1442",2413.70955883827,7.01461576613125,0.148957431233111,47.0914120098765,0,0,"Up in serum","gspA_2
(AENJPLPP_00311)","AENJPLPP_00311"
"AENJPLPP_00313",NA,"hypothetical protein","hypothetical protein","CDS","","",3567.92058286883,6.98884467409692,0.131731012375759,53.0539054399841,0,0,"Up in serum","hypothetical protein","AENJPLPP_00313"
"AENJPLPP_00315",NA,"hypothetical protein","hypothetical protein","CDS","","",3102.26147661222,3.5940567434299,0.0883723711738696,40.6694614582505,0,0,"Up in serum","hypothetical protein","AENJPLPP_00315"
"AENJPLPP_00316",NA,"hypothetical protein","hypothetical protein","CDS","","",15721.4536645776,4.28789400493865,0.075680292118612,56.6580001860765,0,0,"Up in serum","hypothetical protein","AENJPLPP_00316"
"AENJPLPP_00317",NA,"hypothetical protein","hypothetical protein","CDS","","",1592.22912875276,3.58455376976188,0.0878378983083982,40.8087379000865,0,0,"Up in serum","hypothetical protein","AENJPLPP_00317"
"AENJPLPP_00322",NA,"hypothetical protein","hypothetical protein","CDS","","",7556.61596782658,3.17575141523225,0.0763359621098994,41.6022976255959,0,0,"Up in serum","hypothetical protein","AENJPLPP_00322"
"AENJPLPP_00324",NA,"Stress response regulator gls24","Stress response regulator gls24","CDS","","",6348.22682473188,3.15321528546023,0.0709635287427293,44.4343078948607,0,0,"Up in serum","Stress response regulator gls24","AENJPLPP_00324"
"AENJPLPP_00331","dxs","1-deoxy-D-xylulose-5-phosphate synthase","dxs","CDS","2.2.1.7","COG1154",2815.40488536868,-3.01925146382854,0.0717532877525582,-42.078231651774,0,0,"Down in serum","dxs
(AENJPLPP_00331)","AENJPLPP_00331"
"AENJPLPP_00344","ahpF","NADH dehydrogenase","ahpF","CDS","1.6.99.3","",9602.11834853711,-4.5733184585073,0.0711558932286655,-64.2718157413969,0,0,"Down in serum","ahpF
(AENJPLPP_00344)","AENJPLPP_00344"
"AENJPLPP_00345","ahpC","Alkyl hydroperoxide reductase C","ahpC","CDS","1.11.1.15","COG0450",2967.06538628846,-4.94452331286833,0.0962187237231088,-51.3883693479173,0,0,"Down in serum","ahpC
(AENJPLPP_00345)","AENJPLPP_00345"
"AENJPLPP_00372","nupC","Nucleoside permease NupC","nupC","CDS","","COG1972",1909.97533236496,-3.075117952088,0.0779435898129993,-39.4531219240191,0,0,"Down in serum","nupC
(AENJPLPP_00372)","AENJPLPP_00372"
"AENJPLPP_00373",NA,"hypothetical protein","hypothetical protein","CDS","","",2981.62658829253,-3.19668112930989,0.0707881522981482,-45.1584202374147,0,0,"Down in serum","hypothetical protein","AENJPLPP_00373"
"AENJPLPP_00392","ysnF","Stress response protein YsnF","ysnF","CDS","","",11692.1968863988,5.62439011653945,0.0753936195056463,74.6003462019519,0,0,"Up in serum","ysnF
(AENJPLPP_00392)","AENJPLPP_00392"
"AENJPLPP_00410",NA,"hypothetical protein","hypothetical protein","CDS","","",2355.34403119332,4.80256008844744,0.104424263264132,45.9908448317206,0,0,"Up in serum","hypothetical protein","AENJPLPP_00410"
"AENJPLPP_00427",NA,"hypothetical protein","hypothetical protein","CDS","","",4875.83027825143,3.0603443344731,0.0612909973568329,49.9313841583609,0,0,"Up in serum","hypothetical protein","AENJPLPP_00427"
"AENJPLPP_00449","fhs1","Formate--tetrahydrofolate ligase 1","fhs1","CDS","6.3.4.3","",12743.9937922257,3.67086548149088,0.0653676262498427,56.1572400909956,0,0,"Up in serum","fhs1
(AENJPLPP_00449)","AENJPLPP_00449"
"AENJPLPP_00455","alaS","Alanine--tRNA ligase","alaS","CDS","6.1.1.7","",14158.1464662047,-2.08938636099231,0.0523442401558186,-39.9162611735812,0,0,"Down in serum","alaS
(AENJPLPP_00455)","AENJPLPP_00455"
"AENJPLPP_00486",NA,"hypothetical protein","hypothetical protein","CDS","","",2041.06981252325,3.52120689736276,0.081941931125733,42.9719784362876,0,0,"Up in serum","hypothetical protein","AENJPLPP_00486"
"AENJPLPP_00494","gap_1","Glyceraldehyde-3-phosphate dehydrogenase","gap_1","CDS","1.2.1.12","",16920.9689087131,2.86356460765088,0.0546960404413808,52.3541482078549,0,0,"Up in serum","gap_1
(AENJPLPP_00494)","AENJPLPP_00494"
"AENJPLPP_00499","fabZ_1","3-hydroxyacyl-[acyl-carrier-protein] dehydratase FabZ","fabZ_1","CDS","4.2.1.59","COG0764",4397.94322706626,-3.25193646825015,0.0685565456393053,-47.4343687816401,0,0,"Down in serum","fabZ_1
(AENJPLPP_00499)","AENJPLPP_00499"
"AENJPLPP_00500","fabI","Enoyl-[acyl-carrier-protein] reductase [NADH] FabI","fabI","CDS","1.3.1.9","COG0623",7027.0047513056,-3.64445908668207,0.0751519770606425,-48.4945204268045,0,0,"Down in serum","fabI
(AENJPLPP_00500)","AENJPLPP_00500"
"AENJPLPP_00513","pheS","Phenylalanine--tRNA ligase alpha subunit","pheS","CDS","6.1.1.20","COG0016",3406.85427305168,-2.82871686916834,0.06662508359016,-42.4572355746526,0,0,"Down in serum","pheS
(AENJPLPP_00513)","AENJPLPP_00513"
"AENJPLPP_00528",NA,"hypothetical protein","hypothetical protein","CDS","","",14315.022256429,7.74539228145286,0.0992589454920007,78.0321838304948,0,0,"Up in serum","hypothetical protein","AENJPLPP_00528"
"AENJPLPP_00580","ydhF","Oxidoreductase YdhF","ydhF","CDS","1.-.-.-","COG4989",32968.7887097196,5.82909151817957,0.0838618230216511,69.5082852739159,0,0,"Up in serum","ydhF
(AENJPLPP_00580)","AENJPLPP_00580"
"AENJPLPP_00591","purB","Adenylosuccinate lyase","purB","CDS","4.3.2.2","COG0015",28643.0765613571,3.74362917221644,0.0593582438915972,63.0683949992394,0,0,"Up in serum","purB
(AENJPLPP_00591)","AENJPLPP_00591"
"AENJPLPP_00592","purK","N5-carboxyaminoimidazole ribonucleotide synthase","purK","CDS","6.3.4.18","",9790.57629143233,3.48230007310561,0.0587751345857525,59.2478451584821,0,0,"Up in serum","purK
(AENJPLPP_00592)","AENJPLPP_00592"
"AENJPLPP_00593","purE","N5-carboxyaminoimidazole ribonucleotide mutase","purE","CDS","5.4.99.18","COG0041",3140.34175636623,5.64932028108363,0.102795461826508,54.9569035510365,0,0,"Up in serum","purE
(AENJPLPP_00593)","AENJPLPP_00593"
"AENJPLPP_00658","topA","DNA topoisomerase 1","topA","CDS","5.6.2.1","",6897.02275152803,-2.31510441580301,0.0594146082386614,-38.9652390958048,0,0,"Down in serum","topA
(AENJPLPP_00658)","AENJPLPP_00658"
"AENJPLPP_00662",NA,"hypothetical protein","hypothetical protein","CDS","","",1724.05221744544,5.11745675817308,0.104710177416757,48.8725822496232,0,0,"Up in serum","hypothetical protein","AENJPLPP_00662"
"AENJPLPP_00663","folT_1","Folate transporter FolT","folT_1","CDS","","",4292.28340986852,4.941515902593,0.0800901378743814,61.6994305883653,0,0,"Up in serum","folT_1
(AENJPLPP_00663)","AENJPLPP_00663"
"AENJPLPP_00712","tuf_1","Elongation factor Tu","tuf_1","CDS","","",21468.0808950484,2.91679451108086,0.0724251022086762,40.2732536390048,0,0,"Up in serum","tuf_1
(AENJPLPP_00712)","AENJPLPP_00712"
"AENJPLPP_00808","pbuO","Guanine/hypoxanthine permease PbuO","pbuO","CDS","","COG2252",14299.6609964647,4.31003002690664,0.0710362599924967,60.6736619771634,0,0,"Up in serum","pbuO
(AENJPLPP_00808)","AENJPLPP_00808"
"AENJPLPP_00819","yeeN","putative transcriptional regulatory protein YeeN","yeeN","CDS","","COG0217",8859.19929473621,-2.3486280810679,0.0567710282087583,-41.3701874912594,0,0,"Down in serum","yeeN
(AENJPLPP_00819)","AENJPLPP_00819"
"AENJPLPP_00820","tmcAL","tRNA(Met) cytidine acetate ligase","tmcAL","CDS","6.3.4.-","COG1323",4481.27732305655,-3.08202303559145,0.0651014407956786,-47.3418560007666,0,0,"Down in serum","tmcAL
(AENJPLPP_00820)","AENJPLPP_00820"
"AENJPLPP_00821","COQ5_1","2-methoxy-6-polyprenyl-1,4-benzoquinol methylase, mitochondrial","COQ5_1","CDS","2.1.1.163","",7849.13242347991,-2.49008448825799,0.0557287374165683,-44.6822340446149,0,0,"Down in serum","COQ5_1
(AENJPLPP_00821)","AENJPLPP_00821"
"AENJPLPP_00822","rsfS","Ribosomal silencing factor RsfS","rsfS","CDS","","COG0799",4459.81618538347,-2.56063216360313,0.0617882478898073,-41.4420581753628,0,0,"Down in serum","rsfS
(AENJPLPP_00822)","AENJPLPP_00822"
"AENJPLPP_00823",NA,"hypothetical protein","hypothetical protein","CDS","","",6741.40326441857,-2.40310127897755,0.0586509692377724,-40.97291673451,0,0,"Down in serum","hypothetical protein","AENJPLPP_00823"
"AENJPLPP_00826","yqeH","putative protein YqeH","yqeH","CDS","","COG1161",9968.25026912934,-2.95832555458948,0.0572628992151931,-51.6621686141343,0,0,"Down in serum","yqeH
(AENJPLPP_00826)","AENJPLPP_00826"
"AENJPLPP_00827",NA,"hypothetical protein","hypothetical protein","CDS","","",6733.82153750563,-3.69063245347051,0.0653129624459467,-56.5068910558894,0,0,"Down in serum","hypothetical protein","AENJPLPP_00827"
"AENJPLPP_00828","accA","Acetyl-coenzyme A carboxylase carboxyl transferase subunit alpha","accA","CDS","2.1.3.15","COG0825",14551.7792915243,-4.86522862170363,0.0756103570001031,-64.3460607082836,0,0,"Down in serum","accA
(AENJPLPP_00828)","AENJPLPP_00828"
"AENJPLPP_00829","accD","Acetyl-coenzyme A carboxylase carboxyl transferase subunit beta","accD","CDS","2.1.3.15","COG0777",13957.0304987791,-4.85402126442916,0.0714176625932455,-67.9666778241527,0,0,"Down in serum","accD
(AENJPLPP_00829)","AENJPLPP_00829"
"AENJPLPP_00830","cfiB","2-oxoglutarate carboxylase small subunit","cfiB","CDS","6.4.1.7","COG0439",27568.4447564291,-5.20526929157303,0.0626268110599445,-83.1156688880535,0,0,"Down in serum","cfiB
(AENJPLPP_00830)","AENJPLPP_00830"
"AENJPLPP_00831","fabZ_2","3-hydroxyacyl-[acyl-carrier-protein] dehydratase FabZ","fabZ_2","CDS","4.2.1.59","COG0764",8078.18196439234,-5.34667140074813,0.0951896236738275,-56.1686368155923,0,0,"Down in serum","fabZ_2
(AENJPLPP_00831)","AENJPLPP_00831"
"AENJPLPP_00832","accB","Biotin carboxyl carrier protein of acetyl-CoA carboxylase","accB","CDS","","",10220.8275714661,-5.22005547377873,0.088557519782705,-58.9453666564654,0,0,"Down in serum","accB
(AENJPLPP_00832)","AENJPLPP_00832"
"AENJPLPP_00833","fabF","3-oxoacyl-[acyl-carrier-protein] synthase 2","fabF","CDS","2.3.1.179","COG0304",19566.0817257621,-5.24241783871974,0.0758102640369289,-69.151821396718,0,0,"Down in serum","fabF
(AENJPLPP_00833)","AENJPLPP_00833"
"AENJPLPP_00834","fabG_2","3-oxoacyl-[acyl-carrier-protein] reductase FabG","fabG_2","CDS","1.1.1.100","",18080.1676965605,-5.48443551036749,0.069084836278811,-79.3869654439583,0,0,"Down in serum","fabG_2
(AENJPLPP_00834)","AENJPLPP_00834"
"AENJPLPP_00835","fabD","Malonyl CoA-acyl carrier protein transacylase","fabD","CDS","2.3.1.39","COG0331",16740.7594828412,-5.63478423621023,0.0747573467922878,-75.3743207589536,0,0,"Down in serum","fabD
(AENJPLPP_00835)","AENJPLPP_00835"
"AENJPLPP_00836","acpA","Acyl carrier protein","acpA","CDS","","COG0236",11845.0102160263,-5.69432751981694,0.086602695515107,-65.7523127420857,0,0,"Down in serum","acpA
(AENJPLPP_00836)","AENJPLPP_00836"
"AENJPLPP_00837","fabH","3-oxoacyl-[acyl-carrier-protein] synthase 3","fabH","CDS","2.3.1.180","COG0332",18522.3251739556,-4.46756804823547,0.0705027553211202,-63.3672829932242,0,0,"Down in serum","fabH
(AENJPLPP_00837)","AENJPLPP_00837"
"AENJPLPP_00838",NA,"hypothetical protein","hypothetical protein","CDS","","",10119.8894015314,-4.46145009742862,0.0693046828923552,-64.3744392331784,0,0,"Down in serum","hypothetical protein","AENJPLPP_00838"
"AENJPLPP_00847",NA,"hypothetical protein","hypothetical protein","CDS","","",22575.2398269557,4.36181129920874,0.0751544050633853,58.0379991768943,0,0,"Up in serum","hypothetical protein","AENJPLPP_00847"
"AENJPLPP_00874","greA","Transcription elongation factor GreA","greA","CDS","","COG0782",11433.8909701577,-2.25598541676734,0.055147973479265,-40.9078570695906,0,0,"Down in serum","greA
(AENJPLPP_00874)","AENJPLPP_00874"
"AENJPLPP_00930",NA,"hypothetical protein","hypothetical protein","CDS","","",954.889171021977,4.53917627248333,0.117034464526184,38.7849535678252,0,0,"Up in serum","hypothetical protein","AENJPLPP_00930"
"AENJPLPP_00966",NA,"hypothetical protein","hypothetical protein","CDS","","",2814.37131353707,4.59918255796618,0.0839001225706258,54.8173520735284,0,0,"Up in serum","hypothetical protein","AENJPLPP_00966"
"AENJPLPP_00967",NA,"hypothetical protein","hypothetical protein","CDS","","",1378.19314502244,4.53174284161003,0.101707932646079,44.5564345249203,0,0,"Up in serum","hypothetical protein","AENJPLPP_00967"
"AENJPLPP_00977",NA,"hypothetical protein","hypothetical protein","CDS","","",3263.6526153571,5.1957245819632,0.0859800730455819,60.4294041388952,0,0,"Up in serum","hypothetical protein","AENJPLPP_00977"
"AENJPLPP_00979",NA,"hypothetical protein","hypothetical protein","CDS","","",1341.66290318945,5.46260538095866,0.12617885601118,43.2925575143481,0,0,"Up in serum","hypothetical protein","AENJPLPP_00979"
"AENJPLPP_00980",NA,"hypothetical protein","hypothetical protein","CDS","","",1824.99276532999,3.89904081584442,0.0895062056104075,43.5616814415721,0,0,"Up in serum","hypothetical protein","AENJPLPP_00980"
"AENJPLPP_01020","rplL","50S ribosomal protein L7/L12","rplL","CDS","","COG0222",50219.5721754604,-3.0875121927659,0.0503574092278996,-61.3119745456507,0,0,"Down in serum","rplL
(AENJPLPP_01020)","AENJPLPP_01020"
"AENJPLPP_01021","rplJ","50S ribosomal protein L10","rplJ","CDS","","",109931.619997051,-2.87260701626015,0.073930030884484,-38.8557529584779,0,0,"Down in serum","rplJ
(AENJPLPP_01021)","AENJPLPP_01021"
"AENJPLPP_01022","rplA","50S ribosomal protein L1","rplA","CDS","","",25838.3592036584,-2.54799801998822,0.058084026848577,-43.8674478722139,0,0,"Down in serum","rplA
(AENJPLPP_01022)","AENJPLPP_01022"
"AENJPLPP_01023","rplK","50S ribosomal protein L11","rplK","CDS","","",30434.9987511828,-2.61873362008808,0.0569048734596988,-46.019496413479,0,0,"Down in serum","rplK
(AENJPLPP_01023)","AENJPLPP_01023"
"AENJPLPP_01082","ackA","Acetate kinase","ackA","CDS","2.7.2.1","COG0282",4850.41198619534,-2.42844004372001,0.0618652235511571,-39.2537180717031,0,0,"Down in serum","ackA
(AENJPLPP_01082)","AENJPLPP_01082"
"AENJPLPP_01083",NA,"hypothetical protein","hypothetical protein","CDS","","",4099.93386590632,-3.48462937164851,0.0709742501661932,-49.0970931498242,0,0,"Down in serum","hypothetical protein","AENJPLPP_01083"
"AENJPLPP_01091","adeC","Adenine deaminase","adeC","CDS","3.5.4.2","",2549.68892874617,2.86870191197308,0.0741467284713843,38.6895277932621,0,0,"Up in serum","adeC
(AENJPLPP_01091)","AENJPLPP_01091"
"AENJPLPP_01153",NA,"putative ABC transporter ATP-binding protein","putative ABC transporter ATP-binding protein","CDS","","COG1132",21730.184130808,-4.37458902434767,0.0627022685978218,-69.7676355604722,0,0,"Down in serum","putative ABC transporter ATP-binding protein","AENJPLPP_01153"
"AENJPLPP_01154",NA,"putative ABC transporter ATP-binding protein","putative ABC transporter ATP-binding protein","CDS","","COG1132",16121.6348687381,-4.15408466197413,0.0674769270799348,-61.5630385339436,0,0,"Down in serum","putative ABC transporter ATP-binding protein","AENJPLPP_01154"
"AENJPLPP_01157",NA,"Muramidase-2","Muramidase-2","CDS","3.2.1.17","",24898.5436783987,2.45404746840647,0.0519811628296198,47.2103226403413,0,0,"Up in serum","Muramidase-2","AENJPLPP_01157"
"AENJPLPP_01212",NA,"hypothetical protein","hypothetical protein","CDS","","",164446.090561881,2.00783558377926,0.050307207293484,39.9114896612304,0,0,"Up in serum","hypothetical protein","AENJPLPP_01212"
"AENJPLPP_01357","rpsI","30S ribosomal protein S9","rpsI","CDS","","COG0103",18627.6806156097,-2.99785983682253,0.0648017771276987,-46.2620003601897,0,0,"Down in serum","rpsI
(AENJPLPP_01357)","AENJPLPP_01357"
"AENJPLPP_01358","rplM","50S ribosomal protein L13","rplM","CDS","","",29463.1161612886,-4.00825489463333,0.0611257733838513,-65.5738925291416,0,0,"Down in serum","rplM
(AENJPLPP_01358)","AENJPLPP_01358"
"AENJPLPP_01473","rpsL","30S ribosomal protein S12","rpsL","CDS","","COG0048",34949.6510287943,-2.30701805864486,0.0524027455432306,-44.0247554728147,0,0,"Down in serum","rpsL
(AENJPLPP_01473)","AENJPLPP_01473"
"AENJPLPP_01482","rpsS","30S ribosomal protein S19","rpsS","CDS","","COG0185",15640.5966962808,-2.60944315670037,0.0573586176188785,-45.4934805793074,0,0,"Down in serum","rpsS
(AENJPLPP_01482)","AENJPLPP_01482"
"AENJPLPP_01483","rplV","50S ribosomal protein L22","rplV","CDS","","COG0091",15915.5201801914,-2.44158284961373,0.0617430579710138,-39.5442488572556,0,0,"Down in serum","rplV
(AENJPLPP_01483)","AENJPLPP_01483"
"AENJPLPP_01487","rpsQ","30S ribosomal protein S17","rpsQ","CDS","","COG0186",32325.9817258286,-2.561365872151,0.060875955889545,-42.0751647300358,0,0,"Down in serum","rpsQ
(AENJPLPP_01487)","AENJPLPP_01487"
"AENJPLPP_01488","rplN","50S ribosomal protein L14","rplN","CDS","","COG0093",17981.6109901857,-2.58877318557969,0.0549509338383775,-47.1106313351076,0,0,"Down in serum","rplN
(AENJPLPP_01488)","AENJPLPP_01488"
"AENJPLPP_01489","rplX","50S ribosomal protein L24","rplX","CDS","","",37447.076892309,-2.53404652719622,0.0635419038506628,-39.8799276325081,0,0,"Down in serum","rplX
(AENJPLPP_01489)","AENJPLPP_01489"
"AENJPLPP_01490","rplE","50S ribosomal protein L5","rplE","CDS","","COG0094",20872.206851362,-2.60473410618656,0.0575084304842366,-45.2930828446194,0,0,"Down in serum","rplE
(AENJPLPP_01490)","AENJPLPP_01490"
"AENJPLPP_01491","rpsZ","30S ribosomal protein S14 type Z","rpsZ","CDS","","COG0199",12786.5811708052,-2.75131065210494,0.0682488150837775,-40.3129438764267,0,0,"Down in serum","rpsZ
(AENJPLPP_01491)","AENJPLPP_01491"
"AENJPLPP_01493","rplF","50S ribosomal protein L6","rplF","CDS","","",25914.6080493391,-2.33030491208234,0.0525996745727938,-44.3026488473305,0,0,"Down in serum","rplF
(AENJPLPP_01493)","AENJPLPP_01493"
"AENJPLPP_01494","rplR","50S ribosomal protein L18","rplR","CDS","","COG0256",24357.5223530939,-2.62056648400508,0.0578233908524615,-45.3201800408341,0,0,"Down in serum","rplR
(AENJPLPP_01494)","AENJPLPP_01494"
"AENJPLPP_01495","rpsE","30S ribosomal protein S5","rpsE","CDS","","COG0098",33796.4598197894,-2.48075422802862,0.0590890653452539,-41.9833045849299,0,0,"Down in serum","rpsE
(AENJPLPP_01495)","AENJPLPP_01495"
"AENJPLPP_01496","rpmD","50S ribosomal protein L30","rpmD","CDS","","COG1841",7171.83144171061,-2.61251900387875,0.0578376625816582,-45.1698579656511,0,0,"Down in serum","rpmD
(AENJPLPP_01496)","AENJPLPP_01496"
"AENJPLPP_01498","secY","Protein translocase subunit SecY","secY","CDS","","",84414.3482633207,-2.71988431503039,0.0565364057465617,-48.1085466809287,0,0,"Down in serum","secY
(AENJPLPP_01498)","AENJPLPP_01498"
"AENJPLPP_01499","adk","Adenylate kinase","adk","CDS","2.7.4.3","",26118.709920207,-2.94516084128871,0.0544475152623526,-54.0917400380458,0,0,"Down in serum","adk
(AENJPLPP_01499)","AENJPLPP_01499"
"AENJPLPP_01502","rpsM","30S ribosomal protein S13","rpsM","CDS","","COG0099",16291.0295886143,-2.33891350739409,0.0549444726953326,-42.5686769324984,0,0,"Down in serum","rpsM
(AENJPLPP_01502)","AENJPLPP_01502"
"AENJPLPP_01503","rpsK","30S ribosomal protein S11","rpsK","CDS","","",13045.0503924342,-2.54504048525664,0.0608842164189062,-41.8013178940468,0,0,"Down in serum","rpsK
(AENJPLPP_01503)","AENJPLPP_01503"
"AENJPLPP_01505","rplQ","50S ribosomal protein L17","rplQ","CDS","","COG0203",56802.6845458282,-2.27341341192338,0.0581074644681233,-39.1242920807624,0,0,"Down in serum","rplQ
(AENJPLPP_01505)","AENJPLPP_01505"
"AENJPLPP_01530",NA,"hypothetical protein","hypothetical protein","CDS","","",32229.1333237502,2.14212755498472,0.0530348741422782,40.3909237012229,0,0,"Up in serum","hypothetical protein","AENJPLPP_01530"
"AENJPLPP_01537","yclN","Petrobactin import system permease protein YclN","yclN","CDS","","COG4606",2536.84963943873,5.94645367810389,0.109546228236519,54.2825962502789,0,0,"Up in serum","yclN
(AENJPLPP_01537)","AENJPLPP_01537"
"AENJPLPP_01538","yclO","Petrobactin import system permease protein YclO","yclO","CDS","","COG4605",4874.68602585869,5.82969886047187,0.095650000246525,60.9482367532316,0,0,"Up in serum","yclO
(AENJPLPP_01538)","AENJPLPP_01538"
"AENJPLPP_01539","yclP","Petrobactin import ATP-binding protein YclP","yclP","CDS","7.2.2.-","COG4604",3077.51561988223,5.53873591721828,0.101566729181664,54.5329751370806,0,0,"Up in serum","yclP
(AENJPLPP_01539)","AENJPLPP_01539"
"AENJPLPP_01540","yclQ","Petrobactin-binding protein YclQ","yclQ","CDS","","COG4607",9991.31750126104,5.95588775497719,0.0847977741083278,70.2363690274304,0,0,"Up in serum","yclQ
(AENJPLPP_01540)","AENJPLPP_01540"
"AENJPLPP_01558","bioY2","Biotin transporter BioY2","bioY2","CDS","","COG1268",15532.973825928,5.92664014640158,0.0715152147132352,82.872437287177,0,0,"Up in serum","bioY2
(AENJPLPP_01558)","AENJPLPP_01558"
"AENJPLPP_01577","brnQ_1","Branched-chain amino acid transport system 2 carrier protein","brnQ_1","CDS","","COG1114",8189.56537500348,2.54345645849143,0.058124689255265,43.7586246237186,0,0,"Up in serum","brnQ_1
(AENJPLPP_01577)","AENJPLPP_01577"
"AENJPLPP_01633","adhE","Aldehyde-alcohol dehydrogenase","adhE","CDS","","COG1012",53927.1543710093,5.09290472973955,0.0627396634938678,81.1751999632151,0,0,"Up in serum","adhE
(AENJPLPP_01633)","AENJPLPP_01633"
"AENJPLPP_01761",NA,"hypothetical protein","hypothetical protein","CDS","","",5229.52044524473,-4.76920204181012,0.0722124190862441,-66.0440697342407,0,0,"Down in serum","hypothetical protein","AENJPLPP_01761"
"AENJPLPP_01762","gadC_2","putative glutamate/gamma-aminobutyrate antiporter","gadC_2","CDS","","COG0531",1796.06824969128,-4.11920644772632,0.0901810382053979,-45.6770794581489,0,0,"Down in serum","gadC_2
(AENJPLPP_01762)","AENJPLPP_01762"
"AENJPLPP_01779",NA,"hypothetical protein","hypothetical protein","CDS","","",1585.5759005721,-3.37282715292526,0.0835808872517134,-40.3540482020442,0,0,"Down in serum","hypothetical protein","AENJPLPP_01779"
"AENJPLPP_01807","treA","Trehalose-6-phosphate hydrolase","treA","CDS","3.2.1.93","COG0366",2764.08479264979,-2.73562510776836,0.0679619536297807,-40.2523023789242,0,0,"Down in serum","treA
(AENJPLPP_01807)","AENJPLPP_01807"
"AENJPLPP_01818","spxA_4","Regulatory protein Spx","spxA_4","CDS","","COG1393",1467.26020631142,3.53375563196318,0.0898702058102174,39.3206580546345,0,0,"Up in serum","spxA_4
(AENJPLPP_01818)","AENJPLPP_01818"
"AENJPLPP_01825","lysA","Diaminopimelate decarboxylase","lysA","CDS","4.1.1.20","COG0019",3768.32320976844,3.52494762761358,0.0752484770658508,46.8441058884004,0,0,"Up in serum","lysA
(AENJPLPP_01825)","AENJPLPP_01825"
"AENJPLPP_01826","dapF","Diaminopimelate epimerase","dapF","CDS","5.1.1.7","COG0253",2787.93181941941,3.21860416889156,0.0753466442650536,42.7172862213901,0,0,"Up in serum","dapF
(AENJPLPP_01826)","AENJPLPP_01826"
"AENJPLPP_01862","rclA","putative pyridine nucleotide-disulfide oxidoreductase RclA","rclA","CDS","","COG1249",1995.22653749524,4.21627120236129,0.0957020070206583,44.0562464008844,0,0,"Up in serum","rclA
(AENJPLPP_01862)","AENJPLPP_01862"
"AENJPLPP_01863",NA,"hypothetical protein","hypothetical protein","CDS","","",1533.02069837302,4.34282282131646,0.103055988564207,42.1404217437665,0,0,"Up in serum","hypothetical protein","AENJPLPP_01863"
"AENJPLPP_01903","arcD1_1","Arginine/ornithine antiporter ArcD1","arcD1_1","CDS","","COG0531",1457.66275046385,4.83494601859231,0.106843813760706,45.2524657105645,0,0,"Up in serum","arcD1_1
(AENJPLPP_01903)","AENJPLPP_01903"
"AENJPLPP_01904","vioD","Capreomycidine synthase","vioD","CDS","4.2.1.145","",1852.39905373859,4.96124133819953,0.104286553068378,47.573164441887,0,0,"Up in serum","vioD
(AENJPLPP_01904)","AENJPLPP_01904"
"AENJPLPP_01942","prsA_3","Foldase protein PrsA","prsA_3","CDS","5.2.1.8","",8225.36167437644,-2.61023133492933,0.0622141040588796,-41.955620424253,0,0,"Down in serum","prsA_3
(AENJPLPP_01942)","AENJPLPP_01942"
"AENJPLPP_01961","yvdD","LOG family protein YvdD","yvdD","CDS","","COG1611",1881.57208867846,-4.8754071176184,0.105190453303646,-46.3483801476253,0,0,"Down in serum","yvdD
(AENJPLPP_01961)","AENJPLPP_01961"
"AENJPLPP_01962",NA,"hypothetical protein","hypothetical protein","CDS","","",2629.40262805611,-4.16448449579014,0.0786778994793041,-52.9308042455503,0,0,"Down in serum","hypothetical protein","AENJPLPP_01962"
"AENJPLPP_01963",NA,"Deoxyguanosine kinase","Deoxyguanosine kinase","CDS","2.7.1.113","COG1428",3303.45240019959,-3.70713903611607,0.0732853938706115,-50.5849643472092,0,0,"Down in serum","Deoxyguanosine kinase","AENJPLPP_01963"
"AENJPLPP_01981","yvbW","putative amino acid permease YvbW","yvbW","CDS","","COG1113",1479.45067347966,4.14127842093136,0.0965029904140243,42.9134724547305,0,0,"Up in serum","yvbW
(AENJPLPP_01981)","AENJPLPP_01981"
"AENJPLPP_02031",NA,"hypothetical protein","hypothetical protein","CDS","","",2605.20680107385,5.03732812793502,0.0999898751097382,50.3783820352469,0,0,"Up in serum","hypothetical protein","AENJPLPP_02031"
"AENJPLPP_02092","dauA","C4-dicarboxylic acid transporter DauA","dauA","CDS","","COG0659",2681.1713521564,-2.93817362384309,0.0756129567405849,-38.8580707658802,0,0,"Down in serum","dauA
(AENJPLPP_02092)","AENJPLPP_02092"
"AENJPLPP_02094","rplU","50S ribosomal protein L21","rplU","CDS","","COG0261",37590.540869081,-2.42582310527565,0.0604603192816123,-40.1225652477394,0,0,"Down in serum","rplU
(AENJPLPP_02094)","AENJPLPP_02094"
"AENJPLPP_02131","ileS","Isoleucine--tRNA ligase","ileS","CDS","6.1.1.5","COG0060",7972.13642667022,-2.1915034698092,0.0557730399575005,-39.2932404523608,0,0,"Down in serum","ileS
(AENJPLPP_02131)","AENJPLPP_02131"
"AENJPLPP_02139","ptcB_1","PTS system galactose-specific EIIB component","ptcB_1","CDS","2.7.1.204","COG1440",1667.98699242765,5.47339417471563,0.129695267008559,42.201957719509,0,0,"Up in serum","ptcB_1
(AENJPLPP_02139)","AENJPLPP_02139"
"AENJPLPP_02155",NA,"hypothetical protein","hypothetical protein","CDS","","",1150.21824366809,4.32063924505429,0.105124140203534,41.1003527514135,0,0,"Up in serum","hypothetical protein","AENJPLPP_02155"
"AENJPLPP_02290",NA,"hypothetical protein","hypothetical protein","CDS","","",2540.52271589939,3.47111592150712,0.0752323644353937,46.1385993588964,0,0,"Up in serum","hypothetical protein","AENJPLPP_02290"
"AENJPLPP_02292","dppE","Dipeptide-binding protein DppE","dppE","CDS","","COG4166",74330.1473825671,7.31813569237546,0.0837412223233668,87.3898838509483,0,0,"Up in serum","dppE
(AENJPLPP_02292)","AENJPLPP_02292"
"AENJPLPP_02293",NA,"hypothetical protein","hypothetical protein","CDS","","",3976.27211786293,6.4792336656652,0.106023341407919,61.1113890547619,0,0,"Up in serum","hypothetical protein","AENJPLPP_02293"
"AENJPLPP_02294","oppB","Oligopeptide transport system permease protein OppB","oppB","CDS","","COG0601",6882.9732581136,6.98730718036082,0.100584906102175,69.4667565058228,0,0,"Up in serum","oppB
(AENJPLPP_02294)","AENJPLPP_02294"
"AENJPLPP_02295","dppC","Dipeptide transport system permease protein DppC","dppC","CDS","","COG1173",6053.41645714511,6.38330031025894,0.0929513396571071,68.6735697818516,0,0,"Up in serum","dppC
(AENJPLPP_02295)","AENJPLPP_02295"
"AENJPLPP_02296","oppD_2","Oligopeptide transport ATP-binding protein OppD","oppD_2","CDS","","COG0444",12243.1340025391,6.01940848417548,0.0724689586946592,83.0618873597683,0,0,"Up in serum","oppD_2
(AENJPLPP_02296)","AENJPLPP_02296"
"AENJPLPP_02297","oppF_2","Oligopeptide transport ATP-binding protein OppF","oppF_2","CDS","","COG4608",10585.2995322528,5.88234444121168,0.0772066459181143,76.1896125814159,0,0,"Up in serum","oppF_2
(AENJPLPP_02297)","AENJPLPP_02297"
"AENJPLPP_02298",NA,"IS200/IS605 family transposase ISEfa4","IS200/IS605 family transposase ISEfa4","CDS","","",14739.1620043925,5.80053817992062,0.0714849551198332,81.1434821522507,0,0,"Up in serum","IS200/IS605 family transposase ISEfa4","AENJPLPP_02298"
"AENJPLPP_02307","niaX","Niacin transporter NiaX","niaX","CDS","","",9986.95417267745,5.66591565442886,0.0870810986998973,65.0648158902426,0,0,"Up in serum","niaX
(AENJPLPP_02307)","AENJPLPP_02307"
"AENJPLPP_02310","folT_2","Folate transporter FolT","folT_2","CDS","","",94024.901545363,3.89606471244037,0.0666202205286083,58.4817144333424,0,0,"Up in serum","folT_2
(AENJPLPP_02310)","AENJPLPP_02310"
"AENJPLPP_02354",NA,"hypothetical protein","hypothetical protein","CDS","","",6359.65037859774,2.48488270836499,0.06311253149669,39.3722553894912,0,0,"Up in serum","hypothetical protein","AENJPLPP_02354"
"AENJPLPP_02363","pepC","Aminopeptidase C","pepC","CDS","3.4.22.40","COG3579",6934.2721961084,2.68238942317928,0.0620047261597835,43.2610478154017,0,0,"Up in serum","pepC
(AENJPLPP_02363)","AENJPLPP_02363"
"AENJPLPP_02528","hpf","Ribosome hibernation promotion factor","hpf","CDS","","",25449.4816020942,2.47210090154724,0.0586772837936043,42.1304590417441,0,0,"Up in serum","hpf
(AENJPLPP_02528)","AENJPLPP_02528"
"AENJPLPP_02581","glyQ","Glycine--tRNA ligase alpha subunit","glyQ","CDS","6.1.1.14","COG0752",1561.68044441909,-3.26153095912252,0.0817059843575425,-39.9178956690636,0,0,"Down in serum","glyQ
(AENJPLPP_02581)","AENJPLPP_02581"
"AENJPLPP_02751",NA,"hypothetical protein","hypothetical protein","CDS","","",1775.27452827628,4.4514234614552,0.109790217740474,40.544809483643,0,0,"Up in serum","hypothetical protein","AENJPLPP_02751"
"AENJPLPP_02832",NA,"hypothetical protein","hypothetical protein","CDS","","",2423.17497597926,-4.41139902710595,0.0927888256584882,-47.5423521722564,0,0,"Down in serum","hypothetical protein","AENJPLPP_02832"
"AENJPLPP_02833","scrB_1","Sucrose-6-phosphate hydrolase","scrB_1","CDS","3.2.1.26","",4577.15175027627,-2.8340535506336,0.0634134357310068,-44.69168903977,0,0,"Down in serum","scrB_1
(AENJPLPP_02833)","AENJPLPP_02833"
"AENJPLPP_02926","hsdS","Type-1 restriction enzyme EcoKI specificity protein","hsdS","CDS","","COG0732",1652.85029596487,4.07600205668813,0.0944778010130586,43.1424314810709,0,0,"Up in serum","hsdS
(AENJPLPP_02926)","AENJPLPP_02926"
"AENJPLPP_02927",NA,"hypothetical protein","hypothetical protein","CDS","","",5996.25561021479,4.49325004026114,0.0764599648810141,58.7660489676325,0,0,"Up in serum","hypothetical protein","AENJPLPP_02927"
"AENJPLPP_02928","ohrB_2","Organic hydroperoxide resistance protein OhrB","ohrB_2","CDS","","COG1764",19611.7300781579,5.37126709815299,0.0678693288192774,79.1413027297737,0,0,"Up in serum","ohrB_2
(AENJPLPP_02928)","AENJPLPP_02928"
"AENJPLPP_02941","bglF_5","PTS system beta-glucoside-specific EIIBCA component","bglF_5","CDS","","COG1263",9011.75888704531,3.09467042618466,0.0612673767058306,50.5109014385163,0,0,"Up in serum","bglF_5
(AENJPLPP_02941)","AENJPLPP_02941"
"AENJPLPP_03059",NA,"hypothetical protein","hypothetical protein","CDS","","",89313.8323853267,2.69813615155391,0.062919740175635,42.882188388291,0,0,"Up in serum","hypothetical protein","AENJPLPP_03059"
"AENJPLPP_03060",NA,"hypothetical protein","hypothetical protein","CDS","","",20314.6698262404,2.72648337336247,0.0553719865163526,49.239399647641,0,0,"Up in serum","hypothetical protein","AENJPLPP_03060"
"AENJPLPP_03133","yoeB","Toxin YoeB","yoeB","CDS","3.1.-.-","COG4115",2926.6829362041,3.00377915109314,0.0733346230289126,40.9599044357108,0,0,"Up in serum","yoeB
(AENJPLPP_03133)","AENJPLPP_03133"
"AENJPLPP_00309","yidA_1","Sugar phosphatase YidA","yidA_1","CDS","3.1.3.23","COG0561",946.795729815732,4.36859411083134,0.114208064295222,38.2511877579743,3.97426405514699e-320,7.21227148486135e-319,"Up in serum","yidA_1
(AENJPLPP_00309)","AENJPLPP_00309"
"AENJPLPP_01477","rpsJ","30S ribosomal protein S10","rpsJ","CDS","","COG0051",6342.59924655731,-2.58363812058188,0.0680678454818059,-37.9568076864203,2.97947258069492e-315,5.37253941164855e-314,"Down in serum","rpsJ
(AENJPLPP_01477)","AENJPLPP_01477"
"AENJPLPP_01497","rplO","50S ribosomal protein L15","rplO","CDS","","",26226.0493894396,-2.762319610594,0.0728515097858275,-37.9171223590947,1.34412966829443e-314,2.40837410816707e-313,"Down in serum","rplO
(AENJPLPP_01497)","AENJPLPP_01497"
"AENJPLPP_01861","ohrB_1","Organic hydroperoxide resistance protein OhrB","ohrB_1","CDS","","COG1764",5740.62462493875,3.17552244077987,0.0838372621744959,37.8772202051452,6.10419917867275e-314,1.08685458332323e-312,"Up in serum","ohrB_1
(AENJPLPP_01861)","AENJPLPP_01861"
"AENJPLPP_02048","pyrG","CTP synthase","pyrG","CDS","6.3.4.2","COG0504",4309.59506157672,-2.31363165901888,0.0610965288324493,-37.868463286413,8.50672663404489e-314,1.50515894381101e-312,"Down in serum","pyrG
(AENJPLPP_02048)","AENJPLPP_02048"
"AENJPLPP_01551","gla","Glycerol facilitator-aquaporin gla","gla","CDS","","COG0580",9729.83326791621,-2.27392478889046,0.060125284291991,-37.819776083676,5.37673430447275e-313,9.45436945091007e-312,"Down in serum","gla
(AENJPLPP_01551)","AENJPLPP_01551"
"AENJPLPP_00382","murJ_1","Lipid II flippase MurJ","murJ_1","CDS","","COG2244",3826.66191802606,-2.49089234701028,0.0658985453262401,-37.7988973000657,1.18466554235411e-312,2.0702395990152e-311,"Down in serum","murJ_1
(AENJPLPP_00382)","AENJPLPP_00382"
"AENJPLPP_02032",NA,"putative phosphotransferase enzyme IIB component","putative phosphotransferase enzyme IIB component","CDS","2.7.1.-","",921.943102689799,4.74570682853607,0.126090206074493,37.637394499398,5.26011213963301e-310,9.13581439711721e-309,"Up in serum","putative phosphotransferase enzyme IIB component","AENJPLPP_02032"
"AENJPLPP_00893","arnC_2","Undecaprenyl-phosphate 4-deoxy-4-formamido-L-arabinose transferase","arnC_2","CDS","2.4.2.53","",11883.0522924869,-2.0056705086539,0.0533233714133477,-37.6133476840111,1.30079526189923e-309,2.24545816246142e-308,"Down in serum","arnC_2
(AENJPLPP_00893)","AENJPLPP_00893"
"AENJPLPP_00588","purS","Phosphoribosylformylglycinamidine synthase subunit PurS","purS","CDS","6.3.5.3","COG1828",3661.19686396537,9.34994979864941,0.248734026948833,37.5901516706147,3.11367133529483e-309,5.34230518195131e-308,"Up in serum","purS
(AENJPLPP_00588)","AENJPLPP_00588"
"AENJPLPP_01820","bsaA","Glutathione peroxidase BsaA","bsaA","CDS","","",1036.90492352044,3.66699792854099,0.0976925975661601,37.5360878909745,2.37609624205933e-308,4.052246061006e-307,"Up in serum","bsaA
(AENJPLPP_01820)","AENJPLPP_01820"
"AENJPLPP_00974",NA,"hypothetical protein","hypothetical protein","CDS","","",1008.64843358061,4.91156098858396,0.13126168491959,37.4180858000775,1.98537439871425e-306,3.36562570225153e-305,"Up in serum","hypothetical protein","AENJPLPP_00974"
"AENJPLPP_01656","rplT","50S ribosomal protein L20","rplT","CDS","","COG0292",12521.4324050731,-2.25996105569537,0.0604386344621217,-37.3926558038259,5.14335109008036e-306,8.66715889048661e-305,"Down in serum","rplT
(AENJPLPP_01656)","AENJPLPP_01656"
"AENJPLPP_00532",NA,"hypothetical protein","hypothetical protein","CDS","","",1079.11415734531,3.47797915689665,0.0931803226876193,37.3252534073781,6.39172646222707e-305,1.07070873458964e-303,"Up in serum","hypothetical protein","AENJPLPP_00532"
"AENJPLPP_00715","yvgN","Glyoxal reductase","yvgN","CDS","1.1.1.-","COG0656",6912.72281191133,2.39940341340711,0.0642910650151119,37.3209467418703,7.50716385396635e-305,1.25016358062228e-303,"Up in serum","yvgN
(AENJPLPP_00715)","AENJPLPP_00715"
"AENJPLPP_00044",NA,"hypothetical protein","hypothetical protein","CDS","","",3347.12540540437,2.3443938243568,0.0629545609111234,37.2394595471251,1.56945653443408e-303,2.59832248478532e-302,"Up in serum","hypothetical protein","AENJPLPP_00044"
"AENJPLPP_01655","rpmI","50S ribosomal protein L35","rpmI","CDS","","COG0291",7070.71543197849,-2.08885618386268,0.0561408314175565,-37.207432293378,5.1745548639255e-303,8.51695629056574e-302,"Down in serum","rpmI
(AENJPLPP_01655)","AENJPLPP_01655"
"AENJPLPP_01727","pbuG","Guanine/hypoxanthine permease PbuG","pbuG","CDS","","COG2252",2412.50665610279,-2.68470514663122,0.072295840304292,-37.1349877853461,7.65963537240992e-302,1.25343512943887e-300,"Down in serum","pbuG
(AENJPLPP_01727)","AENJPLPP_01727"
"AENJPLPP_00125","tsf","Elongation factor Ts","tsf","CDS","","COG0264",33958.0045710264,-2.15943538965674,0.0581896956842917,-37.1102712303697,1.9185844466402e-301,3.1215589473784e-300,"Down in serum","tsf
(AENJPLPP_00125)","AENJPLPP_00125"
"AENJPLPP_00022",NA,"hypothetical protein","hypothetical protein","CDS","","",4089.31290046693,3.36426092206829,0.090936058096987,36.9958957147689,1.33304434958606e-299,2.15648488781608e-298,"Up in serum","hypothetical protein","AENJPLPP_00022"
"AENJPLPP_00383","degV","Protein DegV","degV","CDS","","COG1307",2332.38312170957,-2.70017779481275,0.0732176151971101,-36.8788001021826,1.01071903420517e-297,1.62576453740615e-296,"Down in serum","degV
(AENJPLPP_00383)","AENJPLPP_00383"
"AENJPLPP_00140","xpkA_1","Xylulose-5-phosphate phosphoketolase","xpkA_1","CDS","4.1.2.9","",2446.95323514393,2.58671097890131,0.0704224995285167,36.7313145119743,2.31106562285611e-295,3.6963993097772e-294,"Up in serum","xpkA_1
(AENJPLPP_00140)","AENJPLPP_00140"
"AENJPLPP_01971","ndk","Nucleoside diphosphate kinase","ndk","CDS","2.7.4.6","COG0105",3059.64280631705,2.53480074265333,0.0693167419794258,36.5683768490691,9.10312669965744e-293,1.4478062745354e-291,"Up in serum","ndk
(AENJPLPP_01971)","AENJPLPP_01971"
"AENJPLPP_01474","rpsG","30S ribosomal protein S7","rpsG","CDS","","COG0049",35144.4372889027,-2.01210207953768,0.05513000818697,-36.4974021537192,1.21932609661582e-291,1.92844255839071e-290,"Down in serum","rpsG
(AENJPLPP_01474)","AENJPLPP_01474"
"AENJPLPP_01436","ybiT_3","putative ABC transporter ATP-binding protein YbiT","ybiT_3","CDS","","COG0488",6498.82555221265,-2.03411593043505,0.0557397107078651,-36.4931196197979,1.42576382606223e-291,2.24240966199009e-290,"Down in serum","ybiT_3
(AENJPLPP_01436)","AENJPLPP_01436"
"AENJPLPP_01492","rpsH","30S ribosomal protein S8","rpsH","CDS","","COG0096",19744.0962273015,-2.71054925826686,0.0744544757633208,-36.4054575695795,3.48944744418578e-290,5.45780426214914e-289,"Down in serum","rpsH
(AENJPLPP_01492)","AENJPLPP_01492"
"AENJPLPP_01481","rplB","50S ribosomal protein L2","rplB","CDS","","COG0090",32355.6108263376,-2.20193203153451,0.0607762430232785,-36.2301439180953,2.04176434451074e-287,3.17595321940105e-286,"Down in serum","rplB
(AENJPLPP_01481)","AENJPLPP_01481"
"AENJPLPP_00997",NA,"hypothetical protein","hypothetical protein","CDS","","",2222.3419945295,-2.65764752683578,0.0735401869105431,-36.1387105266491,5.59692389179283e-286,8.65841067631995e-285,"Down in serum","hypothetical protein","AENJPLPP_00997"
"AENJPLPP_01610","cshA","ATP-dependent RNA helicase CshA","cshA","CDS","3.6.4.13","COG0513",17482.2126697711,-1.90094840792361,0.0526524685613164,-36.1036900997313,1.98492265704869e-285,3.05397610983959e-284,"Not significant","cshA
(AENJPLPP_01610)","AENJPLPP_01610"
"AENJPLPP_02049","fba","Fructose-bisphosphate aldolase","fba","CDS","4.1.2.13","COG0191",119361.697079646,-2.2283578742831,0.0617353859885453,-36.0953096607602,2.68677448712774e-285,4.11149112057223e-284,"Down in serum","fba
(AENJPLPP_02049)","AENJPLPP_02049"
"AENJPLPP_00968",NA,"hypothetical protein","hypothetical protein","CDS","","",876.430275627806,4.43797772899991,0.123089805583415,36.0547951795439,1.16002282435512e-284,1.76560463212331e-283,"Up in serum","hypothetical protein","AENJPLPP_00968"
"AENJPLPP_00244",NA,"hypothetical protein","hypothetical protein","CDS","","",7028.2112708357,2.54244882653766,0.0705184922570541,36.0536469961655,1.20909039310771e-284,1.83044647213258e-283,"Up in serum","hypothetical protein","AENJPLPP_00244"
"AENJPLPP_01056","spxA_3","Regulatory protein Spx","spxA_3","CDS","","COG1393",16162.9201392547,2.20355592457204,0.0611476242948765,36.036656370257,2.23171125822597e-284,3.3606247723605e-283,"Up in serum","spxA_3
(AENJPLPP_01056)","AENJPLPP_01056"
"AENJPLPP_01595","ctc","General stress protein CTC","ctc","CDS","","COG1825",6360.12510284199,2.20803785453391,0.0614105541441311,35.9553481532121,4.17539800109862e-283,6.25426018048158e-282,"Up in serum","ctc
(AENJPLPP_01595)","AENJPLPP_01595"
"AENJPLPP_00362","cfa","Cyclopropane-fatty-acyl-phospholipid synthase","cfa","CDS","2.1.1.79","COG2230",4176.09578081318,-2.34430466300784,0.0652949806833773,-35.9032905511625,2.71411369464739e-282,4.04402940502461e-281,"Down in serum","cfa
(AENJPLPP_00362)","AENJPLPP_00362"
"AENJPLPP_01515",NA,"hypothetical protein","hypothetical protein","CDS","","",779.032305392644,4.99747272571292,0.139731462337686,35.7648352211159,3.89062600473803e-280,5.76668179026878e-279,"Up in serum","hypothetical protein","AENJPLPP_01515"
"AENJPLPP_02618",NA,"hypothetical protein","hypothetical protein","CDS","","",6760.14157366332,2.72117809983459,0.0761937897595545,35.7139093411922,2.40479981048817e-279,3.54582722056875e-278,"Up in serum","hypothetical protein","AENJPLPP_02618"
"AENJPLPP_00978",NA,"hypothetical protein","hypothetical protein","CDS","","",2857.4962070814,2.35531340851257,0.0661890574313902,35.5846343778808,2.42171364333429e-277,3.55226493485978e-276,"Up in serum","hypothetical protein","AENJPLPP_00978"
"AENJPLPP_02555","nfo","putative endonuclease 4","nfo","CDS","3.1.21.2","COG0648",1962.78866461755,-2.67008938101211,0.0751341157027961,-35.5376430006048,1.28952836330565e-276,1.88178082294758e-275,"Down in serum","nfo
(AENJPLPP_02555)","AENJPLPP_02555"
"AENJPLPP_02328",NA,"hypothetical protein","hypothetical protein","CDS","","",9868.18478482069,2.879201489721,0.0811010032223274,35.5014287779901,4.67209168473153e-276,6.78291874844869e-275,"Up in serum","hypothetical protein","AENJPLPP_02328"
"AENJPLPP_01778","emrB","Multidrug export protein EmrB","emrB","CDS","","",930.767819922492,-4.19734633489589,0.118408182723661,-35.4481104121965,3.10178928422645e-275,4.48018646104341e-274,"Down in serum","emrB
(AENJPLPP_01778)","AENJPLPP_01778"
"AENJPLPP_00583","purN","Phosphoribosylglycinamide formyltransferase","purN","CDS","2.1.2.2","",7811.81654904346,8.06352395882807,0.228814964061662,35.2403698416117,4.8187990881097e-272,6.92488335961349e-271,"Up in serum","purN
(AENJPLPP_00583)","AENJPLPP_00583"
"AENJPLPP_00314","yghA","putative oxidoreductase YghA","yghA","CDS","1.-.-.-","",10020.3256597632,7.27202969745851,0.206580772591548,35.2018709497074,1.87199567301022e-271,2.67657563146057e-270,"Up in serum","yghA
(AENJPLPP_00314)","AENJPLPP_00314"
"AENJPLPP_02992","pemK","Endoribonuclease PemK","pemK","CDS","3.1.-.-","",4358.16761707731,2.61418412311824,0.0743841139555733,35.144387478751,1.41612631235022e-270,2.01459979410225e-269,"Up in serum","pemK
(AENJPLPP_02992)","AENJPLPP_02992"
"AENJPLPP_00190",NA,"hypothetical protein","hypothetical protein","CDS","","",784.227785232971,5.05638019070227,0.144001237329484,35.113449609693,4.20224266503561e-270,5.94827449235791e-269,"Up in serum","hypothetical protein","AENJPLPP_00190"
"AENJPLPP_00525",NA,"hypothetical protein","hypothetical protein","CDS","","",2953.13623616133,2.63102507806784,0.0753173682578453,34.9325147562332,2.38666982976073e-267,3.36152352639435e-266,"Up in serum","hypothetical protein","AENJPLPP_00525"
"AENJPLPP_00202",NA,"putative RNA methyltransferase","putative RNA methyltransferase","CDS","2.1.1.-","COG2265",3003.79053276206,-2.3232916229713,0.0669730780560694,-34.6899334838135,1.11746948437163e-263,1.56611688626539e-262,"Down in serum","putative RNA methyltransferase","AENJPLPP_00202"
"AENJPLPP_00426",NA,"hypothetical protein","hypothetical protein","CDS","","",1668.34511506713,2.58875540348548,0.0748099637920091,34.6044199497661,2.16787668697263e-262,3.02328024670912e-261,"Up in serum","hypothetical protein","AENJPLPP_00426"
"AENJPLPP_02095",NA,"hypothetical protein","hypothetical protein","CDS","","",13196.400679217,-2.15574336243938,0.0628632154508953,-34.2926041402274,1.01151572834714e-257,1.40372599360331e-256,"Down in serum","hypothetical protein","AENJPLPP_02095"
"AENJPLPP_00230","tcyP","L-cystine uptake protein TcyP","tcyP","CDS","","COG1823",19899.0184261098,-1.83370366729299,0.0534905550159441,-34.2808869107157,1.51215646851593e-257,2.08825120115541e-256,"Not significant","tcyP
(AENJPLPP_00230)","AENJPLPP_00230"
"AENJPLPP_00824","nadD","Nicotinate-nucleotide adenylyltransferase","nadD","CDS","2.7.7.18","COG1057",6727.17331920742,-2.63732519923554,0.077074297209697,-34.217959744221,1.30735371543106e-256,1.7966594021288e-255,"Down in serum","nadD
(AENJPLPP_00824)","AENJPLPP_00824"
"AENJPLPP_00154","hrcA","Heat-inducible transcription repressor HrcA","hrcA","CDS","","COG1420",4024.12704002456,-2.15693110082439,0.0630486365636906,-34.2105907182544,1.68260960486375e-256,2.30119216974362e-255,"Down in serum","hrcA
(AENJPLPP_00154)","AENJPLPP_00154"
"AENJPLPP_02610","acyP","Acylphosphatase","acyP","CDS","3.6.1.7","COG1254",1597.65774838106,3.04583109275635,0.0894299318266185,34.0582960374099,3.05910960008711e-254,4.16362465281087e-253,"Up in serum","acyP
(AENJPLPP_02610)","AENJPLPP_02610"
"AENJPLPP_00584","purM","Phosphoribosylformylglycinamidine cyclo-ligase","purM","CDS","6.3.3.1","COG0150",23576.9599355811,8.38935369136197,0.246556051033137,34.0261520908058,9.14601203303722e-254,1.23886890265686e-252,"Up in serum","purM
(AENJPLPP_00584)","AENJPLPP_00584"
"AENJPLPP_01079",NA,"Putative universal stress protein","Putative universal stress protein","CDS","","",8286.48567418068,2.3778107711885,0.070035837815123,33.9513432746435,1.16532838917273e-252,1.57097365226095e-251,"Up in serum","Putative universal stress protein","AENJPLPP_01079"
"AENJPLPP_00590",NA,"hypothetical protein","hypothetical protein","CDS","","",1182.39520131044,2.99336536258019,0.0883082430674184,33.8967831156478,7.42988758048183e-252,9.96872594329102e-251,"Up in serum","hypothetical protein","AENJPLPP_00590"
"AENJPLPP_00895","btuD_1","Vitamin B12 import ATP-binding protein BtuD","btuD_1","CDS","7.6.2.8","",3129.02876411258,-2.10401482968749,0.062437697604742,-33.6978285619503,6.21993714644879e-249,8.30596323660213e-248,"Down in serum","btuD_1
(AENJPLPP_00895)","AENJPLPP_00895"
"AENJPLPP_01827","dapA","4-hydroxy-tetrahydrodipicolinate synthase","dapA","CDS","4.3.3.7","COG0329",2030.39555269981,2.7857436840603,0.0827627142876696,33.6594045765285,2.27136342617315e-248,3.01888725797942e-247,"Up in serum","dapA
(AENJPLPP_01827)","AENJPLPP_01827"
"AENJPLPP_02033",NA,"hypothetical protein","hypothetical protein","CDS","","",945.485987228427,3.81385859766688,0.113354451972364,33.6454239891409,3.63742316238317e-248,4.811936903134e-247,"Up in serum","hypothetical protein","AENJPLPP_02033"
"AENJPLPP_00748","manP_2","PTS system mannose-specific EIIBCA component","manP_2","CDS","","COG1299",1905.45834540493,3.01668356892108,0.0902075152143331,33.4415992032752,3.40956593924259e-245,4.4895261274399e-244,"Up in serum","manP_2
(AENJPLPP_00748)","AENJPLPP_00748"
"AENJPLPP_00487","apt","Adenine phosphoribosyltransferase","apt","CDS","2.4.2.7","COG0503",4110.9680426483,-2.28730407644452,0.0684838281127481,-33.3991854643235,1.40881726203155e-244,1.8464637355608e-243,"Down in serum","apt
(AENJPLPP_00487)","AENJPLPP_00487"
"AENJPLPP_02582","glyS","Glycine--tRNA ligase beta subunit","glyS","CDS","6.1.1.14","COG0751",7403.30365821151,-2.011499508445,0.0605004949501877,-33.2476537605378,2.20708811756855e-242,2.8793854658233e-241,"Down in serum","glyS
(AENJPLPP_02582)","AENJPLPP_02582"
"AENJPLPP_00825",NA,"RNA-binding protein","RNA-binding protein","CDS","","COG1534",1336.65759038576,-2.76501216687445,0.0832314610694583,-33.2207572875237,5.39981561170901e-242,7.01232935630652e-241,"Down in serum","RNA-binding protein","AENJPLPP_00825"
"AENJPLPP_01559","rpsD","30S ribosomal protein S4","rpsD","CDS","","COG0522",29288.3975060777,-2.27067302060795,0.0683514852197881,-33.2205366614415,5.43957415487234e-242,7.03170522029387e-241,"Down in serum","rpsD
(AENJPLPP_01559)","AENJPLPP_01559"
"AENJPLPP_01886","glcU_2","putative glucose uptake protein GlcU","glcU_2","CDS","","COG4975",6121.13996438023,-2.41145092440349,0.0727877546847842,-33.1298984952423,1.10318189937693e-240,1.41959452597095e-239,"Down in serum","glcU_2
(AENJPLPP_01886)","AENJPLPP_01886"
"AENJPLPP_01381",NA,"hypothetical protein","hypothetical protein","CDS","","",6679.46504977835,-1.91677718768789,0.0579695011081467,-33.0652696857265,9.38586865764163e-240,1.2023255280445e-238,"Not significant","hypothetical protein","AENJPLPP_01381"
"AENJPLPP_00545","zosA","Zinc-transporting ATPase","zosA","CDS","3.6.3.-","COG2217",2965.64644215404,-2.22200306360573,0.0673282938307951,-33.0025155425729,7.47474482225362e-239,9.53198314945946e-238,"Down in serum","zosA
(AENJPLPP_00545)","AENJPLPP_00545"
"AENJPLPP_02747","alsS_1","Acetolactate synthase","alsS_1","CDS","2.2.1.6","COG0028",1453.165393721,-2.7025418212122,0.0819388354657063,-32.9824289770788,1.45100736867364e-238,1.84206361467043e-237,"Down in serum","alsS_1
(AENJPLPP_02747)","AENJPLPP_02747"
"AENJPLPP_00800",NA,"hypothetical protein","hypothetical protein","CDS","","",13550.8691070434,-1.95428153049443,0.0593235533588364,-32.9427591545869,5.3713516603788e-238,6.78852524577338e-237,"Not significant","hypothetical protein","AENJPLPP_00800"
"AENJPLPP_01479","rplD","50S ribosomal protein L4","rplD","CDS","","COG0088",18134.4804825629,-2.15640712531053,0.0654985903502308,-32.9229547350545,1.03180619993934e-237,1.29824148979035e-236,"Down in serum","rplD
(AENJPLPP_01479)","AENJPLPP_01479"
"AENJPLPP_01980",NA,"hypothetical protein","hypothetical protein","CDS","","",2047.84742428613,2.42845882702217,0.0739121872105589,32.8560000545518,9.3506635750205e-237,1.17131542393288e-235,"Up in serum","hypothetical protein","AENJPLPP_01980"
"AENJPLPP_01162",NA,"putative ABC transporter ATP-binding protein","putative ABC transporter ATP-binding protein","CDS","","COG1132",2952.25336406239,-2.18891564229571,0.066687756469456,-32.8233510644231,2.73474123730507e-236,3.41059578978442e-235,"Down in serum","putative ABC transporter ATP-binding protein","AENJPLPP_01162"
"AENJPLPP_00477",NA,"hypothetical protein","hypothetical protein","CDS","","",2801.12937217365,2.54064300007703,0.0775026259818631,32.7813795712107,1.08490577441683e-235,1.34709133656757e-234,"Up in serum","hypothetical protein","AENJPLPP_00477"
"AENJPLPP_01842","lacS","Lactose permease","lacS","CDS","","COG2190",844.969582674532,-5.40311969817849,0.164905365695441,-32.7649720516514,1.85840645018497e-235,2.29744482990116e-234,"Down in serum","lacS
(AENJPLPP_01842)","AENJPLPP_01842"
"AENJPLPP_01485","rplP","50S ribosomal protein L16","rplP","CDS","","COG0197",21897.8249159777,-2.3692144243446,0.0724186556615215,-32.7155261679823,9.39424591574331e-235,1.15630913858562e-233,"Down in serum","rplP
(AENJPLPP_01485)","AENJPLPP_01485"
"AENJPLPP_00894",NA,"hypothetical protein","hypothetical protein","CDS","","",4299.93513113017,-2.03533257670463,0.0623454238011773,-32.6460620942351,9.11366501247847e-234,1.11691712771976e-232,"Down in serum","hypothetical protein","AENJPLPP_00894"
"AENJPLPP_02057",NA,"hypothetical protein","hypothetical protein","CDS","","",1651.86768033215,2.74995363119275,0.0842726393239605,32.631630541692,1.46032702742984e-233,1.78197664424736e-232,"Up in serum","hypothetical protein","AENJPLPP_02057"
"AENJPLPP_01016","ybiT_1","putative ABC transporter ATP-binding protein YbiT","ybiT_1","CDS","","COG0488",1474.82359483846,-2.49482510451582,0.0765123202095454,-32.6068415868609,3.28056511484239e-233,3.98595701292652e-232,"Down in serum","ybiT_1
(AENJPLPP_01016)","AENJPLPP_01016"
"AENJPLPP_01501","rpmJ","50S ribosomal protein L36","rpmJ","CDS","","COG0257",10943.651418851,-2.46081389299514,0.0757747906669872,-32.4753637896521,2.37574431426177e-231,2.87424451011755e-230,"Down in serum","rpmJ
(AENJPLPP_01501)","AENJPLPP_01501"
"AENJPLPP_00425","cmpD","Bicarbonate transport ATP-binding protein CmpD","cmpD","CDS","3.6.3.-","",2678.72662150577,2.36858097550497,0.0732578635993931,32.3321055123507,2.47602999786973e-229,2.98282592509328e-228,"Up in serum","cmpD
(AENJPLPP_00425)","AENJPLPP_00425"
"AENJPLPP_00981",NA,"hypothetical protein","hypothetical protein","CDS","","",786.122341997087,5.75388966768494,0.178975248849583,32.1490804156987,9.09741152045788e-227,1.09130389891594e-225,"Up in serum","hypothetical protein","AENJPLPP_00981"
"AENJPLPP_00155","grpE","Protein GrpE","grpE","CDS","","",3924.95489502785,-2.11910739177566,0.0659827445413042,-32.1160843870193,2.62919399686214e-226,3.14061105701127e-225,"Down in serum","grpE
(AENJPLPP_00155)","AENJPLPP_00155"
"AENJPLPP_01362","msrA_2","Peptide methionine sulfoxide reductase MsrA","msrA_2","CDS","1.8.4.11","COG0225",982.797446445291,3.51775325958158,0.109833169581997,32.0281502661668,4.42407908706109e-225,5.26242348549158e-224,"Up in serum","msrA_2
(AENJPLPP_01362)","AENJPLPP_01362"
"AENJPLPP_01504","rpoA","DNA-directed RNA polymerase subunit alpha","rpoA","CDS","2.7.7.6","COG0202",43910.6801473059,-2.34814326316826,0.0733222964831406,-32.0249552427504,4.90123539612767e-225,5.80560560938805e-224,"Down in serum","rpoA
(AENJPLPP_01504)","AENJPLPP_01504"
"AENJPLPP_02063",NA,"hypothetical protein","hypothetical protein","CDS","","",6238.23891524469,1.80948057580718,0.0565084789759135,32.0213994182795,5.49295804356187e-225,6.47940175888485e-224,"Not significant","hypothetical protein","AENJPLPP_02063"
"AENJPLPP_01830","asd","Aspartate-semialdehyde dehydrogenase","asd","CDS","1.2.1.11","COG0136",2729.89227497373,2.45811573391315,0.0770340311503636,31.9094781514824,1.97270093624858e-223,2.31730968901234e-222,"Up in serum","asd
(AENJPLPP_01830)","AENJPLPP_01830"
"AENJPLPP_01484","rpsC","30S ribosomal protein S3","rpsC","CDS","","COG0092",47885.5514287445,-2.32921965424634,0.0730541561767272,-31.88346531047,4.52643851178587e-223,5.29518488713463e-222,"Down in serum","rpsC
(AENJPLPP_01484)","AENJPLPP_01484"
"AENJPLPP_02834","degA_4","HTH-type transcriptional regulator DegA","degA_4","CDS","","COG1609",1538.00086302115,-2.58545399475093,0.081187749246186,-31.8453709920082,1.52561376655208e-222,1.77737142926294e-221,"Down in serum","degA_4
(AENJPLPP_02834)","AENJPLPP_02834"
"AENJPLPP_01434","purA","Adenylosuccinate synthetase","purA","CDS","6.3.4.4","COG0104",22824.6844779945,1.70106322741544,0.0535682908075166,31.7550401883786,2.70522426651051e-221,3.13872536823412e-220,"Not significant","purA
(AENJPLPP_01434)","AENJPLPP_01434"
"AENJPLPP_02609","yidC","Membrane protein insertase YidC","yidC","CDS","","",3504.77398657721,-2.04845972487828,0.0645096310898359,-31.7543239710299,2.76751714689813e-221,3.19789430321167e-220,"Down in serum","yidC
(AENJPLPP_02609)","AENJPLPP_02609"
"AENJPLPP_01480","rplW","50S ribosomal protein L23","rplW","CDS","","",9529.42180834598,-1.95449497964186,0.0618982908767155,-31.5759119025545,7.90774578081051e-219,9.10033670954251e-218,"Not significant","rplW
(AENJPLPP_01480)","AENJPLPP_01480"
"AENJPLPP_00151","ydeA","putative protease YdeA","ydeA","CDS","3.2.-.-","COG0693",965.722996183436,3.38512792745008,0.107388404168963,31.5222854240761,4.30088624793554e-218,4.9294773149415e-217,"Up in serum","ydeA
(AENJPLPP_00151)","AENJPLPP_00151"
"AENJPLPP_00488",NA,"hypothetical protein","hypothetical protein","CDS","","",10609.1153391249,-1.88246199257807,0.0597285812272889,-31.5169380202524,5.09132703781573e-218,5.81191405002271e-217,"Not significant","hypothetical protein","AENJPLPP_00488"
"AENJPLPP_01828","dapB","4-hydroxy-tetrahydrodipicolinate reductase","dapB","CDS","1.17.1.8","COG0289",1511.71230126022,2.64617889267604,0.0839636890904605,31.515753075417,5.28525656816307e-218,6.00906078091151e-217,"Up in serum","dapB
(AENJPLPP_01828)","AENJPLPP_01828"
"AENJPLPP_00640",NA,"hypothetical protein","hypothetical protein","CDS","","",632.666008638906,4.00160513762762,0.12707375900857,31.4904128818425,1.17519377809445e-217,1.33078943431416e-216,"Up in serum","hypothetical protein","AENJPLPP_00640"
"AENJPLPP_00813","thrS","Threonine--tRNA ligase","thrS","CDS","6.1.1.3","COG0441",10515.3938995612,-1.82507411067719,0.0579946609296558,-31.4696918892396,2.25779322813767e-217,2.54653889595926e-216,"Not significant","thrS
(AENJPLPP_00813)","AENJPLPP_00813"
"AENJPLPP_02193","smc_3","Chromosome partition protein Smc","smc_3","CDS","","",634.940593512245,3.90999056212135,0.124550060235857,31.3929238951558,2.52731820042393e-216,2.83922135928577e-215,"Up in serum","smc_3
(AENJPLPP_02193)","AENJPLPP_02193"
"AENJPLPP_00095","folA_1","Dihydrofolate reductase","folA_1","CDS","1.5.1.3","",1158.39240538392,-2.66263434538947,0.0850114583484658,-31.3208877616852,2.42467270965539e-215,2.71314167629818e-214,"Down in serum","folA_1
(AENJPLPP_00095)","AENJPLPP_00095"
"AENJPLPP_00512","pheT","Phenylalanine--tRNA ligase beta subunit","pheT","CDS","6.1.1.20","",8898.98036590869,-1.81873712941519,0.0583054924796463,-31.1932384423319,1.31593144418526e-213,1.46669366869624e-212,"Not significant","pheT
(AENJPLPP_00512)","AENJPLPP_00512"
"AENJPLPP_00387",NA,"hypothetical protein","hypothetical protein","CDS","","",2136.72976777695,2.21452516837838,0.0711713172409887,31.1154163534717,1.49025510142653e-212,1.65447536946608e-211,"Up in serum","hypothetical protein","AENJPLPP_00387"
"AENJPLPP_00637",NA,"hypothetical protein","hypothetical protein","CDS","","",1306.16940896601,-2.69067741314818,0.0866913857270177,-31.0374253518204,1.68631874217879e-211,1.86483139027662e-210,"Down in serum","hypothetical protein","AENJPLPP_00637"
"AENJPLPP_00024",NA,"hypothetical protein","hypothetical protein","CDS","","",4832.16025082565,2.96548905845011,0.0955826491577438,31.0253909530802,2.45071359488172e-211,2.69959929459539e-210,"Up in serum","hypothetical protein","AENJPLPP_00024"
"AENJPLPP_00043",NA,"hypothetical protein","hypothetical protein","CDS","","",1519.76862778615,2.33296754768003,0.075391125217367,30.9448564529796,2.97951146670168e-210,3.26937866753196e-209,"Up in serum","hypothetical protein","AENJPLPP_00043"
"AENJPLPP_00849","prfC","Peptide chain release factor 3","prfC","CDS","","",5037.54932338152,-1.83183884418035,0.0592111659910279,-30.9373884726054,3.75492347092377e-210,4.10431982478193e-209,"Not significant","prfC
(AENJPLPP_00849)","AENJPLPP_00849"
"AENJPLPP_00858","crtK-2","Tryptophan-rich protein TspO","crtK-2","CDS","","COG3476",2282.44766123322,2.29932336900852,0.0744982716448916,30.8641169552044,3.6218831606126e-209,3.94367354911318e-208,"Up in serum","crtK-2
(AENJPLPP_00858)","AENJPLPP_00858"
"AENJPLPP_00896","tagG","Teichoic acid translocation permease protein TagG","tagG","CDS","","COG1682",1300.00698362132,-2.89733164259907,0.0940413642832897,-30.8091196324116,1.97806725395471e-208,2.14555877239302e-207,"Down in serum","tagG
(AENJPLPP_00896)","AENJPLPP_00896"
"AENJPLPP_02612",NA,"hypothetical protein","hypothetical protein","CDS","","",5737.09717143242,1.7894963267866,0.0581571182213153,30.7700309354518,6.59895623594304e-208,7.13039889463922e-207,"Not significant","hypothetical protein","AENJPLPP_02612"
"AENJPLPP_00571","pdhA","Pyruvate dehydrogenase E1 component subunit alpha","pdhA","CDS","1.2.4.1","",5261.33859172557,-1.86378437310682,0.0606689003631057,-30.720589329162,3.0223317449711e-207,3.25331603422555e-206,"Not significant","pdhA
(AENJPLPP_00571)","AENJPLPP_00571"
"AENJPLPP_02961",NA,"hypothetical protein","hypothetical protein","CDS","","",563.637081492566,4.15873515148224,0.135679975312452,30.6510606440284,2.55806123867738e-206,2.74313309344533e-205,"Up in serum","hypothetical protein","AENJPLPP_02961"
"AENJPLPP_02275","nlhH","Carboxylesterase NlhH","nlhH","CDS","3.1.1.1","COG0657",4687.16330444027,2.1734714607296,0.0710051514749624,30.6100531522139,8.99499123417194e-206,9.60936610714745e-205,"Up in serum","nlhH
(AENJPLPP_02275)","AENJPLPP_02275"
"AENJPLPP_01872","ydbD","putative manganese catalase","ydbD","CDS","1.11.1.6","COG3546",635.810502783938,3.96855630952402,0.129833702404186,30.5664572143948,3.41790808048062e-205,3.63763074279723e-204,"Up in serum","ydbD
(AENJPLPP_01872)","AENJPLPP_01872"
"AENJPLPP_00141","xpkA_2","Xylulose-5-phosphate phosphoketolase","xpkA_2","CDS","4.1.2.9","",1108.81530540202,2.51906823094384,0.0824331668827862,30.558916103827,4.30488966387832e-205,4.56447289829196e-204,"Up in serum","xpkA_2
(AENJPLPP_00141)","AENJPLPP_00141"
"AENJPLPP_00134","nusA","Transcription termination/antitermination protein NusA","nusA","CDS","","COG0195",9141.98587928187,-1.68301036017787,0.0553162119584288,-30.4252641421412,2.54538719930373e-203,2.68880267210032e-202,"Not significant","nusA
(AENJPLPP_00134)","AENJPLPP_00134"
"AENJPLPP_02551",NA,"hypothetical protein","hypothetical protein","CDS","","",11568.9846744162,1.78754611859716,0.0594380708388737,30.0740938151053,1.05731315035964e-198,1.11273365377998e-197,"Not significant","hypothetical protein","AENJPLPP_02551"
"AENJPLPP_01972","mgtA","Magnesium-transporting ATPase, P-type 1","mgtA","CDS","7.2.2.14","COG0474",2173.76288543292,-2.24896563122916,0.0748589968945776,-30.0426899173701,2.72025072341227e-198,2.85223325851116e-197,"Down in serum","mgtA
(AENJPLPP_01972)","AENJPLPP_01972"
"AENJPLPP_00380","ygaZ_1","Inner membrane protein YgaZ","ygaZ_1","CDS","","COG1296",1844.12392943435,-2.74900240139027,0.0915462548615339,-30.028562124668,4.16006409949878e-198,4.3458086589229e-197,"Down in serum","ygaZ_1
(AENJPLPP_00380)","AENJPLPP_00380"
"AENJPLPP_01661",NA,"hypothetical protein","hypothetical protein","CDS","","",630.962661468422,3.84399131605396,0.128141459971159,29.9980296534715,1.04116526598132e-197,1.08365399558571e-196,"Up in serum","hypothetical protein","AENJPLPP_01661"
"AENJPLPP_01819","spxA_5","Regulatory protein Spx","spxA_5","CDS","","COG1393",601.285788991927,3.55756203695539,0.118662313012397,29.9805552971458,1.75938710840173e-197,1.82447798677118e-196,"Up in serum","spxA_5
(AENJPLPP_01819)","AENJPLPP_01819"
"AENJPLPP_01475","fus","Elongation factor G","fus","CDS","","",89726.0397583452,-1.64237165291248,0.0547918737102034,-29.9747305886829,2.09545437814497e-197,2.16504793595928e-196,"Not significant","fus
(AENJPLPP_01475)","AENJPLPP_01475"
"AENJPLPP_01500","infA","Translation initiation factor IF-1","infA","CDS","","COG0361",10492.679652055,-2.58171772447748,0.086147817853993,-29.9684633782958,2.5289832961192e-197,2.60347334956853e-196,"Down in serum","infA
(AENJPLPP_01500)","AENJPLPP_01500"
"AENJPLPP_00133","rimP","Ribosome maturation factor RimP","rimP","CDS","","COG0779",3510.65543638226,-1.99587130894575,0.0668597803549843,-29.8515983502922,8.36927616569436e-196,8.58457276271041e-195,"Not significant","rimP
(AENJPLPP_00133)","AENJPLPP_00133"
"AENJPLPP_00946",NA,"hypothetical protein","hypothetical protein","CDS","","",537.491949045156,4.37244269643789,0.146597018672825,29.8262729762349,1.78338163213871e-195,1.82265465725079e-194,"Up in serum","hypothetical protein","AENJPLPP_00946"
"AENJPLPP_00581","purD","Phosphoribosylamine--glycine ligase","purD","CDS","6.3.4.13","COG0151",39088.5388200012,8.28362879190496,0.278130796006347,29.7832131890778,6.4452198257994e-195,6.56345947008565e-194,"Up in serum","purD
(AENJPLPP_00581)","AENJPLPP_00581"
"AENJPLPP_01008","feoB","Fe(2+) transporter FeoB","feoB","CDS","","COG0370",1139.17959836352,2.71131039167717,0.0910628955537812,29.7740410645726,8.47210785430352e-195,8.59660836399041e-194,"Up in serum","feoB
(AENJPLPP_01008)","AENJPLPP_01008"
"AENJPLPP_00039",NA,"hypothetical protein","hypothetical protein","CDS","","",1108.57902005586,2.89261375424644,0.0972387547348195,29.7475400845569,1.86595470633416e-194,1.88661349058286e-193,"Up in serum","hypothetical protein","AENJPLPP_00039"
"AENJPLPP_01815",NA,"Deoxyguanosine kinase","Deoxyguanosine kinase","CDS","2.7.1.113","COG1428",2429.18048160472,-2.06581043123859,0.069447703490051,-29.7462742095501,1.93764080758408e-194,1.9521213972493e-193,"Down in serum","Deoxyguanosine kinase","AENJPLPP_01815"
"AENJPLPP_00548","rpsT","30S ribosomal protein S20","rpsT","CDS","","",6026.32276850872,-2.40375103166693,0.080909799558441,-29.7090222047912,5.87165148073547e-194,5.87372626924456e-193,"Down in serum","rpsT
(AENJPLPP_00548)","AENJPLPP_00548"
"AENJPLPP_02767",NA,"hypothetical protein","hypothetical protein","CDS","","",1190.3935331332,2.34279137751151,0.0788578971465802,29.7090267720017,5.8708539253443e-194,5.87372626924456e-193,"Up in serum","hypothetical protein","AENJPLPP_02767"
"AENJPLPP_02160",NA,"hypothetical protein","hypothetical protein","CDS","","",638.882017408151,3.17286379022011,0.106860239496729,29.6917151333657,9.8231686891591e-194,9.79203892922867e-193,"Up in serum","hypothetical protein","AENJPLPP_02160"
"AENJPLPP_02308","msmX","Oligosaccharides import ATP-binding protein MsmX","msmX","CDS","7.5.2.-","COG3839",1397.21929032027,2.35831317546432,0.0796246922223379,29.6178623696171,8.79982247133872e-193,8.74115698819646e-192,"Up in serum","msmX
(AENJPLPP_02308)","AENJPLPP_02308"
"AENJPLPP_00610","dcuS_1","Sensor histidine kinase DcuS","dcuS_1","CDS","2.7.13.3","COG3290",508.480308582568,3.98409369103502,0.134776404235308,29.5607655779207,4.77563338337477e-192,4.7272091287881e-191,"Up in serum","dcuS_1
(AENJPLPP_00610)","AENJPLPP_00610"
"AENJPLPP_00686","cmk","Cytidylate kinase","cmk","CDS","2.7.4.25","COG0283",2253.54741806597,-2.2276248920809,0.0755516878689567,-29.4847799554748,4.51233929114126e-191,4.45102178857871e-190,"Down in serum","cmk
(AENJPLPP_00686)","AENJPLPP_00686"
"AENJPLPP_01207","ldh_2","L-lactate dehydrogenase","ldh_2","CDS","1.1.1.27","COG0039",48634.0748756231,-1.78358939976483,0.0606306215620283,-29.4173035640105,3.29948542522289e-190,3.24334834680764e-189,"Not significant","ldh_2
(AENJPLPP_01207)","AENJPLPP_01207"
"AENJPLPP_00388","hmpT","Thiamine precursor transporter HmpT","hmpT","CDS","","COG4720",2919.675654163,1.88807226942785,0.0642849973764612,29.3703406157281,1.31415781587129e-189,1.28732898848845e-188,"Not significant","hmpT
(AENJPLPP_00388)","AENJPLPP_00388"
"AENJPLPP_02560","yheI","putative multidrug resistance ABC transporter ATP-binding/permease protein YheI","yheI","CDS","3.6.3.-","COG1132",2197.26303839653,1.94985244910327,0.0663916721806626,29.3689311484338,1.36976533585176e-189,1.33717436751598e-188,"Not significant","yheI
(AENJPLPP_02560)","AENJPLPP_02560"
"AENJPLPP_01568",NA,"hypothetical protein","hypothetical protein","CDS","","",1552.15834405251,-2.64596697105589,0.0903839725645991,-29.2747363938309,2.1754211941153e-188,2.1163633678833e-187,"Down in serum","hypothetical protein","AENJPLPP_01568"
"AENJPLPP_00707","ctpE_1","Calcium-transporting ATPase CtpE","ctpE_1","CDS","7.2.2.10","COG0474",5110.28705958745,-1.77357120513843,0.060769802321826,-29.1850744510556,2.99968609740339e-187,2.90825730881815e-186,"Not significant","ctpE_1
(AENJPLPP_00707)","AENJPLPP_00707"
"AENJPLPP_01654","infC","Translation initiation factor IF-3","infC","CDS","","",37373.4627795732,-1.5066031688672,0.0516419618339188,-29.174011121275,4.14419605771997e-187,4.00417032061612e-186,"Not significant","infC
(AENJPLPP_01654)","AENJPLPP_01654"
"AENJPLPP_00047",NA,"hypothetical protein","hypothetical protein","CDS","","",1312.72357471352,2.37758805320716,0.0815419842251812,29.1578390665766,6.64546680990808e-187,6.39908725811217e-186,"Up in serum","hypothetical protein","AENJPLPP_00047"
"AENJPLPP_01156","leuS","Leucine--tRNA ligase","leuS","CDS","6.1.1.4","",14242.518421446,-1.54129626036871,0.0528637885843707,-29.1559931976649,7.01336731563e-187,6.73045521035544e-186,"Not significant","leuS
(AENJPLPP_01156)","AENJPLPP_01156"
"AENJPLPP_02341",NA,"hypothetical protein","hypothetical protein","CDS","","",3163.1773795645,2.47211224363012,0.0849537308978897,29.0995135528713,3.64112428777513e-186,3.48244015496331e-185,"Up in serum","hypothetical protein","AENJPLPP_02341"
"AENJPLPP_00943",NA,"hypothetical protein","hypothetical protein","CDS","","",480.158353070952,4.75864706512751,0.164033464223711,29.0102211012115,4.88981146371578e-185,4.66096170160921e-184,"Up in serum","hypothetical protein","AENJPLPP_00943"
"AENJPLPP_00976",NA,"hypothetical protein","hypothetical protein","CDS","","",534.707616901636,4.94471075138495,0.170641560810389,28.9771772357342,1.27605022463591e-184,1.21224771340411e-183,"Up in serum","hypothetical protein","AENJPLPP_00976"
"AENJPLPP_03115",NA,"hypothetical protein","hypothetical protein","CDS","","",1506.64407578077,2.72103753192842,0.094004365809081,28.9458634022886,3.16370695783547e-184,2.99546969820476e-183,"Up in serum","hypothetical protein","AENJPLPP_03115"
"AENJPLPP_00674",NA,"hypothetical protein","hypothetical protein","CDS","","",3231.75196678527,-2.01750745212111,0.0698892937223082,-28.8671890166366,3.08353829347836e-183,2.90983230294575e-182,"Down in serum","hypothetical protein","AENJPLPP_00674"
"AENJPLPP_02140","licA_2","Lichenan-specific phosphotransferase enzyme IIA component","licA_2","CDS","","COG1447",2880.52703605429,5.55482752119191,0.192821652804733,28.8081107095228,1.69760075107942e-182,1.59664708515144e-181,"Up in serum","licA_2
(AENJPLPP_02140)","AENJPLPP_02140"
"AENJPLPP_00565","typA","GTP-binding protein TypA/BipA","typA","CDS","","COG1217",16304.6748842813,-1.52274205848206,0.0528685088312937,-28.8024400941818,1.99921770499806e-182,1.87410110028129e-181,"Not significant","typA
(AENJPLPP_00565)","AENJPLPP_00565"
"AENJPLPP_02561","yheH","putative multidrug resistance ABC transporter ATP-binding/permease protein YheH","yheH","CDS","3.6.3.-","COG1132",2166.85019186528,1.8650808333137,0.0648954737042703,28.7397676117275,1.21591933831571e-181,1.13606192962765e-180,"Not significant","yheH
(AENJPLPP_02561)","AENJPLPP_02561"
"AENJPLPP_00374",NA,"hypothetical protein","hypothetical protein","CDS","","",1107.43372547836,-2.75927486992386,0.0960994396300601,-28.7127050953245,2.64810556794167e-181,2.46604831014568e-180,"Down in serum","hypothetical protein","AENJPLPP_00374"
"AENJPLPP_01069","iolS","Aldo-keto reductase IolS","iolS","CDS","1.1.1.-","COG0667",4638.55415965965,2.07114365862643,0.0721528300087373,28.7049538926696,3.30898601368193e-181,3.0713899687651e-180,"Up in serum","iolS
(AENJPLPP_01069)","AENJPLPP_01069"
"AENJPLPP_01289","dus","putative tRNA-dihydrouridine synthase","dus","CDS","1.3.1.-","",1995.20298536431,-2.16111392878459,0.0752954479991401,-28.7017872422948,3.62424285330222e-181,3.35301683584921e-180,"Down in serum","dus
(AENJPLPP_01289)","AENJPLPP_01289"
"AENJPLPP_01831","yclM","Aspartokinase 3","yclM","CDS","2.7.2.4","COG0527",4312.45273957556,2.28604839225432,0.0796574563819016,28.698485943291,3.98488271606135e-181,3.67465894761228e-180,"Up in serum","yclM
(AENJPLPP_01831)","AENJPLPP_01831"
"AENJPLPP_01615",NA,"Zinc-type alcohol dehydrogenase-like protein","Zinc-type alcohol dehydrogenase-like protein","CDS","","",2156.08724657301,2.1482467266322,0.074879334174051,28.6894475001444,5.16637303300876e-181,4.74870196637916e-180,"Up in serum","Zinc-type alcohol dehydrogenase-like protein","AENJPLPP_01615"
"AENJPLPP_01476","tuf_2","Elongation factor Tu","tuf_2","CDS","","COG0050",231201.973315007,-1.49145839804749,0.0520289828891531,-28.665914942543,1.01538068158086e-180,9.3027272153897e-180,"Not significant","tuf_2
(AENJPLPP_01476)","AENJPLPP_01476"
"AENJPLPP_01832","scmP","N-acetylcysteine deacetylase","scmP","CDS","3.5.1.-","COG1473",2273.51306170122,2.30372616495029,0.0805175989375826,28.6114612873162,4.83867847239885e-180,4.4188060501165e-179,"Up in serum","scmP
(AENJPLPP_01832)","AENJPLPP_01832"
"AENJPLPP_01282",NA,"hypothetical protein","hypothetical protein","CDS","","",785.148651453258,2.88707082458506,0.101012499937464,28.5813223746806,1.14679613160226e-179,1.04391635002122e-178,"Up in serum","hypothetical protein","AENJPLPP_01282"
"AENJPLPP_02486","rpoN1","RNA polymerase sigma-54 factor 1","rpoN1","CDS","","COG1508",1740.57653178406,2.14271563565725,0.0750216711751095,28.5612890528111,2.03409236529974e-179,1.84567804043704e-178,"Up in serum","rpoN1
(AENJPLPP_02486)","AENJPLPP_02486"
"AENJPLPP_00670",NA,"hypothetical protein","hypothetical protein","CDS","","",1705.60750526982,2.21585231591964,0.0778625590732588,28.4585087145004,3.824080053916e-178,3.45877655994767e-177,"Up in serum","hypothetical protein","AENJPLPP_00670"
"AENJPLPP_00059",NA,"hypothetical protein","hypothetical protein","CDS","","",1259.33753229665,2.27980983614153,0.0802654992071742,28.4033595836373,1.8378733828464e-177,1.65701259453445e-176,"Up in serum","hypothetical protein","AENJPLPP_00059"
"AENJPLPP_01887","yhdG","putative amino acid permease YhdG","yhdG","CDS","","COG0531",4321.99986787905,-2.4457280237559,0.0861484239579089,-28.3897013014522,2.70996781227647e-177,2.43552980208085e-176,"Down in serum","yhdG
(AENJPLPP_01887)","AENJPLPP_01887"
"AENJPLPP_02007","pta","Phosphate acetyltransferase","pta","CDS","2.3.1.8","COG0280",4433.04339276132,-1.67550694346976,0.0591034592239461,-28.3487119953703,8.68165462843774e-177,7.77777349781875e-176,"Not significant","pta
(AENJPLPP_02007)","AENJPLPP_02007"
"AENJPLPP_00891",NA,"hypothetical protein","hypothetical protein","CDS","","",4351.20281797803,-1.7064851437232,0.0604707835958365,-28.2199938920701,3.32440188612679e-175,2.96889013868295e-174,"Not significant","hypothetical protein","AENJPLPP_00891"
"AENJPLPP_00480","cysK","Cysteine synthase","cysK","CDS","2.5.1.47","",9039.65346420371,1.78731996428256,0.0634152739494375,28.1843766173373,9.08872400294926e-175,8.09125083407212e-174,"Not significant","cysK
(AENJPLPP_00480)","AENJPLPP_00480"
"AENJPLPP_02521",NA,"hypothetical protein","hypothetical protein","CDS","","",3496.2055137922,2.47315209137068,0.0878905263190228,28.1390064999007,3.26661965557978e-174,2.89899694198945e-173,"Up in serum","hypothetical protein","AENJPLPP_02521"
"AENJPLPP_00325",NA,"hypothetical protein","hypothetical protein","CDS","","",709.866811065225,3.10059724326988,0.110423204160033,28.0792181938162,1.7574932148995e-173,1.5548322785564e-172,"Up in serum","hypothetical protein","AENJPLPP_00325"
"AENJPLPP_01671",NA,"Putative universal stress protein","Putative universal stress protein","CDS","","",5443.38548993149,1.77276057660357,0.0632256512669263,28.0386289596184,5.49710518884518e-173,4.84807002791922e-172,"Not significant","Putative universal stress protein","AENJPLPP_01671"
"AENJPLPP_00495","menH_1","2-succinyl-6-hydroxy-2,4-cyclohexadiene-1-carboxylate synthase","menH_1","CDS","4.2.99.20","",1702.1025837707,-2.11023963857708,0.0754168254267629,-27.9810191775618,2.7657945474569e-172,2.43166595150636e-171,"Down in serum","menH_1
(AENJPLPP_00495)","AENJPLPP_00495"
"AENJPLPP_00582","purH","Bifunctional purine biosynthesis protein PurH","purH","CDS","","",33334.8487709531,8.31346703195677,0.297827311432147,27.913716146381,1.81863732290028e-171,1.59398212418907e-170,"Up in serum","purH
(AENJPLPP_00582)","AENJPLPP_00582"
"AENJPLPP_01460","pdp","Pyrimidine-nucleoside phosphorylase","pdp","CDS","2.4.2.2","COG0213",5979.02119671746,-1.99051012863073,0.0713271587667858,-27.9067631887453,2.20867920919903e-171,1.92986754359335e-170,"Not significant","pdp
(AENJPLPP_01460)","AENJPLPP_01460"
"AENJPLPP_01097",NA,"hypothetical protein","hypothetical protein","CDS","","",3135.88637443539,1.87955465276779,0.0674666731525219,27.8590089734925,8.37816009717208e-171,7.29802191849051e-170,"Not significant","hypothetical protein","AENJPLPP_01097"
"AENJPLPP_00371","gmk_1","Guanylate kinase","gmk_1","CDS","2.7.4.8","COG0194",469.272986407043,-4.08478066401633,0.146837983914112,-27.8182834926799,2.6071160594717e-170,2.26403238170687e-169,"Down in serum","gmk_1
(AENJPLPP_00371)","AENJPLPP_00371"
"AENJPLPP_00656","xerC_4","Tyrosine recombinase XerC","xerC_4","CDS","","COG4974",1504.23648252852,-2.06900632994941,0.074566153218169,-27.7472585168208,1.8803916109306e-169,1.6279475995549e-168,"Down in serum","xerC_4
(AENJPLPP_00656)","AENJPLPP_00656"
"AENJPLPP_01917","metN2","Methionine import ATP-binding protein MetN 2","metN2","CDS","3.6.3.-","COG1135",1260.67367195127,-2.35431510002231,0.0849362676915084,-27.7186078928411,4.1664998597645e-169,3.59614667774186e-168,"Down in serum","metN2
(AENJPLPP_01917)","AENJPLPP_01917"
"AENJPLPP_01278","ptsG_2","PTS system glucose-specific EIICBA component","ptsG_2","CDS","2.7.1.199","COG1263",904.386907777722,-2.54007338642665,0.0916404216844661,-27.7178273488589,4.25774508034011e-169,3.66373140499783e-168,"Down in serum","ptsG_2
(AENJPLPP_01278)","AENJPLPP_01278"
"AENJPLPP_00093",NA,"hypothetical protein","hypothetical protein","CDS","","",1213.65947448268,2.84834497066867,0.102920017422702,27.6753253836935,1.38381490493103e-168,1.18714545329084e-167,"Up in serum","hypothetical protein","AENJPLPP_00093"
"AENJPLPP_00114","tsaD","tRNA N6-adenosine threonylcarbamoyltransferase","tsaD","CDS","2.3.1.234","COG0533",2916.30659381882,-1.86457104069018,0.0674459691577744,-27.6454036315862,3.1694866198567e-168,2.71082073136384e-167,"Not significant","tsaD
(AENJPLPP_00114)","AENJPLPP_00114"
"AENJPLPP_01161",NA,"putative ABC transporter ATP-binding protein","putative ABC transporter ATP-binding protein","CDS","","COG1132",3798.67256926433,-1.74839013861315,0.0635107982453051,-27.5290216296785,7.89198155379128e-167,6.72957824662142e-166,"Not significant","putative ABC transporter ATP-binding protein","AENJPLPP_01161"
"AENJPLPP_02052","rpmE2","50S ribosomal protein L31 type B","rpmE2","CDS","","COG0254",16229.8661959911,-2.10156163789803,0.0765108018124867,-27.4675155417735,4.29221935848637e-166,3.64903093209457e-165,"Down in serum","rpmE2
(AENJPLPP_02052)","AENJPLPP_02052"
"AENJPLPP_00534",NA,"Putative universal stress protein","Putative universal stress protein","CDS","","",942.865372891623,2.84173535310584,0.103639943411326,27.4193062980319,1.61445424333695e-165,1.36841915056494e-164,"Up in serum","Putative universal stress protein","AENJPLPP_00534"
"AENJPLPP_02959","sorA_4","PTS system sorbose-specific EIIC component","sorA_4","CDS","","COG3715",510.027252009442,4.03797089632864,0.147955521005057,27.29178924111,5.30876867730186e-164,4.48630570908703e-163,"Up in serum","sorA_4
(AENJPLPP_02959)","AENJPLPP_02959"
"AENJPLPP_00390","menE","2-succinylbenzoate--CoA ligase","menE","CDS","6.2.1.26","",3009.08510839931,1.73768093827041,0.0637818059390509,27.2441476481697,1.9495659854469e-163,1.64262538833338e-162,"Not significant","menE
(AENJPLPP_00390)","AENJPLPP_00390"
"AENJPLPP_01822","metB","Cystathionine gamma-synthase","metB","CDS","2.5.1.48","COG0626",5867.81385383626,-1.88036415795487,0.069091827149229,-27.2154353928654,4.26519166865766e-163,3.58301412877443e-162,"Not significant","metB
(AENJPLPP_01822)","AENJPLPP_01822"
"AENJPLPP_00585","purF","Amidophosphoribosyltransferase","purF","CDS","2.4.2.14","",25278.0163608228,8.78124895323777,0.322857246433997,27.1985499790631,6.75651626448779e-163,5.65908211383578e-162,"Up in serum","purF
(AENJPLPP_00585)","AENJPLPP_00585"
"AENJPLPP_02674",NA,"hypothetical protein","hypothetical protein","CDS","","",2087.98161295798,-2.63389854128749,0.0968818954559278,-27.1866949845719,9.33070517828932e-163,7.79210217101388e-162,"Down in serum","hypothetical protein","AENJPLPP_02674"
"AENJPLPP_01999","pnuC","Nicotinamide riboside transporter PnuC","pnuC","CDS","","COG3201",1498.75829437201,-1.96600344072836,0.0724596591749047,-27.1323859802153,4.0866572906322e-162,3.40274317346463e-161,"Not significant","pnuC
(AENJPLPP_01999)","AENJPLPP_01999"
"AENJPLPP_01273",NA,"hypothetical protein","hypothetical protein","CDS","","",10725.6772231898,-1.43901359850291,0.0532774476388889,-27.0098073814732,1.13361315918631e-160,9.41131628638255e-160,"Not significant","hypothetical protein","AENJPLPP_01273"
"AENJPLPP_01795",NA,"hypothetical protein","hypothetical protein","CDS","","",648.221571743917,-2.94796162977091,0.109318123822843,-26.9668150776925,3.62294903826436e-160,2.99899670389661e-159,"Down in serum","hypothetical protein","AENJPLPP_01795"
"AENJPLPP_01427","rpsF","30S ribosomal protein S6","rpsF","CDS","","COG0360",8075.56580246725,-1.68982956349871,0.0627137463477111,-26.9451222723897,6.50675895300441e-160,5.37044740406866e-159,"Not significant","rpsF
(AENJPLPP_01427)","AENJPLPP_01427"
"AENJPLPP_00875","mltG","Endolytic murein transglycosylase","mltG","CDS","4.2.2.-","",6786.39324224044,-1.49474801626508,0.0554897584075211,-26.9373675280317,8.0209028780989e-160,6.60092326973778e-159,"Not significant","mltG
(AENJPLPP_00875)","AENJPLPP_00875"
"AENJPLPP_02141","celB","PTS system cellobiose-specific EIIC component","celB","CDS","","COG1455",3814.1921305656,5.46699629192265,0.203150983321546,26.9110008848421,1.63287598473589e-159,1.33990490225719e-158,"Up in serum","celB
(AENJPLPP_02141)","AENJPLPP_02141"
"AENJPLPP_01650","galK_1","Galactokinase","galK_1","CDS","2.7.1.6","",1418.52055858127,-2.21153792643853,0.0823334494195452,-26.8607466592251,6.3175764848221e-159,5.16909220477785e-158,"Down in serum","galK_1
(AENJPLPP_01650)","AENJPLPP_01650"
"AENJPLPP_00939",NA,"hypothetical protein","hypothetical protein","CDS","","",486.9955508698,5.94390936955234,0.221665365243174,26.8147861666692,2.1726233310895e-158,1.77253505772748e-157,"Up in serum","hypothetical protein","AENJPLPP_00939"
"AENJPLPP_00358","mdxE","Maltodextrin-binding protein MdxE","mdxE","CDS","","COG2182",585.923916574346,3.95658811031717,0.147975747953142,26.7380848892216,1.69892149743073e-157,1.38208240207655e-156,"Up in serum","mdxE
(AENJPLPP_00358)","AENJPLPP_00358"
"AENJPLPP_01068","hisS","Histidine--tRNA ligase","hisS","CDS","6.1.1.21","",4747.43790531315,-1.84311230080328,0.0689533592828253,-26.7298405759087,2.11849160389021e-157,1.7184669715224e-156,"Not significant","hisS
(AENJPLPP_01068)","AENJPLPP_01068"
"AENJPLPP_02099","manX_3","PTS system mannose-specific EIIAB component","manX_3","CDS","2.7.1.191","",23820.3892314473,1.60833623458656,0.0602347687471293,26.7011274059753,4.56702653833353e-157,3.69407203714921e-156,"Not significant","manX_3
(AENJPLPP_02099)","AENJPLPP_02099"
"AENJPLPP_00717",NA,"hypothetical protein","hypothetical protein","CDS","","",5415.06052566901,-1.88658607637548,0.0707689330314915,-26.6583936702277,1.43046611902605e-156,1.1537463199324e-155,"Not significant","hypothetical protein","AENJPLPP_00717"
"AENJPLPP_01391","rlhA","23S rRNA 5-hydroxycytidine synthase","rlhA","CDS","","COG0826",2856.48747958632,-2.07068289038626,0.0778072777540745,-26.6129718216215,4.80445121686764e-156,3.86403448720235e-155,"Down in serum","rlhA
(AENJPLPP_01391)","AENJPLPP_01391"
"AENJPLPP_00675",NA,"hypothetical protein","hypothetical protein","CDS","","",860.184915541328,-2.3760082472562,0.0893025359720587,-26.6062796693659,5.74235428412908e-156,4.60527053211599e-155,"Down in serum","hypothetical protein","AENJPLPP_00675"
"AENJPLPP_02078","dltA","D-alanine--D-alanyl carrier protein ligase","dltA","CDS","6.2.1.54","COG1020",1613.37352019535,-2.23049328513041,0.0841769891481746,-26.4976605566651,1.03130998294687e-154,8.24756655853839e-154,"Down in serum","dltA
(AENJPLPP_02078)","AENJPLPP_02078"
"AENJPLPP_00533",NA,"hypothetical protein","hypothetical protein","CDS","","",411.413671583632,3.61899334655026,0.137412292281786,26.3367511483538,7.27974228972924e-153,5.8053381471052e-152,"Up in serum","hypothetical protein","AENJPLPP_00533"
"AENJPLPP_01796","bceA_1","Bacitracin export ATP-binding protein BceA","bceA_1","CDS","","COG1136",1595.36756549382,-2.28531956010038,0.0868215541713921,-26.3220300754924,1.07322137527203e-152,8.53452166684019e-152,"Down in serum","bceA_1
(AENJPLPP_01796)","AENJPLPP_01796"
"AENJPLPP_02159",NA,"hypothetical protein","hypothetical protein","CDS","","",688.86004883619,2.62245914152417,0.099848297452246,26.2644352326428,4.89005499709251e-152,3.87779991506131e-151,"Up in serum","hypothetical protein","AENJPLPP_02159"
"AENJPLPP_01274",NA,"putative oxidoreductase","putative oxidoreductase","CDS","1.-.-.-","",1232.74293668259,2.19785981318274,0.0836983293191855,26.2593032747542,5.59667801181476e-152,4.42575291939876e-151,"Up in serum","putative oxidoreductase","AENJPLPP_01274"
"AENJPLPP_01486","rpmC","50S ribosomal protein L29","rpmC","CDS","","COG0255",7395.39623882111,-2.55601381355278,0.0973418966142828,-26.258105733043,5.77572955126058e-152,4.55462127008878e-151,"Down in serum","rpmC
(AENJPLPP_01486)","AENJPLPP_01486"
"AENJPLPP_01911",NA,"hypothetical protein","hypothetical protein","CDS","","",728.63002987243,-2.6593413892808,0.101285394534029,-26.255921710285,6.11713244667471e-152,4.81044498792669e-151,"Down in serum","hypothetical protein","AENJPLPP_01911"
"AENJPLPP_02096","rpmA","50S ribosomal protein L27","rpmA","CDS","","",39849.514807234,-1.74545506813733,0.0665054305624399,-26.2453013742777,8.08723713157373e-152,6.34209648739203e-151,"Not significant","rpmA
(AENJPLPP_02096)","AENJPLPP_02096"
"AENJPLPP_02279",NA,"hypothetical protein","hypothetical protein","CDS","","",1335.02992906892,2.15436110384126,0.0820988857874107,26.2410516681045,9.04285021781416e-152,7.0719085543182e-151,"Up in serum","hypothetical protein","AENJPLPP_02279"
"AENJPLPP_00538",NA,"hypothetical protein","hypothetical protein","CDS","","",5184.56276141211,1.63983381225312,0.062576131179995,26.2054202030527,2.3050825456209e-151,1.79771038199801e-150,"Not significant","hypothetical protein","AENJPLPP_00538"
"AENJPLPP_01255","cysS","Cysteine--tRNA ligase","cysS","CDS","6.1.1.16","COG0215",3934.31512720681,-1.59419397364974,0.0609308737288038,-26.1639769149759,6.83375729698115e-151,5.31493596366858e-150,"Not significant","cysS
(AENJPLPP_01255)","AENJPLPP_01255"
"AENJPLPP_00595","xpt","Xanthine phosphoribosyltransferase","xpt","CDS","2.4.2.22","COG0503",5600.28662431641,1.50636288270036,0.0576548647084115,26.12724685625,1.78786139243565e-150,1.38669468547543e-149,"Not significant","xpt
(AENJPLPP_00595)","AENJPLPP_00595"
"AENJPLPP_01096","hit","Protein hit","hit","CDS","","COG0537",2364.08774471502,1.91960763284136,0.0735596903387947,26.0959178049853,4.05628518106702e-150,3.13752550480895e-149,"Not significant","hit
(AENJPLPP_01096)","AENJPLPP_01096"
"AENJPLPP_00156","dnaK","Chaperone protein DnaK","dnaK","CDS","","COG0443",24469.8230425387,-1.38132256054355,0.0535973566038588,-25.7722143043916,1.81724255499855e-146,1.40180209079044e-145,"Not significant","dnaK
(AENJPLPP_00156)","AENJPLPP_00156"
"AENJPLPP_00747","manP_1","PTS system mannose-specific EIIBCA component","manP_1","CDS","","COG1299",534.329409261789,3.08601833060105,0.119769861944504,25.7662343472599,2.12049699687386e-146,1.63128451036682e-145,"Up in serum","manP_1
(AENJPLPP_00747)","AENJPLPP_00747"
"AENJPLPP_00657","trmFO","Methylenetetrahydrofolate--tRNA-(uracil-5-)-methyltransferase TrmFO","trmFO","CDS","2.1.1.74","COG1206",4603.61379599702,-1.49409039557535,0.0580790104321384,-25.7251351987323,6.118810939102e-146,4.69440481533815e-145,"Not significant","trmFO
(AENJPLPP_00657)","AENJPLPP_00657"
"AENJPLPP_01028","nusG","Transcription termination/antitermination protein NusG","nusG","CDS","","",3329.95327745676,-1.59777957031835,0.0621474798932693,-25.7094828794721,9.15692223138268e-146,7.00628292893091e-145,"Not significant","nusG
(AENJPLPP_01028)","AENJPLPP_01028"
"AENJPLPP_00511","trpS2","Tryptophan--tRNA ligase 2","trpS2","CDS","6.1.1.2","COG0180",2820.32816953605,-1.71108275675221,0.066680453980962,-25.6609344207635,3.19244399557574e-145,2.43606710282343e-144,"Not significant","trpS2
(AENJPLPP_00511)","AENJPLPP_00511"
"AENJPLPP_00266",NA,"hypothetical protein","hypothetical protein","CDS","","",1310.61803825354,2.04876755180926,0.0798867885014703,25.6458870138653,4.69918397833373e-145,3.57618006523193e-144,"Up in serum","hypothetical protein","AENJPLPP_00266"
"AENJPLPP_01985","eat(A)","ABC-F type ribosomal protection protein Eat(A)","eat(A)","CDS","","",1723.71995999062,1.85107539501215,0.072318817747585,25.5960405972477,1.6885271923184e-144,1.2815604507918e-143,"Not significant","eat(A)
(AENJPLPP_01985)","AENJPLPP_01985"
"AENJPLPP_00684","der","GTPase Der","der","CDS","","COG1160",7772.44336565745,-1.55703926502801,0.0608990783665242,-25.5675341366727,3.50508168284895e-144,2.65317814014582e-143,"Not significant","der
(AENJPLPP_00684)","AENJPLPP_00684"
"AENJPLPP_00046",NA,"hypothetical protein","hypothetical protein","CDS","","",1134.48800198773,2.099065752747,0.0823345904047438,25.4943364924551,2.27798513859219e-143,1.7197269139612e-142,"Up in serum","hypothetical protein","AENJPLPP_00046"
"AENJPLPP_01833","dapX","putative N-acetyl-LL-diaminopimelate aminotransferase","dapX","CDS","2.6.1.-","COG0436",3678.90364490456,1.94245305768998,0.0765714092427081,25.3678635002393,5.70881499694192e-142,4.29831256817622e-141,"Not significant","dapX
(AENJPLPP_01833)","AENJPLPP_01833"
"AENJPLPP_00941",NA,"hypothetical protein","hypothetical protein","CDS","","",383.937874720559,3.69310929368794,0.145947202482748,25.304419892012,2.85576272233978e-141,2.14447328035648e-140,"Up in serum","hypothetical protein","AENJPLPP_00941"
"AENJPLPP_01998",NA,"hypothetical protein","hypothetical protein","CDS","","",982.857054248154,-2.15979249127098,0.085531941877995,-25.2512972796965,1.09600830969955e-140,8.2084643512154e-140,"Down in serum","hypothetical protein","AENJPLPP_01998"
"AENJPLPP_00107",NA,"hypothetical protein","hypothetical protein","CDS","","",3511.69676156514,2.41817428397622,0.0962252556614285,25.1303492763339,2.31788636989977e-139,1.7313816129779e-138,"Up in serum","hypothetical protein","AENJPLPP_00107"
"AENJPLPP_01672",NA,"hypothetical protein","hypothetical protein","CDS","","",5597.17204253869,-1.44747076343127,0.0577511274520909,-25.0639394812172,1.23048034939496e-138,9.16707860299245e-138,"Not significant","hypothetical protein","AENJPLPP_01672"
"AENJPLPP_00391","xerC_3","Tyrosine recombinase XerC","xerC_3","CDS","","",889.594953395587,2.12460644768635,0.0847711578798351,25.062845675625,1.2647349869897e-138,9.39754527078174e-138,"Up in serum","xerC_3
(AENJPLPP_00391)","AENJPLPP_00391"
"AENJPLPP_02062",NA,"hypothetical protein","hypothetical protein","CDS","","",4244.14728904353,1.58774926025748,0.0634263581096079,25.0329564487003,2.67704750903817e-138,1.98395850735263e-137,"Not significant","hypothetical protein","AENJPLPP_02062"
"AENJPLPP_00655","hslV","ATP-dependent protease subunit HslV","hslV","CDS","3.4.25.2","COG5405",2174.07916992356,-2.13272889692339,0.0852551823924901,-25.0158270391695,4.11257727252148e-138,3.03987108577241e-137,"Down in serum","hslV
(AENJPLPP_00655)","AENJPLPP_00655"
"AENJPLPP_01413","mnmG","tRNA uridine 5-carboxymethylaminomethyl modification enzyme MnmG","mnmG","CDS","","",5928.66255196636,-1.38367217703339,0.0553397762314907,-25.0032123593232,5.64087832488039e-138,4.15867878586885e-137,"Not significant","mnmG
(AENJPLPP_01413)","AENJPLPP_01413"
"AENJPLPP_01478","rplC","50S ribosomal protein L3","rplC","CDS","","COG0087",33051.1403111647,-2.11990360702777,0.0848399779469599,-24.9870834284408,8.44714091323718e-138,6.21139114944791e-137,"Down in serum","rplC
(AENJPLPP_01478)","AENJPLPP_01478"
"AENJPLPP_00045",NA,"hypothetical protein","hypothetical protein","CDS","","",971.446237876253,2.21571930958572,0.0889191234326638,24.9183665340968,4.70516957211488e-137,3.45086400483348e-136,"Up in serum","hypothetical protein","AENJPLPP_00045"
"AENJPLPP_00641",NA,"hypothetical protein","hypothetical protein","CDS","","",365.870979544439,3.94516927441109,0.158567867359879,24.880004632069,1.22481841072724e-136,8.95984734048792e-136,"Up in serum","hypothetical protein","AENJPLPP_00641"
"AENJPLPP_01070","cypC","Fatty-acid peroxygenase","cypC","CDS","1.11.2.4","",2347.68461022103,1.64537815949399,0.0662482931422623,24.8365366328864,3.61493871955117e-136,2.63760090594056e-135,"Not significant","cypC
(AENJPLPP_01070)","AENJPLPP_01070"
"AENJPLPP_00032",NA,"hypothetical protein","hypothetical protein","CDS","","",8933.68470242168,1.40735838354204,0.0566667761587558,24.8356881923057,3.69204653589146e-136,2.68693669488656e-135,"Not significant","hypothetical protein","AENJPLPP_00032"
"AENJPLPP_00277","prsA_1","Foldase protein PrsA","prsA_1","CDS","5.2.1.8","",853.491714969177,-2.44364517722714,0.098571039660656,-24.7907010582389,1.12938985143236e-135,8.19821197283333e-135,"Down in serum","prsA_1
(AENJPLPP_00277)","AENJPLPP_00277"
"AENJPLPP_02769",NA,"hypothetical protein","hypothetical protein","CDS","","",535.314752463008,2.64275711143964,0.106781824159379,24.7491287233972,3.16797835518913e-135,2.29374596509986e-134,"Up in serum","hypothetical protein","AENJPLPP_02769"
"AENJPLPP_00094","rpmGA_1","50S ribosomal protein L33 1","rpmGA_1","CDS","","",1008.74243486127,-2.88664401839576,0.116663519861695,-24.7433304071219,3.65762364516944e-135,2.64151340292722e-134,"Down in serum","rpmGA_1
(AENJPLPP_00094)","AENJPLPP_00094"
"AENJPLPP_01594",NA,"hypothetical protein","hypothetical protein","CDS","","",1891.01029795336,1.71641507949563,0.0694267012858513,24.7226938296927,6.09854395531505e-135,4.39312415712389e-134,"Not significant","hypothetical protein","AENJPLPP_01594"
"AENJPLPP_00951",NA,"hypothetical protein","hypothetical protein","CDS","","",387.233477647293,3.35978454283121,0.136008126720676,24.702821984537,9.97358049282729e-135,7.16629603431321e-134,"Up in serum","hypothetical protein","AENJPLPP_00951"
"AENJPLPP_01145","licR_2","putative licABCH operon regulator","licR_2","CDS","","COG1762",509.035933681137,3.99427474696904,0.161851087582453,24.6787019267585,1.81098494408849e-134,1.29794895613026e-133,"Up in serum","licR_2
(AENJPLPP_01145)","AENJPLPP_01145"
"AENJPLPP_02749","aldC","Alpha-acetolactate decarboxylase","aldC","CDS","4.1.1.5","COG3527",1291.06770466199,-1.88711605638413,0.076560303015938,-24.6487537541652,3.79511511404599e-134,2.71312396158187e-133,"Not significant","aldC
(AENJPLPP_02749)","AENJPLPP_02749"
"AENJPLPP_01277","sacY","Levansucrase and sucrase synthesis operon antiterminator","sacY","CDS","","COG3711",682.426502096052,-2.4918935539438,0.101291096679004,-24.6013088577837,1.22309202695228e-133,8.72184767834234e-133,"Down in serum","sacY
(AENJPLPP_01277)","AENJPLPP_01277"
"AENJPLPP_03050",NA,"hypothetical protein","hypothetical protein","CDS","","",8352.94467053282,1.58547054889622,0.0644879446242599,24.5855339030263,1.80395510789608e-133,1.28316505287784e-132,"Not significant","hypothetical protein","AENJPLPP_03050"
"AENJPLPP_02415",NA,"hypothetical protein","hypothetical protein","CDS","","",12807.6532507301,1.59152135180399,0.0647899310303844,24.5643316251967,3.04008664086076e-133,2.15701385470597e-132,"Not significant","hypothetical protein","AENJPLPP_02415"
"AENJPLPP_01982",NA,"hypothetical protein","hypothetical protein","CDS","","",1411.29711316062,1.97870273414686,0.0807615801495832,24.5005450671221,1.45751400467682e-132,1.03155553681002e-131,"Not significant","hypothetical protein","AENJPLPP_01982"
"AENJPLPP_00421","topB_1","DNA topoisomerase 3","topB_1","CDS","5.6.2.1","COG0550",3888.97743743922,-1.69498098024586,0.0693326210099115,-24.4470922281094,5.40380960239127e-132,3.81500872428172e-131,"Not significant","topB_1
(AENJPLPP_00421)","AENJPLPP_00421"
"AENJPLPP_00139",NA,"phosphoketolase","phosphoketolase","CDS","4.1.2.-","",620.472998724314,2.39350209692942,0.0979130909477836,24.4451694228084,5.66432497591122e-132,3.98898109622007e-131,"Up in serum","phosphoketolase","AENJPLPP_00139"
"AENJPLPP_00970",NA,"hypothetical protein","hypothetical protein","CDS","","",332.581298806801,4.84287307509026,0.198282029862944,24.4241653085644,9.47136487233868e-132,6.65345755672228e-131,"Up in serum","hypothetical protein","AENJPLPP_00970"
"AENJPLPP_00103","glcK","Glucokinase","glcK","CDS","2.7.1.2","COG1940",4258.70294273306,-1.94874587553757,0.0800342810854876,-24.3488896146395,5.95646502395319e-131,4.17394863435928e-130,"Not significant","glcK
(AENJPLPP_00103)","AENJPLPP_00103"
"AENJPLPP_00334",NA,"hypothetical protein","hypothetical protein","CDS","","",2362.47091328743,-1.66325351234835,0.0686739552681338,-24.2195677510384,1.38416373868263e-129,9.67547541780378e-129,"Not significant","hypothetical protein","AENJPLPP_00334"
"AENJPLPP_01418","misCA","Membrane protein insertase MisCA","misCA","CDS","","COG0706",4191.29842308992,-1.50411276974706,0.0622886307187653,-24.1474688460911,7.93808897141882e-129,5.53515514238588e-128,"Not significant","misCA
(AENJPLPP_01418)","AENJPLPP_01418"
"AENJPLPP_00570","pdhB","Pyruvate dehydrogenase E1 component subunit beta","pdhB","CDS","1.2.4.1","",3377.62040932531,-1.56525048854559,0.0649888358436242,-24.084913481323,3.59760978864074e-128,2.50241604708647e-127,"Not significant","pdhB
(AENJPLPP_00570)","AENJPLPP_00570"
"AENJPLPP_02358",NA,"hypothetical protein","hypothetical protein","CDS","","",490.306706584556,2.83773958318594,0.118267077227721,23.9943325708636,3.18665119915023e-127,2.21112979039076e-126,"Up in serum","hypothetical protein","AENJPLPP_02358"
"AENJPLPP_01823","cysM","Cysteine synthase","cysM","CDS","2.5.1.47","COG0031",4518.69782314525,-1.78569490139504,0.0744245954854968,-23.9933437292652,3.2632961065014e-127,2.25877537347322e-126,"Not significant","cysM
(AENJPLPP_01823)","AENJPLPP_01823"
"AENJPLPP_00113","rimI","[Ribosomal protein S18]-alanine N-acetyltransferase","rimI","CDS","2.3.1.266","COG0456",1172.43318990953,-2.14602338877641,0.0894579916673529,-23.9891746816354,3.60719924019992e-127,2.49072708512341e-126,"Down in serum","rimI
(AENJPLPP_00113)","AENJPLPP_00113"
"AENJPLPP_00897",NA,"hypothetical protein","hypothetical protein","CDS","","",4428.02722844257,-1.48140919386305,0.0619166709200255,-23.9258534389955,1.64872133694773e-126,1.13565209364939e-125,"Not significant","hypothetical protein","AENJPLPP_00897"
"AENJPLPP_01829","dapH_2","2,3,4,5-tetrahydropyridine-2,6-dicarboxylate N-acetyltransferase","dapH_2","CDS","2.3.1.89","COG2171",1629.09045280443,2.29488562841617,0.0961603149890238,23.865204982722,7.04104258718653e-126,4.83815329231191e-125,"Up in serum","dapH_2
(AENJPLPP_01829)","AENJPLPP_01829"
"AENJPLPP_00873",NA,"hypothetical protein","hypothetical protein","CDS","","",3119.95234281998,-1.66457838661771,0.0697897636652279,-23.8513257417301,9.81067010454921e-126,6.7249411782031e-125,"Not significant","hypothetical protein","AENJPLPP_00873"
"AENJPLPP_02272","ywlC","Threonylcarbamoyl-AMP synthase","ywlC","CDS","2.7.7.87","COG0009",1662.27491363014,-1.84657852312198,0.0774304602837812,-23.8482183413905,1.05667386630308e-125,7.22570945773917e-125,"Not significant","ywlC
(AENJPLPP_02272)","AENJPLPP_02272"
"AENJPLPP_02277",NA,"hypothetical protein","hypothetical protein","CDS","","",1013.87454783066,2.19136408384746,0.0920455067922163,23.8073987554248,2.79959431019063e-125,1.90979554027703e-124,"Up in serum","hypothetical protein","AENJPLPP_02277"
"AENJPLPP_00996",NA,"DegV domain-containing protein","DegV domain-containing protein","CDS","","",6696.78390880924,-1.85434053026433,0.0779247489352068,-23.7965544400559,3.6256901971111e-125,2.46738676635133e-124,"Not significant","DegV domain-containing protein","AENJPLPP_00996"
"AENJPLPP_00803","pfkA","ATP-dependent 6-phosphofructokinase","pfkA","CDS","2.7.1.11","",40812.8393605386,-1.40030966063173,0.0589658257392882,-23.7478173683698,1.15729951332094e-124,7.85687031705412e-124,"Not significant","pfkA
(AENJPLPP_00803)","AENJPLPP_00803"
"AENJPLPP_02061",NA,"hypothetical protein","hypothetical protein","CDS","","",4915.23701877416,1.4415643312061,0.0607595897533735,23.7257087656036,1.95776610606755e-124,1.32594159001848e-123,"Not significant","hypothetical protein","AENJPLPP_02061"
"AENJPLPP_01293","mutS_1","DNA mismatch repair protein MutS","mutS_1","CDS","","",1618.71746440933,1.676819244956,0.0706760123890672,23.7254365133846,1.9704754442302e-124,1.33136419632833e-123,"Not significant","mutS_1
(AENJPLPP_01293)","AENJPLPP_01293"
"AENJPLPP_00687",NA,"hypothetical protein","hypothetical protein","CDS","","",5003.86995993959,-1.47138540892319,0.0620538303039857,-23.7114357279035,2.74818255214122e-124,1.852405905979e-123,"Not significant","hypothetical protein","AENJPLPP_00687"
"AENJPLPP_02993",NA,"hypothetical protein","hypothetical protein","CDS","","",5908.99285832143,1.9582858536703,0.0829915871402417,23.5961971706979,4.21665018661993e-123,2.83547189508813e-122,"Not significant","hypothetical protein","AENJPLPP_02993"
"AENJPLPP_00719","thlA","Acetyl-CoA acetyltransferase","thlA","CDS","2.3.1.9","COG0183",3496.76334966514,-1.39616442497773,0.0591930176433932,-23.5866404613613,5.28514999641667e-123,3.54555915636389e-122,"Not significant","thlA
(AENJPLPP_00719)","AENJPLPP_00719"
"AENJPLPP_01973",NA,"Phosphorylated carbohydrates phosphatase","Phosphorylated carbohydrates phosphatase","CDS","3.1.3.-","COG0637",3374.82951051115,-1.64231161091694,0.0696569189129311,-23.577149787084,6.61348077350619e-123,4.42618535928984e-122,"Not significant","Phosphorylated carbohydrates phosphatase","AENJPLPP_01973"
"AENJPLPP_02475","gloA","Lactoylglutathione lyase","gloA","CDS","4.4.1.5","COG0346",3642.14075417201,1.69132077533652,0.0717613745410521,23.5686786401921,8.0781089453656e-123,5.39366189253067e-122,"Not significant","gloA
(AENJPLPP_02475)","AENJPLPP_02475"
"AENJPLPP_00625",NA,"hypothetical protein","hypothetical protein","CDS","","",969.45287154504,2.02043815484653,0.0857850162752383,23.5523433179056,1.1878347474419e-122,7.91237687060709e-122,"Up in serum","hypothetical protein","AENJPLPP_00625"
"AENJPLPP_00483","tkt","Transketolase","tkt","CDS","2.2.1.1","",52178.0793571688,1.48761097750007,0.0632528085038446,23.5184968491897,2.6383558288455e-122,1.7533298947093e-121,"Not significant","tkt
(AENJPLPP_00483)","AENJPLPP_00483"
"AENJPLPP_00408","yhhX","putative oxidoreductase YhhX","yhhX","CDS","1.-.-.-","COG0673",2044.60870615312,-1.7534535351795,0.074737685920872,-23.4614373401386,1.0103706105103e-121,6.69873348560813e-121,"Not significant","yhhX
(AENJPLPP_00408)","AENJPLPP_00408"
"AENJPLPP_02705",NA,"hypothetical protein","hypothetical protein","CDS","","",375.854302820719,-3.38329540989956,0.144809430114679,-23.3637782236987,9.98344216243753e-121,6.60353382286463e-120,"Down in serum","hypothetical protein","AENJPLPP_02705"
"AENJPLPP_01078",NA,"hypothetical protein","hypothetical protein","CDS","","",555.376843300405,2.51604893864396,0.107695237353475,23.3626760149646,1.02443475575642e-120,6.76031420407093e-120,"Up in serum","hypothetical protein","AENJPLPP_01078"
"AENJPLPP_01630","tgt","Queuine tRNA-ribosyltransferase","tgt","CDS","2.4.2.29","",1126.07709781215,-2.04635971026539,0.0876337970841237,-23.3512614807845,1.33808146394669e-120,8.80955494054202e-120,"Down in serum","tgt
(AENJPLPP_01630)","AENJPLPP_01630"
"AENJPLPP_00498",NA,"hypothetical protein","hypothetical protein","CDS","","",2035.94450951575,-2.04639804654392,0.0877380718721586,-23.3239459550204,2.53421000291034e-120,1.66458202279331e-119,"Down in serum","hypothetical protein","AENJPLPP_00498"
"AENJPLPP_02487","cggR","Central glycolytic genes regulator","cggR","CDS","","COG2390",4623.83153618834,-1.6469241315267,0.0709197113576005,-23.2223749927911,2.70613792216905e-119,1.77339732816217e-118,"Not significant","cggR
(AENJPLPP_02487)","AENJPLPP_02487"
"AENJPLPP_01230",NA,"hypothetical protein","hypothetical protein","CDS","","",5240.88458082997,1.38280194747522,0.0597392682783208,23.1472863215004,1.54818347816527e-118,1.01221880523923e-117,"Not significant","hypothetical protein","AENJPLPP_01230"
"AENJPLPP_01954","licT_2","Transcription antiterminator LicT","licT_2","CDS","","COG3711",2306.5834381674,2.058200969198,0.0891648066851441,23.0831091965001,6.84360978794827e-118,4.46411504831372e-117,"Up in serum","licT_2
(AENJPLPP_01954)","AENJPLPP_01954"
"AENJPLPP_00056",NA,"hypothetical protein","hypothetical protein","CDS","","",913.441958138071,1.95904509652484,0.0848697325881095,23.0829653491722,6.86641393585295e-118,4.46869375917234e-117,"Not significant","hypothetical protein","AENJPLPP_00056"
"AENJPLPP_00589","purC","Phosphoribosylaminoimidazole-succinocarboxamide synthase","purC","CDS","6.3.2.6","COG0152",18940.0155376014,8.99458823951255,0.390936079326717,23.007823312198,3.89223369903219e-117,2.52727376191746e-116,"Up in serum","purC
(AENJPLPP_00589)","AENJPLPP_00589"
"AENJPLPP_00703","mapZ","Mid-cell-anchored protein Z","mapZ","CDS","","",5440.96496183141,-1.33800949344322,0.0581929706492789,-22.9926308712992,5.52382668262266e-117,3.57847902482946e-116,"Not significant","mapZ
(AENJPLPP_00703)","AENJPLPP_00703"
"AENJPLPP_02554","ponA_2","Penicillin-binding protein 1A/1B","ponA_2","CDS","","COG0744",14089.346384907,1.18770165225088,0.0516997289332768,22.9730731041882,8.66603971912515e-117,5.60126905133409e-116,"Not significant","ponA_2
(AENJPLPP_02554)","AENJPLPP_02554"
"AENJPLPP_02413",NA,"hypothetical protein","hypothetical protein","CDS","","",4640.31488476989,1.53475153246605,0.066867043968456,22.9522862292232,1.39801169505632e-116,9.01542393782334e-116,"Not significant","hypothetical protein","AENJPLPP_02413"
"AENJPLPP_01858","argR_2","Arginine repressor","argR_2","CDS","","",1811.21372613249,1.63341913368697,0.0712387185422244,22.9288112856608,2.39791243270933e-116,1.54283865840911e-115,"Not significant","argR_2
(AENJPLPP_01858)","AENJPLPP_01858"
"AENJPLPP_00987","groS","10 kDa chaperonin","groS","CDS","","COG0234",1895.1080472428,-1.71714283532423,0.0753143480591446,-22.7996773466824,4.61905363293859e-115,2.96520200336715e-114,"Not significant","groS
(AENJPLPP_00987)","AENJPLPP_00987"
"AENJPLPP_00231",NA,"hypothetical protein","hypothetical protein","CDS","","",385.524161999231,-3.02792886457732,0.133306606976926,-22.7140194566757,3.25651635784238e-114,2.08579135951398e-113,"Down in serum","hypothetical protein","AENJPLPP_00231"
"AENJPLPP_00881",NA,"hypothetical protein","hypothetical protein","CDS","","",3063.67833223284,-1.43980277054595,0.0635941458500023,-22.6404923173585,1.73099523878009e-113,1.10619582866511e-112,"Not significant","hypothetical protein","AENJPLPP_00881"
"AENJPLPP_02490","tpiA","Triosephosphate isomerase","tpiA","CDS","5.3.1.1","COG0149",43291.190875985,-1.42790546084805,0.0631207184162986,-22.6218188999468,2.64354143201992e-113,1.68555535901991e-112,"Not significant","tpiA
(AENJPLPP_02490)","AENJPLPP_02490"
"AENJPLPP_01044","cutC","Copper homeostasis protein CutC","cutC","CDS","","COG3142",1160.19123368764,-1.74103915956092,0.0772086495796693,-22.549794213981,1.34911194539215e-112,8.58277734248352e-112,"Not significant","cutC
(AENJPLPP_01044)","AENJPLPP_01044"
"AENJPLPP_02665","phoR_3","Alkaline phosphatase synthesis sensor protein PhoR","phoR_3","CDS","2.7.13.3","COG0642",4424.58790187233,1.39676244367558,0.0619670686159837,22.5403988743031,1.66809208523223e-112,1.05882706127633e-111,"Not significant","phoR_3
(AENJPLPP_02665)","AENJPLPP_02665"
"AENJPLPP_00040",NA,"hypothetical protein","hypothetical protein","CDS","","",803.898871384048,1.91114439589624,0.0850003129173036,22.4839689443918,5.95682913088682e-112,3.77265844956165e-111,"Not significant","hypothetical protein","AENJPLPP_00040"
"AENJPLPP_00886","ispD","2-C-methyl-D-erythritol 4-phosphate cytidylyltransferase","ispD","CDS","2.7.7.60","COG1211",2695.25017603618,-1.53597328587921,0.0683244388027566,-22.4805840017706,6.42881031987086e-112,4.06249152132911e-111,"Not significant","ispD
(AENJPLPP_00886)","AENJPLPP_00886"
"AENJPLPP_00885","rfbB","dTDP-glucose 4,6-dehydratase","rfbB","CDS","4.2.1.46","COG1088",3036.7695593324,-1.42948680402593,0.0636070638612975,-22.4737115227184,7.50498737995037e-112,4.73198647497539e-111,"Not significant","rfbB
(AENJPLPP_00885)","AENJPLPP_00885"
"AENJPLPP_01733",NA,"hypothetical protein","hypothetical protein","CDS","","",745.540337645524,2.10349352342599,0.0936134694267918,22.4699878800132,8.16135309281502e-112,5.13439791239096e-111,"Up in serum","hypothetical protein","AENJPLPP_01733"
"AENJPLPP_01076",NA,"Putative 3-methyladenine DNA glycosylase","Putative 3-methyladenine DNA glycosylase","CDS","3.2.2.-","",571.585139139858,-2.40971860887854,0.107296994240414,-22.4583980747794,1.05939119897928e-111,6.64997003173028e-111,"Down in serum","Putative 3-methyladenine DNA glycosylase","AENJPLPP_01076"
"AENJPLPP_02771",NA,"hypothetical protein","hypothetical protein","CDS","","",1146.49040877091,1.7166501660511,0.0764445552098767,22.4561469595588,1.11443567621837e-111,6.98001637029689e-111,"Not significant","hypothetical protein","AENJPLPP_02771"
"AENJPLPP_00975",NA,"hypothetical protein","hypothetical protein","CDS","","",276.549418381189,4.99694800538351,0.222850689807788,22.4228518641493,2.3559672544399e-111,1.47234951375703e-110,"Up in serum","hypothetical protein","AENJPLPP_00975"
"AENJPLPP_02565","licH","putative 6-phospho-beta-glucosidase","licH","CDS","3.2.1.86","COG1486",575.90715413077,2.25383087824148,0.10063670940169,22.3957131710789,4.3332432420747e-111,2.70207304368138e-110,"Up in serum","licH
(AENJPLPP_02565)","AENJPLPP_02565"
"AENJPLPP_01765","ccpA_1","Catabolite control protein A","ccpA_1","CDS","","COG1609",1660.73826101602,-1.73256293944994,0.077502553531046,-22.3549142642882,1.0815938080668e-110,6.72965290249912e-110,"Not significant","ccpA_1
(AENJPLPP_01765)","AENJPLPP_01765"
"AENJPLPP_00714",NA,"hypothetical protein","hypothetical protein","CDS","","",1939.67033405113,-1.74105991934576,0.0779498192151677,-22.3356505104887,1.66487225352166e-110,1.03360819072803e-109,"Not significant","hypothetical protein","AENJPLPP_00714"
"AENJPLPP_00209","aroF","Phospho-2-dehydro-3-deoxyheptonate aldolase","aroF","CDS","2.5.1.54","COG2876",1241.67988556776,-1.68108277852587,0.075267167116629,-22.3348751245145,1.69401495323733e-110,1.04939963514549e-109,"Not significant","aroF
(AENJPLPP_00209)","AENJPLPP_00209"
"AENJPLPP_00643",NA,"hypothetical protein","hypothetical protein","CDS","","",359.539636101621,3.07325128256751,0.138263990843251,22.2274162912861,1.8656805320669e-109,1.153218686961e-108,"Up in serum","hypothetical protein","AENJPLPP_00643"
"AENJPLPP_00111","tsaB","tRNA threonylcarbamoyladenosine biosynthesis protein TsaB","tsaB","CDS","","COG1214",763.457772939003,-2.13698977316354,0.0962755655916681,-22.1965953669607,3.7047005967732e-109,2.28496893016665e-108,"Down in serum","tsaB
(AENJPLPP_00111)","AENJPLPP_00111"
"AENJPLPP_01617","kimA","Potassium transporter KimA","kimA","CDS","","COG0531",3327.57541058557,-1.5922652033848,0.0717553200757113,-22.1902041786554,4.27050232706598e-109,2.62821567128778e-108,"Not significant","kimA
(AENJPLPP_01617)","AENJPLPP_01617"
"AENJPLPP_02673","rpsP","30S ribosomal protein S16","rpsP","CDS","","COG0228",11838.6124761736,-2.06078839867319,0.0933937943161978,-22.065581699102,6.769237243962e-108,4.15698712313589e-107,"Down in serum","rpsP
(AENJPLPP_02673)","AENJPLPP_02673"
"AENJPLPP_01801","rbsD","D-ribose pyranase","rbsD","CDS","5.4.99.62","COG1869",320.405695935237,3.82026279180217,0.173133433407081,22.0654250113539,6.79272970842916e-108,4.16238480618246e-107,"Up in serum","rbsD
(AENJPLPP_01801)","AENJPLPP_01801"
"AENJPLPP_00611","dcuS_2","Sensor histidine kinase DcuS","dcuS_2","CDS","2.7.13.3","COG3290",273.232434746856,3.65716743718668,0.166704845177092,21.9379792668992,1.12803239225043e-106,6.89732117162193e-106,"Up in serum","dcuS_2
(AENJPLPP_00611)","AENJPLPP_00611"
"AENJPLPP_02412","endA","DNA-entry nuclease","endA","CDS","3.1.30.-","",2070.15788028639,-1.50604016851088,0.0687206978291687,-21.9153794429549,1.8534345260394e-106,1.13083472914171e-105,"Not significant","endA
(AENJPLPP_02412)","AENJPLPP_02412"
"AENJPLPP_01732","npr_1","NADH peroxidase","npr_1","CDS","1.11.1.1","COG0446",1046.18862958047,1.7607106779004,0.0803576301852917,21.9109333344014,2.04351374641356e-106,1.24412632604232e-105,"Not significant","npr_1
(AENJPLPP_01732)","AENJPLPP_01732"
"AENJPLPP_01598","udk","Uridine kinase","udk","CDS","2.7.1.48","COG0572",3616.4776214304,-1.48957044057382,0.0680111755047381,-21.9018481818485,2.49454579930087e-106,1.51546333858815e-105,"Not significant","udk
(AENJPLPP_01598)","AENJPLPP_01598"
"AENJPLPP_02830","gmuE_5","Putative fructokinase","gmuE_5","CDS","2.7.1.4","COG1940",525.427871328551,-2.35976419500742,0.108174024088419,-21.8145179944364,1.68941034970601e-105,1.02413719486461e-104,"Down in serum","gmuE_5
(AENJPLPP_02830)","AENJPLPP_02830"
"AENJPLPP_00991","yycJ","Putative metallo-hydrolase YycJ","yycJ","CDS","3.-.-.-","COG1235",3847.20271278567,-1.34275087192178,0.0615611744515293,-21.8116513189495,1.79865915052745e-105,1.08803505451778e-104,"Not significant","yycJ
(AENJPLPP_00991)","AENJPLPP_00991"
"AENJPLPP_01651",NA,"Deoxyguanosine kinase","Deoxyguanosine kinase","CDS","2.7.1.113","COG1428",1321.50056205339,-1.7340817045271,0.0796052422958705,-21.783511418532,3.32579527756827e-105,2.00753228801616e-104,"Not significant","Deoxyguanosine kinase","AENJPLPP_01651"
"AENJPLPP_01536","yueI","putative protein YueI","yueI","CDS","","COG5506",1335.03545912161,1.85101814672708,0.0849870946627732,21.7799908806375,3.59144008756066e-105,2.16326955061367e-104,"Not significant","yueI
(AENJPLPP_01536)","AENJPLPP_01536"
"AENJPLPP_00638",NA,"hypothetical protein","hypothetical protein","CDS","","",5390.92534995366,1.50580618099749,0.0692655755924269,21.7396039535999,8.66431518443161e-105,5.20778689747896e-104,"Not significant","hypothetical protein","AENJPLPP_00638"
"AENJPLPP_02414","yrrK","Putative pre-16S rRNA nuclease","yrrK","CDS","3.1.-.-","COG0816",8358.02727365201,1.53809935091551,0.0708460669961796,21.710440905611,1.6348195134743e-104,9.80545348018165e-104,"Not significant","yrrK
(AENJPLPP_02414)","AENJPLPP_02414"
"AENJPLPP_02340","rsmF","Ribosomal RNA small subunit methyltransferase F","rsmF","CDS","2.1.1.-","COG0144",1161.73519466669,-1.7639712117058,0.0813473373411955,-21.6844370001585,2.87756370405005e-104,1.72227967149381e-103,"Not significant","rsmF
(AENJPLPP_02340)","AENJPLPP_02340"
"AENJPLPP_02271","prmC","Release factor glutamine methyltransferase","prmC","CDS","2.1.1.297","COG2890",945.102354631694,-1.86343671578267,0.0860417528423821,-21.6573541824079,5.18151446780906e-104,3.09469777602689e-103,"Not significant","prmC
(AENJPLPP_02271)","AENJPLPP_02271"
"AENJPLPP_01898","iscS_1","Cysteine desulfurase IscS","iscS_1","CDS","2.8.1.7","",1989.8966606151,-1.43577653652939,0.0663416964380705,-21.6421438343783,7.20732015188746e-104,4.29556281052493e-103,"Not significant","iscS_1
(AENJPLPP_01898)","AENJPLPP_01898"
"AENJPLPP_01797","bceB_1","Bacitracin export permease protein BceB","bceB_1","CDS","","COG0577",4340.60581100672,-1.41813554927242,0.0656138572887521,-21.6133543716461,1.34512760889862e-103,8.00011819494116e-103,"Not significant","bceB_1
(AENJPLPP_01797)","AENJPLPP_01797"
"AENJPLPP_01557","queT_2","Queuosine precursor transporter QueT","queT_2","CDS","","COG4708",1900.92338532999,1.52133941596903,0.0704405098980224,21.5975071471159,1.89573262115887e-103,1.1251192977989e-102,"Not significant","queT_2
(AENJPLPP_01557)","AENJPLPP_01557"
"AENJPLPP_00947",NA,"hypothetical protein","hypothetical protein","CDS","","",245.744581519161,4.38751925430237,0.203373131506012,21.5737409450897,3.16993162153681e-103,1.87742184530768e-102,"Up in serum","hypothetical protein","AENJPLPP_00947"
"AENJPLPP_01855","thiO","Glycine oxidase","thiO","CDS","1.4.3.19","COG0665",833.705025452879,-1.85377313424307,0.0859350549659656,-21.5717920350112,3.30634502185343e-103,1.9541258365067e-102,"Not significant","thiO
(AENJPLPP_01855)","AENJPLPP_01855"
"AENJPLPP_00163",NA,"D-aspartate ligase","D-aspartate ligase","CDS","6.3.1.12","",5561.80973279847,-1.22620817984378,0.0570318988479674,-21.5003919668279,1.54378613234699e-102,9.10512195973818e-102,"Not significant","D-aspartate ligase","AENJPLPP_00163"
"AENJPLPP_01406","guaB","Inosine-5'-monophosphate dehydrogenase","guaB","CDS","1.1.1.205","COG0516",23955.4962409995,1.20252781263778,0.055998409093403,21.4743210049416,2.70646159012678e-102,1.59292988807669e-101,"Not significant","guaB
(AENJPLPP_01406)","AENJPLPP_01406"
"AENJPLPP_01649",NA,"hypothetical protein","hypothetical protein","CDS","","",1016.63473550016,-1.75522695844476,0.0817707934629905,-21.4652063910714,3.29284986992536e-102,1.93403692567608e-101,"Not significant","hypothetical protein","AENJPLPP_01649"
"AENJPLPP_00876","pbpX_1","Putative penicillin-binding protein PbpX","pbpX_1","CDS","","COG1680",519.879690273978,-2.45189584653059,0.114367966097889,-21.4386591821698,5.8268383873325e-102,3.4152752535276e-101,"Down in serum","pbpX_1
(AENJPLPP_00876)","AENJPLPP_00876"
"AENJPLPP_00872","liaS","Sensor histidine kinase LiaS","liaS","CDS","2.7.13.3","COG4585",2985.38133598689,-1.34980194170664,0.0632354501725234,-21.3456524469109,4.27948615303097e-101,2.50314572298155e-100,"Not significant","liaS
(AENJPLPP_00872)","AENJPLPP_00872"
"AENJPLPP_01164",NA,"hypothetical protein","hypothetical protein","CDS","","",954.979665559039,-1.91163120531573,0.0896378800469812,-21.3261536787105,6.49327285647006e-101,3.79019700137458e-100,"Not significant","hypothetical protein","AENJPLPP_01164"
"AENJPLPP_00716",NA,"hypothetical protein","hypothetical protein","CDS","","",463.731161770002,2.56179954055497,0.120153752817428,21.3210114581073,7.24750566896116e-101,4.2217466149854e-100,"Up in serum","hypothetical protein","AENJPLPP_00716"
"AENJPLPP_01411","soj_1","Sporulation initiation inhibitor protein Soj","soj_1","CDS","3.6.-.-","COG1192",2420.73218935321,-1.37124964171515,0.0643219672297964,-21.3185277250031,7.64250916131254e-101,4.4426988574283e-100,"Not significant","soj_1
(AENJPLPP_01411)","AENJPLPP_01411"
"AENJPLPP_01148",NA,"hypothetical protein","hypothetical protein","CDS","","",456.657396969872,-2.42369639085424,0.113716759523545,-21.3134493192485,8.51827979911024e-101,4.94164961296744e-100,"Down in serum","hypothetical protein","AENJPLPP_01148"
"AENJPLPP_00586","purL","Phosphoribosylformylglycinamidine synthase subunit PurL","purL","CDS","6.3.5.3","COG0046",56111.1397035326,8.91057113352551,0.418395801393287,21.2969898451483,1.21054566983277e-100,7.00829200674145e-100,"Up in serum","purL
(AENJPLPP_00586)","AENJPLPP_00586"
"AENJPLPP_00928",NA,"hypothetical protein","hypothetical protein","CDS","","",242.495767252019,4.59468881154622,0.215915799983944,21.2800027227645,1.73932304306116e-100,1.00490276222575e-99,"Up in serum","hypothetical protein","AENJPLPP_00928"
"AENJPLPP_02146",NA,"hypothetical protein","hypothetical protein","CDS","","",971.328225691761,2.56190547818868,0.12054126779134,21.2533477134436,3.06978429130786e-100,1.76997135003922e-99,"Up in serum","hypothetical protein","AENJPLPP_02146"
"AENJPLPP_00386","malL_1","Oligo-1,6-glucosidase","malL_1","CDS","3.2.1.10","COG0366",3529.50512864949,1.27786745662702,0.0601480203007389,21.2453784885639,3.63759096359697e-100,2.09309349958191e-99,"Not significant","malL_1
(AENJPLPP_00386)","AENJPLPP_00386"
"AENJPLPP_01470","gpmA_3","2,3-bisphosphoglycerate-dependent phosphoglycerate mutase","gpmA_3","CDS","5.4.2.11","",44352.4317583,-1.62809582699228,0.076652305984665,-21.2400110613501,4.07793943909028e-100,2.34171329656482e-99,"Not significant","gpmA_3
(AENJPLPP_01470)","AENJPLPP_01470"
"AENJPLPP_01272",NA,"hypothetical protein","hypothetical protein","CDS","","",363.028759656727,-2.70696341980512,0.127472754371307,-21.2356235115167,4.47711778761203e-100,2.56573288597766e-99,"Down in serum","hypothetical protein","AENJPLPP_01272"
"AENJPLPP_02163",NA,"hypothetical protein","hypothetical protein","CDS","","",321.307257115489,2.90318327735477,0.137220699608425,21.1570359693496,2.37703315008756e-99,1.35947087836321e-98,"Up in serum","hypothetical protein","AENJPLPP_02163"
"AENJPLPP_00249",NA,"hypothetical protein","hypothetical protein","CDS","","",4443.82952755972,1.36025521410479,0.0642950772173711,21.1564442096553,2.40704700526971e-99,1.37386090159648e-98,"Not significant","hypothetical protein","AENJPLPP_00249"
"AENJPLPP_01514",NA,"hypothetical protein","hypothetical protein","CDS","","",310.374659377599,3.00208889740124,0.142840018500016,21.0171416170805,4.57148139121345e-98,2.60399674417008e-97,"Up in serum","hypothetical protein","AENJPLPP_01514"
"AENJPLPP_01546",NA,"hypothetical protein","hypothetical protein","CDS","","",2642.20699156017,1.34835690286289,0.0641886247834351,21.0061659275625,5.76021452583297e-98,3.27453159089019e-97,"Not significant","hypothetical protein","AENJPLPP_01546"
"AENJPLPP_01080",NA,"hypothetical protein","hypothetical protein","CDS","","",1169.45673261045,1.96141630258026,0.093403968482814,20.9992823050249,6.65837741014654e-98,3.77752834631761e-97,"Not significant","hypothetical protein","AENJPLPP_01080"
"AENJPLPP_00248","dnaI_2","Primosomal protein DnaI","dnaI_2","CDS","","COG1484",5620.29010537926,1.18391849523376,0.0563853062051027,20.9969329762479,6.99586081728836e-98,3.96105639474867e-97,"Not significant","dnaI_2
(AENJPLPP_00248)","AENJPLPP_00248"
"AENJPLPP_00902","rfbA","Glucose-1-phosphate thymidylyltransferase 1","rfbA","CDS","2.7.7.24","COG1209",5218.44925529154,-1.32761942376411,0.063352130409394,-20.9561922414411,1.6475142185922e-97,9.30960629308287e-97,"Not significant","rfbA
(AENJPLPP_00902)","AENJPLPP_00902"
"AENJPLPP_00352",NA,"hypothetical protein","hypothetical protein","CDS","","",506.146953731794,-2.30480244589377,0.109997371291142,-20.953250235348,1.75252271486818e-97,9.88325060914703e-97,"Down in serum","hypothetical protein","AENJPLPP_00352"
"AENJPLPP_00117","arcB","Ornithine carbamoyltransferase, catabolic","arcB","CDS","2.1.3.3","",2395.97090929827,-1.65087263862006,0.0792021156510852,-20.8437947023128,1.7352368196284e-96,9.76631299476738e-96,"Not significant","arcB
(AENJPLPP_00117)","AENJPLPP_00117"
"AENJPLPP_02968",NA,"IS6 family transposase IS1297","IS6 family transposase IS1297","CDS","","",770.487996730273,1.93178248760547,0.0927138939578773,20.8359546249146,2.04399172239155e-96,1.14812312819256e-95,"Not significant","IS6 family transposase IS1297","AENJPLPP_02968"
"AENJPLPP_00118","arcC1","Carbamate kinase 1","arcC1","CDS","2.7.2.2","",613.860736066098,-2.24679209420822,0.107884666006831,-20.8258706020925,2.52299302289307e-96,1.41437490055649e-95,"Down in serum","arcC1
(AENJPLPP_00118)","AENJPLPP_00118"
"AENJPLPP_01859","algC","Phosphomannomutase/phosphoglucomutase","algC","CDS","5.4.2.2","COG1109",2551.66762551943,1.45984251985978,0.070123732608581,20.8180948953242,2.96751015832459e-96,1.66028088107054e-95,"Not significant","algC
(AENJPLPP_01859)","AENJPLPP_01859"
"AENJPLPP_00409",NA,"hypothetical protein","hypothetical protein","CDS","","",2719.72098821638,-1.36664108162804,0.0657690416129861,-20.7793978460254,6.64872713376858e-96,3.7125338295264e-95,"Not significant","hypothetical protein","AENJPLPP_00409"
"AENJPLPP_01526","oppD_1","Oligopeptide transport ATP-binding protein OppD","oppD_1","CDS","","COG0444",4541.7358288808,1.56275087158486,0.0752371086631062,20.7710117966187,7.91729121830954e-96,4.41217548012487e-95,"Not significant","oppD_1
(AENJPLPP_01526)","AENJPLPP_01526"
"AENJPLPP_00884","arnC_1","Undecaprenyl-phosphate 4-deoxy-4-formamido-L-arabinose transferase","arnC_1","CDS","2.4.2.53","",2344.40410299516,-1.43562359760282,0.0694068759524116,-20.6841696575876,4.80983493142479e-95,2.67517538130915e-94,"Not significant","arnC_1
(AENJPLPP_00884)","AENJPLPP_00884"
"AENJPLPP_02309","mgsA","Methylglyoxal synthase","mgsA","CDS","4.2.3.3","COG1803",435.861640882168,2.28357641370477,0.110515296001024,20.6629896162393,7.45995809101749e-95,4.141008108955e-94,"Up in serum","mgsA
(AENJPLPP_02309)","AENJPLPP_02309"
"AENJPLPP_02269","tdk","Thymidine kinase","tdk","CDS","2.7.1.21","",1501.56570015188,-1.58598400724988,0.0767852112042413,-20.6548107685908,8.83666779423466e-95,4.8956177153578e-94,"Not significant","tdk
(AENJPLPP_02269)","AENJPLPP_02269"
"AENJPLPP_00720","mvaS","Hydroxymethylglutaryl-CoA synthase","mvaS","CDS","2.3.3.10","COG3425",3492.61162753307,-1.22411911999616,0.0593169398351657,-20.6369230003744,1.27953360257124e-94,7.07492115015466e-94,"Not significant","mvaS
(AENJPLPP_00720)","AENJPLPP_00720"
"AENJPLPP_02098","manX_2","PTS system mannose-specific EIIAB component","manX_2","CDS","2.7.1.191","COG2893",8661.46350012488,1.29674036430059,0.0628487183147564,20.6327256795645,1.3955785790879e-94,7.70152623274435e-94,"Not significant","manX_2
(AENJPLPP_02098)","AENJPLPP_02098"
"AENJPLPP_02459","yhaP","putative protein YhaP","yhaP","CDS","","COG1668",4823.8556415324,1.15504910880965,0.0560091140139397,20.6225206226647,1.72341463974073e-94,9.4921923056537e-94,"Not significant","yhaP
(AENJPLPP_02459)","AENJPLPP_02459"
"AENJPLPP_01009",NA,"hypothetical protein","hypothetical protein","CDS","","",287.240102165492,3.00177081862277,0.145833858175337,20.5834972494091,3.8581651782033e-94,2.12086711058127e-93,"Up in serum","hypothetical protein","AENJPLPP_01009"
"AENJPLPP_00143","ribF","Bifunctional riboflavin kinase/FMN adenylyltransferase","ribF","CDS","","COG0196",976.150473867875,-1.81922117259204,0.0884981363469281,-20.5566043273542,6.71726968612766e-94,3.68538575221462e-93,"Not significant","ribF
(AENJPLPP_00143)","AENJPLPP_00143"
"AENJPLPP_01560","nirC","Nitrite transporter NirC","nirC","CDS","","COG2116",714.288232208096,-1.91699021515724,0.0935351117075674,-20.4948727826467,2.39210956534217e-93,1.30987663046106e-92,"Not significant","nirC
(AENJPLPP_01560)","AENJPLPP_01560"
"AENJPLPP_01055","mecA","Adapter protein MecA 1","mecA","CDS","","COG4862",8441.70073149864,1.34451310868503,0.0656948306020662,20.4660411841102,4.32348193660748e-93,2.36289138272892e-92,"Not significant","mecA
(AENJPLPP_01055)","AENJPLPP_01055"
"AENJPLPP_01098","prsA_2","Foldase protein PrsA","prsA_2","CDS","5.2.1.8","",11909.0774012808,1.17603766597065,0.0574934671692237,20.4551529743223,5.4052461833909e-93,2.94841077941804e-92,"Not significant","prsA_2
(AENJPLPP_01098)","AENJPLPP_01098"
"AENJPLPP_00092","asnB","Asparagine synthetase [glutamine-hydrolyzing] 1","asnB","CDS","6.3.5.4","COG0367",11629.1297193646,-1.14881651294097,0.0561996167669484,-20.4417143573229,7.11939503357417e-93,3.87596295000932e-92,"Not significant","asnB
(AENJPLPP_00092)","AENJPLPP_00092"
"AENJPLPP_02185",NA,"hypothetical protein","hypothetical protein","CDS","","",246.793609079619,3.3690052179259,0.16528584641776,20.3829020508552,2.37168373662436e-92,1.28872104767439e-91,"Up in serum","hypothetical protein","AENJPLPP_02185"
"AENJPLPP_00961",NA,"hypothetical protein","hypothetical protein","CDS","","",218.419790988628,3.91945889410115,0.192460322140981,20.3650230369565,3.41692103724625e-92,1.85312326751804e-91,"Up in serum","hypothetical protein","AENJPLPP_00961"
"AENJPLPP_02374","rex_1","Redox-sensing transcriptional repressor Rex","rex_1","CDS","","COG2344",421.851841441895,2.47390866929824,0.121696623167108,20.3284906755481,7.19827818575115e-92,3.89642935829092e-91,"Up in serum","rex_1
(AENJPLPP_02374)","AENJPLPP_02374"
"AENJPLPP_01031",NA,"hypothetical protein","hypothetical protein","CDS","","",2911.71246102038,1.40594641436213,0.0691726082574478,20.325190126263,7.69902111171884e-92,4.15952839070153e-91,"Not significant","hypothetical protein","AENJPLPP_01031"
"AENJPLPP_02895","hisK","Histidinol-phosphatase","hisK","CDS","3.1.3.15","COG1387",719.378942900306,1.81241343976144,0.089382033596735,20.2771560103287,2.04625589797969e-91,1.10341913279629e-90,"Not significant","hisK
(AENJPLPP_02895)","AENJPLPP_02895"
"AENJPLPP_01438","pox5","Pyruvate oxidase","pox5","CDS","1.2.3.3","COG0028",2275.45692890122,1.42313092407126,0.0703435305486991,20.2311557718306,5.20681292108877e-91,2.80237402654036e-90,"Not significant","pox5
(AENJPLPP_01438)","AENJPLPP_01438"
"AENJPLPP_00802","pyk","Pyruvate kinase","pyk","CDS","2.7.1.40","COG0469",46657.9340727518,-1.35755694363332,0.0671233922779955,-20.2247964168872,5.9234419526493e-91,3.18202356128087e-90,"Not significant","pyk
(AENJPLPP_00802)","AENJPLPP_00802"
"AENJPLPP_01669","pepA","Glutamyl aminopeptidase","pepA","CDS","3.4.11.7","COG1363",5437.45561166179,1.22214559212971,0.0604568738042991,20.215163557511,7.20062634945596e-91,3.86079037789959e-90,"Not significant","pepA
(AENJPLPP_01669)","AENJPLPP_01669"
"AENJPLPP_00245","nrdR","Transcriptional repressor NrdR","nrdR","CDS","","COG1327",1727.06015451423,1.38512806181365,0.0685284620986493,20.2124492421806,7.60775628517898e-91,4.07137203087745e-90,"Not significant","nrdR
(AENJPLPP_00245)","AENJPLPP_00245"
"AENJPLPP_00255","dagK_2","Diacylglycerol kinase","dagK_2","CDS","2.7.1.107","COG1597",1455.69902511828,-1.61962925596846,0.0801381142030976,-20.2104737810995,7.91842651065592e-91,4.22963499088055e-90,"Not significant","dagK_2
(AENJPLPP_00255)","AENJPLPP_00255"
"AENJPLPP_01237","znuA","High-affinity zinc uptake system binding-protein ZnuA","znuA","CDS","","COG0803",1125.09759615961,-1.69762528440173,0.0840156469202045,-20.206060973548,8.6588768307411e-91,4.61643696945914e-90,"Not significant","znuA
(AENJPLPP_01237)","AENJPLPP_01237"
"AENJPLPP_01195","lysS","Lysine--tRNA ligase","lysS","CDS","6.1.1.6","COG1190",26791.5623924528,-1.08374782043719,0.0536447741514277,-20.2022999925025,9.34421845871192e-91,4.97245910838598e-90,"Not significant","lysS
(AENJPLPP_01195)","AENJPLPP_01195"
"AENJPLPP_02707",NA,"IS3 family transposase ISEfa8","IS3 family transposase ISEfa8","CDS","","",610.752752984749,-1.98908434941719,0.098715029198095,-20.149762053209,2.704105423668e-90,1.43627062934411e-89,"Not significant","IS3 family transposase ISEfa8","AENJPLPP_02707"
"AENJPLPP_00608","yqiK","Inner membrane protein YqiK","yqiK","CDS","","COG2268",3445.96316355141,1.2936481667537,0.0642359098608186,20.1390183396899,3.35928260662345e-90,1.78092304482228e-89,"Not significant","yqiK
(AENJPLPP_00608)","AENJPLPP_00608"
"AENJPLPP_00911","pepS","Aminopeptidase PepS","pepS","CDS","3.4.11.-","COG2309",6423.54907581079,1.13777969772537,0.0565008574017629,20.1373881751017,3.47167290007165e-90,1.83706653833698e-89,"Not significant","pepS
(AENJPLPP_00911)","AENJPLPP_00911"
"AENJPLPP_00238","murC","UDP-N-acetylmuramate--L-alanine ligase","murC","CDS","6.3.2.8","",9545.17571017811,-1.11603512848075,0.0554610690542337,-20.122856402018,4.65471797266703e-90,2.45849003369783e-89,"Not significant","murC
(AENJPLPP_00238)","AENJPLPP_00238"
"AENJPLPP_01033","ytlR","Putative lipid kinase YtlR","ytlR","CDS","2.7.1.-","COG1597",697.582711784553,-1.85165656601212,0.0920185603513691,-20.1226422032864,4.67487387162487e-90,2.46453778967784e-89,"Not significant","ytlR
(AENJPLPP_01033)","AENJPLPP_01033"
"AENJPLPP_01799",NA,"hypothetical protein","hypothetical protein","CDS","","",12690.5812000747,1.05487715660378,0.0524339733948361,20.1181998674864,5.1130881668299e-90,2.69054881046384e-89,"Not significant","hypothetical protein","AENJPLPP_01799"
"AENJPLPP_01570","msrB","Peptide methionine sulfoxide reductase MsrB","msrB","CDS","1.8.4.12","",2136.85801607543,1.30913796821372,0.0651884400761975,20.0823637854119,1.05264701934276e-89,5.52883805521214e-89,"Not significant","msrB
(AENJPLPP_01570)","AENJPLPP_01570"
"AENJPLPP_02678","rplS","50S ribosomal protein L19","rplS","CDS","","COG0335",10864.6030541993,-1.80966393264301,0.0902551350178139,-20.0505370944915,1.99677816071078e-89,1.0468294394393e-88,"Not significant","rplS
(AENJPLPP_02678)","AENJPLPP_02678"
"AENJPLPP_01995",NA,"hypothetical protein","hypothetical protein","CDS","","",2820.68098703989,-1.26642774335541,0.063255271875175,-20.0209042790064,3.62089595710855e-89,1.89477938162187e-88,"Not significant","hypothetical protein","AENJPLPP_01995"
"AENJPLPP_00628","ycfH","putative metal-dependent hydrolase YcfH","ycfH","CDS","3.1.-.-","COG0084",775.630073595453,1.84813305206975,0.0927706209463072,19.9215337055833,2.64756127636695e-88,1.38288671095846e-87,"Not significant","ycfH
(AENJPLPP_00628)","AENJPLPP_00628"
"AENJPLPP_01642","kdgA","KHG/KDPG aldolase","kdgA","CDS","","COG0800",962.390111463507,1.74236575424651,0.0876480089317256,19.8791253273505,6.17000751120876e-88,3.21681238751971e-87,"Not significant","kdgA
(AENJPLPP_01642)","AENJPLPP_01642"
"AENJPLPP_01412","rsmG","Ribosomal RNA small subunit methyltransferase G","rsmG","CDS","2.1.1.-","COG0357",1386.71127263073,-1.51923885869805,0.0764314486537047,-19.8771433154618,6.41858676613613e-88,3.3402608703918e-87,"Not significant","rsmG
(AENJPLPP_01412)","AENJPLPP_01412"
"AENJPLPP_00535",NA,"hypothetical protein","hypothetical protein","CDS","","",3097.2570758885,1.56576663868685,0.0789315600015788,19.8370162537714,1.42679377005878e-87,7.41147369364476e-87,"Not significant","hypothetical protein","AENJPLPP_00535"
"AENJPLPP_01905","sbnD_2","Staphyloferrin B transporter","sbnD_2","CDS","","",413.335560280051,2.22159580635194,0.112044989782417,19.8277121597861,1.71672562456684e-87,8.90119092151782e-87,"Up in serum","sbnD_2
(AENJPLPP_01905)","AENJPLPP_01905"
"AENJPLPP_02887",NA,"hypothetical protein","hypothetical protein","CDS","","",457.745838391612,2.5918022304365,0.131069794866621,19.7742144410461,4.96500001784727e-87,2.56963712075423e-86,"Up in serum","hypothetical protein","AENJPLPP_02887"
"AENJPLPP_02240","azoR","FMN-dependent NADH-azoreductase","azoR","CDS","1.7.1.17","COG1182",2755.0243770927,-1.45313749453392,0.0737676376711049,-19.6988481725926,2.20581308705543e-86,1.1395359214332e-85,"Not significant","azoR
(AENJPLPP_02240)","AENJPLPP_02240"
"AENJPLPP_02535",NA,"hypothetical protein","hypothetical protein","CDS","","",2234.63506056334,1.26170730686304,0.0642716389407642,19.6308562790173,8.42822851864665e-86,4.34614115415094e-85,"Not significant","hypothetical protein","AENJPLPP_02535"
"AENJPLPP_01197","hslO","33 kDa chaperonin","hslO","CDS","","COG1281",2106.29344368308,-1.48023857135518,0.0754100870852223,-19.6291852797138,8.71001096129143e-86,4.48328018753019e-85,"Not significant","hslO
(AENJPLPP_01197)","AENJPLPP_01197"
"AENJPLPP_01608","ddl","D-alanine--D-alanine ligase","ddl","CDS","6.3.2.4","COG1181",4891.19422054566,-1.16341648720326,0.0595434780197449,-19.5389407185363,5.12344710329296e-85,2.63239178755397e-84,"Not significant","ddl
(AENJPLPP_01608)","AENJPLPP_01608"
"AENJPLPP_00744",NA,"hypothetical protein","hypothetical protein","CDS","","",491.636567539364,2.22753948590032,0.114296738886645,19.4890904814835,1.35874574625676e-84,6.96849494140016e-84,"Up in serum","hypothetical protein","AENJPLPP_00744"
"AENJPLPP_02823",NA,"IS66 family transposase ISCth11","IS66 family transposase ISCth11","CDS","","",5151.15092789037,1.18546415952292,0.0608684063554008,19.4758534107363,1.75967439553852e-84,9.00838736667186e-84,"Not significant","IS66 family transposase ISCth11","AENJPLPP_02823"
"AENJPLPP_00135",NA,"hypothetical protein","hypothetical protein","CDS","","",1752.48210630947,-1.49897335949059,0.0770658812829752,-19.4505445799882,2.88352402279261e-84,1.47351200514907e-83,"Not significant","hypothetical protein","AENJPLPP_00135"
"AENJPLPP_02282","cna","Collagen adhesin","cna","CDS","","",4622.93359436824,-1.1979139150424,0.0616674380715294,-19.4253880573555,4.70813676512685e-84,2.40157390668002e-83,"Not significant","cna
(AENJPLPP_02282)","AENJPLPP_02282"
"AENJPLPP_00106",NA,"hypothetical protein","hypothetical protein","CDS","","",1177.0281257828,1.4964391530735,0.0770558112069425,19.4201985500437,5.20881693788576e-84,2.65218718545946e-83,"Not significant","hypothetical protein","AENJPLPP_00106"
"AENJPLPP_02299",NA,"hypothetical protein","hypothetical protein","CDS","","",3552.37568063667,1.20323539403305,0.0620420307274216,19.3938750863815,8.6933856123203e-84,4.41848737315597e-83,"Not significant","hypothetical protein","AENJPLPP_02299"
"AENJPLPP_00128","uppS","Ditrans,polycis-undecaprenyl-diphosphate synthase ((2E,6E)-farnesyl-diphosphate specific)","uppS","CDS","2.5.1.31","COG0020",2168.52597134923,-1.24776364948929,0.0643487519708572,-19.3906425730586,9.25731465969699e-84,4.69667702537673e-83,"Not significant","uppS
(AENJPLPP_00128)","AENJPLPP_00128"
"AENJPLPP_02030","dgaR_1","Transcriptional regulatory protein DagR","dgaR_1","CDS","","",5918.02390237814,-1.12612091683877,0.0581019229799066,-19.3818183475307,1.09894450600196e-83,5.56549534256089e-83,"Not significant","dgaR_1
(AENJPLPP_02030)","AENJPLPP_02030"
"AENJPLPP_02960","manX_6","PTS system mannose-specific EIIAB component","manX_6","CDS","2.7.1.191","COG2893",209.989947602487,5.19087576853991,0.26798713588812,19.369869196658,1.38609233835541e-83,7.00719180336458e-83,"Up in serum","manX_6
(AENJPLPP_02960)","AENJPLPP_02960"
"AENJPLPP_01575",NA,"hypothetical protein","hypothetical protein","CDS","","",9611.1118509865,1.52126570378787,0.0787217411711468,19.3245942119157,3.3359647889383e-83,1.68344319384748e-82,"Not significant","hypothetical protein","AENJPLPP_01575"
"AENJPLPP_02087",NA,"hypothetical protein","hypothetical protein","CDS","","",1110.99676275652,-1.53530988176332,0.079593596683691,-19.2893642922649,6.59795874945844e-83,3.32363366898876e-82,"Not significant","hypothetical protein","AENJPLPP_02087"
"AENJPLPP_02371","iscS_2","Cysteine desulfurase IscS","iscS_2","CDS","2.8.1.7","COG1104",1749.15623621744,-1.34209908158909,0.069590225780272,-19.2857411589195,7.07684755466467e-83,3.55853559986779e-82,"Not significant","iscS_2
(AENJPLPP_02371)","AENJPLPP_02371"
"AENJPLPP_00910",NA,"hypothetical protein","hypothetical protein","CDS","","",678.325056766071,1.75504967624366,0.0910364059323468,19.2785475027201,8.13282838660006e-83,4.0822760926356e-82,"Not significant","hypothetical protein","AENJPLPP_00910"
"AENJPLPP_02367",NA,"hypothetical protein","hypothetical protein","CDS","","",1401.32704857688,1.42025230659354,0.0739131987876488,19.2151378899715,2.76498581413926e-82,1.38542917519084e-81,"Not significant","hypothetical protein","AENJPLPP_02367"
"AENJPLPP_02186",NA,"hypothetical protein","hypothetical protein","CDS","","",193.49726076179,4.63559584884878,0.241258276916108,19.2142458617522,2.81291616950955e-82,1.40695506641017e-81,"Up in serum","hypothetical protein","AENJPLPP_02186"
"AENJPLPP_02550",NA,"hypothetical protein","hypothetical protein","CDS","","",1277.1958380405,1.3763462824269,0.0717442733537407,19.184057738528,5.02975883801455e-82,2.51133108825735e-81,"Not significant","hypothetical protein","AENJPLPP_02550"
"AENJPLPP_00157","dnaJ","Chaperone protein DnaJ","dnaJ","CDS","","COG0484",4375.50355452237,-1.61575483745432,0.0842414059241843,-19.180055457627,5.43223985455734e-82,2.70751250497391e-81,"Not significant","dnaJ
(AENJPLPP_00157)","AENJPLPP_00157"
"AENJPLPP_00569",NA,"hypothetical protein","hypothetical protein","CDS","","",8902.33831307491,-1.16677143929065,0.0608964466800761,-19.1599264472748,7.99861882809999e-82,3.97962915682796e-81,"Not significant","hypothetical protein","AENJPLPP_00569"
"AENJPLPP_02079",NA,"hypothetical protein","hypothetical protein","CDS","","",2051.87100142111,-1.46396185356211,0.0764952124356144,-19.1379539575018,1.21966344663183e-81,6.05766178493809e-81,"Not significant","hypothetical protein","AENJPLPP_02079"
"AENJPLPP_01374","rpoC","DNA-directed RNA polymerase subunit beta'","rpoC","CDS","2.7.7.6","COG0086",48063.1545298824,-1.06990964856224,0.0559283515322622,-19.1300050734566,1.42060371912805e-81,7.04330845683278e-81,"Not significant","rpoC
(AENJPLPP_01374)","AENJPLPP_01374"
"AENJPLPP_00929",NA,"hypothetical protein","hypothetical protein","CDS","","",203.789986295677,3.62443692632815,0.189920014593226,19.0840177328916,3.42861503460085e-81,1.69692467883829e-80,"Up in serum","hypothetical protein","AENJPLPP_00929"
"AENJPLPP_00645","ppaC","putative manganese-dependent inorganic pyrophosphatase","ppaC","CDS","3.6.1.1","COG1227",5560.062838108,-1.06746931132208,0.0560529269089504,-19.0439531026813,7.37457375516701e-81,3.64352849928059e-80,"Not significant","ppaC
(AENJPLPP_00645)","AENJPLPP_00645"
"AENJPLPP_00126","pyrH","Uridylate kinase","pyrH","CDS","2.7.4.22","COG0528",4726.18220022224,-1.36197133026074,0.0716657636459365,-19.0044905819958,1.56558535531273e-80,7.7215542524222e-80,"Not significant","pyrH
(AENJPLPP_00126)","AENJPLPP_00126"
"AENJPLPP_01587","def_2","Peptide deformylase","def_2","CDS","3.5.1.88","COG0242",1011.72207593855,-1.59994711487254,0.0843432771362547,-18.9694682160364,3.04976084767736e-80,1.50154312343906e-79,"Not significant","def_2
(AENJPLPP_01587)","AENJPLPP_01587"
"AENJPLPP_01776",NA,"hypothetical protein","hypothetical protein","CDS","","",869.360216063851,1.65504163876785,0.0873543909323146,18.9462901761886,4.73833379051184e-80,2.3288581529408e-79,"Not significant","hypothetical protein","AENJPLPP_01776"
"AENJPLPP_01414","mnmE_1","tRNA modification GTPase MnmE","mnmE_1","CDS","3.6.5.-","COG0486",724.258812260846,-1.68177188354523,0.0888471509008515,-18.9288217629172,6.60225960542035e-80,3.23934089132496e-79,"Not significant","mnmE_1
(AENJPLPP_01414)","AENJPLPP_01414"
"AENJPLPP_02537","pstB3_1","Phosphate import ATP-binding protein PstB 3","pstB3_1","CDS","7.3.2.1","COG1117",3305.3339953506,1.16875061774037,0.0617942795550829,18.9135730063583,8.81749799537436e-80,4.31874339531225e-79,"Not significant","pstB3_1
(AENJPLPP_02537)","AENJPLPP_02537"
"AENJPLPP_00492",NA,"hypothetical protein","hypothetical protein","CDS","","",6840.83341659871,1.26630508125736,0.0670838295908788,18.8764578435685,1.78139731960284e-79,8.71007912227225e-79,"Not significant","hypothetical protein","AENJPLPP_00492"
"AENJPLPP_01254","mrnC","Mini-ribonuclease 3","mrnC","CDS","3.1.26.-","COG1939",1148.64976785412,-1.52655013219587,0.0809821654957012,-18.850448402456,2.91362241926998e-79,1.42214914981954e-78,"Not significant","mrnC
(AENJPLPP_01254)","AENJPLPP_01254"
"AENJPLPP_00450",NA,"hypothetical protein","hypothetical protein","CDS","","",2676.29612989866,1.22136627314442,0.0649219407254956,18.8128429232982,5.92722419046065e-79,2.8881190504637e-78,"Not significant","hypothetical protein","AENJPLPP_00450"
"AENJPLPP_01731","hchA","Protein/nucleic acid deglycase 1","hchA","CDS","3.1.2.-","COG0693",1523.69903164937,1.39445017589872,0.0741916493405936,18.7952443205189,8.2598925260256e-79,4.01782744693788e-78,"Not significant","hchA
(AENJPLPP_01731)","AENJPLPP_01731"
"AENJPLPP_00215","pheA","Bifunctional chorismate mutase/prephenate dehydratase","pheA","CDS","","",1536.26787950573,-1.45490197441813,0.0774220123097959,-18.791838793811,8.80741234791355e-79,4.27680692228872e-78,"Not significant","pheA
(AENJPLPP_00215)","AENJPLPP_00215"
"AENJPLPP_02536",NA,"hypothetical protein","hypothetical protein","CDS","","",1525.81213247436,1.49259439784572,0.0795953609782932,18.7522787697736,1.85470801242123e-78,8.99088764240498e-78,"Not significant","hypothetical protein","AENJPLPP_02536"
"AENJPLPP_02191",NA,"hypothetical protein","hypothetical protein","CDS","","",181.503847429778,4.27998964887047,0.228410380283344,18.7381573620303,2.41859127127878e-78,1.17043280153679e-77,"Up in serum","hypothetical protein","AENJPLPP_02191"
"AENJPLPP_00160","mltF_1","Membrane-bound lytic murein transglycosylase F","mltF_1","CDS","4.2.2.-","",21062.8555530809,-1.02013380137301,0.0544616447878298,-18.7312337948517,2.75457635298071e-78,1.3307518183086e-77,"Not significant","mltF_1
(AENJPLPP_00160)","AENJPLPP_00160"
"AENJPLPP_01375","rpoB","DNA-directed RNA polymerase subunit beta","rpoB","CDS","2.7.7.6","COG0085",49666.0916796975,-1.01952514629908,0.054693382397534,-18.6407404626899,1.50148002837476e-77,7.24137983020265e-77,"Not significant","rpoB
(AENJPLPP_01375)","AENJPLPP_01375"
"AENJPLPP_01419","rnpA","Ribonuclease P protein component","rnpA","CDS","3.1.26.5","COG0594",1095.45600311714,-1.78098252451333,0.0955608340102834,-18.6371596999841,1.60541772258287e-77,7.72948566774169e-77,"Not significant","rnpA
(AENJPLPP_01419)","AENJPLPP_01419"
"AENJPLPP_01306",NA,"hypothetical protein","hypothetical protein","CDS","","",2099.64747477261,1.23722002134024,0.0665704674637963,18.5851184237679,4.24062957252495e-77,2.03823808485877e-76,"Not significant","hypothetical protein","AENJPLPP_01306"
"AENJPLPP_00146",NA,"hypothetical protein","hypothetical protein","CDS","","",252.918507535024,2.74073062742429,0.147621392535815,18.5659448156157,6.06114063464351e-77,2.90832019265691e-76,"Up in serum","hypothetical protein","AENJPLPP_00146"
"AENJPLPP_02616","dacA","D-alanyl-D-alanine carboxypeptidase DacA","dacA","CDS","3.4.16.4","COG1686",5154.61018915851,-1.08661249200487,0.0586693409102005,-18.5209595871895,1.39920801642869e-76,6.70246682658141e-76,"Not significant","dacA
(AENJPLPP_02616)","AENJPLPP_02616"
"AENJPLPP_00181","glmS","Glutamine--fructose-6-phosphate aminotransferase [isomerizing]","glmS","CDS","2.6.1.16","COG0449",13818.7107196427,-1.14269879503118,0.0617931668180698,-18.4923164465012,2.38103061264104e-76,1.1386313622275e-75,"Not significant","glmS
(AENJPLPP_00181)","AENJPLPP_00181"
"AENJPLPP_01788","gltC_2","HTH-type transcriptional regulator GltC","gltC_2","CDS","","",471.420265325747,-2.02867455121681,0.109789249394013,-18.4778979946959,3.11066197031374e-76,1.48503946677204e-75,"Down in serum","gltC_2
(AENJPLPP_01788)","AENJPLPP_01788"
"AENJPLPP_02768","srtA_1","Sortase A","srtA_1","CDS","3.4.22.-","",478.99462536643,2.27643436130439,0.123663058204688,18.4083621604798,1.12575884469301e-75,5.36535907293924e-75,"Up in serum","srtA_1
(AENJPLPP_02768)","AENJPLPP_02768"
"AENJPLPP_00879",NA,"hypothetical protein","hypothetical protein","CDS","","",5144.15555466973,-1.16686830221544,0.0634469414950013,-18.3912458933481,1.54390994433134e-75,7.3458975670622e-75,"Not significant","hypothetical protein","AENJPLPP_00879"
"AENJPLPP_02013","murB","UDP-N-acetylenolpyruvoylglucosamine reductase","murB","CDS","1.3.1.98","COG0812",4100.66096001945,-1.24447769005586,0.0677607276927217,-18.3657663137749,2.46939460587578e-75,1.172962437791e-74,"Not significant","murB
(AENJPLPP_02013)","AENJPLPP_02013"
"AENJPLPP_02958","manZ_8","PTS system mannose-specific EIID component","manZ_8","CDS","","COG3716",212.948688796628,3.23957284543628,0.176545228341175,18.3498182073535,3.31218702369184e-75,1.57065351156978e-74,"Up in serum","manZ_8
(AENJPLPP_02958)","AENJPLPP_02958"
"AENJPLPP_01146",NA,"hypothetical protein","hypothetical protein","CDS","","",232.194705752187,5.99509893815015,0.327072996404347,18.3295441814421,4.80918134282567e-75,2.2767211340367e-74,"Up in serum","hypothetical protein","AENJPLPP_01146"
"AENJPLPP_01390",NA,"hypothetical protein","hypothetical protein","CDS","","",4156.0164583488,-1.24582212533396,0.0680635235501423,-18.3038147358939,7.71526879902984e-75,3.6463983255515e-74,"Not significant","hypothetical protein","AENJPLPP_01390"
"AENJPLPP_00041",NA,"hypothetical protein","hypothetical protein","CDS","","",769.079365721203,2.24302987330206,0.122820812902596,18.2626203189268,1.64217661235258e-74,7.7483366492836e-74,"Up in serum","hypothetical protein","AENJPLPP_00041"
"AENJPLPP_01824","efp","Elongation factor P","efp","CDS","","",7519.77929621412,-1.15504883752647,0.0632778451150612,-18.2536057513683,1.93692636499771e-74,9.12385780251003e-74,"Not significant","efp
(AENJPLPP_01824)","AENJPLPP_01824"
"AENJPLPP_00899","rmlD","dTDP-4-dehydrorhamnose reductase","rmlD","CDS","1.1.1.133","",5248.51127347155,-1.02269163816004,0.0560748964654837,-18.2379585629649,2.57912465876729e-74,1.21287407125751e-73,"Not significant","rmlD
(AENJPLPP_00899)","AENJPLPP_00899"
"AENJPLPP_01291","yadG","putative ABC transporter ATP-binding protein YadG","yadG","CDS","","COG1131",1879.76081194223,-1.31002682574032,0.0718492168868945,-18.2330007549361,2.82392662085085e-74,1.32579374189532e-73,"Not significant","yadG
(AENJPLPP_01291)","AENJPLPP_01291"
"AENJPLPP_02488","gap_2","Glyceraldehyde-3-phosphate dehydrogenase","gap_2","CDS","1.2.1.12","",110413.877641747,-1.30270643655276,0.0715105341629343,-18.2169865153655,3.78430114963427e-74,1.77373452890971e-73,"Not significant","gap_2
(AENJPLPP_02488)","AENJPLPP_02488"
"AENJPLPP_00136","rplGA","putative ribosomal protein YlxQ","rplGA","CDS","","COG1358",2957.42333861779,-1.53186763524534,0.0840958681299164,-18.2157300865105,3.87217883164692e-74,1.81192368138718e-73,"Not significant","rplGA
(AENJPLPP_00136)","AENJPLPP_00136"
"AENJPLPP_02016",NA,"hypothetical protein","hypothetical protein","CDS","","",1382.66897559398,1.39156301740943,0.0764352213593944,18.2057825261783,4.64370691780109e-74,2.16936209311797e-73,"Not significant","hypothetical protein","AENJPLPP_02016"
"AENJPLPP_00631","ribX","Riboflavin transport system permease protein RibX","ribX","CDS","","",643.610165534264,1.71157077307646,0.0941331530239059,18.1824438903241,7.10937159658348e-74,3.31575469356307e-73,"Not significant","ribX
(AENJPLPP_00631)","AENJPLPP_00631"
"AENJPLPP_01067","aspS","Aspartate--tRNA ligase","aspS","CDS","6.1.1.12","",12973.0398764552,-1.0656289313062,0.0586211327803094,-18.1782384741657,7.67600857406314e-74,3.57414149229815e-73,"Not significant","aspS
(AENJPLPP_01067)","AENJPLPP_01067"
"AENJPLPP_01730",NA,"putative oxidoreductase","putative oxidoreductase","CDS","1.-.-.-","",950.338810978926,1.48160180468537,0.0815788843331363,18.1615845423319,1.0397976907827e-73,4.83360798457442e-73,"Not significant","putative oxidoreductase","AENJPLPP_01730"
"AENJPLPP_00587","purQ","Phosphoribosylformylglycinamidine synthase subunit PurQ","purQ","CDS","6.3.5.3","COG0047",15776.0551388446,9.16036744544848,0.504406140803914,18.1606977084951,1.05673146457586e-73,4.90427340362992e-73,"Up in serum","purQ
(AENJPLPP_00587)","AENJPLPP_00587"
"AENJPLPP_02362",NA,"hypothetical protein","hypothetical protein","CDS","","",386.983916790546,2.13003510343133,0.117437607644837,18.1375893646704,1.60937016463738e-73,7.4568362292773e-73,"Up in serum","hypothetical protein","AENJPLPP_02362"
"AENJPLPP_02723",NA,"IS66 family transposase ISRob1","IS66 family transposase ISRob1","CDS","","",1100.44003283665,1.60524499156644,0.0885486992368807,18.1283859096809,1.90262316609315e-73,8.80118657387207e-73,"Not significant","IS66 family transposase ISRob1","AENJPLPP_02723"
"AENJPLPP_02077","bceB_2","Bacitracin export permease protein BceB","bceB_2","CDS","","COG0577",4138.43646496673,1.09568458810242,0.0606835988027069,18.0556956034313,7.11598142312614e-73,3.28635292151225e-72,"Not significant","bceB_2
(AENJPLPP_02077)","AENJPLPP_02077"
"AENJPLPP_02182",NA,"hypothetical protein","hypothetical protein","CDS","","",305.315707443003,2.3474291848279,0.1302862300588,18.0174772404457,1.42076147562712e-72,6.55077481677586e-72,"Up in serum","hypothetical protein","AENJPLPP_02182"
"AENJPLPP_01909","yfdH","Prophage bactoprenol glucosyl transferase","yfdH","CDS","2.4.1.-","COG0463",1180.55769439397,-1.48814156310387,0.0826132466665856,-18.0133528598601,1.5306966415925e-72,7.04618242658272e-72,"Not significant","yfdH
(AENJPLPP_01909)","AENJPLPP_01909"
"AENJPLPP_01456","guaA_1","GMP synthase [glutamine-hydrolyzing]","guaA_1","CDS","6.3.5.2","",37886.6880746265,-0.941093469152128,0.0522798859620637,-18.0010620114019,1.9111883398054e-72,8.7833996590732e-72,"Not significant","guaA_1
(AENJPLPP_01456)","AENJPLPP_01456"
"AENJPLPP_00973",NA,"hypothetical protein","hypothetical protein","CDS","","",700.387286539874,5.23775032032171,0.291296959155399,17.9807929870202,2.75523718841378e-72,1.26419391902746e-71,"Up in serum","hypothetical protein","AENJPLPP_00973"
"AENJPLPP_00594",NA,"Nucleobase transporter PlUacP","Nucleobase transporter PlUacP","CDS","","",9597.33826372846,1.16247860835351,0.0647303509258128,17.9587873652318,4.09659876154117e-72,1.87661344561862e-71,"Not significant","Nucleobase transporter PlUacP","AENJPLPP_00594"
"AENJPLPP_00312",NA,"hypothetical protein","hypothetical protein","CDS","","",234.966657410196,6.2930494362208,0.350669414881182,17.9458178248966,5.17432140378714e-72,2.36647881972882e-71,"Up in serum","hypothetical protein","AENJPLPP_00312"
"AENJPLPP_02491","eno","Enolase","eno","CDS","4.2.1.11","",78564.1671393425,-0.927032277494853,0.0517624571192946,-17.9093561064608,9.96820172467653e-72,4.55160952944504e-71,"Not significant","eno
(AENJPLPP_02491)","AENJPLPP_02491"
"AENJPLPP_01953","strA","Sortase A","strA","CDS","3.4.22.-","COG3764",2232.12905887183,1.24031817024587,0.0693112627776451,17.8949007786064,1.29226790942701e-71,5.89116014748447e-71,"Not significant","strA
(AENJPLPP_01953)","AENJPLPP_01953"
"AENJPLPP_00861","sodA","Superoxide dismutase [Mn]","sodA","CDS","1.15.1.1","",14104.566941512,0.994084239793534,0.0555557457929237,17.8934550442153,1.3262418544451e-71,6.03631943719305e-71,"Not significant","sodA
(AENJPLPP_00861)","AENJPLPP_00861"
"AENJPLPP_00213","aroA","3-phosphoshikimate 1-carboxyvinyltransferase","aroA","CDS","2.5.1.19","COG0128",2459.86220673474,-1.33215469897085,0.0746464212182278,-17.8461964717145,3.09404723485463e-71,1.40597876755593e-70,"Not significant","aroA
(AENJPLPP_00213)","AENJPLPP_00213"
"AENJPLPP_01609","murF","UDP-N-acetylmuramoyl-tripeptide--D-alanyl-D-alanine ligase","murF","CDS","6.3.2.10","COG0770",3515.75599996234,-1.16887412207972,0.0655481177429887,-17.8323064388032,3.96712484644019e-71,1.79982859619747e-70,"Not significant","murF
(AENJPLPP_01609)","AENJPLPP_01609"
"AENJPLPP_02161",NA,"hypothetical protein","hypothetical protein","CDS","","",204.530320073189,3.16652851043441,0.177759375335277,17.8135668201012,5.54602560265381e-71,2.51212775697807e-70,"Up in serum","hypothetical protein","AENJPLPP_02161"
"AENJPLPP_01968",NA,"hypothetical protein","hypothetical protein","CDS","","",674.705087013026,-1.70074903880226,0.0955413467165173,-17.8011834378742,6.91911717338796e-71,3.12907679199062e-70,"Not significant","hypothetical protein","AENJPLPP_01968"
"AENJPLPP_01441",NA,"Potassium channel","Potassium channel","CDS","","",409.832707011459,-1.99137119288697,0.111881282170751,-17.7989664960022,7.19850733274317e-71,3.25023512902646e-70,"Not significant","Potassium channel","AENJPLPP_01441"
"AENJPLPP_00381",NA,"hypothetical protein","hypothetical protein","CDS","","",215.466042512067,-3.10629511562045,0.174654635948601,-17.7853573639729,9.17763647902023e-71,4.13724345097233e-70,"Down in serum","hypothetical protein","AENJPLPP_00381"
"AENJPLPP_02089","trmR","tRNA 5-hydroxyuridine methyltransferase","trmR","CDS","2.1.1.-","COG4122",1813.22782423258,-1.26043571142663,0.0708984142064491,-17.7780522390298,1.04549499606472e-70,4.70555855939463e-70,"Not significant","trmR
(AENJPLPP_02089)","AENJPLPP_02089"
"AENJPLPP_02481","rpoE","putative DNA-directed RNA polymerase subunit delta","rpoE","CDS","","",13177.4137041732,-1.15267948003884,0.0648377644631206,-17.7779028870509,1.04828340971436e-70,4.7106195760339e-70,"Not significant","rpoE
(AENJPLPP_02481)","AENJPLPP_02481"
"AENJPLPP_00212",NA,"hypothetical protein","hypothetical protein","CDS","","",2008.5650647191,-1.14572460743903,0.0645353906827246,-17.7534310293673,1.62138664832155e-70,7.27439873438716e-70,"Not significant","hypothetical protein","AENJPLPP_00212"
"AENJPLPP_02653",NA,"hypothetical protein","hypothetical protein","CDS","","",297.891492970356,2.38927192129087,0.134592528624443,17.7518911763499,1.66646468097246e-70,7.46481251872314e-70,"Up in serum","hypothetical protein","AENJPLPP_02653"
"AENJPLPP_01524","acpP","Acyl carrier protein","acpP","CDS","","COG0236",6161.62363280304,-1.31615138631578,0.0742140419821061,-17.7345331309824,2.26973726005288e-70,1.01510682199205e-69,"Not significant","acpP
(AENJPLPP_01524)","AENJPLPP_01524"
"AENJPLPP_01873","araN_1","putative arabinose-binding protein","araN_1","CDS","","COG1653",472.540824398558,1.85307618267525,0.104826836241599,17.6774979491357,6.250934054557e-70,2.79122938619099e-69,"Not significant","araN_1
(AENJPLPP_01873)","AENJPLPP_01873"
"AENJPLPP_02183",NA,"hypothetical protein","hypothetical protein","CDS","","",176.683273290852,3.45381013713399,0.195854307816003,17.6345885655918,1.33665561990499e-69,5.95916859834806e-69,"Up in serum","hypothetical protein","AENJPLPP_02183"
"AENJPLPP_02896",NA,"hypothetical protein","hypothetical protein","CDS","","",506.602710173287,1.81430738810927,0.102949578203025,17.6232619868661,1.63310731468423e-69,7.26938177338215e-69,"Not significant","hypothetical protein","AENJPLPP_02896"
"AENJPLPP_01629",NA,"hypothetical protein","hypothetical protein","CDS","","",11398.7466154525,1.08455789407086,0.0616123848702096,17.6029201978718,2.33944543244994e-69,1.03971271888003e-68,"Not significant","hypothetical protein","AENJPLPP_01629"
"AENJPLPP_01918","metP_1","Methionine import system permease protein MetP","metP_1","CDS","","COG2011",1374.08756139005,-1.49417295088619,0.0850500992732542,-17.5681505801142,4.32028268850643e-69,1.91704079798773e-68,"Not significant","metP_1
(AENJPLPP_01918)","AENJPLPP_01918"
"AENJPLPP_00612","dcuR","Transcriptional regulatory protein DcuR","dcuR","CDS","","COG4565",207.978017189705,2.94855110201043,0.167952522769909,17.5558607479202,5.36475264916899e-69,2.37677852109506e-68,"Up in serum","dcuR
(AENJPLPP_00612)","AENJPLPP_00612"
"AENJPLPP_02289","rlmN","putative dual-specificity RNA methyltransferase RlmN","rlmN","CDS","2.1.1.192","",2465.17641539141,-1.1986837441507,0.0683043914033102,-17.5491461020852,6.03809893693825e-69,2.67091532663628e-68,"Not significant","rlmN
(AENJPLPP_02289)","AENJPLPP_02289"
"AENJPLPP_00530",NA,"hypothetical protein","hypothetical protein","CDS","","",1867.7219453762,1.16814578334581,0.0666373625816339,17.5298922119671,8.4729938509217e-69,3.74212879749756e-68,"Not significant","hypothetical protein","AENJPLPP_00530"
"AENJPLPP_02157",NA,"hypothetical protein","hypothetical protein","CDS","","",200.427904599118,3.32484859465609,0.190065557197367,17.4931673243854,1.61525284465712e-68,7.12271153150203e-68,"Up in serum","hypothetical protein","AENJPLPP_02157"
"AENJPLPP_01415","mnmE_2","tRNA modification GTPase MnmE","mnmE_2","CDS","3.6.-.-","COG0486",1779.97726942299,-1.53007003044177,0.0875360788855924,-17.4793073886887,2.05985820513523e-68,9.06914242416459e-68,"Not significant","mnmE_2
(AENJPLPP_01415)","AENJPLPP_01415"
"AENJPLPP_01763","nhaC_1","Na(+)/H(+) antiporter NhaC","nhaC_1","CDS","","COG1757",203.128099872441,-3.02788752416638,0.173454479169405,-17.4563812861193,3.07840236128849e-68,1.35325420571548e-67,"Down in serum","nhaC_1
(AENJPLPP_01763)","AENJPLPP_01763"
"AENJPLPP_02583",NA,"hypothetical protein","hypothetical protein","CDS","","",808.557289099096,-1.48046137313044,0.0848300701748578,-17.4520823816225,3.31908628301744e-68,1.45679585538331e-67,"Not significant","hypothetical protein","AENJPLPP_02583"
"AENJPLPP_02239",NA,"hypothetical protein","hypothetical protein","CDS","","",2490.37051078252,1.14314995048266,0.0656381961927591,17.4159257382025,6.24702334537095e-68,2.73766611311845e-67,"Not significant","hypothetical protein","AENJPLPP_02239"
"AENJPLPP_02122","murD","UDP-N-acetylmuramoylalanine--D-glutamate ligase","murD","CDS","6.3.2.9","",2906.29715366518,-1.13911242734028,0.0654155379589486,-17.4134840571843,6.51929041654419e-68,2.85256741410149e-67,"Not significant","murD
(AENJPLPP_02122)","AENJPLPP_02122"
"AENJPLPP_01224","rpoZ","DNA-directed RNA polymerase subunit omega","rpoZ","CDS","2.7.7.6","",7755.46791081967,1.14668776205936,0.0658854989737272,17.404251010023,7.66013305869509e-68,3.34657973598238e-67,"Not significant","rpoZ
(AENJPLPP_01224)","AENJPLPP_01224"
"AENJPLPP_01429","rpsR","30S ribosomal protein S18","rpsR","CDS","","COG0238",7643.60211446266,-1.55557847725676,0.0897439441182413,-17.3335203009043,2.62742313749924e-67,1.14610707276739e-66,"Not significant","rpsR
(AENJPLPP_01429)","AENJPLPP_01429"
"AENJPLPP_02595",NA,"hypothetical protein","hypothetical protein","CDS","","",779.652766838805,-1.51518840674984,0.0875655843772787,-17.3034693655627,4.42895803566824e-67,1.92898156907335e-66,"Not significant","hypothetical protein","AENJPLPP_02595"
"AENJPLPP_00164",NA,"Aspartate racemase","Aspartate racemase","CDS","5.1.1.13","",6054.79437810931,-1.06721969013432,0.0616898215825191,-17.2997694393841,4.72275118338367e-67,2.05378012291232e-66,"Not significant","Aspartate racemase","AENJPLPP_00164"
"AENJPLPP_01803","degA_2","HTH-type transcriptional regulator DegA","degA_2","CDS","","COG1609",1302.69889407743,-1.23860583813524,0.0716434773362874,-17.2884662245154,5.74609173512441e-67,2.49496713222963e-66,"Not significant","degA_2
(AENJPLPP_01803)","AENJPLPP_01803"
"AENJPLPP_02025",NA,"hypothetical protein","hypothetical protein","CDS","","",334.872503003383,-2.21345599061623,0.128162068677608,-17.2707573578903,7.81105747903979e-67,3.38638648134175e-66,"Down in serum","hypothetical protein","AENJPLPP_02025"
"AENJPLPP_02661","pstS1_2","Phosphate-binding protein PstS 1","pstS1_2","CDS","","COG0226",550.253953660796,1.76178868845981,0.102053953282087,17.2633066314447,8.88727910491732e-67,3.84707754526314e-66,"Not significant","pstS1_2
(AENJPLPP_02661)","AENJPLPP_02661"
"AENJPLPP_02828",NA,"IS6 family transposase IS1216V","IS6 family transposase IS1216V","CDS","","",195.353301194775,3.13957781834399,0.18199235870724,17.251151865087,1.09690558737123e-66,4.74097666847015e-66,"Up in serum","IS6 family transposase IS1216V","AENJPLPP_02828"
"AENJPLPP_00609","yuaF","putative membrane protein YuaF","yuaF","CDS","","",953.722413309309,1.62654144562345,0.0943121420073273,17.2463630981585,1.19168608992452e-66,5.14277945209804e-66,"Not significant","yuaF
(AENJPLPP_00609)","AENJPLPP_00609"
"AENJPLPP_00506","murI","Glutamate racemase","murI","CDS","5.1.1.3","COG0796",872.469790014445,-1.53463622837054,0.0890115252139264,-17.2408710521729,1.31047322797425e-66,5.64680320912498e-66,"Not significant","murI
(AENJPLPP_00506)","AENJPLPP_00506"
"AENJPLPP_01392","clpC","Negative regulator of genetic competence ClpC/MecB","clpC","CDS","","COG0542",13762.4123597544,0.940736806905214,0.0545747290615327,17.2375900546302,1.38699460217209e-66,5.96744942059146e-66,"Not significant","clpC
(AENJPLPP_01392)","AENJPLPP_01392"
"AENJPLPP_01593","dinF","DNA damage-inducible protein F","dinF","CDS","","COG0534",4288.14843337779,1.0155007257917,0.0589270756907736,17.2331770054338,1.4969866616859e-66,6.43090931598296e-66,"Not significant","dinF
(AENJPLPP_01593)","AENJPLPP_01593"
"AENJPLPP_01527","oppF_1","Oligopeptide transport ATP-binding protein OppF","oppF_1","CDS","","COG4608",5187.35312539148,1.11216831756247,0.0645973748664326,17.2169274658931,1.98236479910223e-66,8.50314355493697e-66,"Not significant","oppF_1
(AENJPLPP_01527)","AENJPLPP_01527"
"AENJPLPP_00323",NA,"hypothetical protein","hypothetical protein","CDS","","",2840.52812651781,3.38142851728763,0.19642440326555,17.2149104748263,2.05264911621805e-66,8.79130052649516e-66,"Up in serum","hypothetical protein","AENJPLPP_00323"
"AENJPLPP_00102","yqgQ","putative protein YqgQ","yqgQ","CDS","","COG4483",787.222407799079,-1.86846258895733,0.108588404116822,-17.2068334934474,2.35987648814318e-66,1.00918585165156e-65,"Not significant","yqgQ
(AENJPLPP_00102)","AENJPLPP_00102"
"AENJPLPP_01670","ytpP","Thioredoxin-like protein YtpP","ytpP","CDS","","",2134.40664528032,1.24308765621702,0.0722461116996827,17.2062914802165,2.3820626160313e-66,1.01713714419074e-65,"Not significant","ytpP
(AENJPLPP_01670)","AENJPLPP_01670"
"AENJPLPP_00933",NA,"hypothetical protein","hypothetical protein","CDS","","",197.455151093754,6.03948062732184,0.352350874591427,17.1405296902555,7.39737141880389e-66,3.15390941063762e-65,"Up in serum","hypothetical protein","AENJPLPP_00933"
"AENJPLPP_01420","rpmH","50S ribosomal protein L34","rpmH","CDS","","",744.042613408943,-2.15939593995926,0.126002931207428,-17.1376643326212,7.77101222251547e-66,3.30823091758516e-65,"Down in serum","rpmH
(AENJPLPP_01420)","AENJPLPP_01420"
"AENJPLPP_01606","ubiB","putative protein kinase UbiB","ubiB","CDS","2.7.-.-","COG0661",1152.76055689071,1.39869551273555,0.0816566245785668,17.1289900844453,9.02070101214837e-66,3.83447515996877e-65,"Not significant","ubiB
(AENJPLPP_01606)","AENJPLPP_01606"
"AENJPLPP_02587","ywqE","Tyrosine-protein phosphatase YwqE","ywqE","CDS","3.1.3.48","COG4464",766.516307361826,-1.53305987511806,0.0895322065786648,-17.1229989039875,9.99889369087125e-66,4.24390825170263e-65,"Not significant","ywqE
(AENJPLPP_02587)","AENJPLPP_02587"
"AENJPLPP_02080","dltC","D-alanyl carrier protein","dltC","CDS","","COG0236",824.970376337236,-1.69513712973301,0.0990827058868584,-17.1083047698422,1.28690717853927e-65,5.45394344677348e-65,"Not significant","dltC
(AENJPLPP_02080)","AENJPLPP_02080"
"AENJPLPP_00550","comEC","ComE operon protein 3","comEC","CDS","","COG0658",695.143540882756,1.54278113150838,0.0902113366779868,17.1018542493767,1.43756835761531e-65,6.08334233244985e-65,"Not significant","comEC
(AENJPLPP_00550)","AENJPLPP_00550"
"AENJPLPP_00162","uvrA","UvrABC system protein A","uvrA","CDS","","",6037.03810850845,1.03240082164247,0.0603719965556929,17.1006572673158,1.46740049579428e-65,6.20031463222929e-65,"Not significant","uvrA
(AENJPLPP_00162)","AENJPLPP_00162"
"AENJPLPP_00959",NA,"hypothetical protein","hypothetical protein","CDS","","",160.666070155268,3.53209015262132,0.207166182132821,17.0495498650295,3.52235415770908e-65,1.48610799112882e-64,"Up in serum","hypothetical protein","AENJPLPP_00959"
"AENJPLPP_02588","pglF","UDP-N-acetyl-alpha-D-glucosamine C6 dehydratase","pglF","CDS","4.2.1.135","COG1086",1475.84057899936,-1.21660192512129,0.0713911220438609,-17.0413615907849,4.05187426080624e-65,1.70651792330197e-64,"Not significant","pglF
(AENJPLPP_02588)","AENJPLPP_02588"
"AENJPLPP_02593","pglA","N,N'-diacetylbacillosaminyl-diphospho-undecaprenol alpha-1,3-N-acetylgalactosaminyltransferase","pglA","CDS","2.4.1.290","",918.06241469387,-1.52146681930814,0.0892811988127633,-17.0412902104831,4.05682289785315e-65,1.70651792330197e-64,"Not significant","pglA
(AENJPLPP_02593)","AENJPLPP_02593"
"AENJPLPP_00898",NA,"hypothetical protein","hypothetical protein","CDS","","",9664.83189486124,-0.923452731110409,0.05419566685315,-17.0392355095956,4.20188206496933e-65,1.76491515221486e-64,"Not significant","hypothetical protein","AENJPLPP_00898"
"AENJPLPP_00630","thiY","Formylaminopyrimidine-binding protein","thiY","CDS","","COG0715",860.092789395548,1.39997328979063,0.0826678091564529,16.9349267154414,2.486678901722e-64,1.04293155122593e-63,"Not significant","thiY
(AENJPLPP_00630)","AENJPLPP_00630"
"AENJPLPP_01528","gsiC","Glutathione transport system permease protein GsiC","gsiC","CDS","","COG0601",2636.51178362835,1.10757970531422,0.0654820909395363,16.9142385257202,3.5335428493742e-64,1.47980174653526e-63,"Not significant","gsiC
(AENJPLPP_01528)","AENJPLPP_01528"
"AENJPLPP_01158",NA,"hypothetical protein","hypothetical protein","CDS","","",854.519023077106,-1.49497093388468,0.0886193565305225,-16.8695755917589,7.53356949280484e-64,3.15030062542548e-63,"Not significant","hypothetical protein","AENJPLPP_01158"
"AENJPLPP_02259","murT","Lipid II isoglutaminyl synthase (glutamine-hydrolyzing) subunit MurT","murT","CDS","6.3.5.13","COG0769",2311.61663798501,-1.12674083045603,0.0668323615477797,-16.8592101844328,8.9780764170136e-64,3.7488103741247e-63,"Not significant","murT
(AENJPLPP_02259)","AENJPLPP_02259"
"AENJPLPP_00240","ybhL","Inner membrane protein YbhL","ybhL","CDS","","COG0670",9342.65268801304,0.985727826103342,0.0584939770201767,16.8517833171666,1.01798142085344e-63,4.24433785336684e-63,"Not significant","ybhL
(AENJPLPP_00240)","AENJPLPP_00240"
"AENJPLPP_00644",NA,"hypothetical protein","hypothetical protein","CDS","","",951.193952751317,-1.42143457329665,0.0844207113539084,-16.8375100197594,1.29575274699126e-63,5.39452356872391e-63,"Not significant","hypothetical protein","AENJPLPP_00644"
"AENJPLPP_01139","murJ_2","Lipid II flippase MurJ","murJ_2","CDS","","COG2244",983.859571776543,-1.3952570603992,0.0830087191841189,-16.8085602827389,2.11239659461344e-63,8.7814901018365e-63,"Not significant","murJ_2
(AENJPLPP_01139)","AENJPLPP_01139"
"AENJPLPP_01752",NA,"hypothetical protein","hypothetical protein","CDS","","",251.583603311924,-2.47058710260985,0.146995878042499,-16.8071862661045,2.16192408841719e-63,8.97420395059982e-63,"Down in serum","hypothetical protein","AENJPLPP_01752"
"AENJPLPP_01045","mgtE","Magnesium transporter MgtE","mgtE","CDS","","COG2239",3506.61660568972,-1.27771548824975,0.0761496479791542,-16.7790071544325,3.47599051083836e-63,1.44078025419962e-62,"Not significant","mgtE
(AENJPLPP_01045)","AENJPLPP_01045"
"AENJPLPP_00183","sppA","Putative signal peptide peptidase SppA","sppA","CDS","3.4.21.-","COG0616",3845.42483985047,1.09679500190797,0.0654255737131022,16.764010457402,4.47400796402735e-63,1.85174218511132e-62,"Not significant","sppA
(AENJPLPP_00183)","AENJPLPP_00183"
"AENJPLPP_00439","carB","Carbamoyl-phosphate synthase large chain","carB","CDS","6.3.5.5","COG0458",6310.97323981929,1.62401197759115,0.0969097879626108,16.7579767919595,4.95190492251973e-63,2.04654639936545e-62,"Not significant","carB
(AENJPLPP_00439)","AENJPLPP_00439"
"AENJPLPP_00909",NA,"Flavodoxin","Flavodoxin","CDS","","",3625.04848061625,-1.11082841155053,0.0664842446098126,-16.7081451864248,1.1433695748201e-62,4.71848289550395e-62,"Not significant","Flavodoxin","AENJPLPP_00909"
"AENJPLPP_00234","pphA","Serine/threonine-protein phosphatase 1","pphA","CDS","3.1.3.16","COG0639",1612.99918779259,1.36805911837468,0.0819324733932353,16.6973980122469,1.36906246045763e-62,5.64165331230794e-62,"Not significant","pphA
(AENJPLPP_00234)","AENJPLPP_00234"
"AENJPLPP_02368","yhaX","Stress response protein YhaX","yhaX","CDS","","COG0561",1508.29255397906,1.38224828931376,0.0828506740084904,16.6836094679461,1.72475364203438e-62,7.09706040784785e-62,"Not significant","yhaX
(AENJPLPP_02368)","AENJPLPP_02368"
"AENJPLPP_00137","infB","Translation initiation factor IF-2","infB","CDS","","",15979.7363615989,-0.953504964547033,0.0571555712418598,-16.6826250500092,1.75341615593243e-62,7.20452995274995e-62,"Not significant","infB
(AENJPLPP_00137)","AENJPLPP_00137"
"AENJPLPP_00935",NA,"hypothetical protein","hypothetical protein","CDS","","",185.911507384476,6.02962527408528,0.361470688615203,16.6808138640088,1.80739661815986e-62,7.41556496523269e-62,"Up in serum","hypothetical protein","AENJPLPP_00935"
"AENJPLPP_00963",NA,"hypothetical protein","hypothetical protein","CDS","","",151.823083864833,3.75970328710442,0.225506723859735,16.672244724033,2.08611024465468e-62,8.54671216008307e-62,"Up in serum","hypothetical protein","AENJPLPP_00963"
"AENJPLPP_01802","rbsK","Ribokinase","rbsK","CDS","2.7.1.15","",2280.0711792216,1.46169302992692,0.0879998565623037,16.6101751415021,5.88212193969584e-62,2.40639988602297e-61,"Not significant","rbsK
(AENJPLPP_01802)","AENJPLPP_01802"
"AENJPLPP_01243","cinA","Putative competence-damage inducible protein","cinA","CDS","","COG1058",2234.36510074101,-1.07223949079295,0.0646278797801675,-16.5909742736446,8.09957349375614e-62,3.30878680531366e-61,"Not significant","cinA
(AENJPLPP_01243)","AENJPLPP_01243"
"AENJPLPP_01101",NA,"hypothetical protein","hypothetical protein","CDS","","",1115.80264222945,1.29095247925105,0.0779882228802107,16.5531721531075,1.5188456094102e-61,6.19575204645574e-61,"Not significant","hypothetical protein","AENJPLPP_01101"
"AENJPLPP_02105",NA,"putative protein","putative protein","CDS","","",15114.350339048,1.00660223036153,0.0610167890695782,16.4971353902889,3.84715267605961e-61,1.5670919749532e-60,"Not significant","putative protein","AENJPLPP_02105"
"AENJPLPP_00887",NA,"hypothetical protein","hypothetical protein","CDS","","",999.960190627337,-1.31068949948958,0.0795030339969629,-16.4860312065531,4.62338602551524e-61,1.88057555147035e-60,"Not significant","hypothetical protein","AENJPLPP_00887"
"AENJPLPP_01561",NA,"hypothetical protein","hypothetical protein","CDS","","",1096.35063584445,-1.43436680021256,0.0871537246732371,-16.4578944341207,7.36170091454616e-61,2.99009688509041e-60,"Not significant","hypothetical protein","AENJPLPP_01561"
"AENJPLPP_01751","dhaL","PTS-dependent dihydroxyacetone kinase, ADP-binding subunit DhaL","dhaL","CDS","2.7.1.121","COG2376",419.632858093872,1.89523988515746,0.115645532626908,16.3883536363815,2.31633584303793e-60,9.39476614848191e-60,"Not significant","dhaL
(AENJPLPP_01751)","AENJPLPP_01751"
"AENJPLPP_00629","ssuB","Aliphatic sulfonates import ATP-binding protein SsuB","ssuB","CDS","3.6.3.-","COG1116",489.020078279657,1.66802419834177,0.101987811090032,16.3551328390535,3.99835574260167e-60,1.61936267629547e-59,"Not significant","ssuB
(AENJPLPP_00629)","AENJPLPP_00629"
"AENJPLPP_00407","ybbH_1","putative HTH-type transcriptional regulator YbbH","ybbH_1","CDS","","COG1737",319.550703260633,-2.23997048385491,0.137263451215316,-16.3187684997168,7.25851418663619e-60,2.93555052319529e-59,"Down in serum","ybbH_1
(AENJPLPP_00407)","AENJPLPP_00407"
"AENJPLPP_03063",NA,"hypothetical protein","hypothetical protein","CDS","","",505.35067535204,1.95560942825584,0.119893228064209,16.3112584407896,8.20840626426858e-60,3.31497833582658e-59,"Not significant","hypothetical protein","AENJPLPP_03063"
"AENJPLPP_01723",NA,"hypothetical protein","hypothetical protein","CDS","","",941.93729386609,-1.48572393319351,0.0911146636445969,-16.3060903016527,8.93305853543451e-60,3.60249126977423e-59,"Not significant","hypothetical protein","AENJPLPP_01723"
"AENJPLPP_02630","ycaM","Inner membrane transporter YcaM","ycaM","CDS","","COG0531",6250.95987965671,-1.1357426742771,0.06982291228915,-16.2660455864942,1.71907323626401e-59,6.92275438387399e-59,"Not significant","ycaM
(AENJPLPP_02630)","AENJPLPP_02630"
"AENJPLPP_00356",NA,"hypothetical protein","hypothetical protein","CDS","","",424.703477311184,1.84749557847792,0.113599246206039,16.2632732186185,1.79866754360477e-59,7.23299405674021e-59,"Not significant","hypothetical protein","AENJPLPP_00356"
"AENJPLPP_01250","veg","Protein Veg","veg","CDS","","COG4466",4622.9194359639,1.02311297011104,0.0630292491326445,16.2323521887102,2.9782449288772e-59,1.19594487853211e-58,"Not significant","veg
(AENJPLPP_01250)","AENJPLPP_01250"
"AENJPLPP_03001",NA,"hypothetical protein","hypothetical protein","CDS","","",430.273735337181,1.73402387025735,0.107132323650974,16.1858140583846,6.35044103613038e-59,2.54647288573443e-58,"Not significant","hypothetical protein","AENJPLPP_03001"
"AENJPLPP_00211","aroC","Chorismate synthase","aroC","CDS","4.2.3.5","COG0082",2261.48457345268,-1.20694936761085,0.0746259386598447,-16.1733224303187,7.77878134688924e-59,3.11481329463132e-58,"Not significant","aroC
(AENJPLPP_00211)","AENJPLPP_00211"
"AENJPLPP_02270","prfA","Peptide chain release factor 1","prfA","CDS","","COG0216",4546.87855043364,-1.00077327825261,0.0619748326223325,-16.1480593961617,1.17190915114444e-58,4.68598136566371e-58,"Not significant","prfA
(AENJPLPP_02270)","AENJPLPP_02270"
"AENJPLPP_00544","uppP","Undecaprenyl-diphosphatase","uppP","CDS","3.6.1.27","",1000.25352668808,-1.62328480821024,0.100628848304123,-16.1314060089838,1.53486041337388e-58,6.12861753210359e-58,"Not significant","uppP
(AENJPLPP_00544)","AENJPLPP_00544"
"AENJPLPP_01138","rluB_2","Ribosomal large subunit pseudouridine synthase B","rluB_2","CDS","5.4.99.22","COG1187",1953.01831356541,-1.13381512913898,0.0703493856730812,-16.1169158520858,1.94055291488569e-58,7.73761310146676e-58,"Not significant","rluB_2
(AENJPLPP_01138)","AENJPLPP_01138"
"AENJPLPP_00112",NA,"hypothetical protein","hypothetical protein","CDS","","",470.619518904333,-1.79974562477761,0.111788948497553,-16.0994950660709,2.57194866263635e-58,1.02407688662778e-57,"Not significant","hypothetical protein","AENJPLPP_00112"
"AENJPLPP_00438","pyrK_2","Dihydroorotate dehydrogenase B (NAD(+)), electron transfer subunit","pyrK_2","CDS","","COG0543",775.677306565047,1.75711681829939,0.109162287872913,16.0963722228415,2.7050697306974e-58,1.0755691583714e-57,"Not significant","pyrK_2
(AENJPLPP_00438)","AENJPLPP_00438"
"AENJPLPP_02594",NA,"hypothetical protein","hypothetical protein","CDS","","",419.31812975282,-1.83120907588072,0.113891745862386,-16.0785056196552,3.60981942449766e-58,1.43329576307894e-57,"Not significant","hypothetical protein","AENJPLPP_02594"
"AENJPLPP_00174",NA,"hypothetical protein","hypothetical protein","CDS","","",145.454062085064,3.30385517043852,0.205543073698771,16.0737849784246,3.8955655878171e-58,1.54458629959527e-57,"Up in serum","hypothetical protein","AENJPLPP_00174"
"AENJPLPP_00051",NA,"hypothetical protein","hypothetical protein","CDS","","",621.394027517639,1.56371580614783,0.0976543679673758,16.01275845306,1.04090839443472e-57,4.12141491558699e-57,"Not significant","hypothetical protein","AENJPLPP_00051"
"AENJPLPP_00882",NA,"hypothetical protein","hypothetical protein","CDS","","",702.894239159182,-1.51640325923302,0.0947665587500395,-16.0014595785076,1.24814264927308e-57,4.93504446940238e-57,"Not significant","hypothetical protein","AENJPLPP_00882"
"AENJPLPP_01626","queA","S-adenosylmethionine:tRNA ribosyltransferase-isomerase","queA","CDS","2.4.99.17","COG0809",9337.84831856086,-0.883492609581666,0.0553623676806909,-15.95836028324,2.49192572287761e-57,9.83910979284034e-57,"Not significant","queA
(AENJPLPP_01626)","AENJPLPP_01626"
"AENJPLPP_00871","vraR","Response regulator protein VraR","vraR","CDS","","",2011.2726580349,-1.18223385390467,0.0741877709057121,-15.935697210895,3.58183287146627e-57,1.4122797853929e-56,"Not significant","vraR
(AENJPLPP_00871)","AENJPLPP_00871"
"AENJPLPP_02386","clpP_2","ATP-dependent Clp protease proteolytic subunit","clpP_2","CDS","3.4.21.92","COG0740",3055.05184301802,-0.982543440168172,0.0617123210063176,-15.9213496453583,4.50552292481534e-57,1.77401048680838e-56,"Not significant","clpP_2
(AENJPLPP_02386)","AENJPLPP_02386"
"AENJPLPP_02073","dinB","DNA polymerase IV","dinB","CDS","2.7.7.7","COG0389",1601.10310665416,1.12770668856815,0.0708378079830445,15.9195593522329,4.6363055117734e-57,1.82296956997646e-56,"Not significant","dinB
(AENJPLPP_02073)","AENJPLPP_02073"
"AENJPLPP_00948",NA,"hypothetical protein","hypothetical protein","CDS","","",127.615216501666,4.04007371687932,0.253815736483198,15.9173492268741,4.80298388893215e-57,1.885887293976e-56,"Up in serum","hypothetical protein","AENJPLPP_00948"
"AENJPLPP_02349","ypjQ","putative protein YpjQ","ypjQ","CDS","","COG1267",805.05141292849,1.36795942574177,0.0859747098574118,15.9111839750377,5.3001611893366e-57,2.07822109792409e-56,"Not significant","ypjQ
(AENJPLPP_02349)","AENJPLPP_02349"
"AENJPLPP_00366","yckB","putative ABC transporter extracellular-binding protein YckB","yckB","CDS","","COG0834",1262.01467713639,1.43670426902046,0.0903740233611371,15.8973144670051,6.61398697852829e-57,2.58979213502263e-56,"Not significant","yckB
(AENJPLPP_00366)","AENJPLPP_00366"
"AENJPLPP_01444",NA,"hypothetical protein","hypothetical protein","CDS","","",842.398004225531,-1.36041725319873,0.0857324537859815,-15.8681711898135,1.05263586349942e-56,4.11603885299289e-56,"Not significant","hypothetical protein","AENJPLPP_01444"
"AENJPLPP_00729",NA,"Putative universal stress protein","Putative universal stress protein","CDS","","",1915.48258473423,1.36770201592381,0.0862897255956699,15.8501143268491,1.40325344642696e-56,5.4794627680479e-56,"Not significant","Putative universal stress protein","AENJPLPP_00729"
"AENJPLPP_00367","yecS_1","L-cystine transport system permease protein YecS","yecS_1","CDS","","COG0765",725.262775935388,1.75314832458433,0.110693072482624,15.8379226925834,1.70356204014824e-56,6.64295335490313e-56,"Not significant","yecS_1
(AENJPLPP_00367)","AENJPLPP_00367"
"AENJPLPP_00601",NA,"hypothetical protein","hypothetical protein","CDS","","",2952.63150728026,1.05475258830948,0.0666448848972199,15.8264597491034,2.04402980184427e-56,7.95962636729178e-56,"Not significant","hypothetical protein","AENJPLPP_00601"
"AENJPLPP_02873",NA,"hypothetical protein","hypothetical protein","CDS","","",4432.52512800029,-1.11625915331711,0.0705502262234448,-15.822190984643,2.18746035799541e-56,8.50645641962224e-56,"Not significant","hypothetical protein","AENJPLPP_02873"
"AENJPLPP_00880","pglH_1","GalNAc-alpha-(1->4)-GalNAc-alpha-(1->3)-diNAcBac-PP-undecaprenol alpha-1,4-N-acetyl-D-galactosaminyltransferase","pglH_1","CDS","2.4.1.292","COG0438",4488.6186761686,-1.12737279295887,0.0713013370934555,-15.8113836137632,2.5970002575989e-56,1.008519578774e-55,"Not significant","pglH_1
(AENJPLPP_00880)","AENJPLPP_00880"
"AENJPLPP_00649","parE","DNA topoisomerase 4 subunit B","parE","CDS","5.6.2.2","COG0187",9030.6338742827,-1.04462668926051,0.0662961812269694,-15.7569662373789,6.15159179879506e-56,2.38563786060121e-55,"Not significant","parE
(AENJPLPP_00649)","AENJPLPP_00649"
"AENJPLPP_01821","luxS","S-ribosylhomocysteine lyase","luxS","CDS","4.4.1.21","COG1854",6597.79634254778,-0.86431579447833,0.0548596069221426,-15.7550489872262,6.34102107301642e-56,2.45573606808611e-55,"Not significant","luxS
(AENJPLPP_01821)","AENJPLPP_01821"
"AENJPLPP_00246","dnaB","Replication initiation and membrane attachment protein","dnaB","CDS","","COG3611",5336.70602375426,0.994848815160159,0.0632071048512662,15.7395093083468,8.1069886253423e-56,3.13536677573006e-55,"Not significant","dnaB
(AENJPLPP_00246)","AENJPLPP_00246"
"AENJPLPP_00481",NA,"Autolysin","Autolysin","CDS","3.2.1.-","COG1388",592.65282770066,-1.60312302922372,0.101969040884296,-15.721664294585,1.0746331571294e-55,4.15045902842201e-55,"Not significant","Autolysin","AENJPLPP_00481"
"AENJPLPP_02666","phoP","Alkaline phosphatase synthesis transcriptional regulatory protein PhoP","phoP","CDS","","COG0745",1366.86594519268,1.16887859997826,0.0743962834738423,15.7115187130179,1.26121270759259e-55,4.86443211879378e-55,"Not significant","phoP
(AENJPLPP_02666)","AENJPLPP_02666"
"AENJPLPP_01461","deoC","Deoxyribose-phosphate aldolase","deoC","CDS","4.1.2.4","COG0274",5756.74175818426,-1.08140018647166,0.0688626426895089,-15.7037276560461,1.42610189546222e-55,5.49291764088916e-55,"Not significant","deoC
(AENJPLPP_01461)","AENJPLPP_01461"
"AENJPLPP_00804","dnaE","DNA polymerase III subunit alpha","dnaE","CDS","2.7.7.7","COG0587",6104.59092331255,0.950346119394074,0.0605396889939612,15.697902238792,1.5632651030512e-55,6.01304824285047e-55,"Not significant","dnaE
(AENJPLPP_00804)","AENJPLPP_00804"
"AENJPLPP_00942",NA,"hypothetical protein","hypothetical protein","CDS","","",125.93556677984,3.8939833602925,0.248348751340074,15.6794964310504,2.08903800764909e-55,8.02451370373754e-55,"Up in serum","hypothetical protein","AENJPLPP_00942"
"AENJPLPP_02872",NA,"IS200/IS605 family transposase ISEfa4","IS200/IS605 family transposase ISEfa4","CDS","","",3004.98219246498,-1.12299806672965,0.0716838576011985,-15.6659826118353,2.58404916718862e-55,9.91252465082788e-55,"Not significant","IS200/IS605 family transposase ISEfa4","AENJPLPP_02872"
"AENJPLPP_01057","yfnB_1","Putative HAD-hydrolase YfnB","yfnB_1","CDS","3.-.-.-","COG1011",432.463718659044,-1.76677240853341,0.112810124944539,-15.6614701863154,2.77409562010863e-55,1.06271511509168e-54,"Not significant","yfnB_1
(AENJPLPP_01057)","AENJPLPP_01057"
"AENJPLPP_01901",NA,"hypothetical protein","hypothetical protein","CDS","","",542.801818700782,1.58057584167074,0.100980182357111,15.6523369712398,3.20240256276022e-55,1.22513535880732e-54,"Not significant","hypothetical protein","AENJPLPP_01901"
"AENJPLPP_01648",NA,"Phosphomevalonate kinase","Phosphomevalonate kinase","CDS","2.7.4.2","",2050.72319801814,-1.21404386301712,0.0776458868401728,-15.6356493875345,4.16210076779423e-55,1.59013593436241e-54,"Not significant","Phosphomevalonate kinase","AENJPLPP_01648"
"AENJPLPP_02532","ftsX","Cell division protein FtsX","ftsX","CDS","","COG2177",4798.67248611663,1.06516105316107,0.0681322221340501,15.6337342273289,4.28913203913185e-55,1.63645994646661e-54,"Not significant","ftsX
(AENJPLPP_02532)","AENJPLPP_02532"
"AENJPLPP_00191",NA,"hypothetical protein","hypothetical protein","CDS","","",134.290392623607,3.92984379671659,0.251413640031123,15.630988820774,4.47799675204519e-55,1.70621922005921e-54,"Up in serum","hypothetical protein","AENJPLPP_00191"
"AENJPLPP_02375","valS","Valine--tRNA ligase","valS","CDS","6.1.1.9","COG0525",13980.8541701474,-0.886859401391609,0.0567641565831311,-15.6235810549357,5.02994617439225e-55,1.91394860479899e-54,"Not significant","valS
(AENJPLPP_02375)","AENJPLPP_02375"
"AENJPLPP_00378",NA,"hypothetical protein","hypothetical protein","CDS","","",576.686997910353,-1.56700680702299,0.100378787796713,-15.6109357506537,6.13308239270897e-55,2.33057130922941e-54,"Not significant","hypothetical protein","AENJPLPP_00378"
"AENJPLPP_01787","sasA_3","Adaptive-response sensory-kinase SasA","sasA_3","CDS","2.7.-.-","",1351.28801337223,1.11480568766953,0.0715228831663126,15.5866995053494,8.9647071336331e-55,3.40202223797792e-54,"Not significant","sasA_3
(AENJPLPP_01787)","AENJPLPP_01787"
"AENJPLPP_00469","recU","Holliday junction resolvase RecU","recU","CDS","3.1.22.4","COG3331",627.761793369976,-1.51868751526859,0.0975342183664821,-15.5708175110623,1.14928881700509e-54,4.35560460634729e-54,"Not significant","recU
(AENJPLPP_00469)","AENJPLPP_00469"
"AENJPLPP_00521",NA,"hypothetical protein","hypothetical protein","CDS","","",321.552627438147,-2.25903861362635,0.145167592846801,-15.5615903613582,1.32758698652606e-54,5.02459727119691e-54,"Down in serum","hypothetical protein","AENJPLPP_00521"
"AENJPLPP_01297","bcrA_1","Bacitracin transport ATP-binding protein BcrA","bcrA_1","CDS","","",551.22692208263,1.55288309354015,0.0998867382221856,15.5464391087229,1.68201422653138e-54,6.35751972671608e-54,"Not significant","bcrA_1
(AENJPLPP_01297)","AENJPLPP_01297"
"AENJPLPP_01268",NA,"hypothetical protein","hypothetical protein","CDS","","",224.647871764335,-2.51521196295309,0.16200565003018,-15.525458294106,2.33331121953346e-54,8.80747208333229e-54,"Down in serum","hypothetical protein","AENJPLPP_01268"
"AENJPLPP_00856","rlmCD","23S rRNA (uracil-C(5))-methyltransferase RlmCD","rlmCD","CDS","2.1.1.189","COG2265",2566.73907404056,-0.992858246274394,0.0640389995894238,-15.5039624703689,3.26142460500301e-54,1.22943982114028e-53,"Not significant","rlmCD
(AENJPLPP_00856)","AENJPLPP_00856"
"AENJPLPP_00029",NA,"hypothetical protein","hypothetical protein","CDS","","",353.417805101487,1.7713480672463,0.114510354049511,15.4688899702503,5.62689625250405e-54,2.11831692697327e-53,"Not significant","hypothetical protein","AENJPLPP_00029"
"AENJPLPP_00654","clpY","ATP-dependent protease ATPase subunit ClpY","clpY","CDS","","COG1220",6781.17141209532,-1.07570796724673,0.069669362629739,-15.4401867139739,8.78455979802083e-54,3.3026678337579e-53,"Not significant","clpY
(AENJPLPP_00654)","AENJPLPP_00654"
"AENJPLPP_00723","clsA_1","Major cardiolipin synthase ClsA","clsA_1","CDS","2.7.8.-","COG1502",3565.46002411778,-0.995809128736642,0.0645326139951476,-15.4310985885605,1.01133931706665e-53,3.79721698490143e-53,"Not significant","clsA_1
(AENJPLPP_00723)","AENJPLPP_00723"
"AENJPLPP_01565","mutS_2","DNA mismatch repair protein MutS","mutS_2","CDS","","COG0249",5885.54550966172,-0.885147862524995,0.0573835946132725,-15.4251030889631,1.10977810686718e-53,4.16130042455759e-53,"Not significant","mutS_2
(AENJPLPP_01565)","AENJPLPP_01565"
"AENJPLPP_02392",NA,"hypothetical protein","hypothetical protein","CDS","","",221.479350635699,2.41409383018292,0.156808209667785,15.3952005146761,1.76277229779744e-53,6.60106927918593e-53,"Up in serum","hypothetical protein","AENJPLPP_02392"
"AENJPLPP_02879",NA,"hypothetical protein","hypothetical protein","CDS","","",372.613814212856,-1.77221339470531,0.115168059550297,-15.3880633365306,1.96835944837973e-53,7.36119629902643e-53,"Not significant","hypothetical protein","AENJPLPP_02879"
"AENJPLPP_00903",NA,"hypothetical protein","hypothetical protein","CDS","","",2809.74298287744,-0.953460434561443,0.0619733362728506,-15.3850105852561,2.06342755361312e-53,7.70654802675296e-53,"Not significant","hypothetical protein","AENJPLPP_00903"
"AENJPLPP_00333","nanE_1","Putative N-acetylmannosamine-6-phosphate 2-epimerase","nanE_1","CDS","5.1.3.9","",343.852882978365,-2.12822647995596,0.138362343316055,-15.3815440599654,2.17693616481608e-53,8.11977112331269e-53,"Down in serum","nanE_1
(AENJPLPP_00333)","AENJPLPP_00333"
"AENJPLPP_00161","uvrB","UvrABC system protein B","uvrB","CDS","","COG0556",3402.01050187551,0.927128303434212,0.0602971974615166,15.3759767031616,2.3723867665941e-53,8.83714070556304e-53,"Not significant","uvrB
(AENJPLPP_00161)","AENJPLPP_00161"
"AENJPLPP_00937",NA,"hypothetical protein","hypothetical protein","CDS","","",148.325099306642,5.78435959479184,0.376762278979543,15.3528097623221,3.39172225772977e-53,1.2617563353e-52,"Up in serum","hypothetical protein","AENJPLPP_00937"
"AENJPLPP_02246","catE","Catechol-2,3-dioxygenase","catE","CDS","1.13.11.2","COG2514",3798.84325178438,0.90121984550393,0.0587237729089761,15.3467633440524,3.7230368656464e-53,1.38319125546522e-52,"Not significant","catE
(AENJPLPP_02246)","AENJPLPP_02246"
"AENJPLPP_01333",NA,"hypothetical protein","hypothetical protein","CDS","","",632.437637072496,-1.44255739321248,0.0940858644500153,-15.3323498874676,4.64860667562145e-53,1.72479757518798e-52,"Not significant","hypothetical protein","AENJPLPP_01333"
"AENJPLPP_02104","ypdF","Aminopeptidase YpdF","ypdF","CDS","3.4.11.-","COG0006",8451.74486570367,0.870551749682592,0.0568625011641959,15.3097688610072,6.5797341357276e-53,2.43811876155037e-52,"Not significant","ypdF
(AENJPLPP_02104)","AENJPLPP_02104"
"AENJPLPP_01746","pgaC","Poly-beta-1,6-N-acetyl-D-glucosamine synthase","pgaC","CDS","2.4.1.-","COG1215",1426.04892296054,1.12449772726146,0.073502534637414,15.2987612305966,7.79257432710769e-53,2.88376181961332e-52,"Not significant","pgaC
(AENJPLPP_01746)","AENJPLPP_01746"
"AENJPLPP_00210","aroB","3-dehydroquinate synthase","aroB","CDS","4.2.3.4","COG0337",1491.73385913672,-1.17667000759195,0.0769822181578211,-15.2849584715741,9.63243634289226e-53,3.55997745257545e-52,"Not significant","aroB
(AENJPLPP_00210)","AENJPLPP_00210"
"AENJPLPP_01764","nhaC_2","Na(+)/H(+) antiporter NhaC","nhaC_2","CDS","","COG1757",164.938710407597,-3.1201686702446,0.204203137400482,-15.2797293418923,1.0437330450353e-52,3.85242275162312e-52,"Down in serum","nhaC_2
(AENJPLPP_01764)","AENJPLPP_01764"
"AENJPLPP_01922","sufS","Cysteine desulfurase SufS","sufS","CDS","2.8.1.7","COG0520",2999.33038371097,1.01332851249408,0.0663471206739643,15.2731347223591,1.15485416618787e-52,4.25702102145556e-52,"Not significant","sufS
(AENJPLPP_01922)","AENJPLPP_01922"
"AENJPLPP_02549","gtaB_2","UTP--glucose-1-phosphate uridylyltransferase","gtaB_2","CDS","2.7.7.9","COG1210",6935.6097454092,0.877107614345827,0.0578515378926937,15.1613534625948,6.37421151612477e-52,2.34660504579314e-51,"Not significant","gtaB_2
(AENJPLPP_02549)","AENJPLPP_02549"
"AENJPLPP_01267",NA,"hypothetical protein","hypothetical protein","CDS","","",1310.10654522434,1.09854856202415,0.0724975704842529,15.1529017412075,7.24938816558866e-52,2.66532699958201e-51,"Not significant","hypothetical protein","AENJPLPP_01267"
"AENJPLPP_01046",NA,"hypothetical protein","hypothetical protein","CDS","","",3447.53418957452,-0.93828326644221,0.0619253297136187,-15.1518493447094,7.36642300664382e-52,2.70484351904133e-51,"Not significant","hypothetical protein","AENJPLPP_01046"
"AENJPLPP_00470","ponA_1","Penicillin-binding protein 1A","ponA_1","CDS","","COG0744",8421.0046773987,-0.914388982583501,0.0603563923564467,-15.1498283261099,7.59647729378259e-52,2.78570300760343e-51,"Not significant","ponA_1
(AENJPLPP_00470)","AENJPLPP_00470"
"AENJPLPP_00147","fra","Intracellular iron chaperone frataxin","fra","CDS","","COG5646",270.553789335778,2.05514349177889,0.135685426583367,15.1463833922959,8.00522396714086e-52,2.93179677244189e-51,"Up in serum","fra
(AENJPLPP_00147)","AENJPLPP_00147"
"AENJPLPP_01256","cysE","Serine acetyltransferase","cysE","CDS","2.3.1.30","COG1045",1493.66240869391,-1.14038736152494,0.0753148959395254,-15.1415911460678,8.61049479694483e-52,3.14939415635024e-51,"Not significant","cysE
(AENJPLPP_01256)","AENJPLPP_01256"
"AENJPLPP_02133","dtxR","Diphtheria toxin repressor","dtxR","CDS","","",1129.66698290175,-1.40695955865755,0.0930727300705946,-15.1167754248788,1.25541288748631e-51,4.58590178641773e-51,"Not significant","dtxR
(AENJPLPP_02133)","AENJPLPP_02133"
"AENJPLPP_01159",NA,"hypothetical protein","hypothetical protein","CDS","","",3505.6969209117,-1.15828237679423,0.0766340398878594,-15.1144632135952,1.30026316133836e-51,4.74361470328466e-51,"Not significant","hypothetical protein","AENJPLPP_01159"
"AENJPLPP_03125",NA,"hypothetical protein","hypothetical protein","CDS","","",1005.04473180263,1.15030630923704,0.0761070150475258,15.1143269581485,1.30295535214651e-51,4.74731866399841e-51,"Not significant","hypothetical protein","AENJPLPP_03125"
"AENJPLPP_00957",NA,"hypothetical protein","hypothetical protein","CDS","","",131.937106814461,3.24406316374092,0.21468030939448,15.1111351240876,1.36763333496005e-51,4.97656808646775e-51,"Up in serum","hypothetical protein","AENJPLPP_00957"
"AENJPLPP_00659","dprA","DNA processing protein DprA","dprA","CDS","","COG0758",299.990152599087,-1.97337220624944,0.131142866080941,-15.0474994578164,3.58532059695162e-51,1.30295797303852e-50,"Not significant","dprA
(AENJPLPP_00659)","AENJPLPP_00659"
"AENJPLPP_01204","murJ_3","Lipid II flippase MurJ","murJ_3","CDS","","COG2244",1641.66285209247,-1.13054418038482,0.0751331958285919,-15.0471994158751,3.60161552160768e-51,1.30720173611171e-50,"Not significant","murJ_3
(AENJPLPP_01204)","AENJPLPP_01204"
"AENJPLPP_02403",NA,"hypothetical protein","hypothetical protein","CDS","","",227.946823934898,2.30401668753311,0.153167573211859,15.0424573505922,3.86916425676794e-51,1.40251011663381e-50,"Up in serum","hypothetical protein","AENJPLPP_02403"
"AENJPLPP_03047","vanX","D-alanyl-D-alanine dipeptidase","vanX","CDS","3.4.13.22","",925.737949772265,1.45610844935143,0.0968672940518891,15.0319926204549,4.53166276752836e-51,1.64055464128808e-50,"Not significant","vanX
(AENJPLPP_03047)","AENJPLPP_03047"
"AENJPLPP_01625","opuCA_2","Carnitine transport ATP-binding protein OpuCA","opuCA_2","CDS","7.6.2.9","COG1125",1132.68954625255,1.12279803769214,0.0747038632472877,15.0299862535276,4.67102687374838e-51,1.68884764745615e-50,"Not significant","opuCA_2
(AENJPLPP_01625)","AENJPLPP_01625"
"AENJPLPP_01445",NA,"hypothetical protein","hypothetical protein","CDS","","",840.563632280878,-1.40217137857672,0.0933889517077497,-15.0143175711476,5.9167674126941e-51,2.13652660017054e-50,"Not significant","hypothetical protein","AENJPLPP_01445"
"AENJPLPP_02495","dapE","putative succinyl-diaminopimelate desuccinylase","dapE","CDS","3.5.1.18","",1856.02676604597,1.00135212003238,0.0669022083463697,14.9674001020732,1.19918337557544e-50,4.32469826274405e-50,"Not significant","dapE
(AENJPLPP_02495)","AENJPLPP_02495"
"AENJPLPP_01888",NA,"TelA-like protein","TelA-like protein","CDS","","",6406.000864866,0.877306419534107,0.0586152380306409,14.9672073169011,1.20266394068529e-50,4.3317323359797e-50,"Not significant","TelA-like protein","AENJPLPP_01888"
"AENJPLPP_02366","ansA","L-asparaginase","ansA","CDS","3.5.1.1","COG0252",1334.4797211519,-1.14698332977421,0.0766548574626676,-14.9629569180637,1.28200871191449e-50,4.61164760283345e-50,"Not significant","ansA
(AENJPLPP_02366)","AENJPLPP_02366"
"AENJPLPP_01093","thiK","Thiamine kinase","thiK","CDS","2.7.1.89","",1957.19237833911,-1.03065782449941,0.0690198452102584,-14.932775078815,2.0169444182869e-50,7.24615437585054e-50,"Not significant","thiK
(AENJPLPP_01093)","AENJPLPP_01093"
"AENJPLPP_02584","tagU_3","Polyisoprenyl-teichoic acid--peptidoglycan teichoic acid transferase TagU","tagU_3","CDS","2.7.8.-","COG1316",2274.4066442751,-1.0373866657734,0.0696151504117347,-14.9017370448506,3.21121184894255e-50,1.15221048724415e-49,"Not significant","tagU_3
(AENJPLPP_02584)","AENJPLPP_02584"
"AENJPLPP_00568","pdhD","Dihydrolipoyl dehydrogenase","pdhD","CDS","1.8.1.4","",7418.77775444324,-1.06344420220031,0.071470895166964,-14.8794023037767,4.48488161103409e-50,1.60717719504272e-49,"Not significant","pdhD
(AENJPLPP_00568)","AENJPLPP_00568"
"AENJPLPP_01463","tmpC","Membrane lipoprotein TmpC","tmpC","CDS","","COG1744",47580.2524741629,0.95184162321953,0.0640547934984481,14.8598031659034,6.01015115362316e-50,2.1510414558669e-49,"Not significant","tmpC
(AENJPLPP_01463)","AENJPLPP_01463"
"AENJPLPP_00860","cspD","Cold shock protein CspD","cspD","CDS","","COG1278",13465.1751596657,1.02597894402969,0.069086372275485,14.8506704033982,6.88764056214176e-50,2.46198364033123e-49,"Not significant","cspD
(AENJPLPP_00860)","AENJPLPP_00860"
"AENJPLPP_00214","aroK","Shikimate kinase","aroK","CDS","2.7.1.71","COG0703",516.970342933457,-1.47007015297988,0.0990050234185013,-14.8484400308233,7.1206391440906e-50,2.54205919507194e-49,"Not significant","aroK
(AENJPLPP_00214)","AENJPLPP_00214"
"AENJPLPP_00493","obg","GTPase Obg","obg","CDS","3.6.5.-","COG0536",8606.48309871249,-1.23837301378929,0.0834123052513321,-14.8464067748507,7.33987512355633e-50,2.61702600438135e-49,"Not significant","obg
(AENJPLPP_00493)","AENJPLPP_00493"
"AENJPLPP_00888",NA,"hypothetical protein","hypothetical protein","CDS","","",664.23872884388,-1.40947670894924,0.0950223389601532,-14.8331089759882,8.94903833679692e-50,3.18675818005938e-49,"Not significant","hypothetical protein","AENJPLPP_00888"
"AENJPLPP_01910","ogt","Methylated-DNA--protein-cysteine methyltransferase, constitutive","ogt","CDS","2.1.1.63","COG0350",1330.31165192888,1.17520824930936,0.0792862900590339,14.8223387477752,1.05061830262839e-49,3.73655830997608e-49,"Not significant","ogt
(AENJPLPP_01910)","AENJPLPP_01910"
"AENJPLPP_01726",NA,"hypothetical protein","hypothetical protein","CDS","","",1043.01978661717,-1.20230021800643,0.0813062352899958,-14.7873064558723,1.76892298620009e-49,6.28333873768188e-49,"Not significant","hypothetical protein","AENJPLPP_01726"
"AENJPLPP_00845","ptsH","Phosphocarrier protein HPr","ptsH","CDS","","COG1925",16505.6773410988,-1.07625036012634,0.0729109139898706,-14.7611695044155,2.60720211494096e-49,9.2493598839572e-49,"Not significant","ptsH
(AENJPLPP_00845)","AENJPLPP_00845"
"AENJPLPP_01231","thiT","Thiamine transporter ThiT","thiT","CDS","","",1220.257867849,1.39164055136698,0.0944418588411612,14.7354210139758,3.81810476911473e-49,1.35282285373765e-48,"Not significant","thiT
(AENJPLPP_01231)","AENJPLPP_01231"
"AENJPLPP_00457","cshB","DEAD-box ATP-dependent RNA helicase CshB","cshB","CDS","3.6.4.13","COG0513",9135.83750308503,-0.793608681607911,0.0540391864779678,-14.6857999413346,7.94905544934258e-49,2.8129719971361e-48,"Not significant","cshB
(AENJPLPP_00457)","AENJPLPP_00457"
"AENJPLPP_01662",NA,"1,4-dihydroxy-2-naphthoyl-CoA hydrolase","1,4-dihydroxy-2-naphthoyl-CoA hydrolase","CDS","3.1.2.28","",598.679480159924,1.60702474302804,0.109461722839625,14.6811570413754,8.5125399405832e-49,3.00861430359439e-48,"Not significant","1,4-dihydroxy-2-naphthoyl-CoA hydrolase","AENJPLPP_01662"
"AENJPLPP_02156",NA,"hypothetical protein","hypothetical protein","CDS","","",114.261353845475,3.93739189508781,0.268495168854649,14.6646657065898,1.08550453550418e-48,3.83174980051413e-48,"Up in serum","hypothetical protein","AENJPLPP_02156"
"AENJPLPP_02276","upp","Uracil phosphoribosyltransferase","upp","CDS","2.4.2.9","",4363.4476437634,0.85928616081255,0.0587068305118739,14.6369026111664,1.63341634553496e-48,5.75865712852985e-48,"Not significant","upp
(AENJPLPP_02276)","AENJPLPP_02276"
"AENJPLPP_01563","ymdB","2',3'-cyclic-nucleotide 2'-phosphodiesterase","ymdB","CDS","3.1.4.16","COG1692",917.392669242548,-1.21981958274777,0.0833866246143914,-14.6284801476092,1.8487086827169e-48,6.50957000095963e-48,"Not significant","ymdB
(AENJPLPP_01563)","AENJPLPP_01563"
"AENJPLPP_00502","ykuT","putative MscS family protein YkuT","ykuT","CDS","","COG0668",711.863220509487,-1.36485093262608,0.0933084862870547,-14.6272969044557,1.88113606745408e-48,6.61552323846272e-48,"Not significant","ykuT
(AENJPLPP_00502)","AENJPLPP_00502"
"AENJPLPP_00159","artM_1","Arginine transport ATP-binding protein ArtM","artM_1","CDS","","COG1126",14390.3343332938,-0.831410766574578,0.056858883929854,-14.6223546631742,2.02281508923034e-48,7.10494977371103e-48,"Not significant","artM_1
(AENJPLPP_00159)","AENJPLPP_00159"
"AENJPLPP_00661","rbgA","Ribosome biogenesis GTPase A","rbgA","CDS","","COG1161",1533.21728873106,-1.03092616127077,0.0705958269917735,-14.603216722582,2.67900767757966e-48,9.39810500028255e-48,"Not significant","rbgA
(AENJPLPP_00661)","AENJPLPP_00661"
"AENJPLPP_00901","rfbC","dTDP-4-dehydrorhamnose 3,5-epimerase","rfbC","CDS","5.1.3.13","COG1898",2948.59355812362,-0.907774491650789,0.0622146793986996,-14.591001680381,3.20457634935398e-48,1.12279154022538e-47,"Not significant","rfbC
(AENJPLPP_00901)","AENJPLPP_00901"
"AENJPLPP_01866",NA,"hypothetical protein","hypothetical protein","CDS","","",202.867778669049,2.38524237420771,0.163598844021761,14.579824133051,3.77487908040051e-48,1.32097437288181e-47,"Up in serum","hypothetical protein","AENJPLPP_01866"
"AENJPLPP_01789","ydfK","putative membrane protein YdfK","ydfK","CDS","","COG1811",124.044545412851,-3.38346496847486,0.232113940882997,-14.5767417312534,3.94920372283153e-48,1.38027107893038e-47,"Down in serum","ydfK
(AENJPLPP_01789)","AENJPLPP_01789"
"AENJPLPP_00653","codY","GTP-sensing transcriptional pleiotropic repressor CodY","codY","CDS","","COG4465",3923.02919905,-1.08925083684396,0.0747586909597474,-14.5702235132829,4.34467195061993e-48,1.51661729866893e-47,"Not significant","codY
(AENJPLPP_00653)","AENJPLPP_00653"
"AENJPLPP_02138","dgaR_3","Transcriptional regulatory protein DagR","dgaR_3","CDS","","",2981.61108867821,0.929816807438651,0.0639649650655231,14.5363451146449,7.12991013225025e-48,2.48580980103454e-47,"Not significant","dgaR_3
(AENJPLPP_02138)","AENJPLPP_02138"
"AENJPLPP_02694",NA,"hypothetical protein","hypothetical protein","CDS","","",598.639403927942,1.38240646349195,0.0951308108050018,14.5316375608907,7.63726136400834e-48,2.65885320704078e-47,"Not significant","hypothetical protein","AENJPLPP_02694"
"AENJPLPP_02924",NA,"hypothetical protein","hypothetical protein","CDS","","",183.892044125138,2.30943056154366,0.158925077196159,14.5315679708191,7.6450247634447e-48,2.65885320704078e-47,"Up in serum","hypothetical protein","AENJPLPP_02924"
"AENJPLPP_01389","gor","Glutathione reductase","gor","CDS","1.8.1.7","COG1249",5737.34670866907,-0.826739405078805,0.0569388314832173,-14.5197817296705,9.07988999630347e-48,3.15400841466689e-47,"Not significant","gor
(AENJPLPP_01389)","AENJPLPP_01389"
"AENJPLPP_03072",NA,"hypothetical protein","hypothetical protein","CDS","","",599.335170463107,1.76781170657553,0.121764681587138,14.518263288936,9.28325246144645e-48,3.2206970243082e-47,"Not significant","hypothetical protein","AENJPLPP_03072"
"AENJPLPP_02706",NA,"IS3 family transposase ISEfa8","IS3 family transposase ISEfa8","CDS","","",279.271247758299,-1.8678105544833,0.128899720359004,-14.4904158774059,1.39296879097103e-47,4.82679883382986e-47,"Not significant","IS3 family transposase ISEfa8","AENJPLPP_02706"
"AENJPLPP_02538","pstB3_2","Phosphate import ATP-binding protein PstB 3","pstB3_2","CDS","7.3.2.1","COG1117",2698.63929871496,0.935485485365324,0.0645766278997227,14.4864406177725,1.47595372659274e-47,5.1080990219854e-47,"Not significant","pstB3_2
(AENJPLPP_02538)","AENJPLPP_02538"
"AENJPLPP_01864","acuR","Transcriptional regulator AcuR","acuR","CDS","","",819.020600124721,-1.25389599876801,0.0866322072133376,-14.4737856635721,1.77431663362125e-47,6.13319949912304e-47,"Not significant","acuR
(AENJPLPP_01864)","AENJPLPP_01864"
"AENJPLPP_00173",NA,"hypothetical protein","hypothetical protein","CDS","","",129.229981432403,3.20509378189785,0.221852756820302,14.4469414211244,2.62067499132256e-47,9.04772061028558e-47,"Up in serum","hypothetical protein","AENJPLPP_00173"
"AENJPLPP_01924",NA,"hypothetical protein","hypothetical protein","CDS","","",8055.70632134565,0.905203006258553,0.0627621213816377,14.4227598801877,3.72158018712431e-47,1.28328788182082e-46,"Not significant","hypothetical protein","AENJPLPP_01924"
"AENJPLPP_00932",NA,"hypothetical protein","hypothetical protein","CDS","","",142.73327421105,6.11783784097511,0.424341027214927,14.4172668882107,4.0298724566255e-47,1.38790376212978e-46,"Up in serum","hypothetical protein","AENJPLPP_00932"
"AENJPLPP_00441","pyrC","Dihydroorotase","pyrC","CDS","3.5.2.3","",1458.80048860929,1.66061532554125,0.115211805950678,14.4135864535633,4.25052572317388e-47,1.46211887269809e-46,"Not significant","pyrC
(AENJPLPP_00441)","AENJPLPP_00441"
"AENJPLPP_02100","sorA_1","PTS system sorbose-specific EIIC component","sorA_1","CDS","","COG3715",6895.84615520453,0.795755399877834,0.0552302981277008,14.4079504701917,4.6119416135453e-47,1.584515377178e-46,"Not significant","sorA_1
(AENJPLPP_02100)","AENJPLPP_02100"
"AENJPLPP_02262",NA,"hypothetical protein","hypothetical protein","CDS","","",2721.21294327424,0.902934722412987,0.0627259848755302,14.394907058131,5.56997120641938e-47,1.91134405883312e-46,"Not significant","hypothetical protein","AENJPLPP_02262"
"AENJPLPP_02776",NA,"hypothetical protein","hypothetical protein","CDS","","",383.216330448833,1.71185232488546,0.11922666723998,14.3579650804114,9.49750566269452e-47,3.25513783669348e-46,"Not significant","hypothetical protein","AENJPLPP_02776"
"AENJPLPP_01050",NA,"hypothetical protein","hypothetical protein","CDS","","",4782.72809050774,-0.978250466176735,0.0681550510516684,-14.3533083914077,1.0157377048322e-46,3.47709001496971e-46,"Not significant","hypothetical protein","AENJPLPP_01050"
"AENJPLPP_02132","zwf","Glucose-6-phosphate 1-dehydrogenase","zwf","CDS","1.1.1.49","COG0364",4633.18342161929,-0.798746470234232,0.0557122853408873,-14.3369898640297,1.28509626224248e-46,4.39384965991359e-46,"Not significant","zwf
(AENJPLPP_02132)","AENJPLPP_02132"
"AENJPLPP_02548","gpsA_2","Glycerol-3-phosphate dehydrogenase [NAD(P)+]","gpsA_2","CDS","1.1.1.94","COG0240",5680.03363198918,0.828748632500326,0.0578576316476767,14.3239294264062,1.55099771518386e-46,5.2965917149403e-46,"Not significant","gpsA_2
(AENJPLPP_02548)","AENJPLPP_02548"
"AENJPLPP_00934",NA,"hypothetical protein","hypothetical protein","CDS","","",126.172042617129,5.72880355683237,0.399995316488919,14.3221765872628,1.59062279246737e-46,5.42536521141581e-46,"Up in serum","hypothetical protein","AENJPLPP_00934"
"AENJPLPP_01252",NA,"hypothetical protein","hypothetical protein","CDS","","",1869.4780031837,-1.16223062097702,0.0812118297074947,-14.3111000597215,1.86539081278206e-46,6.35489938746813e-46,"Not significant","hypothetical protein","AENJPLPP_01252"
"AENJPLPP_01428","ssb_1","Single-stranded DNA-binding protein","ssb_1","CDS","","COG0629",23983.2348921048,-1.0263866835718,0.0718209495922666,-14.2909093989802,2.49332128671097e-46,8.4838852916812e-46,"Not significant","ssb_1
(AENJPLPP_01428)","AENJPLPP_01428"
"AENJPLPP_01325",NA,"hypothetical protein","hypothetical protein","CDS","","",1808.9125918341,-1.00793303068506,0.0706590979948863,-14.2647310719705,3.62988531158879e-46,1.23363809329026e-45,"Not significant","hypothetical protein","AENJPLPP_01325"
"AENJPLPP_00444","pyrR","Bifunctional protein pyrR","pyrR","CDS","","",1036.1888195089,1.70361058604548,0.119459451828026,14.2609945046291,3.82957819288162e-46,1.29994434820718e-45,"Not significant","pyrR
(AENJPLPP_00444)","AENJPLPP_00444"
"AENJPLPP_00520","dtpT_2","Di-/tripeptide transporter","dtpT_2","CDS","","COG3104",3291.97932177428,-0.95503349275421,0.0671090347578388,-14.2310718102328,5.87740053395851e-46,1.99268513911815e-45,"Not significant","dtpT_2
(AENJPLPP_00520)","AENJPLPP_00520"
"AENJPLPP_00184",NA,"hypothetical protein","hypothetical protein","CDS","","",1474.97021044999,1.06396452938145,0.0747657158587723,14.2306472580455,5.91319246777438e-46,2.00242199476905e-45,"Not significant","hypothetical protein","AENJPLPP_00184"
"AENJPLPP_00379",NA,"hypothetical protein","hypothetical protein","CDS","","",708.763573559055,-1.30342015391003,0.091614147900453,-14.2272802157841,6.20484066381476e-46,2.09867430337629e-45,"Not significant","hypothetical protein","AENJPLPP_00379"
"AENJPLPP_00257",NA,"hypothetical protein","hypothetical protein","CDS","","",733.360962453562,-1.24068749857122,0.0875522016667074,-14.1708315148287,1.3884665566826e-45,4.69063105246831e-45,"Not significant","hypothetical protein","AENJPLPP_00257"
"AENJPLPP_00850",NA,"hypothetical protein","hypothetical protein","CDS","","",7516.33354937425,-0.81518846080222,0.0575659875258975,-14.1609393990764,1.5984302171995e-45,5.39351125732037e-45,"Not significant","hypothetical protein","AENJPLPP_00850"
"AENJPLPP_01834","npr_2","NADH peroxidase","npr_2","CDS","1.11.1.1","COG0446",4172.63418977346,0.865610517151209,0.0612507853858873,14.132235394171,2.40390620598311e-45,8.10173627278355e-45,"Not significant","npr_2
(AENJPLPP_01834)","AENJPLPP_01834"
"AENJPLPP_02107","folD","Bifunctional protein FolD protein","folD","CDS","","COG0190",2366.31282223964,0.883950834428574,0.0626574044328975,14.1076835599731,3.40582665577102e-45,1.14647981718047e-44,"Not significant","folD
(AENJPLPP_02107)","AENJPLPP_02107"
"AENJPLPP_01663","nnrD","ADP-dependent (S)-NAD(P)H-hydrate dehydratase","nnrD","CDS","4.2.1.136","COG0063",870.302777424466,1.3408477473777,0.0952095105319875,14.0831282493277,4.82267969251817e-45,1.62149717452719e-44,"Not significant","nnrD
(AENJPLPP_01663)","AENJPLPP_01663"
"AENJPLPP_00646","pflA","Pyruvate formate-lyase-activating enzyme","pflA","CDS","1.97.1.4","",1231.31684165979,-1.129869654552,0.0803283670450308,-14.065637036025,6.17641670875069e-45,2.07419166102885e-44,"Not significant","pflA
(AENJPLPP_00646)","AENJPLPP_00646"
"AENJPLPP_01578",NA,"Potassium channel","Potassium channel","CDS","","",1362.94824821486,1.143262620539,0.0814352724435119,14.0389119632654,9.00850726185514e-45,3.0216924239706e-44,"Not significant","Potassium channel","AENJPLPP_01578"
"AENJPLPP_01721",NA,"hypothetical protein","hypothetical protein","CDS","","",289.758293145325,-1.78463166148643,0.127316332196147,-14.0173034417687,1.22169111393362e-44,4.09302667875275e-44,"Not significant","hypothetical protein","AENJPLPP_01721"
"AENJPLPP_02693",NA,"hypothetical protein","hypothetical protein","CDS","","",1403.14776409944,1.02265754462326,0.073111829036698,13.9875798225475,1.85621770697614e-44,6.21152757499936e-44,"Not significant","hypothetical protein","AENJPLPP_02693"
"AENJPLPP_02097","dgaR_2","Transcriptional regulatory protein DagR","dgaR_2","CDS","","",9834.85715433117,0.751964282793768,0.0537644732482742,13.9862670898186,1.89079038946532e-44,6.31974922382091e-44,"Not significant","dgaR_2
(AENJPLPP_02097)","AENJPLPP_02097"
"AENJPLPP_02019",NA,"2-haloacrylate reductase","2-haloacrylate reductase","CDS","1.3.1.103","",2588.64568214095,0.896031603683354,0.0641310008794977,13.971894893189,2.31387335342756e-44,7.72473521645451e-44,"Not significant","2-haloacrylate reductase","AENJPLPP_02019"
"AENJPLPP_00377",NA,"hypothetical protein","hypothetical protein","CDS","","",411.935795130774,-1.56887422342455,0.112414487965125,-13.9561568248327,2.88580952920465e-44,9.62276416628782e-44,"Not significant","hypothetical protein","AENJPLPP_00377"
"AENJPLPP_00815","ziaA","Zinc-transporting ATPase","ziaA","CDS","7.2.2.12","",975.943332789444,-1.12652216491305,0.0807570193242441,-13.9495262992558,3.16701841266304e-44,1.05480342661754e-43,"Not significant","ziaA
(AENJPLPP_00815)","AENJPLPP_00815"
"AENJPLPP_01205","mfd","Transcription-repair-coupling factor","mfd","CDS","3.6.4.-","",7614.21754018098,-0.806006504462916,0.0577877937097409,-13.9476947071446,3.24939472344699e-44,1.08096785688348e-43,"Not significant","mfd
(AENJPLPP_01205)","AENJPLPP_01205"
"AENJPLPP_01407",NA,"hypothetical protein","hypothetical protein","CDS","","",5084.94840845771,-0.788053415432651,0.0565012246573357,-13.9475457428043,3.25618743100923e-44,1.08195617572619e-43,"Not significant","hypothetical protein","AENJPLPP_01407"
"AENJPLPP_00547",NA,"hypothetical protein","hypothetical protein","CDS","","",574.083480914043,-1.35701824281151,0.097351000688983,-13.9394380459109,3.64801160028788e-44,1.21072928961489e-43,"Not significant","hypothetical protein","AENJPLPP_00547"
"AENJPLPP_02748","alsS_2","Acetolactate synthase","alsS_2","CDS","2.2.1.6","COG0028",274.824308545531,-2.28022245443432,0.163645267317704,-13.9339346124044,3.9403628050543e-44,1.30622565586753e-43,"Down in serum","alsS_2
(AENJPLPP_02748)","AENJPLPP_02748"
"AENJPLPP_00395",NA,"putative ABC transporter permease","putative ABC transporter permease","CDS","","COG0577",121.080361748935,-3.2689398322819,0.234787976554509,-13.9229439269135,4.59577336111393e-44,1.52171162401328e-43,"Down in serum","putative ABC transporter permease","AENJPLPP_00395"
"AENJPLPP_02566","bglH_2","Aryl-phospho-beta-D-glucosidase BglH","bglH_2","CDS","3.2.1.86","COG2723",565.119587193978,1.35103788555392,0.097165456124969,13.9045082422738,5.94742150363174e-44,1.96695680803522e-43,"Not significant","bglH_2
(AENJPLPP_02566)","AENJPLPP_02566"
"AENJPLPP_02763",NA,"hypothetical protein","hypothetical protein","CDS","","",288.869413813235,1.86810490313287,0.13466675386509,13.8720571300349,9.35546762848333e-44,3.0904701115795e-43,"Not significant","hypothetical protein","AENJPLPP_02763"
"AENJPLPP_01167","metK","S-adenosylmethionine synthase","metK","CDS","2.5.1.6","",5959.87611789983,-0.876391596677921,0.0632018327648987,-13.8665535212874,1.01015105535154e-43,3.33302754976715e-43,"Not significant","metK
(AENJPLPP_01167)","AENJPLPP_01167"
"AENJPLPP_01722","paiA","Spermidine/spermine N(1)-acetyltransferase","paiA","CDS","2.3.1.57","COG0454",229.887111592574,-1.95339832444045,0.140887246247254,-13.8649762591873,1.03260261247724e-43,3.40314085672067e-43,"Not significant","paiA
(AENJPLPP_01722)","AENJPLPP_01722"
"AENJPLPP_00817",NA,"hypothetical protein","hypothetical protein","CDS","","",808.347501549246,1.23665557504356,0.0893587479604225,13.8392222728018,1.47796999205363e-43,4.86527098546958e-43,"Not significant","hypothetical protein","AENJPLPP_00817"
"AENJPLPP_00862",NA,"hypothetical protein","hypothetical protein","CDS","","",651.077307351123,-1.24133120036256,0.089914242330145,-13.805723856346,2.35396049159425e-43,7.73990958385982e-43,"Not significant","hypothetical protein","AENJPLPP_00862"
"AENJPLPP_01433","dnaC","Replicative DNA helicase","dnaC","CDS","3.6.4.12","COG0305",3061.48858926496,-0.848542511269289,0.0614839567835054,-13.8010394200416,2.51204254135697e-43,8.25010723269324e-43,"Not significant","dnaC
(AENJPLPP_01433)","AENJPLPP_01433"
"AENJPLPP_00990",NA,"hypothetical protein","hypothetical protein","CDS","","",755.162676837036,1.28473866558491,0.0931951537285603,13.7854664559794,3.11745036022726e-43,1.02265376243376e-42,"Not significant","hypothetical protein","AENJPLPP_00990"
"AENJPLPP_01921",NA,"hypothetical protein","hypothetical protein","CDS","","",5775.78939359674,0.886473581423477,0.064337644001842,13.7784588661359,3.43527527206925e-43,1.12560929342917e-42,"Not significant","hypothetical protein","AENJPLPP_01921"
"AENJPLPP_00988","MroQ","Membrane-embedded CAAX protease MroQ","MroQ","CDS","3.4.22.-","",2432.37555616859,1.08133579774128,0.0785319348985826,13.7693767400196,3.89559378315049e-43,1.27496254336405e-42,"Not significant","MroQ
(AENJPLPP_00988)","AENJPLPP_00988"
"AENJPLPP_01856","ribZ_2","Riboflavin transporter RibZ","ribZ_2","CDS","","",224.63784440442,-2.26572360911397,0.164598155234719,-13.7651822760894,4.1284168673798e-43,1.34960140318155e-42,"Down in serum","ribZ_2
(AENJPLPP_01856)","AENJPLPP_01856"
"AENJPLPP_01614","rpsN2_2","Alternate 30S ribosomal protein S14","rpsN2_2","CDS","","COG0199",323.941307411402,1.7276904518663,0.126078028405858,13.7033428719609,9.69556604605194e-43,3.16587629485271e-42,"Not significant","rpsN2_2
(AENJPLPP_01614)","AENJPLPP_01614"
"AENJPLPP_00048",NA,"hypothetical protein","hypothetical protein","CDS","","",196.649315664936,2.22670834196526,0.162621733525195,13.6925630645812,1.12470824648227e-42,3.66825926934482e-42,"Up in serum","hypothetical protein","AENJPLPP_00048"
"AENJPLPP_02664","ctpE_2","Calcium-transporting ATPase CtpE","ctpE_2","CDS","7.2.2.10","COG0474",584.570167305332,-1.31384179968505,0.0960537632380426,-13.678191831267,1.37058630507573e-42,4.46505158765177e-42,"Not significant","ctpE_2
(AENJPLPP_02664)","AENJPLPP_02664"
"AENJPLPP_01925","xerC_7","Tyrosine recombinase XerC","xerC_7","CDS","","",1314.01030677195,1.05359712852793,0.0770372554195532,13.6764624179551,1.40356788854406e-42,4.56724217525085e-42,"Not significant","xerC_7
(AENJPLPP_01925)","AENJPLPP_01925"
"AENJPLPP_00713",NA,"hypothetical protein","hypothetical protein","CDS","","",1912.49084632582,0.953346256252982,0.069733604084783,13.6712603452116,1.50761115660423e-42,4.9001689831763e-42,"Not significant","hypothetical protein","AENJPLPP_00713"
"AENJPLPP_00204","aes_1","Acetyl esterase","aes_1","CDS","3.1.1.-","",981.254373973711,-1.1361575962763,0.0831742344443333,-13.6599705890495,1.76054843742484e-42,5.71572548893318e-42,"Not significant","aes_1
(AENJPLPP_00204)","AENJPLPP_00204"
"AENJPLPP_03017",NA,"hypothetical protein","hypothetical protein","CDS","","",126.580487093674,2.77068409421442,0.202854915026349,13.6584518736188,1.79764927414772e-42,5.82949037240801e-42,"Up in serum","hypothetical protein","AENJPLPP_03017"
"AENJPLPP_00365","nylA","6-aminohexanoate-cyclic-dimer hydrolase","nylA","CDS","3.5.2.12","",3169.57086391002,1.13908051766459,0.0835072620873026,13.6404965172219,2.29989330165113e-42,7.44965439013085e-42,"Not significant","nylA
(AENJPLPP_00365)","AENJPLPP_00365"
"AENJPLPP_01753","anr","Transcriptional activator protein Anr","anr","CDS","","",354.365900903015,1.54087673112135,0.113064144404473,13.6283411442008,2.71685878904065e-42,8.79020255059893e-42,"Not significant","anr
(AENJPLPP_01753)","AENJPLPP_01753"
"AENJPLPP_00420",NA,"hypothetical protein","hypothetical protein","CDS","","",489.791087374952,-1.77116985680304,0.130009105296011,-13.6234293188185,2.90595192004304e-42,9.39126699274183e-42,"Not significant","hypothetical protein","AENJPLPP_00420"
"AENJPLPP_02108","xseA","Exodeoxyribonuclease 7 large subunit","xseA","CDS","3.1.11.6","COG1570",3574.8119797829,0.858773437449259,0.0630627327591974,13.6177644049847,3.14034312055118e-42,1.01371851474121e-41,"Not significant","xseA
(AENJPLPP_02108)","AENJPLPP_02108"
"AENJPLPP_01545",NA,"hypothetical protein","hypothetical protein","CDS","","",3694.36907593209,0.973548613668092,0.0715218277695807,13.6119090357218,3.40238792929715e-42,1.09705697355811e-41,"Not significant","hypothetical protein","AENJPLPP_01545"
"AENJPLPP_00436","pyrDB","Dihydroorotate dehydrogenase B (NAD(+)), catalytic subunit","pyrDB","CDS","1.3.1.14","COG0167",896.282543402178,1.31919343772928,0.0969639916779053,13.6049827869234,3.74056478620411e-42,1.20472570076722e-41,"Not significant","pyrDB
(AENJPLPP_00436)","AENJPLPP_00436"
"AENJPLPP_01287",NA,"hypothetical protein","hypothetical protein","CDS","","",282.298687038073,-2.05532318514361,0.151081083679839,-13.6041067159613,3.78565482300248e-42,1.21786236408182e-41,"Down in serum","hypothetical protein","AENJPLPP_01287"
"AENJPLPP_01271","yodC_2","Putative NAD(P)H nitroreductase YodC","yodC_2","CDS","1.-.-.-","COG0778",231.71215605225,-1.9198799153362,0.141177283398108,-13.5990711049618,4.05551430323476e-42,1.30319648041516e-41,"Not significant","yodC_2
(AENJPLPP_01271)","AENJPLPP_01271"
"AENJPLPP_02760",NA,"hypothetical protein","hypothetical protein","CDS","","",280.462060887255,1.80668868087477,0.132980623951495,13.5861047060042,4.84171164197394e-42,1.55406866875603e-41,"Not significant","hypothetical protein","AENJPLPP_02760"
"AENJPLPP_00771",NA,"hypothetical protein","hypothetical protein","CDS","","",1120.18474209815,-1.03268997437402,0.0760351506185602,-13.5817443113204,5.13878763833174e-42,1.64755467770296e-41,"Not significant","hypothetical protein","AENJPLPP_00771"
"AENJPLPP_00992",NA,"hypothetical protein","hypothetical protein","CDS","","",2790.09873023152,-0.900742335222145,0.0663335100595111,-13.578994001886,5.3354209389544e-42,1.7086625201561e-41,"Not significant","hypothetical protein","AENJPLPP_00992"
"AENJPLPP_02076","bceA_2","Bacitracin export ATP-binding protein BceA","bceA_2","CDS","","COG1136",894.039345208836,1.13112623785553,0.083336940192827,13.5729273865623,5.79601177566664e-42,1.8540688516285e-41,"Not significant","bceA_2
(AENJPLPP_02076)","AENJPLPP_02076"
"AENJPLPP_01771",NA,"hypothetical protein","hypothetical protein","CDS","","",3210.88414067509,0.854069890331541,0.0629579874579889,13.5657114341759,6.39560974673462e-42,2.04356334006836e-41,"Not significant","hypothetical protein","AENJPLPP_01771"
"AENJPLPP_00178","cdaA","Cyclic di-AMP synthase CdaA","cdaA","CDS","2.7.7.85","COG1624",4217.92309342033,1.0867567274329,0.0802012574678322,13.5503701780335,7.8831588294519e-42,2.51603412020049e-41,"Not significant","cdaA
(AENJPLPP_00178)","AENJPLPP_00178"
"AENJPLPP_02876","qseB","Transcriptional regulatory protein QseB","qseB","CDS","","",1091.51805970361,-1.06151351411102,0.0783735799596752,-13.5442774804621,8.56525067821456e-42,2.73065593130917e-41,"Not significant","qseB
(AENJPLPP_02876)","AENJPLPP_02876"
"AENJPLPP_01847","yifK","putative transport protein YifK","yifK","CDS","","COG1113",2582.86998711939,0.917522220894233,0.0677819721519219,13.5363754072803,9.53803458360934e-42,3.03736511880743e-41,"Not significant","yifK
(AENJPLPP_01847)","AENJPLPP_01847"
"AENJPLPP_00015","gdh","NADP-specific glutamate dehydrogenase","gdh","CDS","1.4.1.4","COG0334",5863.6745595068,0.800820380312977,0.0591801832136556,13.5319009983766,1.01367942669826e-41,3.22441174941885e-41,"Not significant","gdh
(AENJPLPP_00015)","AENJPLPP_00015"
"AENJPLPP_02350","yumC","Ferredoxin--NADP reductase 2","yumC","CDS","1.18.1.2","COG0492",823.773036673831,1.11227937542784,0.0822110942325158,13.5295532289353,1.04657759130346e-41,3.32532116832782e-41,"Not significant","yumC
(AENJPLPP_02350)","AENJPLPP_02350"
"AENJPLPP_00176",NA,"hypothetical protein","hypothetical protein","CDS","","",1972.84733327762,0.955694524138688,0.0708392722575243,13.4910268511006,1.76623321795504e-41,5.60561237671604e-41,"Not significant","hypothetical protein","AENJPLPP_00176"
"AENJPLPP_00606",NA,"hypothetical protein","hypothetical protein","CDS","","",601.327779316155,1.25950835902913,0.093374018330026,13.4888524833263,1.81909787162539e-41,5.76692729515283e-41,"Not significant","hypothetical protein","AENJPLPP_00606"
"AENJPLPP_02499","yjdJ","putative protein YjdJ","yjdJ","CDS","","COG2388",1256.23158403001,1.13283385371706,0.0840763831056387,13.4738652148452,2.22885776457163e-41,7.05804958781015e-41,"Not significant","yjdJ
(AENJPLPP_02499)","AENJPLPP_02499"
"AENJPLPP_02369",NA,"hypothetical protein","hypothetical protein","CDS","","",1257.14388913386,0.992791578244741,0.0737095742188767,13.4689636830176,2.38185536949519e-41,7.53411458216858e-41,"Not significant","hypothetical protein","AENJPLPP_02369"
"AENJPLPP_00883","glyG","Glycosyltransferase GlyG","glyG","CDS","","",550.883999541724,-1.36507014998059,0.101643672037565,-13.4299570510999,4.03645538079847e-41,1.27535772132148e-40,"Not significant","glyG
(AENJPLPP_00883)","AENJPLPP_00883"
"AENJPLPP_00434","pyrE","Orotate phosphoribosyltransferase","pyrE","CDS","2.4.2.10","COG0461",1640.59998486838,1.31330285728305,0.0979968952708304,13.4014741350073,5.92740058091308e-41,1.87073255792251e-40,"Not significant","pyrE
(AENJPLPP_00434)","AENJPLPP_00434"
"AENJPLPP_01747",NA,"hypothetical protein","hypothetical protein","CDS","","",1525.13711466613,0.933796013683252,0.0697690028262033,13.3841100754925,7.48889651522707e-41,2.36092049383161e-40,"Not significant","hypothetical protein","AENJPLPP_01747"
"AENJPLPP_00522",NA,"hypothetical protein","hypothetical protein","CDS","","",710.874691014213,1.15853662426654,0.0867691112252629,13.3519475756625,1.15392054756707e-40,3.63375869873456e-40,"Not significant","hypothetical protein","AENJPLPP_00522"
"AENJPLPP_00639","exuR_1","putative HTH-type transcriptional repressor ExuR","exuR_1","CDS","","COG1609",997.383721537222,1.02019086402551,0.0766105119277334,13.3165911355331,1.85380473459645e-40,5.83124578182506e-40,"Not significant","exuR_1
(AENJPLPP_00639)","AENJPLPP_00639"
"AENJPLPP_00989","gmuC_2","PTS system oligo-beta-mannoside-specific EIIC component","gmuC_2","CDS","","COG1455",320.093995689721,1.562716043647,0.117370172274073,13.3144223389046,1.90842798097707e-40,5.99640356730974e-40,"Not significant","gmuC_2
(AENJPLPP_00989)","AENJPLPP_00989"
"AENJPLPP_00669",NA,"DegV domain-containing protein","DegV domain-containing protein","CDS","","COG1307",7516.59878151676,-0.730214742323823,0.0549882835286534,-13.2794605589629,3.04580420953744e-40,9.55950301241739e-40,"Not significant","DegV domain-containing protein","AENJPLPP_00669"
"AENJPLPP_00229",NA,"hypothetical protein","hypothetical protein","CDS","","",1017.93066317801,-1.05213121423928,0.079241378931449,-13.277548023861,3.12458983946493e-40,9.79591786879868e-40,"Not significant","hypothetical protein","AENJPLPP_00229"
"AENJPLPP_00936",NA,"hypothetical protein","hypothetical protein","CDS","","",119.643556630666,6.10596186843948,0.460254560144208,13.2664885852002,3.62157198655147e-40,1.1341449440185e-39,"Up in serum","hypothetical protein","AENJPLPP_00936"
"AENJPLPP_01225","gmk_2","Guanylate kinase","gmk_2","CDS","2.7.4.8","COG0194",13897.8666153688,0.896973286389458,0.0676224860363542,13.2644234035886,3.72273166682885e-40,1.16453628163453e-39,"Not significant","gmk_2
(AENJPLPP_01225)","AENJPLPP_01225"
"AENJPLPP_00010","ltaS1_1","Lipoteichoic acid synthase 1","ltaS1_1","CDS","","COG1368",11435.7734254093,0.703463922119154,0.0530896436308872,13.2504924502805,4.48252236503035e-40,1.40066454916125e-39,"Not significant","ltaS1_1
(AENJPLPP_00010)","AENJPLPP_00010"
"AENJPLPP_01750","dhaK","PTS-dependent dihydroxyacetone kinase, dihydroxyacetone-binding subunit DhaK","dhaK","CDS","2.7.1.121","COG2376",930.127319901901,1.15849004717354,0.0874403972167889,13.2489110759793,4.57797464430859e-40,1.42891358523017e-39,"Not significant","dhaK
(AENJPLPP_01750)","AENJPLPP_01750"
"AENJPLPP_01217","rsgA","Small ribosomal subunit biogenesis GTPase RsgA","rsgA","CDS","3.6.1.-","COG1162",5056.61185251381,0.824457253903719,0.0622668351538374,13.2407123610314,5.10621930261974e-40,1.59203819886745e-39,"Not significant","rsgA
(AENJPLPP_01217)","AENJPLPP_01217"
"AENJPLPP_00349",NA,"hypothetical protein","hypothetical protein","CDS","","",229.365974925524,-1.94146186179529,0.146778228776803,-13.2271787033726,6.11395733561273e-40,1.90413786766993e-39,"Not significant","hypothetical protein","AENJPLPP_00349"
"AENJPLPP_00281",NA,"hypothetical protein","hypothetical protein","CDS","","",509.171537979813,1.30353349856747,0.0985761584658296,13.2236183561498,6.41043715670182e-40,1.9942799550135e-39,"Not significant","hypothetical protein","AENJPLPP_00281"
"AENJPLPP_02518",NA,"hypothetical protein","hypothetical protein","CDS","","",363.493497735634,-1.62026120060822,0.122602101910588,-13.2156070357574,7.1308703329566e-40,2.2159707917234e-39,"Not significant","hypothetical protein","AENJPLPP_02518"
"AENJPLPP_01286","ygaZ_2","Inner membrane protein YgaZ","ygaZ_2","CDS","","COG1296",324.983100224398,-1.83875265114385,0.13913954914695,-13.2151689610686,7.17250811263955e-40,2.22646605996519e-39,"Not significant","ygaZ_2
(AENJPLPP_01286)","AENJPLPP_01286"
"AENJPLPP_01846",NA,"hypothetical protein","hypothetical protein","CDS","","",2969.09962349899,0.925817059260777,0.0700578145324147,13.2150433958001,7.1844872578583e-40,2.22774188685617e-39,"Not significant","hypothetical protein","AENJPLPP_01846"
"AENJPLPP_00389","pdxK","Pyridoxine kinase","pdxK","CDS","2.7.1.35","COG0351",2819.50785998142,1.02111267840305,0.0773116376687826,13.2077486545776,7.91566629871862e-40,2.45177804066438e-39,"Not significant","pdxK
(AENJPLPP_00389)","AENJPLPP_00389"
"AENJPLPP_00283","sttH","Streptothricin hydrolase","sttH","CDS","3.5.2.19","",136.746160720124,-2.62900940002765,0.199114311740036,-13.2035180045726,8.37314096106885e-40,2.59064066238098e-39,"Down in serum","sttH
(AENJPLPP_00283)","AENJPLPP_00283"
"AENJPLPP_01320",NA,"hypothetical protein","hypothetical protein","CDS","","",639.030435652929,-1.23943852924838,0.0939813782712805,-13.1881288830506,1.02702811032458e-39,3.17414473835031e-39,"Not significant","hypothetical protein","AENJPLPP_01320"
"AENJPLPP_01405","serS","Serine--tRNA ligase","serS","CDS","6.1.1.11","",3796.64014444368,-0.852099450630486,0.0646325216113188,-13.1837568670887,1.08833206894877e-39,3.35994338843399e-39,"Not significant","serS
(AENJPLPP_01405)","AENJPLPP_01405"
"AENJPLPP_02390","hflX","GTPase HflX","hflX","CDS","","COG2262",2214.84690752461,0.887291150817413,0.0673673097739387,13.1709452818415,1.28972681295375e-39,3.97736013885846e-39,"Not significant","hflX
(AENJPLPP_02390)","AENJPLPP_02390"
"AENJPLPP_01643","kdgK","2-dehydro-3-deoxygluconokinase","kdgK","CDS","2.7.1.45","",700.021879527173,1.37401970698095,0.104561860495819,13.1407350678873,1.92349088646033e-39,5.92535658277389e-39,"Not significant","kdgK
(AENJPLPP_01643)","AENJPLPP_01643"
"AENJPLPP_00514","yodB","HTH-type transcriptional regulator YodB","yodB","CDS","","COG1733",4489.08473486485,0.787361394761656,0.0599242355542918,13.1392814189227,1.96079900626706e-39,6.03371955080658e-39,"Not significant","yodB
(AENJPLPP_00514)","AENJPLPP_00514"
"AENJPLPP_01890","act","Methanol dehydrogenase activator","act","CDS","3.-.-.-","",1326.56951220997,-1.22791239197531,0.093464395731848,-13.1377556379675,2.00073251306936e-39,6.14991720358237e-39,"Not significant","act
(AENJPLPP_01890)","AENJPLPP_01890"
"AENJPLPP_02775",NA,"hypothetical protein","hypothetical protein","CDS","","",470.662303071615,1.33311459972229,0.101547536497661,13.1279856282186,2.27631337373085e-39,6.98941774515404e-39,"Not significant","hypothetical protein","AENJPLPP_02775"
"AENJPLPP_00339","pbp","Beta-lactam-inducible penicillin-binding protein","pbp","CDS","","COG0768",70553.9624374285,0.703649005841486,0.0536654680189642,13.1117650104688,2.81959159526157e-39,8.64817313779579e-39,"Not significant","pbp
(AENJPLPP_00339)","AENJPLPP_00339"
"AENJPLPP_02142",NA,"hypothetical protein","hypothetical protein","CDS","","",102.950349134992,5.53162946471018,0.422254913840944,13.1002133625705,3.28333360274235e-39,1.00596508975796e-38,"Up in serum","hypothetical protein","AENJPLPP_02142"
"AENJPLPP_01072","relA","GTP pyrophosphokinase","relA","CDS","2.7.6.5","COG0317",37181.2093879946,0.687547199686559,0.0526144998063258,13.0676372904318,5.04069339003212e-39,1.5427246472628e-38,"Not significant","relA
(AENJPLPP_01072)","AENJPLPP_01072"
"AENJPLPP_02847",NA,"hypothetical protein","hypothetical protein","CDS","","",1540.83980925697,0.98719898477997,0.0755614428890491,13.0648508953108,5.22869744317768e-39,1.59853590298445e-38,"Not significant","hypothetical protein","AENJPLPP_02847"
"AENJPLPP_01100",NA,"hypothetical protein","hypothetical protein","CDS","","",5266.41074033177,0.871690588056998,0.0668356120915074,13.0423072487693,7.02970522515482e-39,2.14682799270909e-38,"Not significant","hypothetical protein","AENJPLPP_01100"
"AENJPLPP_00940",NA,"hypothetical protein","hypothetical protein","CDS","","",132.050286000816,6.54333514222104,0.50212393736887,13.0313148911166,8.11962198917569e-39,2.47700968225823e-38,"Up in serum","hypothetical protein","AENJPLPP_00940"
"AENJPLPP_02121","mraY","Phospho-N-acetylmuramoyl-pentapeptide-transferase","mraY","CDS","2.7.8.13","COG0472",3731.07102079186,-0.782796903787768,0.0603732760376162,-12.9659504198519,1.90850077433387e-38,5.81589417883658e-38,"Not significant","mraY
(AENJPLPP_02121)","AENJPLPP_02121"
"AENJPLPP_00627",NA,"hypothetical protein","hypothetical protein","CDS","","",3508.77082091138,0.866855709840911,0.0668915130576677,12.9591284486806,2.08604153394761e-38,6.35008987376955e-38,"Not significant","hypothetical protein","AENJPLPP_00627"
"AENJPLPP_00188","engB","putative GTP-binding protein EngB","engB","CDS","","COG0218",3398.85146808112,-0.802966513504601,0.061964218563966,-12.9585514368376,2.1017906726514e-38,6.39115939234812e-38,"Not significant","engB
(AENJPLPP_00188)","AENJPLPP_00188"
"AENJPLPP_00025",NA,"hypothetical protein","hypothetical protein","CDS","","",1693.97154457825,-0.868639346977574,0.0670568453398317,-12.9537758982766,2.23675614698363e-38,6.79426679411015e-38,"Not significant","hypothetical protein","AENJPLPP_00025"
"AENJPLPP_02058","yfcJ","putative MFS-type transporter YfcJ","yfcJ","CDS","","",258.957686508324,-1.95048276039047,0.150730647188648,-12.9401869942834,2.66978880856332e-38,8.10093474495472e-38,"Not significant","yfcJ
(AENJPLPP_02058)","AENJPLPP_02058"
"AENJPLPP_02242",NA,"hypothetical protein","hypothetical protein","CDS","","",313.801972612681,-1.60306801700038,0.123886563265397,-12.9398053731315,2.68308351126138e-38,8.13255826593252e-38,"Not significant","hypothetical protein","AENJPLPP_02242"
"AENJPLPP_01126","rluD_2","Ribosomal large subunit pseudouridine synthase D","rluD_2","CDS","5.4.99.23","COG0564",898.608798594746,-1.11560423103785,0.0862912466701644,-12.9283591799534,3.11393558662834e-38,9.42839748208004e-38,"Not significant","rluD_2
(AENJPLPP_01126)","AENJPLPP_01126"
"AENJPLPP_02489","pgk","Phosphoglycerate kinase","pgk","CDS","2.7.2.3","",50342.5233883854,-0.679129843224492,0.0525347232385855,-12.9272565145197,3.15890907191401e-38,9.55434998139804e-38,"Not significant","pgk
(AENJPLPP_02489)","AENJPLPP_02489"
"AENJPLPP_01777",NA,"hypothetical protein","hypothetical protein","CDS","","",510.971708696772,-1.38535392475212,0.10739609375429,-12.8994815018287,4.5313574088116e-38,1.36907927687787e-37,"Not significant","hypothetical protein","AENJPLPP_01777"
"AENJPLPP_01715","sstT","Serine/threonine transporter SstT","sstT","CDS","","COG3633",1650.32676066437,0.896723976492788,0.0697039521961356,12.8647508245953,7.10707414821085e-38,2.14500286925212e-37,"Not significant","sstT
(AENJPLPP_01715)","AENJPLPP_01715"
"AENJPLPP_01810","agrA","Accessory gene regulator protein A","agrA","CDS","","COG3279",571.753472700913,-1.62813715194255,0.126572035100866,-12.8633244353311,7.23947979784796e-38,2.18263762595395e-37,"Not significant","agrA
(AENJPLPP_01810)","AENJPLPP_01810"
"AENJPLPP_02982",NA,"hypothetical protein","hypothetical protein","CDS","","",1794.27571118261,-0.924513359215289,0.0718797387295213,-12.8619465729303,7.36970853838936e-38,2.21953668852982e-37,"Not significant","hypothetical protein","AENJPLPP_02982"
"AENJPLPP_01253",NA,"Putative TrmH family tRNA/rRNA methyltransferase","Putative TrmH family tRNA/rRNA methyltransferase","CDS","2.1.1.-","",2942.91664598037,-1.07456745421744,0.0835548422921894,-12.860624528016,7.49685006698847e-38,2.25542853768803e-37,"Not significant","Putative TrmH family tRNA/rRNA methyltransferase","AENJPLPP_01253"
"AENJPLPP_02660",NA,"hypothetical protein","hypothetical protein","CDS","","",334.011158993166,-1.67008983939505,0.130086324198186,-12.8383198594394,1.00021651705226e-37,3.00595855602436e-37,"Not significant","hypothetical protein","AENJPLPP_02660"
"AENJPLPP_02453","zapA","Cell division protein ZapA","zapA","CDS","","",920.516282186662,-1.13818433915254,0.0888491243516218,-12.8103045185697,1.43570027752473e-37,4.31014579604719e-37,"Not significant","zapA
(AENJPLPP_02453)","AENJPLPP_02453"
"AENJPLPP_02072","rsmI","Ribosomal RNA small subunit methyltransferase I","rsmI","CDS","2.1.1.198","",954.296605713259,-1.00890022790915,0.0787857733935152,-12.8056143190973,1.52514040210456e-37,4.57380559148095e-37,"Not significant","rsmI
(AENJPLPP_02072)","AENJPLPP_02072"
"AENJPLPP_02539","phoU","Phosphate-specific transport system accessory protein PhoU","phoU","CDS","","COG0704",3986.45297957556,0.975064462764674,0.0761599060901144,12.8028579973688,1.580263782657e-37,4.73410240074281e-37,"Not significant","phoU
(AENJPLPP_02539)","AENJPLPP_02539"
"AENJPLPP_01794",NA,"hypothetical protein","hypothetical protein","CDS","","",1620.26906306949,0.908898634541632,0.0710358123993377,12.7949354535728,1.74997809278536e-37,5.23698518041791e-37,"Not significant","hypothetical protein","AENJPLPP_01794"
"AENJPLPP_01854","pckA","Phosphoenolpyruvate carboxykinase (ATP)","pckA","CDS","4.1.1.49","",757.35263495486,1.13571316706056,0.0888127692050997,12.7877238512607,1.92015584182072e-37,5.74019132861083e-37,"Not significant","pckA
(AENJPLPP_01854)","AENJPLPP_01854"
"AENJPLPP_01529",NA,"hypothetical protein","hypothetical protein","CDS","","",2558.95285175206,0.911162915639442,0.0714305659699617,12.7559246278772,2.88926055730003e-37,8.62816101024934e-37,"Not significant","hypothetical protein","AENJPLPP_01529"
"AENJPLPP_01061","sbcD","Nuclease SbcCD subunit D","sbcD","CDS","","",576.740571350335,-1.19639752723155,0.0938034402328078,-12.7543032991354,2.95000373114804e-37,8.80027456573245e-37,"Not significant","sbcD
(AENJPLPP_01061)","AENJPLPP_01061"
"AENJPLPP_02190",NA,"hypothetical protein","hypothetical protein","CDS","","",82.2287606533689,4.66596827472108,0.366280050347454,12.7387999163343,3.5988806039761e-37,1.07246641998488e-36,"Up in serum","hypothetical protein","AENJPLPP_02190"
"AENJPLPP_01058","rapA","RNA polymerase-associated protein RapA","rapA","CDS","3.6.4.-","",7486.56772293021,-0.834840178672692,0.065570251492489,-12.7319959840069,3.9267083288438e-37,1.16892863080513e-36,"Not significant","rapA
(AENJPLPP_01058)","AENJPLPP_01058"
"AENJPLPP_02393","cdr_2","Coenzyme A disulfide reductase","cdr_2","CDS","1.8.1.14","",587.216525425762,1.17019945378864,0.0919336075373369,12.728745070875,4.09365877665474e-37,1.21734747864596e-36,"Not significant","cdr_2
(AENJPLPP_02393)","AENJPLPP_02393"
"AENJPLPP_00478","nox_1","NADH oxidase","nox_1","CDS","1.6.99.3","COG0446",7242.18521918327,0.789626824106161,0.0620792266470162,12.7196627077202,4.5984082305048e-37,1.36601193080368e-36,"Not significant","nox_1
(AENJPLPP_00478)","AENJPLPP_00478"
"AENJPLPP_00185",NA,"hypothetical protein","hypothetical protein","CDS","","",644.851452651555,-1.14288041438238,0.0900583373915514,-12.6904454099948,6.68047815733611e-37,1.98243539448832e-36,"Not significant","hypothetical protein","AENJPLPP_00185"
"AENJPLPP_02215","ccpB","Catabolite control protein B","ccpB","CDS","","",383.024185449078,1.38868298691903,0.10953154583441,12.6783838969866,7.79219211524109e-37,2.30991579876937e-36,"Not significant","ccpB
(AENJPLPP_02215)","AENJPLPP_02215"
"AENJPLPP_02169",NA,"hypothetical protein","hypothetical protein","CDS","","",105.519553865501,2.84733045078511,0.224611919352644,12.6766667547805,7.9647467513659e-37,2.35859812271097e-36,"Up in serum","hypothetical protein","AENJPLPP_02169"
"AENJPLPP_00844","ptsI","Phosphoenolpyruvate-protein phosphotransferase","ptsI","CDS","2.7.3.9","COG1080",78270.8888500642,-0.621574622300522,0.0490362946282647,-12.6758073180807,8.05253179991073e-37,2.38210214478028e-36,"Not significant","ptsI
(AENJPLPP_00844)","AENJPLPP_00844"
"AENJPLPP_02084",NA,"hypothetical protein","hypothetical protein","CDS","","",3069.45209382806,0.864178036041519,0.0681793306686489,12.6750736266599,8.12823332741645e-37,2.40198627869687e-36,"Not significant","hypothetical protein","AENJPLPP_02084"
"AENJPLPP_02597","pglH_2","GalNAc-alpha-(1->4)-GalNAc-alpha-(1->3)-diNAcBac-PP-undecaprenol alpha-1,4-N-acetyl-D-galactosaminyltransferase","pglH_2","CDS","2.4.1.292","COG0438",779.042857422153,-1.144434522311,0.0905653349678701,-12.6365625734947,1.32730886182546e-36,3.91826004987266e-36,"Not significant","pglH_2
(AENJPLPP_02597)","AENJPLPP_02597"
"AENJPLPP_02737",NA,"hypothetical protein","hypothetical protein","CDS","","",561.715133290845,-1.19139566592836,0.0943783855716126,-12.6236071820104,1.56485701513004e-36,4.61469813524285e-36,"Not significant","hypothetical protein","AENJPLPP_02737"
"AENJPLPP_02012","yceM","Putative oxidoreductase YceM","yceM","CDS","1.-.-.-","COG0673",895.177449655084,1.04440894655163,0.0827377240368764,12.6231287929329,1.57439452969394e-36,4.63799262597664e-36,"Not significant","yceM
(AENJPLPP_02012)","AENJPLPP_02012"
"AENJPLPP_01206","pth","Peptidyl-tRNA hydrolase","pth","CDS","3.1.1.29","",500.153398388039,-1.23440732316343,0.0980137011094523,-12.5942323286513,2.27159195619217e-36,6.68490314758839e-36,"Not significant","pth
(AENJPLPP_01206)","AENJPLPP_01206"
"AENJPLPP_01196","dusB","tRNA-dihydrouridine synthase B","dusB","CDS","1.3.1.-","COG0042",2259.52978269709,-0.855977624232153,0.0679807670663699,-12.5914675748871,2.35258301839956e-36,6.91605662003026e-36,"Not significant","dusB
(AENJPLPP_01196)","AENJPLPP_01196"
"AENJPLPP_01959","fruA_2","PTS system fructose-specific EIIB'BC component","fruA_2","CDS","","COG1299",831.988358237569,1.06028649901149,0.0843234076028286,12.5740471021468,2.93315599154197e-36,8.61386370545158e-36,"Not significant","fruA_2
(AENJPLPP_01959)","AENJPLPP_01959"
"AENJPLPP_03062","ligA_2","DNA ligase","ligA_2","CDS","6.5.1.2","",451.2097382496,1.3632096094011,0.108510888405579,12.5628831302704,3.37795437382112e-36,9.90983298682652e-36,"Not significant","ligA_2
(AENJPLPP_03062)","AENJPLPP_03062"
"AENJPLPP_00647","pflB","Formate acetyltransferase","pflB","CDS","2.3.1.54","",4563.94148155697,-0.945301453266328,0.0752851727055837,-12.5562766119047,3.67210458310805e-36,1.07616232658167e-35,"Not significant","pflB
(AENJPLPP_00647)","AENJPLPP_00647"
"AENJPLPP_02274","glyA","Serine hydroxymethyltransferase","glyA","CDS","2.1.2.1","",7166.17208417676,0.775313781407733,0.0618433733905945,12.5367317288945,4.69981672723785e-36,1.37592359408587e-35,"Not significant","glyA
(AENJPLPP_02274)","AENJPLPP_02274"
"AENJPLPP_03061","bin3_3","Putative transposon Tn552 DNA-invertase bin3","bin3_3","CDS","","",1715.21840590382,0.876470595252548,0.0699590852800625,12.5283312631066,5.22505138904479e-36,1.52811162008118e-35,"Not significant","bin3_3
(AENJPLPP_03061)","AENJPLPP_03061"
"AENJPLPP_01748",NA,"hypothetical protein","hypothetical protein","CDS","","",1499.51118659446,0.973020713597655,0.0779842192775429,12.4771488720649,9.94855871271938e-36,2.90653970234351e-35,"Not significant","hypothetical protein","AENJPLPP_01748"
"AENJPLPP_00417","ldh_1","L-lactate dehydrogenase","ldh_1","CDS","1.1.1.27","",5629.38973652394,0.751152542924894,0.0602265275023538,12.4721210748127,1.0596731916337e-35,3.09271629434536e-35,"Not significant","ldh_1
(AENJPLPP_00417)","AENJPLPP_00417"
"AENJPLPP_02164",NA,"hypothetical protein","hypothetical protein","CDS","","",98.7126907612757,3.18733468887697,0.25564112342969,12.4680045452609,1.1158538878151e-35,3.25332889434042e-35,"Up in serum","hypothetical protein","AENJPLPP_02164"
"AENJPLPP_02803","ssb_2","Single-stranded DNA-binding protein","ssb_2","CDS","","COG0629",552.201610775574,1.37489819275456,0.110623153416727,12.4286657023345,1.8265769063733e-35,5.31999919952964e-35,"Not significant","ssb_2
(AENJPLPP_02803)","AENJPLPP_02803"
"AENJPLPP_02766",NA,"hypothetical protein","hypothetical protein","CDS","","",144.40741874281,2.17835351335953,0.175411773254661,12.4185137231183,2.07378323555055e-35,6.0337927439297e-35,"Up in serum","hypothetical protein","AENJPLPP_02766"
"AENJPLPP_01892","mtnN","5'-methylthioadenosine/S-adenosylhomocysteine nucleosidase","mtnN","CDS","3.2.2.9","COG0775",2156.61823267653,-0.897044227244454,0.0722349800532809,-12.4184187021688,2.07624746098334e-35,6.03476033064049e-35,"Not significant","mtnN
(AENJPLPP_01892)","AENJPLPP_01892"
"AENJPLPP_02925",NA,"hypothetical protein","hypothetical protein","CDS","","",135.413886889374,2.41117043213414,0.194239038657592,12.4134182747094,2.21011541622791e-35,6.41726845470895e-35,"Up in serum","hypothetical protein","AENJPLPP_02925"
"AENJPLPP_01160",NA,"hypothetical protein","hypothetical protein","CDS","","",3259.35424309885,-0.981545368264433,0.0790838717149715,-12.4114480864322,2.26518469672105e-35,6.57042815206689e-35,"Not significant","hypothetical protein","AENJPLPP_01160"
"AENJPLPP_02800",NA,"hypothetical protein","hypothetical protein","CDS","","",617.578638390214,1.13706434852037,0.091624950772657,12.4099859146631,2.30693368188472e-35,6.68467682028213e-35,"Not significant","hypothetical protein","AENJPLPP_02800"
"AENJPLPP_02010","polC_2","DNA polymerase III PolC-type","polC_2","CDS","2.7.7.7","COG2176",961.257288503833,0.962494806791072,0.0777050728624479,12.3865118625506,3.0920238379652e-35,8.95042892155367e-35,"Not significant","polC_2
(AENJPLPP_02010)","AENJPLPP_02010"
"AENJPLPP_02184","clpP_1","ATP-dependent Clp protease proteolytic subunit","clpP_1","CDS","3.4.21.92","",103.327784919043,6.02708822212584,0.486844715268701,12.3798986270177,3.35766634800526e-35,9.70945192155555e-35,"Up in serum","clpP_1
(AENJPLPP_02184)","AENJPLPP_02184"
"AENJPLPP_02585","ywqC","putative capsular polysaccharide biosynthesis protein YwqC","ywqC","CDS","","COG3944",1522.61487948385,-0.847086920974978,0.0685304372347054,-12.3607400617312,4.26214649967883e-35,1.23123844291742e-34,"Not significant","ywqC
(AENJPLPP_02585)","AENJPLPP_02585"
"AENJPLPP_00115",NA,"hypothetical protein","hypothetical protein","CDS","","",458.583590822475,-1.2784377776579,0.103458267161368,-12.357038376294,4.46298285248382e-35,1.28794133082382e-34,"Not significant","hypothetical protein","AENJPLPP_00115"
"AENJPLPP_01743","helD_2","DNA helicase IV","helD_2","CDS","3.6.4.12","COG3973",1904.53364077117,0.814044905817566,0.0659440400108463,12.3444803455123,5.21699949712257e-35,1.50400464117658e-34,"Not significant","helD_2
(AENJPLPP_01743)","AENJPLPP_01743"
"AENJPLPP_01914","rodA","Peptidoglycan glycosyltransferase RodA","rodA","CDS","2.4.1.129","COG0772",6278.10923157815,-0.88920882451782,0.0720719665127011,-12.3377905105603,5.66902852772379e-35,1.63265714770967e-34,"Not significant","rodA
(AENJPLPP_01914)","AENJPLPP_01914"
"AENJPLPP_00651","plsY","Glycerol-3-phosphate acyltransferase","plsY","CDS","2.3.1.275","COG0344",2004.51318097065,-0.798075018042477,0.064697469673003,-12.33549043071,5.8332662687664e-35,1.6782496754957e-34,"Not significant","plsY
(AENJPLPP_00651)","AENJPLPP_00651"
"AENJPLPP_01471","hin","DNA-invertase hin","hin","CDS","","COG1961",4977.84193808639,-0.755850355804726,0.0612961848936089,-12.3311158290952,6.15879144362905e-35,1.77010543928059e-34,"Not significant","hin
(AENJPLPP_01471)","AENJPLPP_01471"
"AENJPLPP_00035",NA,"hypothetical protein","hypothetical protein","CDS","","",2557.93731300991,0.862664856959193,0.0701339837474439,12.300240352319,9.03050225221864e-35,2.59283487586521e-34,"Not significant","hypothetical protein","AENJPLPP_00035"
"AENJPLPP_00332",NA,"hypothetical protein","hypothetical protein","CDS","","",220.091559482872,-1.74739581124583,0.142136329548385,-12.2938014285151,9.77965763165309e-35,2.80508720924113e-34,"Not significant","hypothetical protein","AENJPLPP_00332"
"AENJPLPP_00984",NA,"hypothetical protein","hypothetical protein","CDS","","",321.180418180743,1.43344294752895,0.116633735654667,12.2901229175505,1.02350286600623e-34,2.93272936605632e-34,"Not significant","hypothetical protein","AENJPLPP_00984"
"AENJPLPP_00529",NA,"hypothetical protein","hypothetical protein","CDS","","",930.66392001358,1.34890705314333,0.109786448937475,12.2866443554573,1.06850051552396e-34,3.05856922087799e-34,"Not significant","hypothetical protein","AENJPLPP_00529"
"AENJPLPP_02801",NA,"hypothetical protein","hypothetical protein","CDS","","",1052.58044917695,0.955701305146245,0.077786659271022,12.2861852418217,1.07458444812708e-34,3.07287734610886e-34,"Not significant","hypothetical protein","AENJPLPP_02801"
"AENJPLPP_01852","queG","Epoxyqueuosine reductase","queG","CDS","1.17.99.6","COG1600",5095.95443556542,0.780167785871435,0.0635283075381383,12.2806323055761,1.150951829499e-34,3.28793605379584e-34,"Not significant","queG
(AENJPLPP_01852)","AENJPLPP_01852"
"AENJPLPP_02167",NA,"hypothetical protein","hypothetical protein","CDS","","",106.258224251528,2.66709599659059,0.217197702144716,12.2795774092193,1.16605740059846e-34,3.32773034384501e-34,"Up in serum","hypothetical protein","AENJPLPP_02167"
"AENJPLPP_02069",NA,"hypothetical protein","hypothetical protein","CDS","","",2594.73071327815,-0.802444634369781,0.0654594937774058,-12.2586440570177,1.51005513669283e-34,4.30510180460966e-34,"Not significant","hypothetical protein","AENJPLPP_02069"
"AENJPLPP_00430","rqcH","Rqc2 RqcH","rqcH","CDS","","COG1293",8294.74717777926,0.702937142049208,0.0573617331981683,12.2544613430832,1.59002331965611e-34,4.52852718103263e-34,"Not significant","rqcH
(AENJPLPP_00430)","AENJPLPP_00430"
"AENJPLPP_00505","rph","Ribonuclease PH","rph","CDS","2.7.7.56","",3163.71861828389,-0.762531089007775,0.0622305670774826,-12.2533205917657,1.61255393512271e-34,4.5880805932989e-34,"Not significant","rph
(AENJPLPP_00505)","AENJPLPP_00505"
"AENJPLPP_00972",NA,"hypothetical protein","hypothetical protein","CDS","","",76.1385805995661,4.21516464246642,0.344075696194789,12.2506898600595,1.66572906492641e-34,4.73461745261713e-34,"Up in serum","hypothetical protein","AENJPLPP_00972"
"AENJPLPP_00724","thiD","Hydroxymethylpyrimidine/phosphomethylpyrimidine kinase","thiD","CDS","2.7.1.49","",1378.42344443869,-0.909373880515777,0.0743196027360104,-12.2359895241361,1.99656714997887e-34,5.66928947000019e-34,"Not significant","thiD
(AENJPLPP_00724)","AENJPLPP_00724"
"AENJPLPP_00993",NA,"hypothetical protein","hypothetical protein","CDS","","",3906.54192010006,-0.725470620063978,0.0593189151080395,-12.230004860046,2.14925775600319e-34,6.09674219162828e-34,"Not significant","hypothetical protein","AENJPLPP_00993"
"AENJPLPP_00907",NA,"hypothetical protein","hypothetical protein","CDS","","",2610.88537798913,-0.844493070773772,0.0690772684746555,-12.2253396728276,2.27628224857789e-34,6.45060565137538e-34,"Not significant","hypothetical protein","AENJPLPP_00907"
"AENJPLPP_00603",NA,"hypothetical protein","hypothetical protein","CDS","","",5044.17843543573,0.776726137638239,0.0636744527138168,12.1983951888713,3.17010198555753e-34,8.97455872111337e-34,"Not significant","hypothetical protein","AENJPLPP_00603"
"AENJPLPP_01944",NA,"Putative lipid kinase","Putative lipid kinase","CDS","2.7.1.-","COG1597",1725.04867213151,0.998330230707882,0.0818868751384804,12.1915780644894,3.44681368161739e-34,9.74818135130752e-34,"Not significant","Putative lipid kinase","AENJPLPP_01944"
"AENJPLPP_00692",NA,"Putative dipeptidase","Putative dipeptidase","CDS","3.4.13.-","",10810.2110253754,0.658272641319287,0.054020916595177,12.1855141084011,3.71304417221731e-34,1.04906467580312e-33,"Not significant","Putative dipeptidase","AENJPLPP_00692"
"AENJPLPP_03065",NA,"Tn3 family transposase TnBth1","Tn3 family transposase TnBth1","CDS","","",2434.78794582619,0.792394340072811,0.0651211262864013,12.1680073005476,4.60179863762979e-34,1.29887257658324e-33,"Not significant","Tn3 family transposase TnBth1","AENJPLPP_03065"
"AENJPLPP_01664","pepV","Beta-Ala-Xaa dipeptidase","pepV","CDS","3.4.13.-","",19912.4573610786,0.748312378312711,0.0615874164974556,12.1504102764828,5.70784415657043e-34,1.6094528692481e-33,"Not significant","pepV
(AENJPLPP_01664)","AENJPLPP_01664"
"AENJPLPP_03126",NA,"hypothetical protein","hypothetical protein","CDS","","",1209.33475501076,-0.968240327925741,0.0797693257986143,-12.1380031513637,6.64273868837645e-34,1.87120330614863e-33,"Not significant","hypothetical protein","AENJPLPP_03126"
"AENJPLPP_00142","truB","tRNA pseudouridine synthase B","truB","CDS","5.4.99.25","COG0130",595.144634525074,-1.29872854676903,0.10714077246669,-12.1217022882003,8.10578162944316e-34,2.28106041679459e-33,"Not significant","truB
(AENJPLPP_00142)","AENJPLPP_00142"
"AENJPLPP_01960",NA,"hypothetical protein","hypothetical protein","CDS","","",262.578428447899,1.54675734091926,0.127626184055237,12.1194357754191,8.33308342788144e-34,2.34269703915912e-33,"Not significant","hypothetical protein","AENJPLPP_01960"
"AENJPLPP_01092","trmB","tRNA (guanine-N(7)-)-methyltransferase","trmB","CDS","2.1.1.33","COG0220",598.486127606675,-1.29356711247503,0.106942195930571,-12.0959467983511,1.10955622141551e-33,3.11622387185248e-33,"Not significant","trmB
(AENJPLPP_01092)","AENJPLPP_01092"
"AENJPLPP_00798","gnd","6-phosphogluconate dehydrogenase, decarboxylating","gnd","CDS","1.1.1.44","COG0362",16643.1759673273,-0.706880620143747,0.0584755277382841,-12.0884863717262,1.21504610991478e-33,3.40911351552899e-33,"Not significant","gnd
(AENJPLPP_00798)","AENJPLPP_00798"
"AENJPLPP_00841","glxR","2-hydroxy-3-oxopropionate reductase","glxR","CDS","1.1.1.60","COG2084",4132.57177206836,0.769866348007004,0.0637379596295821,12.0786161414821,1.37006127894187e-33,3.84024106998459e-33,"Not significant","glxR
(AENJPLPP_00841)","AENJPLPP_00841"
"AENJPLPP_00889","wbbD_1","UDP-Gal:alpha-D-GlcNAc-diphosphoundecaprenol beta-1,3-galactosyltransferase","wbbD_1","CDS","2.4.1.303","COG0463",1820.24843971968,-0.856251288164876,0.0710544126992033,-12.0506419747591,1.9244520705286e-33,5.38884650016466e-33,"Not significant","wbbD_1
(AENJPLPP_00889)","AENJPLPP_00889"
"AENJPLPP_00799","rpmF_1","50S ribosomal protein L32","rpmF_1","CDS","","",1611.29738196625,-0.92957187172607,0.0772700561003743,-12.0301694943582,2.46653883651587e-33,6.89997178475931e-33,"Not significant","rpmF_1
(AENJPLPP_00799)","AENJPLPP_00799"
"AENJPLPP_02596",NA,"hypothetical protein","hypothetical protein","CDS","","",481.514874916674,-1.27826617643445,0.106334765956681,-12.0211500437702,2.75115470775628e-33,7.68856759887268e-33,"Not significant","hypothetical protein","AENJPLPP_02596"
"AENJPLPP_02636","copB","Copper-exporting P-type ATPase B","copB","CDS","7.2.2.8","",2702.56193569558,0.796938761851559,0.0663326690103989,12.0142725106783,2.98989282892522e-33,8.34752130048058e-33,"Not significant","copB
(AENJPLPP_02636)","AENJPLPP_02636"
"AENJPLPP_00900","rmlB","dTDP-glucose 4,6-dehydratase","rmlB","CDS","4.2.1.46","COG1088",14971.4504933185,-0.698653744668034,0.0582209434182389,-12.0000416284764,3.55117765673312e-33,9.90481176966647e-33,"Not significant","rmlB
(AENJPLPP_00900)","AENJPLPP_00900"
"AENJPLPP_02957",NA,"hypothetical protein","hypothetical protein","CDS","","",116.94026584266,2.33753950360382,0.195269755439567,11.9708220985981,5.05255002226532e-33,1.40785129065287e-32,"Up in serum","hypothetical protein","AENJPLPP_02957"
"AENJPLPP_01809",NA,"hypothetical protein","hypothetical protein","CDS","","",218.653430689995,-1.79569900604712,0.150071694770907,-11.9656075636939,5.38023235485609e-33,1.49768316584047e-32,"Not significant","hypothetical protein","AENJPLPP_01809"
"AENJPLPP_02197",NA,"hypothetical protein","hypothetical protein","CDS","","",311.192333351381,1.53744033505865,0.128516147950277,11.9630128943289,5.55106015926979e-33,1.54371820342758e-32,"Not significant","hypothetical protein","AENJPLPP_02197"
"AENJPLPP_01647","fni","Isopentenyl-diphosphate delta-isomerase","fni","CDS","5.3.3.2","",3671.28981084703,-0.763155708716876,0.063827137497418,-11.956602452174,5.99655620115045e-33,1.66597160014298e-32,"Not significant","fni
(AENJPLPP_01647)","AENJPLPP_01647"
"AENJPLPP_01032","queT_1","Queuosine precursor transporter QueT","queT_1","CDS","","COG4708",979.412415531304,-1.11827483850221,0.0937158292403395,-11.9326142399522,8.00203762836056e-33,2.22095769861654e-32,"Not significant","queT_1
(AENJPLPP_01032)","AENJPLPP_01032"
"AENJPLPP_03048",NA,"IS6 family transposase IS1216E","IS6 family transposase IS1216E","CDS","","",331.796149783873,1.42926516177795,0.119790483157215,11.9313748814433,8.12208333753487e-33,2.25206835735173e-32,"Not significant","IS6 family transposase IS1216E","AENJPLPP_03048"
"AENJPLPP_01241","rny","Ribonuclease Y","rny","CDS","3.1.-.-","COG1418",25729.308488979,0.65207549371105,0.0547111253696395,11.918517290688,9.4780283915312e-33,2.62546950845644e-32,"Not significant","rny
(AENJPLPP_01241)","AENJPLPP_01241"
"AENJPLPP_02081","dltD","Protein DltD","dltD","CDS","","COG3966",1428.91427175811,-0.990713861610922,0.0831526183645456,-11.9144036723844,9.95760513692836e-33,2.75561878227216e-32,"Not significant","dltD
(AENJPLPP_02081)","AENJPLPP_02081"
"AENJPLPP_00772",NA,"hypothetical protein","hypothetical protein","CDS","","",418.087389859516,1.2435955697791,0.104389954307259,11.912981263683,1.01289787747032e-32,2.80030653429539e-32,"Not significant","hypothetical protein","AENJPLPP_00772"
"AENJPLPP_01588","rpsO","30S ribosomal protein S15","rpsO","CDS","","COG0184",18039.3545478252,-1.08299484661313,0.090922916944407,-11.9111317917276,1.03561926160368e-32,2.86032988253661e-32,"Not significant","rpsO
(AENJPLPP_01588)","AENJPLPP_01588"
"AENJPLPP_02196",NA,"hypothetical protein","hypothetical protein","CDS","","",175.722927938154,1.92299756227161,0.161663346589869,11.8950745659754,1.25540844643047e-32,3.46399737996556e-32,"Not significant","hypothetical protein","AENJPLPP_02196"
"AENJPLPP_02115",NA,"hypothetical protein","hypothetical protein","CDS","","",785.650534504514,1.04354828325992,0.0877706308550464,11.8894927960965,1.34219174996825e-32,3.69984892323284e-32,"Not significant","hypothetical protein","AENJPLPP_02115"
"AENJPLPP_01604",NA,"hypothetical protein","hypothetical protein","CDS","","",1016.54330012831,-0.91467500495311,0.0769485335492372,-11.8868412790198,1.38547851505467e-32,3.81545688338498e-32,"Not significant","hypothetical protein","AENJPLPP_01604"
"AENJPLPP_00170",NA,"hypothetical protein","hypothetical protein","CDS","","",255.868644313263,1.57763698217438,0.133164950823915,11.8472388748936,2.22398421752778e-32,6.1186582311187e-32,"Not significant","hypothetical protein","AENJPLPP_00170"
"AENJPLPP_03067",NA,"hypothetical protein","hypothetical protein","CDS","","",479.50965195981,1.30367986462557,0.110081934857271,11.8428138669245,2.34452552436254e-32,6.44403083443722e-32,"Not significant","hypothetical protein","AENJPLPP_03067"
"AENJPLPP_01042","trmL","tRNA (cytidine(34)-2'-O)-methyltransferase","trmL","CDS","2.1.1.207","COG0219",797.625509272207,-1.40622698787762,0.118925992346056,-11.824387252416,2.92025780346862e-32,8.01867103939833e-32,"Not significant","trmL
(AENJPLPP_01042)","AENJPLPP_01042"
"AENJPLPP_02082",NA,"hypothetical protein","hypothetical protein","CDS","","",793.319737209231,-1.07687443123648,0.0911337139039722,-11.816422102266,3.21069597842306e-32,8.8076359640656e-32,"Not significant","hypothetical protein","AENJPLPP_02082"
"AENJPLPP_01410","spo0J","Stage 0 sporulation protein J","spo0J","CDS","","COG1475",3174.83143723579,-0.852728633468224,0.0722656315111944,-11.7999194864315,3.90685081653244e-32,1.07069648224621e-31,"Not significant","spo0J
(AENJPLPP_01410)","AENJPLPP_01410"
"AENJPLPP_02796",NA,"hypothetical protein","hypothetical protein","CDS","","",269.712927029323,1.51201689407996,0.128237640654708,11.7907416758486,4.35687138226978e-32,1.19287261926555e-31,"Not significant","hypothetical protein","AENJPLPP_02796"
"AENJPLPP_00869",NA,"hypothetical protein","hypothetical protein","CDS","","",2292.6291127657,0.76520256475759,0.0649482477095727,11.7817276330429,4.84889095801078e-32,1.32630051228295e-31,"Not significant","hypothetical protein","AENJPLPP_00869"
"AENJPLPP_00958",NA,"hypothetical protein","hypothetical protein","CDS","","",73.9286885560332,3.52641212949335,0.299623701164558,11.7694698910237,5.60757693276669e-32,1.53234076222611e-31,"Up in serum","hypothetical protein","AENJPLPP_00958"
"AENJPLPP_01582",NA,"hypothetical protein","hypothetical protein","CDS","","",2247.55882707717,0.752641289680741,0.064003631497096,11.759352900388,6.32169337904094e-32,1.72581619634184e-31,"Not significant","hypothetical protein","AENJPLPP_01582"
"AENJPLPP_01321","ribZ_1","Riboflavin transporter RibZ","ribZ_1","CDS","","",442.767334847189,-1.2628543589371,0.107507845068603,-11.7466251707608,7.3495844473442e-32,2.00449649040765e-31,"Not significant","ribZ_1
(AENJPLPP_01321)","AENJPLPP_01321"
"AENJPLPP_02064",NA,"hypothetical protein","hypothetical protein","CDS","","",6311.29677423113,-0.685061427001101,0.058417487105893,-11.7269923945769,9.26940523686127e-32,2.5256675866751e-31,"Not significant","hypothetical protein","AENJPLPP_02064"
"AENJPLPP_02158",NA,"hypothetical protein","hypothetical protein","CDS","","",69.8065890409109,3.79884724608872,0.324460450162721,11.7081981615434,1.15712527495458e-31,3.14982851288116e-31,"Up in serum","hypothetical protein","AENJPLPP_02158"
"AENJPLPP_02074",NA,"hypothetical protein","hypothetical protein","CDS","","",1027.37318532543,-1.05751187177484,0.0904001208170494,-11.6981245402871,1.30301467456073e-31,3.5435490333155e-31,"Not significant","hypothetical protein","AENJPLPP_02074"
"AENJPLPP_02728","xerC_11","Tyrosine recombinase XerC","xerC_11","CDS","","",950.619399477039,0.893461827545512,0.07645065136908,11.6867784844913,1.48929140405287e-31,4.04624180889987e-31,"Not significant","xerC_11
(AENJPLPP_02728)","AENJPLPP_02728"
"AENJPLPP_02401","yheS","putative ABC transporter ATP-binding protein YheS","yheS","CDS","","COG0488",3897.36217786344,0.719093746090034,0.0615508918712659,11.6829135082888,1.5586003115834e-31,4.23048656001208e-31,"Not significant","yheS
(AENJPLPP_02401)","AENJPLPP_02401"
"AENJPLPP_01425","gyrB","DNA gyrase subunit B","gyrB","CDS","5.6.2.2","COG0187",13326.1435619681,-0.698979227495688,0.0598341876030502,-11.6819372919848,1.57660710683593e-31,4.27526314123805e-31,"Not significant","gyrB
(AENJPLPP_01425)","AENJPLPP_01425"
"AENJPLPP_03118",NA,"hypothetical protein","hypothetical protein","CDS","","",491.39550303915,1.15984819698482,0.0994900462478287,11.6579320316693,2.09058267510817e-31,5.6635785198385e-31,"Not significant","hypothetical protein","AENJPLPP_03118"
"AENJPLPP_00602","lytG","Exo-glucosaminidase LytG","lytG","CDS","3.2.1.-","COG1705",2752.73221180611,0.822103835755015,0.0705769505924086,11.6483331860394,2.33990761097552e-31,6.3329621861106e-31,"Not significant","lytG
(AENJPLPP_00602)","AENJPLPP_00602"
"AENJPLPP_01713",NA,"IS630 family transposase IS642","IS630 family transposase IS642","CDS","","",369.319621280317,1.27349069661017,0.109334597506099,11.6476460851208,2.35884699953159e-31,6.37812402643166e-31,"Not significant","IS630 family transposase IS642","AENJPLPP_01713"
"AENJPLPP_00179",NA,"hypothetical protein","hypothetical protein","CDS","","",10351.5740647442,0.866318367130975,0.0743942729167477,11.6449604675947,2.43434511394488e-31,6.57598379539881e-31,"Not significant","hypothetical protein","AENJPLPP_00179"
"AENJPLPP_02000",NA,"hypothetical protein","hypothetical protein","CDS","","",342.124175142845,-1.33923588635,0.115134322419566,-11.6319430922574,2.8356818293513e-31,7.65282674823026e-31,"Not significant","hypothetical protein","AENJPLPP_02000"
"AENJPLPP_02119","ftsL","Cell division protein FtsL","ftsL","CDS","","",1435.23852236547,0.926398687752854,0.0796746658301125,11.6272679414581,2.9953133187658e-31,8.07593524326284e-31,"Not significant","ftsL
(AENJPLPP_02119)","AENJPLPP_02119"
"AENJPLPP_02378",NA,"hypothetical protein","hypothetical protein","CDS","","",211.355175664409,-1.66170396253391,0.142919796207745,-11.626828519392,3.01076823926836e-31,8.10988095658298e-31,"Not significant","hypothetical protein","AENJPLPP_02378"
"AENJPLPP_02842","nanE_2","Putative N-acetylmannosamine-6-phosphate 2-epimerase","nanE_2","CDS","5.1.3.9","COG3010",186.860460389348,-1.86217100894522,0.160347318902918,-11.6133591860845,3.52490247109843e-31,9.48574039513277e-31,"Not significant","nanE_2
(AENJPLPP_02842)","AENJPLPP_02842"
"AENJPLPP_02894",NA,"hypothetical protein","hypothetical protein","CDS","","",257.52700786045,1.47114199389305,0.126791534295149,11.6028408526746,3.98622145679322e-31,1.07169923496501e-30,"Not significant","hypothetical protein","AENJPLPP_02894"
"AENJPLPP_00261","eis_1","N-acetyltransferase Eis","eis_1","CDS","2.3.1.-","",1959.90227129128,0.794791335379617,0.0688767259494075,11.5393309485039,8.35727098745669e-31,2.24472809919259e-30,"Not significant","eis_1
(AENJPLPP_00261)","AENJPLPP_00261"
"AENJPLPP_01853",NA,"hypothetical protein","hypothetical protein","CDS","","",6852.08636794876,-0.945543105684251,0.0819822435535223,-11.5335109738361,8.94210294714098e-31,2.39953492354086e-30,"Not significant","hypothetical protein","AENJPLPP_01853"
"AENJPLPP_01800","bglF_1","PTS system beta-glucoside-specific EIIBCA component","bglF_1","CDS","","COG1263",94.2866687673976,2.84883617854388,0.247574435592922,11.5069884809436,1.21652719057952e-30,3.26135272398732e-30,"Up in serum","bglF_1
(AENJPLPP_01800)","AENJPLPP_01800"
"AENJPLPP_01010","nrdH","Glutaredoxin-like protein NrdH","nrdH","CDS","","COG0695",5030.91676752921,0.766097661625622,0.0670242040471009,11.4301642595748,2.95549215878437e-30,7.91579782546695e-30,"Not significant","nrdH
(AENJPLPP_01010)","AENJPLPP_01010"
"AENJPLPP_03074",NA,"hypothetical protein","hypothetical protein","CDS","","",535.096808126537,1.11091956066523,0.0973013097166577,11.4173135377133,3.42662831471547e-30,9.1689837041205e-30,"Not significant","hypothetical protein","AENJPLPP_03074"
"AENJPLPP_01041","pspA","Phosphoserine phosphatase 1","pspA","CDS","3.1.3.3","COG0406",1332.14036826446,-0.81007387171732,0.0709845766946092,-11.4119701692726,3.64381280398692e-30,9.74091978100752e-30,"Not significant","pspA
(AENJPLPP_01041)","AENJPLPP_01041"
"AENJPLPP_01234","purR_1","Pur operon repressor","purR_1","CDS","","COG0503",2974.8286126237,-0.732822357102807,0.0642181382997577,-11.411454403772,3.66548588840593e-30,9.7896137264879e-30,"Not significant","purR_1
(AENJPLPP_01234)","AENJPLPP_01234"
"AENJPLPP_02852","lacD","Tagatose 1,6-diphosphate aldolase","lacD","CDS","4.1.2.40","",708.602957391099,0.998761943312058,0.0878146334205358,11.3735251678281,5.66523980591659e-30,1.51162053633835e-29,"Not significant","lacD
(AENJPLPP_02852)","AENJPLPP_02852"
"AENJPLPP_00710","ydjP","AB hydrolase superfamily protein YdjP","ydjP","CDS","3.-.-.-","COG0596",338.979743542691,-1.30857247074977,0.115150831905323,-11.3639862526194,6.31938163034911e-30,1.68457338940851e-29,"Not significant","ydjP
(AENJPLPP_00710)","AENJPLPP_00710"
"AENJPLPP_02306","rsmA","Ribosomal RNA small subunit methyltransferase A","rsmA","CDS","2.1.1.182","COG0030",2015.07962753782,-0.739647055499196,0.0652624808446781,-11.3334192314804,8.96358758212153e-30,2.3871981603938e-29,"Not significant","rsmA
(AENJPLPP_02306)","AENJPLPP_02306"
"AENJPLPP_02043","metE","5-methyltetrahydropteroyltriglutamate--homocysteine methyltransferase","metE","CDS","2.1.1.14","COG0620",1362.6056508642,-0.794279199186467,0.0703659301715886,-11.2878376971583,1.50698438638633e-29,4.00965488520649e-29,"Not significant","metE
(AENJPLPP_02043)","AENJPLPP_02043"
"AENJPLPP_00516","addB_1","ATP-dependent helicase/deoxyribonuclease subunit B","addB_1","CDS","3.1.-.-","COG3857",6159.38186968433,0.636816742850013,0.0564918458757304,11.2727196815425,1.78955309781459e-29,4.75701861024704e-29,"Not significant","addB_1
(AENJPLPP_00516)","AENJPLPP_00516"
"AENJPLPP_00335",NA,"hypothetical protein","hypothetical protein","CDS","","",159.100658479593,-2.05378498652898,0.182292661779654,-11.2664161380862,1.92236268657696e-29,5.1052615062846e-29,"Down in serum","hypothetical protein","AENJPLPP_00335"
"AENJPLPP_00347","uxuA_2","Mannonate dehydratase","uxuA_2","CDS","4.2.1.8","",171.85485650006,-1.9114346249477,0.1697343013883,-11.2613337982576,2.0365275890962e-29,5.40338294726461e-29,"Not significant","uxuA_2
(AENJPLPP_00347)","AENJPLPP_00347"
"AENJPLPP_01155",NA,"hypothetical protein","hypothetical protein","CDS","","",733.526844154517,-0.98014086458204,0.0871477490189391,-11.2468867597376,2.39911269384289e-29,6.35944572684385e-29,"Not significant","hypothetical protein","AENJPLPP_01155"
"AENJPLPP_01027",NA,"hypothetical protein","hypothetical protein","CDS","","",995.740134977157,0.939014288274501,0.0837989163126479,11.2055660096021,3.8289842935027e-29,1.01401819783968e-28,"Not significant","hypothetical protein","AENJPLPP_01027"
"AENJPLPP_01408","ychF","Ribosome-binding ATPase YchF","ychF","CDS","","COG0012",8259.57316398316,-0.656945290691361,0.058712803860149,-11.1891316288722,4.60925499505161e-29,1.21951410196178e-28,"Not significant","ychF
(AENJPLPP_01408)","AENJPLPP_01408"
"AENJPLPP_00058",NA,"hypothetical protein","hypothetical protein","CDS","","",1198.68298254445,0.928158145763984,0.0829749087383886,11.1860098417266,4.77438992939291e-29,1.26202594678911e-28,"Not significant","hypothetical protein","AENJPLPP_00058"
"AENJPLPP_01270","yodC_1","Putative NAD(P)H nitroreductase YodC","yodC_1","CDS","1.-.-.-","COG0778",257.009437889755,-1.56789996224596,0.140186756250843,-11.1843658001504,4.86370181819808e-29,1.28443468724989e-28,"Not significant","yodC_1
(AENJPLPP_01270)","AENJPLPP_01270"
"AENJPLPP_01040","recD2","ATP-dependent RecD-like DNA helicase","recD2","CDS","3.6.4.12","",3324.76869374873,-0.785546872369815,0.0703526510461302,-11.1658460724491,5.99179751101087e-29,1.58087406837575e-28,"Not significant","recD2
(AENJPLPP_01040)","AENJPLPP_01040"
"AENJPLPP_01700",NA,"IS30 family transposase IS1252","IS30 family transposase IS1252","CDS","","COG2826",1453.18937211064,1.06430213293181,0.0953545344407571,11.1615261840857,6.29023426925376e-29,1.65806826967015e-28,"Not significant","IS30 family transposase IS1252","AENJPLPP_01700"
"AENJPLPP_01203",NA,"hypothetical protein","hypothetical protein","CDS","","",698.456912585541,-1.1329720676685,0.101585450885443,-11.152896972876,6.93123297251326e-29,1.82533214373814e-28,"Not significant","hypothetical protein","AENJPLPP_01203"
"AENJPLPP_00718","mvaA","3-hydroxy-3-methylglutaryl-coenzyme A reductase","mvaA","CDS","1.1.1.88","",6052.60415917442,-0.744409726966384,0.0668523950688422,-11.13512427191,8.46268922198443e-29,2.22656814009646e-28,"Not significant","mvaA
(AENJPLPP_00718)","AENJPLPP_00718"
"AENJPLPP_02086","lplJ","Lipoate-protein ligase LplJ","lplJ","CDS","6.3.1.20","COG0095",4945.64231725248,0.670492784044751,0.0602374182840349,11.1308353369861,8.87994079917671e-29,2.33417942455611e-28,"Not significant","lplJ
(AENJPLPP_02086)","AENJPLPP_02086"
"AENJPLPP_00318",NA,"hypothetical protein","hypothetical protein","CDS","","",92.6247385875988,-2.75830587999301,0.248341169327343,-11.1069215284125,1.16093045877515e-28,3.04878861669058e-28,"Down in serum","hypothetical protein","AENJPLPP_00318"
"AENJPLPP_00632","garB","Glutathione amide reductase","garB","CDS","1.8.1.16","",2324.19422793724,0.752667491970325,0.0679260749510611,11.0806857677645,1.5567559341866e-28,4.08450050943675e-28,"Not significant","garB
(AENJPLPP_00632)","AENJPLPP_00632"
"AENJPLPP_01729",NA,"hypothetical protein","hypothetical protein","CDS","","",383.104515974998,-1.48394319988438,0.133981454755813,-11.075735836642,1.64523021457617e-28,4.31263586802328e-28,"Not significant","hypothetical protein","AENJPLPP_01729"
"AENJPLPP_02120","pbpX_2","Penicillin-binding protein 2X","pbpX_2","CDS","","COG0768",9689.55417400429,-0.751481816971219,0.0679080059190183,-11.0661741101245,1.83049769157223e-28,4.79383808033393e-28,"Not significant","pbpX_2
(AENJPLPP_02120)","AENJPLPP_02120"
"AENJPLPP_01385","norW","Nitric oxide reductase FlRd-NAD(+) reductase","norW","CDS","1.18.1.-","",4795.89045357523,-0.910924866234114,0.0824669244283814,-11.0459420252202,2.29349342391025e-28,6.00081320063764e-28,"Not significant","norW
(AENJPLPP_01385)","AENJPLPP_01385"
"AENJPLPP_01874","lacF_4","Lactose transport system permease protein LacF","lacF_4","CDS","","",147.908574471869,1.87525009719787,0.169821944507457,11.0424486225073,2.3844519676919e-28,6.23304110852794e-28,"Not significant","lacF_4
(AENJPLPP_01874)","AENJPLPP_01874"
"AENJPLPP_00964",NA,"hypothetical protein","hypothetical protein","CDS","","",65.6167733893365,3.33441903063567,0.302018797086745,11.0404354391159,2.43848566391028e-28,6.3684067477214e-28,"Up in serum","hypothetical protein","AENJPLPP_00964"
"AENJPLPP_00682",NA,"hypothetical protein","hypothetical protein","CDS","","",1003.66908840208,0.970322388145844,0.0878996106732834,11.0389839125962,2.47819644734855e-28,6.4661512833583e-28,"Not significant","hypothetical protein","AENJPLPP_00682"
"AENJPLPP_01384",NA,"hypothetical protein","hypothetical protein","CDS","","",599.463601742662,-1.00103966177132,0.0907613151202741,-11.0293648835385,2.7580587606036e-28,7.18974617980553e-28,"Not significant","hypothetical protein","AENJPLPP_01384"
"AENJPLPP_02125","ftsA","Cell division protein FtsA","ftsA","CDS","","COG0849",21449.8426828682,-0.621505674318953,0.0563988763820948,-11.0198236948611,3.06659116908e-28,7.98667856454966e-28,"Not significant","ftsA
(AENJPLPP_02125)","AENJPLPP_02125"
"AENJPLPP_02759",NA,"hypothetical protein","hypothetical protein","CDS","","",627.812407625815,-1.0614794792795,0.0966740189015366,-10.9799870879541,4.76991984092939e-28,1.24114366449183e-27,"Not significant","hypothetical protein","AENJPLPP_02759"
"AENJPLPP_01435",NA,"DegV domain-containing protein","DegV domain-containing protein","CDS","","",4060.31042141713,-0.894345236166534,0.0815575111576362,-10.96582305507,5.57906001158576e-28,1.45035067886127e-27,"Not significant","DegV domain-containing protein","AENJPLPP_01435"
"AENJPLPP_02001",NA,"hypothetical protein","hypothetical protein","CDS","","",861.056349309678,-0.982926144651513,0.0897260100693277,-10.9547515139929,6.3051172725905e-28,1.63759513749575e-27,"Not significant","hypothetical protein","AENJPLPP_02001"
"AENJPLPP_00564","recQ_1","ATP-dependent DNA helicase RecQ","recQ_1","CDS","3.6.4.12","COG0514",2585.3788113139,-0.685982754707149,0.0627348474890813,-10.934636524406,7.87208040210809e-28,2.04270023999707e-27,"Not significant","recQ_1
(AENJPLPP_00564)","AENJPLPP_00564"
"AENJPLPP_02243",NA,"putative ABC transporter ATP-binding protein","putative ABC transporter ATP-binding protein","CDS","","COG1132",695.055282949452,-1.02916185717218,0.0942067308429916,-10.924504522797,8.80194674071942e-28,2.28189663214072e-27,"Not significant","putative ABC transporter ATP-binding protein","AENJPLPP_02243"
"AENJPLPP_00205","melR_2","HTH-type transcriptional repressor MelR","melR_2","CDS","","COG1609",447.149373482112,1.21236034204489,0.111089140738107,10.9134010218247,9.94641353555805e-28,2.57623940705991e-27,"Not significant","melR_2
(AENJPLPP_00205)","AENJPLPP_00205"
"AENJPLPP_01216","rpe_1","Ribulose-phosphate 3-epimerase","rpe_1","CDS","5.1.3.1","",1458.78757500917,0.767692292671785,0.0704230296651428,10.9011540162659,1.13804642872004e-27,2.94498120631302e-27,"Not significant","rpe_1
(AENJPLPP_01216)","AENJPLPP_01216"
"AENJPLPP_01233","glmU","Bifunctional protein GlmU","glmU","CDS","","COG1207",10679.182290754,-0.605964699513434,0.0556922150299546,-10.8805997245308,1.42621506780253e-27,3.68731950406298e-27,"Not significant","glmU
(AENJPLPP_01233)","AENJPLPP_01233"
"AENJPLPP_02652",NA,"hypothetical protein","hypothetical protein","CDS","","",172.579213871617,-1.71106842370656,0.157357533609391,-10.8737623452713,1.53727894856132e-27,3.97083640819079e-27,"Not significant","hypothetical protein","AENJPLPP_02652"
"AENJPLPP_02571","zur","Zinc-specific metallo-regulatory protein","zur","CDS","","COG0735",409.82511620087,-1.27494106288803,0.117346774725994,-10.8647303333648,1.69723857429675e-27,4.38002042282051e-27,"Not significant","zur
(AENJPLPP_02571)","AENJPLPP_02571"
"AENJPLPP_01388","menA","1,4-dihydroxy-2-naphthoate octaprenyltransferase","menA","CDS","2.5.1.74","",164.60967891826,-1.81672223490208,0.167392759696571,-10.8530514593057,1.92876553800272e-27,4.97298291264636e-27,"Not significant","menA
(AENJPLPP_01388)","AENJPLPP_01388"
"AENJPLPP_00491","rnz","Ribonuclease Z","rnz","CDS","3.1.26.11","COG1234",1580.1566404687,-0.755871171744197,0.0697118937433034,-10.8427863762747,2.15796533296726e-27,5.55887157200209e-27,"Not significant","rnz
(AENJPLPP_00491)","AENJPLPP_00491"
"AENJPLPP_01211","pepF1_2","Oligoendopeptidase F, plasmid","pepF1_2","CDS","3.4.24.-","",3082.10644709635,0.661379315334635,0.061019382732384,10.8388398197222,2.25310166188736e-27,5.79866436800284e-27,"Not significant","pepF1_2
(AENJPLPP_01211)","AENJPLPP_01211"
"AENJPLPP_01426","gyrA","DNA gyrase subunit A","gyrA","CDS","5.6.2.2","COG0188",30052.1615406337,-0.656360686380276,0.0605747622508257,-10.8355470494864,2.33565191372437e-27,6.00565900795068e-27,"Not significant","gyrA
(AENJPLPP_01426)","AENJPLPP_01426"
"AENJPLPP_01043","rlmA","23S rRNA (guanine(745)-N(1))-methyltransferase","rlmA","CDS","2.1.1.187","COG0500",434.820180201585,-1.13298682982182,0.104836671852693,-10.8071613663374,3.18369571099088e-27,8.17880449892486e-27,"Not significant","rlmA
(AENJPLPP_01043)","AENJPLPP_01043"
"AENJPLPP_00180","glmM","Phosphoglucosamine mutase","glmM","CDS","5.4.2.10","COG1109",12166.5917682094,0.771992701707013,0.0715623268861452,10.7876970369514,3.93527364012171e-27,1.01004167499407e-26,"Not significant","glmM
(AENJPLPP_00180)","AENJPLPP_00180"
"AENJPLPP_02437",NA,"hypothetical protein","hypothetical protein","CDS","","",497.235320353087,1.16936485163028,0.108544930562775,10.7730950268009,4.61230624782257e-27,1.18273903873059e-26,"Not significant","hypothetical protein","AENJPLPP_02437"
"AENJPLPP_00543","gpmA_2","2,3-bisphosphoglycerate-dependent phosphoglycerate mutase","gpmA_2","CDS","5.4.2.11","",1021.88540609806,0.84063109047076,0.0780407915972959,10.7716884114728,4.68332829193361e-27,1.19986447008724e-26,"Not significant","gpmA_2
(AENJPLPP_00543)","AENJPLPP_00543"
"AENJPLPP_02286","fliY","L-cystine-binding protein FliY","fliY","CDS","","COG0834",653.019763356688,-0.946534692391756,0.0880182814398657,-10.7538420076792,5.68434769949219e-27,1.45500798709425e-26,"Not significant","fliY
(AENJPLPP_02286)","AENJPLPP_02286"
"AENJPLPP_00260",NA,"hypothetical protein","hypothetical protein","CDS","","",1282.40997943411,0.90245061097389,0.0839233193317947,10.7532759447468,5.71935099947759e-27,1.46264522850235e-26,"Not significant","hypothetical protein","AENJPLPP_00260"
"AENJPLPP_01990",NA,"Putative NrdI-like protein","Putative NrdI-like protein","CDS","","COG1780",1033.89013695045,-0.924862712470209,0.0861836938377129,-10.7312958088308,7.25712943881054e-27,1.85423587015096e-26,"Not significant","Putative NrdI-like protein","AENJPLPP_01990"
"AENJPLPP_02792",NA,"hypothetical protein","hypothetical protein","CDS","","",193.33127800243,1.5633451467895,0.146679870919219,10.6582119072799,1.5963705822576e-26,4.07513536372521e-26,"Not significant","hypothetical protein","AENJPLPP_02792"
"AENJPLPP_02529","secA","Protein translocase subunit SecA","secA","CDS","","COG0653",17466.3824382903,0.59860462667101,0.0561992877719681,10.6514628637267,1.7164622754649e-26,4.37775198364065e-26,"Not significant","secA
(AENJPLPP_02529)","AENJPLPP_02529"
"AENJPLPP_02592","epsL","putative sugar transferase EpsL","epsL","CDS","2.-.-.-","COG2148",1146.51882861909,-0.842892244885498,0.0794114397390766,-10.6142420746306,2.5586242524829e-26,6.51977070997217e-26,"Not significant","epsL
(AENJPLPP_02592)","AENJPLPP_02592"
"AENJPLPP_00489",NA,"hypothetical protein","hypothetical protein","CDS","","",1462.44143183895,0.9266626870947,0.087415596681136,10.6006562018317,2.95896675438517e-26,7.53312489358312e-26,"Not significant","hypothetical protein","AENJPLPP_00489"
"AENJPLPP_01605",NA,"hypothetical protein","hypothetical protein","CDS","","",416.717796469349,-1.16264295920686,0.109906291016913,-10.5784932641203,3.74939075512269e-26,9.53686004290416e-26,"Not significant","hypothetical protein","AENJPLPP_01605"
"AENJPLPP_02301","metG","Methionine--tRNA ligase","metG","CDS","6.1.1.10","",15807.5101746923,-0.579831226927537,0.0548127269802407,-10.5784050324035,3.75292266628713e-26,9.53727474709055e-26,"Not significant","metG
(AENJPLPP_02301)","AENJPLPP_02301"
"AENJPLPP_01380",NA,"hypothetical protein","hypothetical protein","CDS","","",2161.21887160389,0.825464717482662,0.0780479788198973,10.5763753266116,3.83508849003094e-26,9.73734126930727e-26,"Not significant","hypothetical protein","AENJPLPP_01380"
"AENJPLPP_00242","mutM","Formamidopyrimidine-DNA glycosylase","mutM","CDS","3.2.2.23","COG0266",2386.00243850739,0.767383330948831,0.0728269738046033,10.5370756309021,5.8283114872042e-26,1.47849012726479e-25,"Not significant","mutM
(AENJPLPP_00242)","AENJPLPP_00242"
"AENJPLPP_01462","cdd","Cytidine deaminase","cdd","CDS","3.5.4.5","COG0295",2341.45659792449,-1.10756600397999,0.10526935436897,-10.5212576881394,6.89470297760391e-26,1.7474399399818e-25,"Not significant","cdd
(AENJPLPP_01462)","AENJPLPP_01462"
"AENJPLPP_00949",NA,"hypothetical protein","hypothetical protein","CDS","","",58.1449996103708,4.91494006471911,0.468378499076535,10.4935219580094,9.25142336579413e-26,2.34264575568544e-25,"Up in serum","hypothetical protein","AENJPLPP_00949"
"AENJPLPP_01952",NA,"hypothetical protein","hypothetical protein","CDS","","",731.94384493221,0.88767412060719,0.0846076552488702,10.4916525342315,9.43633418220392e-26,2.38733351830378e-25,"Not significant","hypothetical protein","AENJPLPP_01952"
"AENJPLPP_00503",NA,"hypothetical protein","hypothetical protein","CDS","","",1454.9150184197,-0.748602604551147,0.0713858214371706,-10.4867127600405,9.94275866993919e-26,2.51201146827147e-25,"Not significant","hypothetical protein","AENJPLPP_00503"
"AENJPLPP_01619",NA,"hypothetical protein","hypothetical protein","CDS","","",961.377161220778,0.931499567528436,0.0888269830024984,10.4866734863914,9.94689104886018e-26,2.51201146827147e-25,"Not significant","hypothetical protein","AENJPLPP_01619"
"AENJPLPP_01958",NA,"hypothetical protein","hypothetical protein","CDS","","",738.55122885944,0.954766138943711,0.0913961330232781,10.4464609974312,1.52095211487486e-25,3.83762516685447e-25,"Not significant","hypothetical protein","AENJPLPP_01958"
"AENJPLPP_00863","czcD","Cadmium, cobalt and zinc/H(+)-K(+) antiporter","czcD","CDS","","COG1230",416.85849221141,1.09305578226447,0.104771873067882,10.432721590806,1.75780046870805e-25,4.43128506403607e-25,"Not significant","czcD
(AENJPLPP_00863)","AENJPLPP_00863"
"AENJPLPP_00278",NA,"hypothetical protein","hypothetical protein","CDS","","",1618.83066019389,2.45984241066935,0.236203509490262,10.414080705142,2.13853623247585e-25,5.38629543962556e-25,"Up in serum","hypothetical protein","AENJPLPP_00278"
"AENJPLPP_00129",NA,"hypothetical protein","hypothetical protein","CDS","","",745.369637111779,-0.956754202744224,0.0919985919908076,-10.3996613648155,2.48815852015835e-25,6.26131268494959e-25,"Not significant","hypothetical protein","AENJPLPP_00129"
"AENJPLPP_01967","gmuD_2","6-phospho-beta-glucosidase GmuD","gmuD_2","CDS","3.2.1.86","COG2723",501.718414014565,-0.999850073615345,0.096199122568772,-10.3935467072536,2.65300322125057e-25,6.67020614508024e-25,"Not significant","gmuD_2
(AENJPLPP_01967)","AENJPLPP_01967"
"AENJPLPP_02875",NA,"hypothetical protein","hypothetical protein","CDS","","",596.124435857269,-0.975954680366383,0.0939721869770877,-10.3855695154178,2.88442619407581e-25,7.24561717429335e-25,"Not significant","hypothetical protein","AENJPLPP_02875"
"AENJPLPP_01075",NA,"hypothetical protein","hypothetical protein","CDS","","",392.032941469805,-1.25492305326729,0.121233061717122,-10.3513269028497,4.12725509193714e-25,1.03583857848174e-24,"Not significant","hypothetical protein","AENJPLPP_01075"
"AENJPLPP_01059",NA,"hypothetical protein","hypothetical protein","CDS","","",1566.7602111058,-0.756169643964631,0.0731485431805883,-10.3374532298997,4.77046818559942e-25,1.19620863006483e-24,"Not significant","hypothetical protein","AENJPLPP_01059"
"AENJPLPP_00642",NA,"hypothetical protein","hypothetical protein","CDS","","",737.658125469317,0.934203346085038,0.0905450498940828,10.3175529438423,5.87001443339285e-25,1.47062043017125e-24,"Not significant","hypothetical protein","AENJPLPP_00642"
"AENJPLPP_02083","ysdC","Putative aminopeptidase YsdC","ysdC","CDS","3.4.11.-","COG1363",4051.0576107887,0.589005474015575,0.0571457175007027,10.3070798613795,6.54601300664163e-25,1.63852898512842e-24,"Not significant","ysdC
(AENJPLPP_02083)","AENJPLPP_02083"
"AENJPLPP_02364",NA,"putative ketoamine kinase","putative ketoamine kinase","CDS","2.7.1.-","",520.496548088254,1.03036231233317,0.10018037926555,10.2850709878226,8.22814204972216e-25,2.05776238010278e-24,"Not significant","putative ketoamine kinase","AENJPLPP_02364"
"AENJPLPP_00256",NA,"hypothetical protein","hypothetical protein","CDS","","",341.539596412522,-1.16324443208564,0.113104358098856,-10.2847003567177,8.25985902034704e-25,2.06387121682281e-24,"Not significant","hypothetical protein","AENJPLPP_00256"
"AENJPLPP_00546",NA,"hypothetical protein","hypothetical protein","CDS","","",506.646058631932,-1.02839257562671,0.100001572206456,-10.2837640742644,8.3405224723991e-25,2.08218863486436e-24,"Not significant","hypothetical protein","AENJPLPP_00546"
"AENJPLPP_01744",NA,"hypothetical protein","hypothetical protein","CDS","","",773.529860416037,1.03299205095885,0.100598586336271,10.2684549413633,9.77577122584209e-25,2.43834434716819e-24,"Not significant","hypothetical protein","AENJPLPP_01744"
"AENJPLPP_01966","rbsR","Ribose operon repressor","rbsR","CDS","","COG1609",439.376400319938,-1.12814106702064,0.109984286708885,-10.2572931168494,1.09739826468676e-24,2.73480148532413e-24,"Not significant","rbsR
(AENJPLPP_01966)","AENJPLPP_01966"
"AENJPLPP_01899",NA,"hypothetical protein","hypothetical protein","CDS","","",1471.60818855025,-0.765264949891394,0.0748192160873573,-10.2281872212867,1.48268724576002e-24,3.69172171745526e-24,"Not significant","hypothetical protein","AENJPLPP_01899"
"AENJPLPP_01236","znuC","High-affinity zinc uptake system ATP-binding protein ZnuC","znuC","CDS","7.2.2.-","COG1121",629.688234228823,-0.928026683364608,0.0907917165017352,-10.2214906725205,1.58878606189786e-24,3.95241945626787e-24,"Not significant","znuC
(AENJPLPP_01236)","AENJPLPP_01236"
"AENJPLPP_01509","truA","tRNA pseudouridine synthase A","truA","CDS","5.4.99.12","COG0101",874.276222694551,-0.878808855384778,0.0860815954544249,-10.2090214609237,1.80677724428506e-24,4.49076942806937e-24,"Not significant","truA
(AENJPLPP_01509)","AENJPLPP_01509"
"AENJPLPP_00960",NA,"hypothetical protein","hypothetical protein","CDS","","",55.5040863805473,3.50319666098835,0.343220170258748,10.2068496101128,1.84766689228924e-24,4.58837278251827e-24,"Up in serum","hypothetical protein","AENJPLPP_00960"
"AENJPLPP_00878","wbgU_1","UDP-N-acetylglucosamine 4-epimerase","wbgU_1","CDS","5.1.3.7","",9213.91390379325,-0.609685143613175,0.0597819738768202,-10.1984779704568,2.01403909568095e-24,4.99714695869656e-24,"Not significant","wbgU_1
(AENJPLPP_00878)","AENJPLPP_00878"
"AENJPLPP_02591","epsN","Putative pyridoxal phosphate-dependent aminotransferase EpsN","epsN","CDS","2.6.1.-","COG0399",2022.06665127641,-0.738875712196407,0.0724797328487684,-10.1942389017644,2.1038592055206e-24,5.21543380983259e-24,"Not significant","epsN
(AENJPLPP_02591)","AENJPLPP_02591"
"AENJPLPP_01472","rpiA","Ribose-5-phosphate isomerase A","rpiA","CDS","5.3.1.6","COG0120",2453.62134239205,-0.733640255542005,0.0719779523135125,-10.1925691404294,2.14031865858685e-24,5.30117421037567e-24,"Not significant","rpiA
(AENJPLPP_01472)","AENJPLPP_01472"
"AENJPLPP_00419",NA,"hypothetical protein","hypothetical protein","CDS","","",440.09963427495,1.04709046248934,0.10287256134981,10.1785203824058,2.47292798963414e-24,6.11963211420826e-24,"Not significant","hypothetical protein","AENJPLPP_00419"
"AENJPLPP_01860",NA,"hypothetical protein","hypothetical protein","CDS","","",170.113161715827,1.57480260667349,0.154883422307649,10.1676640612022,2.76459097546351e-24,6.83542100570935e-24,"Not significant","hypothetical protein","AENJPLPP_01860"
"AENJPLPP_00279",NA,"hypothetical protein","hypothetical protein","CDS","","",119.315485641687,1.88007006121596,0.185064481882157,10.1589999447497,3.02159765078505e-24,7.46396494418766e-24,"Not significant","hypothetical protein","AENJPLPP_00279"
"AENJPLPP_01424","recF","DNA replication and repair protein RecF","recF","CDS","","COG1195",5363.91407154328,-0.626117030662009,0.0616322440475633,-10.1589199020373,3.02407905015304e-24,7.46396494418766e-24,"Not significant","recF
(AENJPLPP_01424)","AENJPLPP_01424"
"AENJPLPP_00411",NA,"hypothetical protein","hypothetical protein","CDS","","",73.4131851359077,2.86974987035133,0.282553752104202,10.1564741185706,3.10088157980967e-24,7.64686041153412e-24,"Up in serum","hypothetical protein","AENJPLPP_00411"
"AENJPLPP_02304","dtd3","D-aminoacyl-tRNA deacylase","dtd3","CDS","3.1.1.96","",952.574965078099,-0.88177546827236,0.0868718746144907,-10.1502986114366,3.3035105893809e-24,8.13945907618567e-24,"Not significant","dtd3
(AENJPLPP_02304)","AENJPLPP_02304"
"AENJPLPP_02629","cadA","Cadmium, zinc and cobalt-transporting ATPase","cadA","CDS","3.6.3.3","COG2217",1329.19610055679,0.742359680095303,0.073201967498057,10.1412531038187,3.62420309584674e-24,8.92184257768881e-24,"Not significant","cadA
(AENJPLPP_02629)","AENJPLPP_02629"
"AENJPLPP_01868",NA,"hypothetical protein","hypothetical protein","CDS","","",561.586211721866,-0.988765011138042,0.0975410536474803,-10.1369113226058,3.7889024073804e-24,9.31918567792694e-24,"Not significant","hypothetical protein","AENJPLPP_01868"
"AENJPLPP_00003",NA,"Putative phosphatase","Putative phosphatase","CDS","3.1.3.-","",1181.62368272315,-0.757467001433415,0.0747691601627629,-10.1307410673666,4.03579063758447e-24,9.91781536024447e-24,"Not significant","Putative phosphatase","AENJPLPP_00003"
"AENJPLPP_01891",NA,"hypothetical protein","hypothetical protein","CDS","","",379.353440540398,-1.08710030778802,0.107324844571054,-10.1290648230877,4.10557093364054e-24,1.00805475395805e-23,"Not significant","hypothetical protein","AENJPLPP_01891"
"AENJPLPP_00052",NA,"hypothetical protein","hypothetical protein","CDS","","",161.740009995817,1.58925274693439,0.156980996109921,10.123854392041,4.33019680818783e-24,1.06228658266722e-23,"Not significant","hypothetical protein","AENJPLPP_00052"
"AENJPLPP_01915","mgsR","Regulatory protein MgsR","mgsR","CDS","","COG1393",810.489492885888,-0.935670084137069,0.0926629343419895,-10.0975658798351,5.66303541873742e-24,1.38805656021174e-23,"Not significant","mgsR
(AENJPLPP_01915)","AENJPLPP_01915"
"AENJPLPP_00728",NA,"hypothetical protein","hypothetical protein","CDS","","",137.178834182957,-1.89343565269373,0.187750649808842,-10.0848420744297,6.44687688293678e-24,1.5788156103455e-23,"Not significant","hypothetical protein","AENJPLPP_00728"
"AENJPLPP_02187",NA,"hypothetical protein","hypothetical protein","CDS","","",59.2252049702725,5.54388553445945,0.549747296702805,10.084425276322,6.47429434457008e-24,1.58415966201192e-23,"Up in serum","hypothetical protein","AENJPLPP_02187"
"AENJPLPP_01984","garK","Glycerate 2-kinase","garK","CDS","2.7.1.165","COG1929",726.722297178574,0.852051971669845,0.0847178441366923,10.0575266090938,8.51097167850934e-24,2.0807047341848e-23,"Not significant","garK
(AENJPLPP_01984)","AENJPLPP_01984"
"AENJPLPP_02343","tadA_2","tRNA-specific adenosine deaminase","tadA_2","CDS","3.5.4.33","COG0590",753.851126368004,-0.896346471960497,0.0892178603864993,-10.0467156248474,9.49803208511693e-24,2.32001111587282e-23,"Not significant","tadA_2
(AENJPLPP_02343)","AENJPLPP_02343"
"AENJPLPP_01060",NA,"hypothetical protein","hypothetical protein","CDS","","",3479.79111259923,-0.607575763971699,0.060576915216239,-10.0298234369126,1.12717983994694e-23,2.75090183352569e-23,"Not significant","hypothetical protein","AENJPLPP_01060"
"AENJPLPP_00652","lacX","Protein LacX, plasmid","lacX","CDS","","",2614.04113819648,-0.745184249373544,0.0743025753203917,-10.0290500855498,1.13604248806709e-23,2.77014322456324e-23,"Not significant","lacX
(AENJPLPP_00652)","AENJPLPP_00652"
"AENJPLPP_00519","dtpT_1","Di-/tripeptide transporter","dtpT_1","CDS","","COG3104",1625.12320156031,-0.807071384208522,0.0804751058695301,-10.0288328357962,1.13854457441237e-23,2.77385515504424e-23,"Not significant","dtpT_1
(AENJPLPP_00519)","AENJPLPP_00519"
"AENJPLPP_02956","frlB_3","Fructosamine deglycase FrlB","frlB_3","CDS","3.5.-.-","COG2222",324.673846196281,1.16723832097824,0.116544654424865,10.0153741648506,1.30467289160349e-23,3.17586324688692e-23,"Not significant","frlB_3
(AENJPLPP_02956)","AENJPLPP_02956"
"AENJPLPP_01053","pepF1_1","Oligoendopeptidase F, plasmid","pepF1_1","CDS","3.4.24.-","",10501.4874340269,0.570279390434294,0.0569696768716169,10.010226874192,1.37436999267424e-23,3.34264729317935e-23,"Not significant","pepF1_1
(AENJPLPP_01053)","AENJPLPP_01053"
"AENJPLPP_01769","ptsG_3","PTS system glucose-specific EIICBA component","ptsG_3","CDS","2.7.1.199","COG1263",666.945023104822,0.910662466103174,0.0910261814727202,10.0044014960255,1.45770438106896e-23,3.54228420841736e-23,"Not significant","ptsG_3
(AENJPLPP_01769)","AENJPLPP_01769"
"AENJPLPP_00805",NA,"hypothetical protein","hypothetical protein","CDS","","",880.547708527727,0.835357754859461,0.0835077836377235,10.0033520046879,1.47324101821279e-23,3.5769685442199e-23,"Not significant","hypothetical protein","AENJPLPP_00805"
"AENJPLPP_02679",NA,"hypothetical protein","hypothetical protein","CDS","","",161.590355642968,-1.64223562804953,0.164524722490691,-9.98169517132879,1.83307903603496e-23,4.44682669324333e-23,"Not significant","hypothetical protein","AENJPLPP_02679"
"AENJPLPP_01569","treR","HTH-type transcriptional regulator TreR","treR","CDS","","COG2188",928.302130459509,-0.796258180553503,0.0799723976211883,-9.95666260157915,2.3584723208528e-23,5.71646844206701e-23,"Not significant","treR
(AENJPLPP_01569)","AENJPLPP_01569"
"AENJPLPP_02440",NA,"hypothetical protein","hypothetical protein","CDS","","",314.79160056322,1.19246411944841,0.119980057530967,9.93885270592267,2.8205685445659e-23,6.83064974308474e-23,"Not significant","hypothetical protein","AENJPLPP_02440"
"AENJPLPP_01567","maf","dTTP/UTP pyrophosphatase","maf","CDS","3.6.1.9","COG0424",1861.65305607329,-0.779813612273978,0.0785186318803993,-9.93157411939884,3.03427115248509e-23,7.34189883135495e-23,"Not significant","maf
(AENJPLPP_01567)","AENJPLPP_01567"
"AENJPLPP_02034","manZ_3","PTS system mannose-specific EIID component","manZ_3","CDS","","COG3716",220.796887143447,1.39488411844123,0.140644578291771,9.91779516411576,3.48366370569625e-23,8.42207681539376e-23,"Not significant","manZ_3
(AENJPLPP_02034)","AENJPLPP_02034"
"AENJPLPP_00721",NA,"hypothetical protein","hypothetical protein","CDS","","",334.912741829627,-1.11551139508046,0.112516463098839,-9.91420601357287,3.61116158657372e-23,8.72286557302917e-23,"Not significant","hypothetical protein","AENJPLPP_00721"
"AENJPLPP_01215","thiN","Thiamine pyrophosphokinase","thiN","CDS","2.7.6.2","COG1564",4068.71825811834,0.701511114003709,0.0709563912361973,9.88651059872172,4.76342557561578e-23,1.14963834651051e-22,"Not significant","thiN
(AENJPLPP_01215)","AENJPLPP_01215"
"AENJPLPP_01562",NA,"Putative bifunctional phosphatase/peptidyl-prolyl cis-trans isomerase","Putative bifunctional phosphatase/peptidyl-prolyl cis-trans isomerase","CDS","","",1643.25067736959,-0.668822195820657,0.0678157319727219,-9.86234574729184,6.0616411064883e-23,1.46171260412848e-22,"Not significant","Putative bifunctional phosphatase/peptidyl-prolyl cis-trans isomerase","AENJPLPP_01562"
"AENJPLPP_00688","recQ_2","ATP-dependent DNA helicase RecQ","recQ_2","CDS","3.6.4.12","COG0514",534.267833223727,0.991948676958583,0.100619191506316,9.85844412093407,6.30183012081893e-23,1.51833881464157e-22,"Not significant","recQ_2
(AENJPLPP_00688)","AENJPLPP_00688"
"AENJPLPP_02897",NA,"Putative bifunctional phosphatase/peptidyl-prolyl cis-trans isomerase","Putative bifunctional phosphatase/peptidyl-prolyl cis-trans isomerase","CDS","","",150.293984206733,1.58826841081507,0.161366709298822,9.84260271351187,7.37770683261431e-23,1.7760449016268e-22,"Not significant","Putative bifunctional phosphatase/peptidyl-prolyl cis-trans isomerase","AENJPLPP_02897"
"AENJPLPP_02985",NA,"hypothetical protein","hypothetical protein","CDS","","",256.886417102883,-1.30900700549738,0.133098892458241,-9.83484521411835,7.96900559510473e-23,1.91675911977413e-22,"Not significant","hypothetical protein","AENJPLPP_02985"
"AENJPLPP_02091",NA,"hypothetical protein","hypothetical protein","CDS","","",128.372448944581,-1.80048577735468,0.183134271047397,-9.83150650644025,8.23771225209494e-23,1.97970826703572e-22,"Not significant","hypothetical protein","AENJPLPP_02091"
"AENJPLPP_01071","dtd","D-aminoacyl-tRNA deacylase","dtd","CDS","3.1.1.96","COG1490",3425.37110422902,0.599950658335756,0.0610264856014519,9.83098817542728,8.28022540457009e-23,1.98823732996929e-22,"Not significant","dtd
(AENJPLPP_01071)","AENJPLPP_01071"
"AENJPLPP_02020","yhfK","putative sugar epimerase YhfK","yhfK","CDS","4.-.-.-","COG0702",1185.82296276694,0.74907029993144,0.0762483935035239,9.82407976761926,8.8680232335757e-23,2.12757404866549e-22,"Not significant","yhfK
(AENJPLPP_02020)","AENJPLPP_02020"
"AENJPLPP_01916","gcvH","Glycine cleavage system H protein","gcvH","CDS","","COG0509",2035.75621097098,-0.74062059840789,0.0755274945045448,-9.80597335137767,1.06118911919732e-22,2.54379881155597e-22,"Not significant","gcvH
(AENJPLPP_01916)","AENJPLPP_01916"
"AENJPLPP_02128","sepF","Cell division protein SepF","sepF","CDS","","",11084.7732330366,0.560859499590888,0.0573126080216143,9.78597064330716,1.29348159636132e-22,3.09800879805321e-22,"Not significant","sepF
(AENJPLPP_02128)","AENJPLPP_02128"
"AENJPLPP_00539",NA,"hypothetical protein","hypothetical protein","CDS","","",923.651211455191,-0.849609340445521,0.0869083339770989,-9.77592483442842,1.42846676527419e-22,3.41841877640847e-22,"Not significant","hypothetical protein","AENJPLPP_00539"
"AENJPLPP_01737","mutS2_1","Endonuclease MutS2","mutS2_1","CDS","3.1.-.-","",1617.53808250235,-0.705227352320269,0.0722073865896678,-9.7666926560832,1.56476889016742e-22,3.74143642572969e-22,"Not significant","mutS2_1
(AENJPLPP_01737)","AENJPLPP_01737"
"AENJPLPP_00701","fur","Ferric uptake regulation protein","fur","CDS","","COG0735",1448.99892832943,-0.858924411568158,0.0880750668383596,-9.75218574792006,1.8053855795991e-22,4.31311947328696e-22,"Not significant","fur
(AENJPLPP_00701)","AENJPLPP_00701"
"AENJPLPP_00760",NA,"hypothetical protein","hypothetical protein","CDS","","",106.336061687537,1.93246520515623,0.198420384362184,9.73924736295657,2.05067504253498e-22,4.89499244976098e-22,"Not significant","hypothetical protein","AENJPLPP_00760"
"AENJPLPP_00938",NA,"hypothetical protein","hypothetical protein","CDS","","",49.83791896538,4.95725666145332,0.509692362179549,9.72597792177045,2.33649369236922e-22,5.57254729831278e-22,"Up in serum","hypothetical protein","AENJPLPP_00938"
"AENJPLPP_01323",NA,"hypothetical protein","hypothetical protein","CDS","","",128.320643518843,-1.79257052789759,0.184553265626726,-9.71302524401392,2.65342372372837e-22,6.32309979955809e-22,"Not significant","hypothetical protein","AENJPLPP_01323"
"AENJPLPP_02502","rnr","Ribonuclease R","rnr","CDS","3.1.13.1","COG0557",8391.00514547143,0.595247200560239,0.0614058750393629,9.69365227966656,3.20845470558494e-22,7.6393063679655e-22,"Not significant","rnr
(AENJPLPP_02502)","AENJPLPP_02502"
"AENJPLPP_00435","pyrF","Orotidine 5'-phosphate decarboxylase","pyrF","CDS","4.1.1.23","COG0284",1361.07355516659,0.973567725377278,0.100473766524715,9.68977036545948,3.33277151796302e-22,7.92863543475068e-22,"Not significant","pyrF
(AENJPLPP_00435)","AENJPLPP_00435"
"AENJPLPP_02458","btuD_5","Vitamin B12 import ATP-binding protein BtuD","btuD_5","CDS","7.6.2.8","",2452.52134784947,0.631106103424987,0.0651541690049961,9.6863502836878,3.44624100724613e-22,8.19169461923912e-22,"Not significant","btuD_5
(AENJPLPP_02458)","AENJPLPP_02458"
"AENJPLPP_01264",NA,"hypothetical protein","hypothetical protein","CDS","","",682.908715966418,1.06083205173997,0.109655984688096,9.67418289806418,3.88180029419975e-22,9.21927569872441e-22,"Not significant","hypothetical protein","AENJPLPP_01264"
"AENJPLPP_01996",NA,"hypothetical protein","hypothetical protein","CDS","","",3643.74134574603,-0.578871268905231,0.0598548585945663,-9.67124946073771,3.99470787568355e-22,9.47947862201184e-22,"Not significant","hypothetical protein","AENJPLPP_01996"
"AENJPLPP_00660","rnhB","Ribonuclease HII","rnhB","CDS","3.1.26.4","COG0164",1310.62647675051,-0.75050416915974,0.077686915907366,-9.66062509232111,4.43151595720708e-22,1.05072208332104e-21,"Not significant","rnhB
(AENJPLPP_00660)","AENJPLPP_00660"
"AENJPLPP_02818","gatC_3","PTS system galactitol-specific EIIC component","gatC_3","CDS","","COG3775",550.63607852381,-1.05166645340833,0.108887374422873,-9.65829563787714,4.53343190034488e-22,1.07398708869258e-21,"Not significant","gatC_3
(AENJPLPP_02818)","AENJPLPP_02818"
"AENJPLPP_02325",NA,"hypothetical protein","hypothetical protein","CDS","","",54.7200105966142,-3.26290762458076,0.338131420588428,-9.6498208267736,4.92416893383839e-22,1.16557878358666e-21,"Down in serum","hypothetical protein","AENJPLPP_02325"
"AENJPLPP_02797",NA,"hypothetical protein","hypothetical protein","CDS","","",176.259931374231,1.46949472910348,0.152468440688846,9.63802556427003,5.52402195198646e-22,1.30647503308886e-21,"Not significant","hypothetical protein","AENJPLPP_02797"
"AENJPLPP_01219","stp","Serine/threonine phosphatase stp","stp","CDS","3.1.3.16","COG0631",5571.92292743911,-0.553960173121878,0.0575049918245227,-9.63325366278279,5.78675469080847e-22,1.36747099579957e-21,"Not significant","stp
(AENJPLPP_01219)","AENJPLPP_01219"
"AENJPLPP_02498","menH_3","2-succinyl-6-hydroxy-2,4-cyclohexadiene-1-carboxylate synthase","menH_3","CDS","4.2.99.20","",1282.01032659345,0.719051404858952,0.0746795120308198,9.62849629443487,6.06098970039828e-22,1.43108105436427e-21,"Not significant","menH_3
(AENJPLPP_02498)","AENJPLPP_02498"
"AENJPLPP_02036",NA,"hypothetical protein","hypothetical protein","CDS","","",153.70157094504,-1.61616267918752,0.167906115443575,-9.62539497098087,6.24664751393479e-22,1.47368825932912e-21,"Not significant","hypothetical protein","AENJPLPP_02036"
"AENJPLPP_01235","znuB","High-affinity zinc uptake system membrane protein ZnuB","znuB","CDS","","COG1108",461.086909540587,-1.07512878305722,0.112028996276649,-9.59687954716882,8.24013294540531e-22,1.94236605898771e-21,"Not significant","znuB
(AENJPLPP_01235)","AENJPLPP_01235"
"AENJPLPP_01798","mro_2","Aldose 1-epimerase","mro_2","CDS","5.1.3.3","COG2017",446.47327126383,-0.958404508052344,0.100052755491147,-9.57899163643868,9.79969967531399e-22,2.30806570555856e-21,"Not significant","mro_2
(AENJPLPP_01798)","AENJPLPP_01798"
"AENJPLPP_02590","gph_2","Phosphoglycolate phosphatase","gph_2","CDS","3.1.3.18","",731.797089026795,-0.861686073565065,0.0899772842632025,-9.57670683907786,1.00188547880897e-21,2.35772052411322e-21,"Not significant","gph_2
(AENJPLPP_02590)","AENJPLPP_02590"
"AENJPLPP_00034","xerC_1","Tyrosine recombinase XerC","xerC_1","CDS","","",373.395587826227,-1.05320991637895,0.109981306640564,-9.57626299004615,1.00619873835024e-21,2.36590417630361e-21,"Not significant","xerC_1
(AENJPLPP_00034)","AENJPLPP_00034"
"AENJPLPP_00437","pyrK_1","Dihydroorotate dehydrogenase B (NAD(+)), electron transfer subunit","pyrK_1","CDS","","COG0543",432.901248469053,1.38223872541135,0.144524670392922,9.56403305853203,1.1325517707615e-21,2.66079175354839e-21,"Not significant","pyrK_1
(AENJPLPP_00437)","AENJPLPP_00437"
"AENJPLPP_01889",NA,"hypothetical protein","hypothetical protein","CDS","","",2980.25340389354,0.587606350381826,0.0614431049970495,9.56342213516135,1.13925956714896e-21,2.67433153780987e-21,"Not significant","hypothetical protein","AENJPLPP_01889"
"AENJPLPP_00446","lspA","Lipoprotein signal peptidase","lspA","CDS","3.4.23.36","COG0597",1519.36058305489,0.683019283280997,0.0714206773867552,9.56332687216519,1.14030906924144e-21,2.67457744409487e-21,"Not significant","lspA
(AENJPLPP_00446)","AENJPLPP_00446"
"AENJPLPP_02127","yggS","Pyridoxal phosphate homeostasis protein","yggS","CDS","","COG0325",5078.02846243911,0.589419716846975,0.0617335160799398,9.54780732209916,1.32470237103996e-21,3.10449703014414e-21,"Not significant","yggS
(AENJPLPP_02127)","AENJPLPP_02127"
"AENJPLPP_00116","arcA","Arginine deiminase","arcA","CDS","3.5.3.6","",5439.0641366496,-0.69868060776799,0.0731969389739471,-9.54521620114018,1.35823999770845e-21,3.18046106990292e-21,"Not significant","arcA
(AENJPLPP_00116)","AENJPLPP_00116"
"AENJPLPP_02531","ftsE","Cell division ATP-binding protein FtsE","ftsE","CDS","","COG2884",4119.84356481642,0.613539197568201,0.0643828988780291,9.52953669778876,1.57986716020148e-21,3.69636688473586e-21,"Not significant","ftsE
(AENJPLPP_02531)","AENJPLPP_02531"
"AENJPLPP_02473","lhpI","Delta(1)-pyrroline-2-carboxylate reductase","lhpI","CDS","1.5.1.49","COG2423",86.1631128439868,-2.19286618286853,0.230162517152549,-9.52746872078709,1.61164917302399e-21,3.76761255890249e-21,"Down in serum","lhpI
(AENJPLPP_02473)","AENJPLPP_02473"
"AENJPLPP_02878","guaA_2","GMP synthase [glutamine-hydrolyzing]","guaA_2","CDS","6.3.5.2","",309.764669841803,-1.1363502481636,0.119668371328837,-9.49582780767545,2.18468574267024e-21,5.10300770420747e-21,"Not significant","guaA_2
(AENJPLPP_02878)","AENJPLPP_02878"
"AENJPLPP_00904",NA,"hypothetical protein","hypothetical protein","CDS","","",1666.16098848136,-0.717058744591554,0.0755658146758405,-9.48919491793434,2.32825442198375e-21,5.43387326350866e-21,"Not significant","hypothetical protein","AENJPLPP_00904"
"AENJPLPP_00864",NA,"hypothetical protein","hypothetical protein","CDS","","",531.311924058102,-0.946775054986092,0.100144907460577,-9.45405092474421,3.25965533508909e-21,7.6013873588445e-21,"Not significant","hypothetical protein","AENJPLPP_00864"
"AENJPLPP_02761",NA,"hypothetical protein","hypothetical protein","CDS","","",178.356011757589,1.40213926191145,0.148416311819665,9.447339343772,3.47552539024932e-21,8.09811718501713e-21,"Not significant","hypothetical protein","AENJPLPP_02761"
"AENJPLPP_01065","oatA","O-acetyltransferase OatA","oatA","CDS","2.3.1.-","",17150.5918927346,0.48012902030327,0.0508516589941247,9.44175725631181,3.66579206054379e-21,8.53442214095351e-21,"Not significant","oatA
(AENJPLPP_01065)","AENJPLPP_01065"
"AENJPLPP_02814",NA,"hypothetical protein","hypothetical protein","CDS","","",123.529000505515,-1.9002309413593,0.201472479979013,-9.43171465183356,4.03439106503348e-21,9.38484889491355e-21,"Not significant","hypothetical protein","AENJPLPP_02814"
"AENJPLPP_02238",NA,"hypothetical protein","hypothetical protein","CDS","","",1092.74105373342,0.812123017110995,0.0862076941268291,9.42053984086613,4.48774696016267e-21,1.04308798392615e-20,"Not significant","hypothetical protein","AENJPLPP_02238"
"AENJPLPP_01437",NA,"hypothetical protein","hypothetical protein","CDS","","",2552.04330904112,0.724082556353488,0.0768696183547486,9.4196195044431,4.52725610573378e-21,1.0514078782061e-20,"Not significant","hypothetical protein","AENJPLPP_01437"
"AENJPLPP_01383",NA,"hypothetical protein","hypothetical protein","CDS","","",591.058651175141,-0.89420159870752,0.0950628522721132,-9.40642508966497,5.13298361047439e-21,1.19110463944697e-20,"Not significant","hypothetical protein","AENJPLPP_01383"
"AENJPLPP_01099","yhaM","3'-5' exoribonuclease YhaM","yhaM","CDS","3.1.-.-","COG3481",3778.46767843687,0.585146252048687,0.0623637027115233,9.3828016395275,6.42425613633615e-21,1.4895224506116e-20,"Not significant","yhaM
(AENJPLPP_01099)","AENJPLPP_01099"
"AENJPLPP_00262","lepA","Elongation factor 4","lepA","CDS","3.6.5.-","",6043.43625131192,-0.524415945856697,0.0560061560514393,-9.36354113242557,7.71081137775603e-21,1.78635900248996e-20,"Not significant","lepA
(AENJPLPP_00262)","AENJPLPP_00262"
"AENJPLPP_00727",NA,"hypothetical protein","hypothetical protein","CDS","","",545.678111830388,-0.942639214808242,0.10072967450056,-9.35810841722713,8.11769245098868e-21,1.87908318305388e-20,"Not significant","hypothetical protein","AENJPLPP_00727"
"AENJPLPP_02589",NA,"hypothetical protein","hypothetical protein","CDS","","",860.238119512931,-0.922550217048133,0.0986235311974072,-9.35426065004238,8.41864346228321e-21,1.94715519948724e-20,"Not significant","hypothetical protein","AENJPLPP_02589"
"AENJPLPP_01416",NA,"hypothetical protein","hypothetical protein","CDS","","",77.7284727210676,-2.35105738188389,0.251553171969758,-9.34616472324403,9.08835966672941e-21,2.10033846665396e-20,"Down in serum","hypothetical protein","AENJPLPP_01416"
"AENJPLPP_00515","addA","ATP-dependent helicase/nuclease subunit A","addA","CDS","3.1.-.-","COG1074",10264.4476582521,0.507758915599804,0.0543356578178101,9.34485632441118,9.20143139806062e-21,2.12473509689312e-20,"Not significant","addA
(AENJPLPP_00515)","AENJPLPP_00515"
"AENJPLPP_00338",NA,"hypothetical protein","hypothetical protein","CDS","","",5551.91323475605,0.665696636323025,0.0713454477437618,9.3306112355463,1.05262096842951e-20,2.42866337540664e-20,"Not significant","hypothetical protein","AENJPLPP_00338"
"AENJPLPP_01221","fmt","Methionyl-tRNA formyltransferase","fmt","CDS","2.1.2.9","",3119.89405841191,-0.607078940028809,0.0650744916766182,-9.32898474329438,1.06889841385531e-20,2.46421124562247e-20,"Not significant","fmt
(AENJPLPP_01221)","AENJPLPP_01221"
"AENJPLPP_02599",NA,"hypothetical protein","hypothetical protein","CDS","","",394.05922594586,-1.12102940885752,0.120228204390797,-9.32417991716539,1.11845152727167e-20,2.57635172799519e-20,"Not significant","hypothetical protein","AENJPLPP_02599"
"AENJPLPP_01814",NA,"hypothetical protein","hypothetical protein","CDS","","",470.941477028307,-1.29623504646656,0.139357573412299,-9.3015041430978,1.38472670869275e-20,3.18712301813753e-20,"Not significant","hypothetical protein","AENJPLPP_01814"
"AENJPLPP_00711","mprF_1","Phosphatidylglycerol lysyltransferase","mprF_1","CDS","2.3.2.3","",2202.54801247584,-0.607896568580557,0.0653679437841099,-9.2996128283957,1.40958027794226e-20,3.2416911184846e-20,"Not significant","mprF_1
(AENJPLPP_00711)","AENJPLPP_00711"
"AENJPLPP_01612","alr","Alanine racemase","alr","CDS","5.1.1.1","COG0787",3222.29078156566,0.55602190940236,0.0598499789198969,9.29026073921495,1.53910820896651e-20,3.5367007626495e-20,"Not significant","alr
(AENJPLPP_01612)","AENJPLPP_01612"
"AENJPLPP_00945",NA,"hypothetical protein","hypothetical protein","CDS","","",44.5322410986624,4.94446275884843,0.533254152029182,9.2722442760799,1.82269653839032e-20,4.184958556515e-20,"Up in serum","hypothetical protein","AENJPLPP_00945"
"AENJPLPP_00393","sasA_1","Adaptive-response sensory-kinase SasA","sasA_1","CDS","2.7.-.-","",461.821291930623,0.92292395187457,0.0996393342224807,9.26264671554118,1.99426325791512e-20,4.57516959737254e-20,"Not significant","sasA_1
(AENJPLPP_00393)","AENJPLPP_00393"
"AENJPLPP_02178",NA,"hypothetical protein","hypothetical protein","CDS","","",41.7272792528398,4.18495407286541,0.452556624998349,9.24736009086306,2.30105491279914e-20,5.27472587703187e-20,"Up in serum","hypothetical protein","AENJPLPP_02178"
"AENJPLPP_01352","mntD","Manganese transport system membrane protein MntD","mntD","CDS","","COG1108",371.179201525793,1.03103326046514,0.111897810812004,9.21406105252004,3.14014440497832e-20,7.19235340654824e-20,"Not significant","mntD
(AENJPLPP_01352)","AENJPLPP_01352"
"AENJPLPP_02942",NA,"IS6 family transposase IS1216E","IS6 family transposase IS1216E","CDS","","",73.0519110890945,2.29884136457123,0.24950275294261,9.21369138199448,3.15098188360493e-20,7.21134172391719e-20,"Up in serum","IS6 family transposase IS1216E","AENJPLPP_02942"
"AENJPLPP_02614","eriC","Chloride/fluoride channel protein","eriC","CDS","","COG0038",397.587125736513,-1.06844090915991,0.115968865437329,-9.21317032059189,3.16632044548005e-20,7.24059223033443e-20,"Not significant","eriC
(AENJPLPP_02614)","AENJPLPP_02614"
"AENJPLPP_02113","recN","DNA repair protein RecN","recN","CDS","","COG0497",9893.41318845389,0.49922129967305,0.0542472915669452,9.2026953835469,3.49081387380926e-20,7.97618569552382e-20,"Not significant","recN
(AENJPLPP_02113)","AENJPLPP_02113"
"AENJPLPP_01296",NA,"hypothetical protein","hypothetical protein","CDS","","",144.660718658045,1.52645876833197,0.166024122362218,9.19419869000518,3.77799845574405e-20,8.62541421629952e-20,"Not significant","hypothetical protein","AENJPLPP_01296"
"AENJPLPP_00100","yqgN","putative protein YqgN","yqgN","CDS","","COG0212",485.141907347793,-0.910742997087449,0.0991390347810014,-9.1865227364709,4.05745391051293e-20,9.25596456137155e-20,"Not significant","yqgN
(AENJPLPP_00100)","AENJPLPP_00100"
"AENJPLPP_02893",NA,"hypothetical protein","hypothetical protein","CDS","","",112.999706559347,1.79571472343556,0.195490498195615,9.18568800023568,4.08904918345207e-20,9.32052998257069e-20,"Not significant","hypothetical protein","AENJPLPP_02893"
"AENJPLPP_02377",NA,"Phosphorylated carbohydrates phosphatase","Phosphorylated carbohydrates phosphatase","CDS","3.1.3.-","COG0637",1233.0917065155,0.698659961915164,0.0760644409738107,9.18510611490218,4.11121763681757e-20,9.36352142383792e-20,"Not significant","Phosphorylated carbohydrates phosphatase","AENJPLPP_02377"
"AENJPLPP_00028",NA,"hypothetical protein","hypothetical protein","CDS","","",190.427477613359,1.32223856578878,0.144083635269021,9.17688232476929,4.43752799950555e-20,1.00985866290999e-19,"Not significant","hypothetical protein","AENJPLPP_00028"
"AENJPLPP_02853","agaS","D-galactosamine-6-phosphate deaminase AgaS","agaS","CDS","3.5.99.-","COG2222",1538.41462587326,0.621505282007572,0.0677294596974256,9.17629174636978,4.46192314168935e-20,1.01459473205804e-19,"Not significant","agaS
(AENJPLPP_02853)","AENJPLPP_02853"
"AENJPLPP_01123",NA,"Putative multidrug export ATP-binding/permease protein","Putative multidrug export ATP-binding/permease protein","CDS","3.6.3.-","COG1132",236.53287463557,-1.21688020668927,0.132812528081535,-9.16239020721155,5.07603184447108e-20,1.15331028504796e-19,"Not significant","Putative multidrug export ATP-binding/permease protein","AENJPLPP_01123"
"AENJPLPP_00634","opuCA_1","Carnitine transport ATP-binding protein OpuCA","opuCA_1","CDS","7.6.2.9","COG1125",1263.91852977126,0.670230451304372,0.0733425709834388,9.13835501424832,6.34094741972261e-20,1.4395526980942e-19,"Not significant","opuCA_1
(AENJPLPP_00634)","AENJPLPP_00634"
"AENJPLPP_02416","xerC_10","Tyrosine recombinase XerC","xerC_10","CDS","","",1836.58935749367,0.612883798784756,0.0670960146633172,9.1344292482968,6.5752689792674e-20,1.49155340387067e-19,"Not significant","xerC_10
(AENJPLPP_02416)","AENJPLPP_02416"
"AENJPLPP_01102","ywpJ_1","Phosphatase YwpJ","ywpJ_1","CDS","3.1.3.-","COG0561",333.597054581604,-1.03575029659028,0.113519815911922,-9.12396032595665,7.24280867724169e-20,1.64166464093444e-19,"Not significant","ywpJ_1
(AENJPLPP_01102)","AENJPLPP_01102"
"AENJPLPP_00908","map","Methionine aminopeptidase 1","map","CDS","3.4.11.18","COG0024",6658.27026142562,-0.576386128266083,0.0632032387547835,-9.11956633270569,7.54255363086705e-20,1.70823754631877e-19,"Not significant","map
(AENJPLPP_00908)","AENJPLPP_00908"
"AENJPLPP_02602","wbgU_2","UDP-N-acetylglucosamine 4-epimerase","wbgU_2","CDS","5.1.3.7","",532.699521005003,-0.891226618496124,0.0977860763928752,-9.11404416018741,7.93669799389857e-20,1.79606650845139e-19,"Not significant","wbgU_2
(AENJPLPP_02602)","AENJPLPP_02602"
"AENJPLPP_02542",NA,"hypothetical protein","hypothetical protein","CDS","","",9388.2328112436,0.521015474352382,0.0572049387029863,9.10787575627946,8.4010695311023e-20,1.89963481170532e-19,"Not significant","hypothetical protein","AENJPLPP_02542"
"AENJPLPP_00673","ettA","Energy-dependent translational throttle protein EttA","ettA","CDS","","COG0488",3871.02491842771,-0.553773298399964,0.0609640492272571,-9.0836042785749,1.05037632455156e-19,2.37319662793731e-19,"Not significant","ettA
(AENJPLPP_00673)","AENJPLPP_00673"
"AENJPLPP_01351","ssaB_1","Manganese ABC transporter substrate-binding lipoprotein","ssaB_1","CDS","","COG0803",673.117442668267,0.783129036081174,0.086393421544877,9.06468365388653,1.2496634463278e-19,2.82120990155821e-19,"Not significant","ssaB_1
(AENJPLPP_01351)","AENJPLPP_01351"
"AENJPLPP_00965",NA,"hypothetical protein","hypothetical protein","CDS","","",42.0731647270613,4.86136233912727,0.536512163902891,9.06104775661187,1.29203421189336e-19,2.9145409194184e-19,"Up in serum","hypothetical protein","AENJPLPP_00965"
"AENJPLPP_00228","gph_1","Phosphoglycolate phosphatase","gph_1","CDS","3.1.3.18","COG0546",761.595696665605,-0.809516869871336,0.0893510177470038,-9.05996249716453,1.30495415244433e-19,2.94134172417986e-19,"Not significant","gph_1
(AENJPLPP_00228)","AENJPLPP_00228"
"AENJPLPP_02148","xerC_9","Tyrosine recombinase XerC","xerC_9","CDS","","",760.629899339038,0.782125849769998,0.0864601227278459,9.04608766554643,1.48182497806663e-19,3.33734806118268e-19,"Not significant","xerC_9
(AENJPLPP_02148)","AENJPLPP_02148"
"AENJPLPP_01811",NA,"hypothetical protein","hypothetical protein","CDS","","",873.768950556635,-1.02416699212032,0.113246945859548,-9.04366103957025,1.51510545742914e-19,3.4095894673942e-19,"Not significant","hypothetical protein","AENJPLPP_01811"
"AENJPLPP_01759",NA,"hypothetical protein","hypothetical protein","CDS","","",1155.98857613649,-0.695981002354771,0.0771034117109155,-9.02659152054411,1.7710203758037e-19,3.98233414130284e-19,"Not significant","hypothetical protein","AENJPLPP_01759"
"AENJPLPP_01943",NA,"hypothetical protein","hypothetical protein","CDS","","",180.619340424438,1.35378662921709,0.150100863858291,9.01917946651653,1.89503329689575e-19,4.25780893929513e-19,"Not significant","hypothetical protein","AENJPLPP_01943"
"AENJPLPP_02145","eis_2","N-acetyltransferase Eis","eis_2","CDS","2.3.1.-","",408.214395282188,0.988831595552629,0.10970982631707,9.01315432488996,2.00213245316028e-19,4.49487468270956e-19,"Not significant","eis_2
(AENJPLPP_02145)","AENJPLPP_02145"
"AENJPLPP_02263",NA,"hypothetical protein","hypothetical protein","CDS","","",2913.99126927074,0.617319644824095,0.0685172216976989,9.00970047425065,2.06620033191943e-19,4.63503418356886e-19,"Not significant","hypothetical protein","AENJPLPP_02263"
"AENJPLPP_01579","cycA","D-serine/D-alanine/glycine transporter","cycA","CDS","","COG1113",1618.47520721738,0.814644138829125,0.0906232000848181,8.98935524310182,2.48684999087105e-19,5.57424570400311e-19,"Not significant","cycA
(AENJPLPP_01579)","AENJPLPP_01579"
"AENJPLPP_02432",NA,"hypothetical protein","hypothetical protein","CDS","","",201.032718976878,-1.25878388240525,0.140705462819728,-8.94623319648934,3.67819549632622e-19,8.23811032444584e-19,"Not significant","hypothetical protein","AENJPLPP_02432"
"AENJPLPP_00620",NA,"hypothetical protein","hypothetical protein","CDS","","",334.659117171765,-1.04773415762307,0.117140244329165,-8.94427157483927,3.74410874512217e-19,8.37910818770029e-19,"Not significant","hypothetical protein","AENJPLPP_00620"
"AENJPLPP_03137",NA,"hypothetical protein","hypothetical protein","CDS","","",232.765889776789,1.18705438275995,0.132824628299896,8.93700511685061,3.99859861148884e-19,8.94157398825033e-19,"Not significant","hypothetical protein","AENJPLPP_03137"
"AENJPLPP_01602",NA,"hypothetical protein","hypothetical protein","CDS","","",411.41897175183,-1.05221374605151,0.11777559587537,-8.93405580528724,4.10670041996895e-19,9.17606068581854e-19,"Not significant","hypothetical protein","AENJPLPP_01602"
"AENJPLPP_00354","ohrA","Organic hydroperoxide resistance protein OhrA","ohrA","CDS","","COG1764",187.796365427781,1.36430959786914,0.152755581716856,8.93132403107855,4.20940190926881e-19,9.39812050878549e-19,"Not significant","ohrA
(AENJPLPP_00354)","AENJPLPP_00354"
"AENJPLPP_01014","sapB","Protein SapB","sapB","CDS","","COG1285",557.423949970455,0.828814001804645,0.0928957447027919,8.92198027429922,4.58023820035037e-19,1.02180097282836e-18,"Not significant","sapB
(AENJPLPP_01014)","AENJPLPP_01014"
"AENJPLPP_00105",NA,"hypothetical protein","hypothetical protein","CDS","","",257.474090392033,1.14335201636168,0.12815882696786,8.92136767644119,4.60564830207619e-19,1.02666065694313e-18,"Not significant","hypothetical protein","AENJPLPP_00105"
"AENJPLPP_00440","carA","Carbamoyl-phosphate synthase small chain","carA","CDS","6.3.5.5","",2101.17735699019,1.77712346634509,0.199497698691216,8.90798980641748,5.19661745424272e-19,1.15748418670033e-18,"Not significant","carA
(AENJPLPP_00440)","AENJPLPP_00440"
"AENJPLPP_01140",NA,"hypothetical protein","hypothetical protein","CDS","","",158.80322143011,1.39748516819003,0.156884518395953,8.90773151155037,5.20873532664942e-19,1.15927120359627e-18,"Not significant","hypothetical protein","AENJPLPP_01140"
"AENJPLPP_01553","yohK","Inner membrane protein YohK","yohK","CDS","","COG1346",407.835062903325,-1.01583527162647,0.11449031224335,-8.87267447980492,7.14098377764226e-19,1.5880695266697e-18,"Not significant","yohK
(AENJPLPP_01553)","AENJPLPP_01553"
"AENJPLPP_01251","sigH","RNA polymerase sigma-H factor","sigH","CDS","","COG1595",48.3227428099396,-3.06207070931609,0.345457793128661,-8.86380556531739,7.73285657124624e-19,1.71834512976437e-18,"Down in serum","sigH
(AENJPLPP_01251)","AENJPLPP_01251"
"AENJPLPP_02106","nusB","Transcription antitermination protein NusB","nusB","CDS","","COG0781",4586.46729764954,0.724323223990567,0.0817369767475059,8.86163463358912,7.88496495307546e-19,1.75077143389464e-18,"Not significant","nusB
(AENJPLPP_02106)","AENJPLPP_02106"
"AENJPLPP_00013","ybaK_1","Cys-tRNA(Pro)/Cys-tRNA(Cys) deacylase YbaK","ybaK_1","CDS","4.2.-.-","COG2606",829.920756612219,0.734469090804871,0.0829708445848273,8.85213468032098,8.58610004559658e-19,1.9049568361351e-18,"Not significant","ybaK_1
(AENJPLPP_00013)","AENJPLPP_00013"
"AENJPLPP_00280",NA,"hypothetical protein","hypothetical protein","CDS","","",113.352769612936,1.63424265409557,0.185447939355356,8.81240665049411,1.22487371113079e-18,2.71544046688431e-18,"Not significant","hypothetical protein","AENJPLPP_00280"
"AENJPLPP_01141","murE","UDP-N-acetylmuramoyl-L-alanyl-D-glutamate--L-lysine ligase","murE","CDS","6.3.2.7","COG0769",3168.96104025995,-0.608548639387426,0.0690927460539711,-8.80770665725263,1.27732174184275e-18,2.82949753611645e-18,"Not significant","murE
(AENJPLPP_01141)","AENJPLPP_01141"
"AENJPLPP_00342",NA,"hypothetical protein","hypothetical protein","CDS","","",753.957415069084,0.745264862311901,0.0847099709719477,8.79784107774869,1.39473366865384e-18,3.0871704581384e-18,"Not significant","hypothetical protein","AENJPLPP_00342"
"AENJPLPP_02195",NA,"hypothetical protein","hypothetical protein","CDS","","",45.3123428287171,2.97040922942795,0.338135578971329,8.78466926924545,1.56825261486885e-18,3.46853371304196e-18,"Up in serum","hypothetical protein","AENJPLPP_02195"
"AENJPLPP_02387",NA,"hypothetical protein","hypothetical protein","CDS","","",1000.83697942281,-0.756872545637175,0.086199093480358,-8.78051630333725,1.62725924209718e-18,3.59623022199619e-18,"Not significant","hypothetical protein","AENJPLPP_02387"
"AENJPLPP_02841","rpiR","HTH-type transcriptional regulator RpiR","rpiR","CDS","","COG1737",418.707967984591,-0.893865570666367,0.101867335482439,-8.77480073895187,1.71206744932826e-18,3.78070432843081e-18,"Not significant","rpiR
(AENJPLPP_02841)","AENJPLPP_02841"
"AENJPLPP_02577","ybeY","Endoribonuclease YbeY","ybeY","CDS","3.1.-.-","COG0319",1576.91650194261,0.585481043172491,0.0667543287752127,8.77068279937364,1.77586072917695e-18,3.91852043982848e-18,"Not significant","ybeY
(AENJPLPP_02577)","AENJPLPP_02577"
"AENJPLPP_00466","rlmL","Ribosomal RNA large subunit methyltransferase L","rlmL","CDS","2.1.1.173","COG0116",6717.61302381644,-0.482024385092695,0.0550007581085914,-8.76395892836612,1.88510536110508e-18,4.15633432810629e-18,"Not significant","rlmL
(AENJPLPP_00466)","AENJPLPP_00466"
"AENJPLPP_03124","soj_3","Sporulation initiation inhibitor protein Soj","soj_3","CDS","3.6.-.-","COG1192",1026.29048537722,0.725241324673826,0.082852798458423,8.75337149942817,2.07071636488662e-18,4.56202181244671e-18,"Not significant","soj_3
(AENJPLPP_03124)","AENJPLPP_03124"
"AENJPLPP_00541","dinG_1","3'-5' exonuclease DinG","dinG_1","CDS","3.1.-.-","",2707.49477427184,0.530971952373914,0.0609228837096521,8.71547635375295,2.89538635511594e-18,6.37390262156549e-18,"Not significant","dinG_1
(AENJPLPP_00541)","AENJPLPP_00541"
"AENJPLPP_02470","ntpD","V-type sodium ATPase subunit D","ntpD","CDS","","",6513.90457993448,0.571484470971219,0.0656127654688157,8.7099586016205,3.03985795987723e-18,6.68674272293119e-18,"Not significant","ntpD
(AENJPLPP_02470)","AENJPLPP_02470"
"AENJPLPP_02102",NA,"hypothetical protein","hypothetical protein","CDS","","",560.699233520869,0.861197727305314,0.0988868510638159,8.70892052927791,3.06782258677986e-18,6.7430168813461e-18,"Not significant","hypothetical protein","AENJPLPP_02102"
"AENJPLPP_00053",NA,"hypothetical protein","hypothetical protein","CDS","","",156.610117112941,1.42486585839026,0.163974583123829,8.68955316882395,3.63867771730004e-18,7.99154120843788e-18,"Not significant","hypothetical protein","AENJPLPP_00053"
"AENJPLPP_01469","deoD","Purine nucleoside phosphorylase DeoD-type","deoD","CDS","2.4.2.1","COG0813",7613.52860863392,0.533512141851156,0.0614194677144791,8.68636869878613,3.7420901382522e-18,8.21229238867595e-18,"Not significant","deoD
(AENJPLPP_01469)","AENJPLPP_01469"
"AENJPLPP_02291",NA,"hypothetical protein","hypothetical protein","CDS","","",331.662796656592,1.04241917282617,0.120223487823975,8.67067818189093,4.29554184419696e-18,9.41958091473401e-18,"Not significant","hypothetical protein","AENJPLPP_02291"
"AENJPLPP_02770",NA,"hypothetical protein","hypothetical protein","CDS","","",99.497852746025,1.74088519006493,0.201424202191203,8.64287990780963,5.48135260489308e-18,1.20106108548393e-17,"Not significant","hypothetical protein","AENJPLPP_02770"
"AENJPLPP_03056",NA,"IS6 family transposase IS1216E","IS6 family transposase IS1216E","CDS","","",64.6287798710753,2.2021975054194,0.254991597831998,8.6363532137648,5.80358867419383e-18,1.27068519231576e-17,"Up in serum","IS6 family transposase IS1216E","AENJPLPP_03056"
"AENJPLPP_00761",NA,"hypothetical protein","hypothetical protein","CDS","","",138.777580798725,1.44403095741931,0.167344864914773,8.62907241375309,6.18515252202609e-18,1.35318135933971e-17,"Not significant","hypothetical protein","AENJPLPP_00761"
"AENJPLPP_02118","rsmH","Ribosomal RNA small subunit methyltransferase H","rsmH","CDS","2.1.1.199","",7962.50084528442,0.55114751243059,0.0639844042870441,8.61377891334357,7.06909547523369e-18,1.54537523477889e-17,"Not significant","rsmH
(AENJPLPP_02118)","AENJPLPP_02118"
"AENJPLPP_02370","ezrA","Septation ring formation regulator EzrA","ezrA","CDS","","COG4477",26149.9578262571,-0.461501844909266,0.0536110425186348,-8.60833558214897,7.41289832866961e-18,1.61928357781355e-17,"Not significant","ezrA
(AENJPLPP_02370)","AENJPLPP_02370"
"AENJPLPP_02764",NA,"hypothetical protein","hypothetical protein","CDS","","",278.131184262897,1.08115985303643,0.125699814631493,8.60112527775806,7.89382596729187e-18,1.72300858237496e-17,"Not significant","hypothetical protein","AENJPLPP_02764"
"AENJPLPP_00890","wbbD_2","UDP-Gal:alpha-D-GlcNAc-diphosphoundecaprenol beta-1,3-galactosyltransferase","wbbD_2","CDS","2.4.1.303","COG0463",334.415055497102,-0.993273095991307,0.115578732094146,-8.59390891381492,8.40596679679191e-18,1.83338151014776e-17,"Not significant","wbbD_2
(AENJPLPP_00890)","AENJPLPP_00890"
"AENJPLPP_02410",NA,"hypothetical protein","hypothetical protein","CDS","","",681.30001086002,0.736195073265005,0.0856693469463859,8.59344794265485,8.43977375700842e-18,1.83933791424872e-17,"Not significant","hypothetical protein","AENJPLPP_02410"
"AENJPLPP_02198",NA,"hypothetical protein","hypothetical protein","CDS","","",158.134328249091,1.3827865822421,0.160962825021499,8.59072013713361,8.64259119874182e-18,1.88209043720293e-17,"Not significant","hypothetical protein","AENJPLPP_02198"
"AENJPLPP_00175",NA,"hypothetical protein","hypothetical protein","CDS","","",77.426496411361,1.99344416049178,0.232106377907932,8.58849368319603,8.8116915064522e-18,1.91744032703814e-17,"Not significant","hypothetical protein","AENJPLPP_00175"
"AENJPLPP_01934",NA,"hypothetical protein","hypothetical protein","CDS","","",1662.69810452468,-0.613840272729489,0.0714909632866729,-8.58626383684382,8.98432159530264e-18,1.9535034129264e-17,"Not significant","hypothetical protein","AENJPLPP_01934"
"AENJPLPP_00343",NA,"hypothetical protein","hypothetical protein","CDS","","",209.447946091232,-1.21075706085927,0.141208322824365,-8.57426132286276,9.9724763746789e-18,2.16669843566508e-17,"Not significant","hypothetical protein","AENJPLPP_00343"
"AENJPLPP_02338",NA,"hypothetical protein","hypothetical protein","CDS","","",87.8594634282941,-1.99810487740744,0.233558046610547,-8.55506760055769,1.17799679052557e-17,2.55744548617937e-17,"Not significant","hypothetical protein","AENJPLPP_02338"
"AENJPLPP_01564",NA,"hypothetical protein","hypothetical protein","CDS","","",445.385831713484,-0.848059492706784,0.0991976424239727,-8.54919000072764,1.23955320355656e-17,2.68902307989933e-17,"Not significant","hypothetical protein","AENJPLPP_01564"
"AENJPLPP_01908","topB_2","DNA topoisomerase 3","topB_2","CDS","5.6.2.1","COG0550",6744.40246987639,0.493593792266888,0.0578537934913354,8.53174463556676,1.44156989086274e-17,3.1248731707752e-17,"Not significant","topB_2
(AENJPLPP_01908)","AENJPLPP_01908"
"AENJPLPP_02543",NA,"hypothetical protein","hypothetical protein","CDS","","",1921.60866739525,0.611569986771025,0.0717211459301098,8.52705264033264,1.50123565527969e-17,3.25172007658515e-17,"Not significant","hypothetical protein","AENJPLPP_02543"
"AENJPLPP_02501","est","Carboxylesterase","est","CDS","3.1.1.1","",951.367883250589,0.680319145755228,0.0798314062817834,8.52194865957747,1.5689093892224e-17,3.3957052606182e-17,"Not significant","est
(AENJPLPP_02501)","AENJPLPP_02501"
"AENJPLPP_02558","mntH","Divalent metal cation transporter MntH","mntH","CDS","","",3433.69998734285,-0.69395202792711,0.0816164381754482,-8.50260123377774,1.85388867042644e-17,4.00944142549829e-17,"Not significant","mntH
(AENJPLPP_02558)","AENJPLPP_02558"
"AENJPLPP_02622","dinG_2","3'-5' exonuclease DinG","dinG_2","CDS","3.1.-.-","",2597.81446220235,-0.522269558188595,0.0614376028649419,-8.50081275691532,1.88267838393494e-17,4.06859733199985e-17,"Not significant","dinG_2
(AENJPLPP_02622)","AENJPLPP_02622"
"AENJPLPP_03136",NA,"hypothetical protein","hypothetical protein","CDS","","",164.947270071916,1.44143484878139,0.169568421098435,8.50060901342373,1.88598597154315e-17,4.07263637333231e-17,"Not significant","hypothetical protein","AENJPLPP_03136"
"AENJPLPP_02129",NA,"hypothetical protein","hypothetical protein","CDS","","",17013.2005197652,0.483663953492628,0.0569268674671011,8.49623341337279,1.95841985186667e-17,4.22582820170316e-17,"Not significant","hypothetical protein","AENJPLPP_02129"
"AENJPLPP_03018",NA,"hypothetical protein","hypothetical protein","CDS","","",64.5257704249612,2.24468512746584,0.264470022262528,8.48748417027635,2.11158494116355e-17,4.55285374595127e-17,"Up in serum","hypothetical protein","AENJPLPP_03018"
"AENJPLPP_02798","topB_3","DNA topoisomerase 3","topB_3","CDS","5.6.2.1","COG0550",173.178825170853,1.31354882739323,0.154968015843917,8.47625763445429,2.32553465209308e-17,5.01034140036188e-17,"Not significant","topB_3
(AENJPLPP_02798)","AENJPLPP_02798"
"AENJPLPP_00615","agaA_1","N-acetylgalactosamine-6-phosphate deacetylase","agaA_1","CDS","3.5.1.-","COG1820",6518.0484882662,-0.472731728128838,0.0559583367247672,-8.44792314778732,2.96530464614897e-17,6.38386118117698e-17,"Not significant","agaA_1
(AENJPLPP_00615)","AENJPLPP_00615"
"AENJPLPP_01210",NA,"hypothetical protein","hypothetical protein","CDS","","",228.425022118668,-1.12133890743085,0.132755121252375,-8.44667156229036,2.9972540864695e-17,6.4477403638261e-17,"Not significant","hypothetical protein","AENJPLPP_01210"
"AENJPLPP_02144",NA,"hypothetical protein","hypothetical protein","CDS","","",34.9031589721301,3.90900251037949,0.463642255005229,8.43107475252746,3.42504865936333e-17,7.36242426321761e-17,"Up in serum","hypothetical protein","AENJPLPP_02144"
"AENJPLPP_01956","bglF_2","PTS system beta-glucoside-specific EIIBCA component","bglF_2","CDS","","COG1263",213.167599568817,1.15515548952665,0.137081688847727,8.42676727458344,3.5534559568039e-17,7.6326508450014e-17,"Not significant","bglF_2
(AENJPLPP_01956)","AENJPLPP_01956"
"AENJPLPP_01804","yecD","Isochorismatase family protein YecD","yecD","CDS","3.-.-.-","COG1335",388.15033239473,-0.946459015370654,0.112832498478968,-8.38817741456885,4.93736723992555e-17,1.05971847279979e-16,"Not significant","yecD
(AENJPLPP_01804)","AENJPLPP_01804"
"AENJPLPP_02280",NA,"hypothetical protein","hypothetical protein","CDS","","",93.667931938479,-1.82100804129195,0.217228568887741,-8.38291229655437,5.16339494725844e-17,1.10739174967338e-16,"Not significant","hypothetical protein","AENJPLPP_02280"
"AENJPLPP_02037","gmuE_3","Putative fructokinase","gmuE_3","CDS","2.7.1.4","COG1940",143.137537552336,-1.50347062247189,0.179483492137802,-8.37665127062254,5.44548912409081e-17,1.16700830509471e-16,"Not significant","gmuE_3
(AENJPLPP_02037)","AENJPLPP_02037"
"AENJPLPP_02339",NA,"hypothetical protein","hypothetical protein","CDS","","",59.1001523713417,-2.33442909683421,0.279641705594723,-8.34792897529182,6.94703273356262e-17,1.48767395376065e-16,"Down in serum","hypothetical protein","AENJPLPP_02339"
"AENJPLPP_00801","gltC_1","HTH-type transcriptional regulator GltC","gltC_1","CDS","","",328.337544903298,0.961576670032613,0.115656429492249,8.31407881303354,9.24676882877681e-17,1.97865476600659e-16,"Not significant","gltC_1
(AENJPLPP_00801)","AENJPLPP_00801"
"AENJPLPP_02372","thiI_1","putative tRNA sulfurtransferase","thiI_1","CDS","2.8.1.4","COG0301",529.590042385917,-0.817879241472522,0.0983776665219847,-8.3136678312018,9.27886396917107e-17,1.98402295292472e-16,"Not significant","thiI_1
(AENJPLPP_02372)","AENJPLPP_02372"
"AENJPLPP_02892",NA,"hypothetical protein","hypothetical protein","CDS","","",95.0634663308267,1.71800024561877,0.206798547702345,8.30760304995746,9.76545660806468e-17,2.08649114395706e-16,"Not significant","hypothetical protein","AENJPLPP_02892"
"AENJPLPP_02950",NA,"IS6 family transposase IS1216V","IS6 family transposase IS1216V","CDS","","",113.521764811761,1.52232977913467,0.183374746794889,8.30174168331612,1.02596089004025e-16,2.19041876297432e-16,"Not significant","IS6 family transposase IS1216V","AENJPLPP_02950"
"AENJPLPP_01129",NA,"hypothetical protein","hypothetical protein","CDS","","",125.030414338779,-1.5128285250662,0.182405958717157,-8.29374509311961,1.09737485737002e-16,2.34112149300266e-16,"Not significant","hypothetical protein","AENJPLPP_01129"
"AENJPLPP_01382","hepT","Heptaprenyl diphosphate synthase component 2","hepT","CDS","2.5.1.30","COG0142",1609.41644500863,-0.609828783186358,0.0735400903803764,-8.29246714318815,1.10923314951237e-16,2.36463783604633e-16,"Not significant","hepT
(AENJPLPP_01382)","AENJPLPP_01382"
"AENJPLPP_01634",NA,"IS30 family transposase IS1252","IS30 family transposase IS1252","CDS","","COG2826",133.477292928746,1.48216697096423,0.179170029713273,8.27240456083057,1.31283945364565e-16,2.79657523948144e-16,"Not significant","IS30 family transposase IS1252","AENJPLPP_01634"
"AENJPLPP_00648","parC","DNA topoisomerase 4 subunit A","parC","CDS","5.6.2.2","COG0188",14942.34492822,-0.490472777559574,0.0593109789922681,-8.26951073634297,1.3450986261908e-16,2.86313850432042e-16,"Not significant","parC
(AENJPLPP_00648)","AENJPLPP_00648"
"AENJPLPP_01923","iscU","Iron-sulfur cluster assembly scaffold protein IscU","iscU","CDS","","COG0822",1982.81157297567,0.570437745520697,0.0690361728933389,8.26288193005753,1.42196874554269e-16,3.0244879929612e-16,"Not significant","iscU
(AENJPLPP_01923)","AENJPLPP_01923"
"AENJPLPP_02774",NA,"hypothetical protein","hypothetical protein","CDS","","",75.265234816685,1.93529886045026,0.234339650748372,8.25852071670249,1.47488870410625e-16,3.13469213312672e-16,"Not significant","hypothetical protein","AENJPLPP_02774"
"AENJPLPP_02088",NA,"hypothetical protein","hypothetical protein","CDS","","",129.494252646509,-1.47220534224893,0.178723868789311,-8.23731800470615,1.76113927082505e-16,3.74027402528561e-16,"Not significant","hypothetical protein","AENJPLPP_02088"
"AENJPLPP_01531","rnc","Ribonuclease 3","rnc","CDS","3.1.26.3","COG0571",2373.22596174284,-0.522152566601001,0.0634178364269467,-8.23352854685427,1.81778036759457e-16,3.85767332883075e-16,"Not significant","rnc
(AENJPLPP_01531)","AENJPLPP_01531"
"AENJPLPP_00865","ghrB_1","Glyoxylate/hydroxypyruvate reductase B","ghrB_1","CDS","1.1.1.79","COG1052",746.645614361786,0.763415472815639,0.0928307286189307,8.22373673214882,1.97258840350674e-16,4.18306949088209e-16,"Not significant","ghrB_1
(AENJPLPP_00865)","AENJPLPP_00865"
"AENJPLPP_01667",NA,"hypothetical protein","hypothetical protein","CDS","","",2957.17769476736,-0.571325465419305,0.0695067298673048,-8.21971435730068,2.03988448771348e-16,4.32253965921921e-16,"Not significant","hypothetical protein","AENJPLPP_01667"
"AENJPLPP_01586","nadR","Transcription repressor NadR","nadR","CDS","","COG1827",1986.30099640128,0.547750187545232,0.0666472015291915,8.21865247118166,2.05802471453005e-16,4.35771725268105e-16,"Not significant","nadR
(AENJPLPP_01586)","AENJPLPP_01586"
"AENJPLPP_01974",NA,"hypothetical protein","hypothetical protein","CDS","","",1160.86053326201,-0.618859894177237,0.0753742278215329,-8.21049730210889,2.20274257161394e-16,4.66066085219661e-16,"Not significant","hypothetical protein","AENJPLPP_01974"
"AENJPLPP_00165","yvcJ","Nucleotide-binding protein YvcJ","yvcJ","CDS","","COG1660",3104.40303723343,0.532667237062913,0.0649007211164243,8.20741631063498,2.25998880915231e-16,4.77821383025406e-16,"Not significant","yvcJ
(AENJPLPP_00165)","AENJPLPP_00165"
"AENJPLPP_02877",NA,"ISL3 family transposase IS1476","ISL3 family transposase IS1476","CDS","","",125.313057979083,-1.46484590709141,0.178623835648091,-8.20073033241384,2.3893096730164e-16,5.04786245097718e-16,"Not significant","ISL3 family transposase IS1476","AENJPLPP_02877"
"AENJPLPP_01124",NA,"hypothetical protein","hypothetical protein","CDS","","",6462.61876125977,-0.683592064740923,0.0833699143802272,-8.19950541898422,2.41378040671589e-16,5.09575863640021e-16,"Not significant","hypothetical protein","AENJPLPP_01124"
"AENJPLPP_00566","cysQ","3'(2'),5'-bisphosphate nucleotidase CysQ","cysQ","CDS","3.1.3.7","",1060.91930752612,-0.694387313743331,0.0847979242119027,-8.18873009212015,2.63996833132412e-16,5.56911352159358e-16,"Not significant","cysQ
(AENJPLPP_00566)","AENJPLPP_00566"
"AENJPLPP_00852",NA,"Acetyltransferase","Acetyltransferase","CDS","2.3.1.-","",520.772808512628,-0.838983393610757,0.102538770222706,-8.18210898949297,2.78918599617729e-16,5.87951269931341e-16,"Not significant","Acetyltransferase","AENJPLPP_00852"
"AENJPLPP_00239",NA,"hypothetical protein","hypothetical protein","CDS","","",2982.38512272715,0.557613970265221,0.0683521083311408,8.1579629930914,3.40721869039479e-16,7.17696139323485e-16,"Not significant","hypothetical protein","AENJPLPP_00239"
"AENJPLPP_00050",NA,"hypothetical protein","hypothetical protein","CDS","","",87.1842427750595,1.77659785640265,0.218249080664342,8.14023065295283,3.94525578021464e-16,8.30410343032538e-16,"Not significant","hypothetical protein","AENJPLPP_00050"
"AENJPLPP_02060","larR","Lactate racemization regulatory protein","larR","CDS","","COG0664",487.360849963323,-0.787709388369201,0.0968491781633618,-8.13336161759184,4.17546679368497e-16,8.78212963812939e-16,"Not significant","larR
(AENJPLPP_02060)","AENJPLPP_02060"
"AENJPLPP_02632",NA,"hypothetical protein","hypothetical protein","CDS","","",67.7431262179911,1.97833695080116,0.243347192709226,8.12968881529307,4.30393873235698e-16,9.04562030534716e-16,"Not significant","hypothetical protein","AENJPLPP_02632"
"AENJPLPP_01443",NA,"hypothetical protein","hypothetical protein","CDS","","",203.459201038111,-1.22484389338914,0.151021314369312,-8.11040414066238,5.04516760856849e-16,1.0595600519182e-15,"Not significant","hypothetical protein","AENJPLPP_01443"
"AENJPLPP_00472",NA,"hypothetical protein","hypothetical protein","CDS","","",64.5682846669486,-2.09304125156221,0.258751686762042,-8.08899558396714,6.0158752377312e-16,1.26248649355204e-15,"Down in serum","hypothetical protein","AENJPLPP_00472"
"AENJPLPP_01760","tyrS1","Tyrosine--tRNA ligase 1","tyrS1","CDS","6.1.1.1","COG0162",9199.49174929122,-0.460718127140169,0.0569638849256697,-8.08789863509738,6.07028902773531e-16,1.27296209166805e-15,"Not significant","tyrS1
(AENJPLPP_01760)","AENJPLPP_01760"
"AENJPLPP_01015","nagB","Glucosamine-6-phosphate deaminase","nagB","CDS","3.5.99.6","COG0363",666.768135464798,-0.767525792612071,0.0949103561514252,-8.08684977841109,6.12277064747665e-16,1.28301729852009e-15,"Not significant","nagB
(AENJPLPP_01015)","AENJPLPP_01015"
"AENJPLPP_00422",NA,"hypothetical protein","hypothetical protein","CDS","","",2248.47377678422,0.668238382827834,0.0826428696842038,8.08585647353869,6.17288471225777e-16,1.29256188020723e-15,"Not significant","hypothetical protein","AENJPLPP_00422"
"AENJPLPP_01025","sdhA","L-serine dehydratase, alpha chain","sdhA","CDS","4.3.1.17","",1697.68175521406,0.569296036004833,0.0704468633224669,8.08121198241161,6.41262278714824e-16,1.3417690399421e-15,"Not significant","sdhA
(AENJPLPP_01025)","AENJPLPP_01025"
"AENJPLPP_00468",NA,"hypothetical protein","hypothetical protein","CDS","","",633.980835266382,-0.756569108979341,0.0938369412882883,-8.06259345831606,7.46926013814358e-16,1.56170424306385e-15,"Not significant","hypothetical protein","AENJPLPP_00468"
"AENJPLPP_00549","yqeN","putative protein YqeN","yqeN","CDS","","COG1466",1540.87193949405,0.563362766797605,0.0698757098343053,8.06235483165029,7.48385939462677e-16,1.56360191484785e-15,"Not significant","yqeN
(AENJPLPP_00549)","AENJPLPP_00549"
"AENJPLPP_01332",NA,"ISL3 family transposase IS1251","ISL3 family transposase IS1251","CDS","","",99.5090637134423,-1.64992186198178,0.204757673217326,-8.05792445311969,7.76007505778969e-16,1.62011596523618e-15,"Not significant","ISL3 family transposase IS1251","AENJPLPP_01332"
"AENJPLPP_01232","prs","Ribose-phosphate pyrophosphokinase","prs","CDS","2.7.6.1","COG0462",7442.44419895669,-0.490622316743291,0.0609186637049847,-8.0537274934208,8.03099174781926e-16,1.67544124083097e-15,"Not significant","prs
(AENJPLPP_01232)","AENJPLPP_01232"
"AENJPLPP_00702","cvfB","Conserved virulence factor B","cvfB","CDS","","",2079.95338512065,-0.569444487423451,0.0707768430641069,-8.04563276307296,8.58009280514562e-16,1.78867766799464e-15,"Not significant","cvfB
(AENJPLPP_00702)","AENJPLPP_00702"
"AENJPLPP_00101","gluP","Rhomboid protease GluP","gluP","CDS","3.4.21.105","COG0705",440.381684539294,-0.866555509013721,0.10838346217207,-7.99527429413514,1.29285713986027e-15,2.69321454226963e-15,"Not significant","gluP
(AENJPLPP_00101)","AENJPLPP_00101"
"AENJPLPP_01623","opuCC","Glycine betaine/carnitine/choline-binding protein OpuCC","opuCC","CDS","","COG1732",578.577399480136,0.725842639959125,0.0908862115584882,7.9862789691924,1.390727753985e-15,2.89496343494966e-15,"Not significant","opuCC
(AENJPLPP_01623)","AENJPLPP_01623"
"AENJPLPP_02586","ywqD","Tyrosine-protein kinase YwqD","ywqD","CDS","2.7.10.2","COG0489",1113.67454009941,-0.673920911407924,0.0845699912966709,-7.96879485352924,1.60229184535411e-15,3.33290831315024e-15,"Not significant","ywqD
(AENJPLPP_02586)","AENJPLPP_02586"
"AENJPLPP_01523","plsX","Phosphate acyltransferase","plsX","CDS","2.3.1.274","COG0416",8798.17853233142,-0.481766409235609,0.0604623457356114,-7.96804032946833,1.61210259764806e-15,3.35085349041237e-15,"Not significant","plsX
(AENJPLPP_01523)","AENJPLPP_01523"
"AENJPLPP_00604",NA,"hypothetical protein","hypothetical protein","CDS","","",1321.49255734605,0.767347203268454,0.0963606405328452,7.96328458409218,1.67531548202628e-15,3.47969048394454e-15,"Not significant","hypothetical protein","AENJPLPP_00604"
"AENJPLPP_01118","uxaB","Altronate oxidoreductase","uxaB","CDS","1.1.1.58","COG0246",123.782602543872,1.4321099489609,0.180160214912074,7.94909103355494,1.87884954729799e-15,3.89957702961921e-15,"Not significant","uxaB
(AENJPLPP_01118)","AENJPLPP_01118"
"AENJPLPP_00709",NA,"hypothetical protein","hypothetical protein","CDS","","",241.819120491354,1.06383741223554,0.133841795789518,7.94846935488337,1.88830036087597e-15,3.91426643781152e-15,"Not significant","hypothetical protein","AENJPLPP_00709"
"AENJPLPP_02461","puuD","Gamma-glutamyl-gamma-aminobutyrate hydrolase PuuD","puuD","CDS","3.5.1.94","COG2071",1439.7938435296,0.590748200714775,0.0743224998028131,7.94844363795759,1.88869231863318e-15,3.91426643781152e-15,"Not significant","puuD
(AENJPLPP_02461)","AENJPLPP_02461"
"AENJPLPP_02820",NA,"hypothetical protein","hypothetical protein","CDS","","",199.179724778079,-1.10767142422554,0.13960450219253,-7.93435316790813,2.11595188220612e-15,4.38204811889213e-15,"Not significant","hypothetical protein","AENJPLPP_02820"
"AENJPLPP_00924",NA,"hypothetical protein","hypothetical protein","CDS","","",48.072282298056,2.40842299614085,0.304034551543035,7.92154373217658,2.34579721667156e-15,4.85449701783419e-15,"Up in serum","hypothetical protein","AENJPLPP_00924"
"AENJPLPP_02477","yidA_3","Sugar phosphatase YidA","yidA_3","CDS","3.1.3.23","COG0561",1675.57480874126,-0.587372257662769,0.0741678928538025,-7.91949501411047,2.38477128586397e-15,4.93154675696195e-15,"Not significant","yidA_3
(AENJPLPP_02477)","AENJPLPP_02477"
"AENJPLPP_02261","queH","Epoxyqueuosine reductase QueH","queH","CDS","1.17.99.6","",538.866178478907,0.770571556182746,0.0974213791800868,7.90967611696728,2.58059388014293e-15,5.33259947057273e-15,"Not significant","queH
(AENJPLPP_02261)","AENJPLPP_02261"
"AENJPLPP_00758",NA,"hypothetical protein","hypothetical protein","CDS","","",291.827189402187,0.9355379082941,0.118449105477365,7.89822687578573,2.82898872577459e-15,5.84162442207722e-15,"Not significant","hypothetical protein","AENJPLPP_00758"
"AENJPLPP_01775","padC","Phenolic acid decarboxylase PadC","padC","CDS","4.1.1.102","COG3479",113.590599207875,-1.46351221587558,0.185334937034357,-7.89658031720309,2.86659562765244e-15,5.91496517630032e-15,"Not significant","padC
(AENJPLPP_01775)","AENJPLPP_01775"
"AENJPLPP_03064","bin3_4","Putative transposon Tn552 DNA-invertase bin3","bin3_4","CDS","","",273.586266053173,0.99182387104432,0.125769364015453,7.88605300510587,3.11894175643561e-15,6.43097167696228e-15,"Not significant","bin3_4
(AENJPLPP_03064)","AENJPLPP_03064"
"AENJPLPP_02384",NA,"hypothetical protein","hypothetical protein","CDS","","",669.552192535679,0.721179614943598,0.0915247839204256,7.87961013456872,3.2840412334972e-15,6.76646341486941e-15,"Not significant","hypothetical protein","AENJPLPP_02384"
"AENJPLPP_02615",NA,"hypothetical protein","hypothetical protein","CDS","","",1449.79560832404,0.550114086645013,0.0698255410121784,7.87840779563836,3.31579039620481e-15,6.82691099029515e-15,"Not significant","hypothetical protein","AENJPLPP_02615"
"AENJPLPP_00906","tagO","putative undecaprenyl-phosphate N-acetylglucosaminyl 1-phosphate transferase","tagO","CDS","2.7.8.33","COG0472",2138.59096333789,-0.77741690313659,0.0986812827427519,-7.87805834631483,3.32507456312695e-15,6.84105093620086e-15,"Not significant","tagO
(AENJPLPP_00906)","AENJPLPP_00906"
"AENJPLPP_02336",NA,"hypothetical protein","hypothetical protein","CDS","","",3747.59145418202,-0.457293188154255,0.0581061690633484,-7.86995934382983,3.54756519834979e-15,7.29350550219917e-15,"Not significant","hypothetical protein","AENJPLPP_02336"
"AENJPLPP_02450",NA,"hypothetical protein","hypothetical protein","CDS","","",611.946175751855,-0.714791091850705,0.0909627558417319,-7.85806328355295,3.90118208239793e-15,8.01469265258964e-15,"Not significant","hypothetical protein","AENJPLPP_02450"
"AENJPLPP_01269","msr(C)","ABC-F type ribosomal protection protein Msr(C)","msr(C)","CDS","","",388.267650620307,0.823916919255946,0.104963221510073,7.84957728433358,4.17441872483025e-15,8.56981828135928e-15,"Not significant","msr(C)
(AENJPLPP_01269)","AENJPLPP_01269"
"AENJPLPP_00905",NA,"hypothetical protein","hypothetical protein","CDS","","",2356.05838639505,-0.677347651107346,0.0862938424705925,-7.84931614718831,4.18311912302261e-15,8.581456693679e-15,"Not significant","hypothetical protein","AENJPLPP_00905"
"AENJPLPP_02101","manZ_4","PTS system mannose-specific EIID component","manZ_4","CDS","","COG3716",6317.16016171047,0.496230085273134,0.0632297012550028,7.84805361125871,4.22543592603051e-15,8.66199066371643e-15,"Not significant","manZ_4
(AENJPLPP_02101)","AENJPLPP_02101"
"AENJPLPP_01263",NA,"hypothetical protein","hypothetical protein","CDS","","",1682.72846750253,-0.5431669041505,0.0692715543578982,-7.84112481934757,4.46528302362592e-15,9.14704503609623e-15,"Not significant","hypothetical protein","AENJPLPP_01263"
"AENJPLPP_02625","asnS","Asparagine--tRNA ligase","asnS","CDS","6.1.1.22","",7325.11680120098,-0.47574145895988,0.0607316644147973,-7.83349943631654,4.74474976436371e-15,9.71249933688623e-15,"Not significant","asnS
(AENJPLPP_02625)","AENJPLPP_02625"
"AENJPLPP_00243","coaE","Dephospho-CoA kinase","coaE","CDS","2.7.1.24","",653.218598583076,0.784148139757572,0.10020369554464,7.8255411189724,5.05477939283914e-15,1.03396535123754e-14,"Not significant","coaE
(AENJPLPP_00243)","AENJPLPP_00243"
"AENJPLPP_02850","licC_3","Lichenan permease IIC component","licC_3","CDS","","COG1455",502.246409014371,-0.771642150314875,0.0987568067052799,-7.8135591465375,5.55953071987509e-15,1.13639216375208e-14,"Not significant","licC_3
(AENJPLPP_02850)","AENJPLPP_02850"
"AENJPLPP_02533","clsA_2","Major cardiolipin synthase ClsA","clsA_2","CDS","2.7.8.-","COG1502",1473.82321224644,0.526287427651853,0.0675429515951722,7.79189264345787,6.60128124127769e-15,1.34835694040816e-14,"Not significant","clsA_2
(AENJPLPP_02533)","AENJPLPP_02533"
"AENJPLPP_03049",NA,"hypothetical protein","hypothetical protein","CDS","","",702.562596931204,0.670193019337371,0.0863169069134136,7.76433080496798,8.20774191214988e-15,1.67527882864429e-14,"Not significant","hypothetical protein","AENJPLPP_03049"
"AENJPLPP_02940","bglH_3","Aryl-phospho-beta-D-glucosidase BglH","bglH_3","CDS","3.2.1.86","COG2723",2507.92781091661,0.483842648867978,0.0623218862703087,7.76360726261408,8.25472475842214e-15,1.68365459590008e-14,"Not significant","bglH_3
(AENJPLPP_02940)","AENJPLPP_02940"
"AENJPLPP_00523",NA,"hypothetical protein","hypothetical protein","CDS","","",478.884917488708,0.777047333228817,0.100095008108343,7.76309775995758,8.28796776324504e-15,1.68921790768515e-14,"Not significant","hypothetical protein","AENJPLPP_00523"
"AENJPLPP_01036","lnrL","Linearmycin resistance ATP-binding protein LnrL","lnrL","CDS","3.6.3.-","COG1131",89.0685080113957,1.59502261106821,0.205578893741788,7.7586885600795,8.58120880551219e-15,1.7477267718277e-14,"Not significant","lnrL
(AENJPLPP_01036)","AENJPLPP_01036"
"AENJPLPP_02024","acuI","putative acrylyl-CoA reductase AcuI","acuI","CDS","1.3.1.84","COG0604",980.098740774798,0.596131317800176,0.0768416515557078,7.75791911978882,8.63341782893046e-15,1.75709603693042e-14,"Not significant","acuI
(AENJPLPP_02024)","AENJPLPP_02024"
"AENJPLPP_00198","gatC_1","Glutamyl-tRNA(Gln) amidotransferase subunit C","gatC_1","CDS","6.3.5.-","",2029.82995550763,-0.749792234968859,0.0968988904339453,-7.73788256615779,1.01086148159169e-14,2.05585406205896e-14,"Not significant","gatC_1
(AENJPLPP_00198)","AENJPLPP_00198"
"AENJPLPP_02179",NA,"hypothetical protein","hypothetical protein","CDS","","",45.9389612519604,2.39853494282106,0.310007261174834,7.73702826743909,1.01767439074441e-14,2.06822412074473e-14,"Up in serum","hypothetical protein","AENJPLPP_02179"
"AENJPLPP_02479","lipL","Octanoyl-[GcvH]:protein N-octanoyltransferase","lipL","CDS","2.3.1.204","COG0095",289.0710088288,-0.938155214947829,0.121295201502846,-7.73447921536958,1.03827240052684e-14,2.10857185501541e-14,"Not significant","lipL
(AENJPLPP_02479)","AENJPLPP_02479"
"AENJPLPP_02040",NA,"hypothetical protein","hypothetical protein","CDS","","",122.944019490121,-1.39934498136676,0.181201378515091,-7.72259567136909,1.13984304667894e-14,2.31318685673698e-14,"Not significant","hypothetical protein","AENJPLPP_02040"
"AENJPLPP_02168",NA,"hypothetical protein","hypothetical protein","CDS","","",41.2547977859756,2.63027689938635,0.341124773851047,7.71060063944481,1.25226957406117e-14,2.53952375656673e-14,"Up in serum","hypothetical protein","AENJPLPP_02168"
"AENJPLPP_00049",NA,"hypothetical protein","hypothetical protein","CDS","","",59.7967670795529,1.99970155864546,0.259621856140943,7.702362152283,1.33573679984266e-14,2.70685102387585e-14,"Not significant","hypothetical protein","AENJPLPP_00049"
"AENJPLPP_02655","cbh_3","Choloylglycine hydrolase","cbh_3","CDS","3.5.1.24","",3510.98424975048,0.462535802804254,0.0600732075350284,7.69953564631206,1.36561573410849e-14,2.76542070333415e-14,"Not significant","cbh_3
(AENJPLPP_02655)","AENJPLPP_02655"
"AENJPLPP_02170",NA,"hypothetical protein","hypothetical protein","CDS","","",47.9372521957182,2.33036707335908,0.302918862797852,7.69304047900844,1.43679031505944e-14,2.9074720385513e-14,"Up in serum","hypothetical protein","AENJPLPP_02170"
"AENJPLPP_02351",NA,"Putative peptidyl-prolyl cis-trans isomerase","Putative peptidyl-prolyl cis-trans isomerase","CDS","5.2.1.8","",5547.17610140665,-0.592199830862975,0.0772849142704738,-7.66255402432686,1.82271418092982e-14,3.68578846158024e-14,"Not significant","Putative peptidyl-prolyl cis-trans isomerase","AENJPLPP_02351"
"AENJPLPP_02192",NA,"hypothetical protein","hypothetical protein","CDS","","",32.3636106489298,5.3426207946406,0.697680696869103,7.6576875619693,1.89310753370561e-14,3.82540144748078e-14,"Up in serum","hypothetical protein","AENJPLPP_02192"
"AENJPLPP_01808",NA,"hypothetical protein","hypothetical protein","CDS","","",536.005283721932,0.746976737359566,0.0976076095491802,7.65285351018864,1.96567796371405e-14,3.9692113518363e-14,"Not significant","hypothetical protein","AENJPLPP_01808"
"AENJPLPP_01674","rlmH","Ribosomal RNA large subunit methyltransferase H","rlmH","CDS","2.1.1.177","COG1576",365.049929532362,-0.862539757157551,0.112744660173838,-7.65038234030442,2.0038261353419e-14,4.04335836717956e-14,"Not significant","rlmH
(AENJPLPP_01674)","AENJPLPP_01674"
"AENJPLPP_01792",NA,"hypothetical protein","hypothetical protein","CDS","","",1616.24828846001,-0.542144742527449,0.0708749658365814,-7.64931222369107,2.0205709493999e-14,4.07424242005066e-14,"Not significant","hypothetical protein","AENJPLPP_01792"
"AENJPLPP_01566","mutL","DNA mismatch repair protein MutL","mutL","CDS","","COG0323",4922.92029330599,-0.500407558530131,0.0654639067071638,-7.64402223607854,2.10539024012477e-14,4.24224894647205e-14,"Not significant","mutL
(AENJPLPP_01566)","AENJPLPP_01566"
"AENJPLPP_01754",NA,"Multidrug efflux system permease protein","Multidrug efflux system permease protein","CDS","","COG3559",580.991761844472,0.689852440352294,0.0903370129603008,7.63643182064758,2.23324430256899e-14,4.49666758219973e-14,"Not significant","Multidrug efflux system permease protein","AENJPLPP_01754"
"AENJPLPP_02381",NA,"hypothetical protein","hypothetical protein","CDS","","",1822.6093495639,-0.691233429611028,0.0905962880466552,-7.62982065286226,2.35080519923283e-14,4.73001387279896e-14,"Not significant","hypothetical protein","AENJPLPP_02381"
"AENJPLPP_01584","cobB","NAD-dependent protein deacetylase","cobB","CDS","2.3.1.286","COG0846",786.510107397493,-0.64335239285408,0.0843420676088975,-7.62789449077024,2.38618723884537e-14,4.79779550651367e-14,"Not significant","cobB
(AENJPLPP_01584)","AENJPLPP_01584"
"AENJPLPP_01307",NA,"hypothetical protein","hypothetical protein","CDS","","",168.321775314059,1.15919694753601,0.152036541693458,7.62446274181394,2.45052829161563e-14,4.92366614163509e-14,"Not significant","hypothetical protein","AENJPLPP_01307"
"AENJPLPP_02123","murG","UDP-N-acetylglucosamine--N-acetylmuramyl-(pentapeptide) pyrophosphoryl-undecaprenol N-acetylglucosamine transferase","murG","CDS","2.4.1.227","COG0707",2700.43306190883,-0.554798885770007,0.0728962725166171,-7.61079910695759,2.72406367606019e-14,5.46937891271375e-14,"Not significant","murG
(AENJPLPP_02123)","AENJPLPP_02123"
"AENJPLPP_00442","pyrB","Aspartate carbamoyltransferase","pyrB","CDS","2.1.3.2","COG0540",1151.89373865887,1.53278748494147,0.201599023468756,7.60314935344426,2.8900961769652e-14,5.79862670233061e-14,"Not significant","pyrB
(AENJPLPP_00442)","AENJPLPP_00442"
"AENJPLPP_02466","ntpC","V-type sodium ATPase subunit C","ntpC","CDS","","",5204.97150231074,0.515980739207028,0.0678669613104404,7.60282660729133,2.89731576514184e-14,5.80899499370861e-14,"Not significant","ntpC
(AENJPLPP_02466)","AENJPLPP_02466"
"AENJPLPP_00196","pcrA","ATP-dependent DNA helicase PcrA","pcrA","CDS","3.6.4.12","COG0210",4689.39777708625,-0.43513590086253,0.0574912246441609,-7.56873598633153,3.76873198602696e-14,7.55079989557136e-14,"Not significant","pcrA
(AENJPLPP_00196)","AENJPLPP_00196"
"AENJPLPP_01519","rpmB","50S ribosomal protein L28","rpmB","CDS","","",5650.70668509233,-0.575502901065545,0.0762532786212389,-7.54725451116866,4.44529368099695e-14,8.90001867814877e-14,"Not significant","rpmB
(AENJPLPP_01519)","AENJPLPP_01519"
"AENJPLPP_02576","pgpH","Cyclic-di-AMP phosphodiesterase PgpH","pgpH","CDS","3.1.4.59","",8921.74719599649,0.46715463274675,0.0619540594197426,7.54033935987549,4.68750003977609e-14,9.37831280042834e-14,"Not significant","pgpH
(AENJPLPP_02576)","AENJPLPP_02576"
"AENJPLPP_02035",NA,"hypothetical protein","hypothetical protein","CDS","","",210.549153731746,-1.02345031299032,0.135803721410148,-7.5362464471746,4.8369207422639e-14,9.67042558004879e-14,"Not significant","hypothetical protein","AENJPLPP_02035"
"AENJPLPP_02260","ntpJ_1","Potassium/sodium uptake protein NtpJ","ntpJ_1","CDS","","",688.942962467836,0.649093874037435,0.0861691862705627,7.53278407433656,4.966971113157e-14,9.92342640885496e-14,"Not significant","ntpJ_1
(AENJPLPP_02260)","AENJPLPP_02260"
"AENJPLPP_00685","ypfD","30S ribosomal protein S1","ypfD","CDS","","COG0539",24313.3338193684,0.464251529763707,0.0617190664265316,7.52201153781769,5.39398229085024e-14,1.07689448980233e-13,"Not significant","ypfD
(AENJPLPP_00685)","AENJPLPP_00685"
"AENJPLPP_02890","btuD_6","Vitamin B12 import ATP-binding protein BtuD","btuD_6","CDS","7.6.2.8","",192.424650834421,1.06067124468052,0.141042099249607,7.52024573034333,5.4673385095143e-14,1.09077063568957e-13,"Not significant","btuD_6
(AENJPLPP_02890)","AENJPLPP_02890"
"AENJPLPP_00004",NA,"hypothetical protein","hypothetical protein","CDS","","",281.243313637233,-0.964037016456728,0.128222261276464,-7.5184839735289,5.54150368782355e-14,1.1047885169175e-13,"Not significant","hypothetical protein","AENJPLPP_00004"
"AENJPLPP_00110","melR_1","HTH-type transcriptional repressor MelR","melR_1","CDS","","COG1609",1609.65706107998,-0.543821117193663,0.0723421488912982,-7.51734812316417,5.58984341199372e-14,1.11364156927194e-13,"Not significant","melR_1
(AENJPLPP_00110)","AENJPLPP_00110"
"AENJPLPP_00130","rasP","Regulator of sigma-W protease RasP","rasP","CDS","3.4.24.-","COG0750",4125.776390527,-0.525712348902968,0.0699750184629126,-7.51285759476577,5.78504473434186e-14,1.15172022805357e-13,"Not significant","rasP
(AENJPLPP_00130)","AENJPLPP_00130"
"AENJPLPP_01257","gltX","Glutamate--tRNA ligase","gltX","CDS","6.1.1.17","",15813.3136300694,-0.438439247635837,0.0584424557059938,-7.50206750109016,6.28190061518656e-14,1.24975830229045e-13,"Not significant","gltX
(AENJPLPP_01257)","AENJPLPP_01257"
"AENJPLPP_01073","rsmE","Ribosomal RNA small subunit methyltransferase E","rsmE","CDS","2.1.1.193","COG1385",955.368869126527,-0.628049564577662,0.0838019044814411,-7.49445455284075,6.65746300343144e-14,1.32354478670747e-13,"Not significant","rsmE
(AENJPLPP_01073)","AENJPLPP_01073"
"AENJPLPP_02641",NA,"hypothetical protein","hypothetical protein","CDS","","",69.2582673750063,1.92834816833403,0.257428114544385,7.49082193973632,6.84436204273775e-14,1.35974659249057e-13,"Not significant","hypothetical protein","AENJPLPP_02641"
"AENJPLPP_01793",NA,"hypothetical protein","hypothetical protein","CDS","","",973.691873136481,-0.610056114677576,0.081506720193337,-7.48473393642267,7.1692225651971e-14,1.42328675189853e-13,"Not significant","hypothetical protein","AENJPLPP_01793"
"AENJPLPP_02359","menH_2","2-succinyl-6-hydroxy-2,4-cyclohexadiene-1-carboxylate synthase","menH_2","CDS","4.2.99.20","",125.305888126305,1.3095093846773,0.175439459180528,7.4641667888967,8.38283625412595e-14,1.66305602210445e-13,"Not significant","menH_2
(AENJPLPP_02359)","AENJPLPP_02359"
"AENJPLPP_00258","clpB","Chaperone protein ClpB","clpB","CDS","","COG0542",2757.23681016827,-0.481830638307569,0.0645583005790502,-7.46349631241576,8.42562365178278e-14,1.67037398866926e-13,"Not significant","clpB
(AENJPLPP_00258)","AENJPLPP_00258"
"AENJPLPP_02281",NA,"hypothetical protein","hypothetical protein","CDS","","",369.02068978626,0.908191076073056,0.121695592861223,7.46280990724717,8.4696499284147e-14,1.67792714816949e-13,"Not significant","hypothetical protein","AENJPLPP_02281"
"AENJPLPP_00418",NA,"hypothetical protein","hypothetical protein","CDS","","",89.1236346441123,1.54746898803895,0.207481684183122,7.45834021027689,8.76191932267241e-14,1.73461493723676e-13,"Not significant","hypothetical protein","AENJPLPP_00418"
"AENJPLPP_00303",NA,"hypothetical protein","hypothetical protein","CDS","","",240.550807418566,0.941535979090196,0.126379116959188,7.45009145295932,9.32755510099541e-14,1.84530457658407e-13,"Not significant","hypothetical protein","AENJPLPP_00303"
"AENJPLPP_02708","degA_3","HTH-type transcriptional regulator DegA","degA_3","CDS","","COG1609",2130.77464559804,-0.613414856052893,0.0823883560217206,-7.44540716276914,9.66458756874984e-14,1.91064576865438e-13,"Not significant","degA_3
(AENJPLPP_02708)","AENJPLPP_02708"
"AENJPLPP_01244","pgsA","CDP-diacylglycerol--glycerol-3-phosphate 3-phosphatidyltransferase","pgsA","CDS","2.7.8.5","",3429.21712638678,-0.459492457090121,0.0617493284587475,-7.44125431901808,9.97337284115481e-14,1.97031531844447e-13,"Not significant","pgsA
(AENJPLPP_01244)","AENJPLPP_01244"
"AENJPLPP_02788",NA,"hypothetical protein","hypothetical protein","CDS","","",178.163428883835,1.08629282304512,0.14603611880678,7.4385215926095,1.01818334837779e-13,2.01009557828279e-13,"Not significant","hypothetical protein","AENJPLPP_02788"
"AENJPLPP_01580","artM_2","Arginine transport ATP-binding protein ArtM","artM_2","CDS","","COG1126",5225.34925093351,0.466535362780619,0.0627217986833825,7.43816938566563,1.02090105117004e-13,2.01405635948598e-13,"Not significant","artM_2
(AENJPLPP_01580)","AENJPLPP_01580"
"AENJPLPP_02283","proX","Prolyl-tRNA editing protein ProX","proX","CDS","","COG3760",372.515398968775,0.794461765481705,0.107064278140695,7.42041864269323,1.16750706991241e-13,2.30168002431896e-13,"Not significant","proX
(AENJPLPP_02283)","AENJPLPP_02283"
"AENJPLPP_01404","rcsC","Sensor histidine kinase RcsC","rcsC","CDS","2.7.13.3","",1707.79985120356,0.539879711027206,0.0727696947559736,7.41901849166253,1.17991440172768e-13,2.32452169192141e-13,"Not significant","rcsC
(AENJPLPP_01404)","AENJPLPP_01404"
"AENJPLPP_02778",NA,"hypothetical protein","hypothetical protein","CDS","","",120.558362106349,1.30181381327501,0.175622146028392,7.41258345097638,1.23862464165147e-13,2.43848842873109e-13,"Not significant","hypothetical protein","AENJPLPP_02778"
"AENJPLPP_02353","yugI","General stress protein 13","yugI","CDS","","COG1098",692.504246952971,-0.660457623993881,0.0893022221812067,-7.39575799865002,1.40603873227463e-13,2.76615403132e-13,"Not significant","yugI
(AENJPLPP_02353)","AENJPLPP_02353"
"AENJPLPP_02575",NA,"PhoH-like protein","PhoH-like protein","CDS","","COG1702",2769.69971383194,0.52614809244323,0.071157782668012,7.39410466031501,1.42364249665149e-13,2.79884160279192e-13,"Not significant","PhoH-like protein","AENJPLPP_02575"
"AENJPLPP_00357","bbmA","Intracellular maltogenic amylase","bbmA","CDS","3.2.1.-","COG0366",50.4804532222419,2.16883897275301,0.293524116952953,7.38896345304613,1.47977831033144e-13,2.90718417525906e-13,"Up in serum","bbmA
(AENJPLPP_00357)","AENJPLPP_00357"
"AENJPLPP_02409",NA,"hypothetical protein","hypothetical protein","CDS","","",296.460644581126,0.915210301850271,0.123958388090333,7.38320589634746,1.54522779477482e-13,3.03366150277915e-13,"Not significant","hypothetical protein","AENJPLPP_02409"
"AENJPLPP_02672","chrR","Quinone reductase","chrR","CDS","1.6.5.2","COG0431",703.822979699241,0.629699709919402,0.0853464954887857,7.37815543934247,1.60497526573532e-13,3.14877683804344e-13,"Not significant","chrR
(AENJPLPP_02672)","AENJPLPP_02672"
"AENJPLPP_00384",NA,"hypothetical protein","hypothetical protein","CDS","","",1344.03135361422,-0.612091007774286,0.0829623993820008,-7.37793280249658,1.60766067760523e-13,3.15186106530499e-13,"Not significant","hypothetical protein","AENJPLPP_00384"
"AENJPLPP_02331","rnj2","Ribonuclease J 2","rnj2","CDS","3.1.-.-","",13846.0053257662,0.423994294062362,0.0576731355292559,7.35167752145679,1.95734581622599e-13,3.8347723223085e-13,"Not significant","rnj2
(AENJPLPP_02331)","AENJPLPP_02331"
"AENJPLPP_00132","polC_1","DNA polymerase III PolC-type","polC_1","CDS","2.7.7.7","COG2176",9546.52470880593,-0.399196218717389,0.0545595195031671,-7.31671067400468,2.54122934086425e-13,4.97525606084833e-13,"Not significant","polC_1
(AENJPLPP_00132)","AENJPLPP_00132"
"AENJPLPP_01364","glxK","Glycerate kinase","glxK","CDS","2.7.1.31","",84.2229332334204,-1.66037079779228,0.227959735208834,-7.28361434650384,3.24993210901655e-13,6.35836751943736e-13,"Not significant","glxK
(AENJPLPP_01364)","AENJPLPP_01364"
"AENJPLPP_02603","ugd","UDP-glucose 6-dehydrogenase","ugd","CDS","1.1.1.22","COG1004",1044.41096832378,-0.675396795125835,0.092799411458453,-7.27802886366597,3.38732872113809e-13,6.62260194029139e-13,"Not significant","ugd
(AENJPLPP_02603)","AENJPLPP_02603"
"AENJPLPP_01356","xerC_6","Tyrosine recombinase XerC","xerC_6","CDS","","",297.028207007179,0.884233337836537,0.121719421360957,7.2645213717732,3.74361434570787e-13,7.31412851117943e-13,"Not significant","xerC_6
(AENJPLPP_01356)","AENJPLPP_01356"
"AENJPLPP_00216",NA,"hypothetical protein","hypothetical protein","CDS","","",299.905317499709,-0.867870981677301,0.119817337685176,-7.24328380553457,4.3794912206444e-13,8.55057906596159e-13,"Not significant","hypothetical protein","AENJPLPP_00216"
"AENJPLPP_00254","pepT","Peptidase T","pepT","CDS","3.4.11.4","",1061.02231962043,0.543528868013611,0.0752332743868704,7.22458077816253,5.02650013368157e-13,9.80704471292387e-13,"Not significant","pepT
(AENJPLPP_00254)","AENJPLPP_00254"
"AENJPLPP_01841","galM","Aldose 1-epimerase","galM","CDS","5.1.3.3","COG2017",163.12062776572,-1.16211473192278,0.160896689363904,-7.22273861890594,5.09508903722293e-13,9.93402001678933e-13,"Not significant","galM
(AENJPLPP_01841)","AENJPLPP_01841"
"AENJPLPP_01543",NA,"hypothetical protein","hypothetical protein","CDS","","",58.5402173023531,-1.91530112726505,0.265635692038191,-7.21025519036682,5.58471156809571e-13,1.08811551612381e-12,"Not significant","hypothetical protein","AENJPLPP_01543"
"AENJPLPP_00624","fosX","Fosfomycin resistance protein FosX","fosX","CDS","","COG0346",114.239868597487,1.28158682223622,0.17807220820221,7.19700640080184,6.15488747101738e-13,1.19838283565682e-12,"Not significant","fosX
(AENJPLPP_00624)","AENJPLPP_00624"
"AENJPLPP_01717","manR_2","Transcriptional regulator ManR","manR_2","CDS","","COG1762",108.996930901398,-1.37715252484498,0.191600207460268,-7.18763587524065,6.59227865670366e-13,1.28266260323904e-12,"Not significant","manR_2
(AENJPLPP_01717)","AENJPLPP_01717"
"AENJPLPP_02344",NA,"hypothetical protein","hypothetical protein","CDS","","",89.6500014998711,1.65178087009711,0.22985953992003,7.18604444554171,6.66953409019145e-13,1.29680295393764e-12,"Not significant","hypothetical protein","AENJPLPP_02344"
"AENJPLPP_01755",NA,"Multidrug efflux system ATP-binding protein","Multidrug efflux system ATP-binding protein","CDS","7.6.2.-","COG1131",80.6260894928825,-1.6012270684812,0.222989671394384,-7.18072302841879,6.93437074721835e-13,1.34737155699212e-12,"Not significant","Multidrug efflux system ATP-binding protein","AENJPLPP_01755"
"AENJPLPP_02245",NA,"Fatty acid ABC transporter ATP-binding/permease protein","Fatty acid ABC transporter ATP-binding/permease protein","CDS","7.6.2.-","COG1132",1149.5672418481,-0.559753602967434,0.0782276215195481,-7.15544704152303,8.34006821124277e-13,1.6193918454066e-12,"Not significant","Fatty acid ABC transporter ATP-binding/permease protein","AENJPLPP_02245"
"AENJPLPP_02729",NA,"hypothetical protein","hypothetical protein","CDS","","",114.820226392168,1.2969280101776,0.181399556648119,7.14956549035781,8.70530093141411e-13,1.68915057826137e-12,"Not significant","hypothetical protein","AENJPLPP_02729"
"AENJPLPP_00557","rsmD","Ribosomal RNA small subunit methyltransferase D","rsmD","CDS","2.1.1.171","COG0742",1068.42897695645,-0.534703198022791,0.0748356256133303,-7.14503545123763,8.99726660686982e-13,1.7446069701403e-12,"Not significant","rsmD
(AENJPLPP_00557)","AENJPLPP_00557"
"AENJPLPP_00448",NA,"hypothetical protein","hypothetical protein","CDS","","",1789.44589268046,0.598572410876334,0.0838356319165459,7.13983299454559,9.34443810853935e-13,1.81068475600786e-12,"Not significant","hypothetical protein","AENJPLPP_00448"
"AENJPLPP_00203",NA,"hypothetical protein","hypothetical protein","CDS","","",64.5361112471882,-1.84035801486019,0.259341745389201,-7.09626601802311,1.2817265765155e-12,2.48192061430601e-12,"Not significant","hypothetical protein","AENJPLPP_00203"
"AENJPLPP_01393","ctsR","Transcriptional regulator CtsR","ctsR","CDS","","COG4463",948.248517292864,0.673556369844845,0.0949205990008928,7.09599788596477,1.28421440418116e-12,2.48503826263626e-12,"Not significant","ctsR
(AENJPLPP_01393)","AENJPLPP_01393"
"AENJPLPP_00348","uxuA_3","Mannonate dehydratase","uxuA_3","CDS","4.2.1.8","COG1312",72.9618665837184,-1.63452643054616,0.230394561172838,-7.09446621580606,1.29851690501696e-12,2.51099819542556e-12,"Not significant","uxuA_3
(AENJPLPP_00348)","AENJPLPP_00348"
"AENJPLPP_02039",NA,"hypothetical protein","hypothetical protein","CDS","","",39.4639369007824,-2.47445100739739,0.349373717313315,-7.08253335833594,1.41542674499602e-12,2.73520349152473e-12,"Down in serum","hypothetical protein","AENJPLPP_02039"
"AENJPLPP_00562","ftsW_2","putative peptidoglycan glycosyltransferase FtsW","ftsW_2","CDS","2.4.1.129","COG0772",5445.8338992061,-0.416439622803443,0.0588418884370971,-7.07726474905073,1.47027485397568e-12,2.83925519209082e-12,"Not significant","ftsW_2
(AENJPLPP_00562)","AENJPLPP_00562"
"AENJPLPP_01603",NA,"hypothetical protein","hypothetical protein","CDS","","",670.741821831465,-0.611660552835129,0.0868821146514445,-7.04012045849714,1.9207370967281e-12,3.70661671495382e-12,"Not significant","hypothetical protein","AENJPLPP_01603"
"AENJPLPP_01518",NA,"hypothetical protein","hypothetical protein","CDS","","",4438.43819085338,0.409035609389198,0.0581122375337907,7.03871726073799,1.94017604218895e-12,3.74157927482079e-12,"Not significant","hypothetical protein","AENJPLPP_01518"
"AENJPLPP_00944",NA,"hypothetical protein","hypothetical protein","CDS","","",24.0964653625687,4.19811426353109,0.596521894028645,7.03765327904209,1.95504423608773e-12,3.76768565851897e-12,"Up in serum","hypothetical protein","AENJPLPP_00944"
"AENJPLPP_01249","elaA","Protein ElaA","elaA","CDS","","COG2153",1259.57929567894,0.527569639384354,0.0749775864453809,7.03636465770572,1.97320127719372e-12,3.80009035084043e-12,"Not significant","elaA
(AENJPLPP_01249)","AENJPLPP_01249"
"AENJPLPP_02522","nagR_1","HTH-type transcriptional repressor NagR","nagR_1","CDS","","COG2188",871.988165420859,0.559478976238551,0.0796683521457324,7.02260008108528,2.17776900591354e-12,4.19120602021838e-12,"Not significant","nagR_1
(AENJPLPP_02522)","AENJPLPP_02522"
"AENJPLPP_01571","ruvA","Holliday junction ATP-dependent DNA helicase RuvA","ruvA","CDS","3.6.4.12","COG0632",2526.62472027666,-0.487105042149673,0.0693656691258783,-7.02227843092987,2.18278992308985e-12,4.19801513061641e-12,"Not significant","ruvA
(AENJPLPP_01571)","AENJPLPP_01571"
"AENJPLPP_01508","ecfT","Energy-coupling factor transporter transmembrane protein EcfT","ecfT","CDS","","",1652.23163845645,0.463640544379613,0.0662318607776541,7.00026450919284,2.55479712380623e-12,4.91013622369005e-12,"Not significant","ecfT
(AENJPLPP_01508)","AENJPLPP_01508"
"AENJPLPP_00726","spxA_2","Regulatory protein Spx","spxA_2","CDS","","COG1393",64.4774190239839,-1.74696473708034,0.24968463811811,-6.99668489918855,2.62089820763202e-12,5.03376039742621e-12,"Not significant","spxA_2
(AENJPLPP_00726)","AENJPLPP_00726"
"AENJPLPP_00012","aroD","3-dehydroquinate dehydratase","aroD","CDS","4.2.1.10","COG0710",774.593238323455,0.569115404479087,0.0814769008052944,6.98499082382998,2.84874600483248e-12,5.46766097605475e-12,"Not significant","aroD
(AENJPLPP_00012)","AENJPLPP_00012"
"AENJPLPP_02143",NA,"hypothetical protein","hypothetical protein","CDS","","",27.9594377109483,5.45255429512753,0.781137864209684,6.98027140272371,2.94610368259993e-12,5.65069073539324e-12,"Up in serum","hypothetical protein","AENJPLPP_02143"
"AENJPLPP_02284","yecS_2","L-cystine transport system permease protein YecS","yecS_2","CDS","","COG0765",202.249123459255,-0.970152913490507,0.139078063487746,-6.9755998117991,3.04568555491319e-12,5.83773581987762e-12,"Not significant","yecS_2
(AENJPLPP_02284)","AENJPLPP_02284"
"AENJPLPP_02472","hisC","Histidinol-phosphate aminotransferase","hisC","CDS","2.6.1.9","",125.238293706941,-1.22927894182409,0.176269237019654,-6.97387112242978,3.08336564382411e-12,5.90595949774428e-12,"Not significant","hisC
(AENJPLPP_02472)","AENJPLPP_02472"
"AENJPLPP_01510",NA,"hypothetical protein","hypothetical protein","CDS","","",999.87348196709,-0.569309348571006,0.0817923578843554,-6.96042226067062,3.39254327936992e-12,6.49377283562964e-12,"Not significant","hypothetical protein","AENJPLPP_01510"
"AENJPLPP_02843","glcB","PTS system glucoside-specific EIICBA component","glcB","CDS","","COG2190",346.233039969121,-0.82100532513003,0.118047912720337,-6.95484830024095,3.52941616007935e-12,6.75120077647611e-12,"Not significant","glcB
(AENJPLPP_02843)","AENJPLPP_02843"
"AENJPLPP_02786",NA,"hypothetical protein","hypothetical protein","CDS","","",107.131615221249,1.29794189484654,0.186689749795181,6.9524004197902,3.59122326003024e-12,6.86478936471682e-12,"Not significant","hypothetical protein","AENJPLPP_02786"
"AENJPLPP_00730","gmuD_1","6-phospho-beta-glucosidase GmuD","gmuD_1","CDS","3.2.1.86","COG2723",343.76850850326,-0.785084055190443,0.112953910568039,-6.950481406463,3.64041780791796e-12,6.95413145358688e-12,"Not significant","gmuD_1
(AENJPLPP_00730)","AENJPLPP_00730"
"AENJPLPP_01766","mro_1","Aldose 1-epimerase","mro_1","CDS","5.1.3.3","COG2017",305.463208958328,-0.882501737419039,0.127027980884239,-6.94730193517967,3.72338264550036e-12,7.10781946689921e-12,"Not significant","mro_1
(AENJPLPP_01766)","AENJPLPP_01766"
"AENJPLPP_01896",NA,"hypothetical protein","hypothetical protein","CDS","","",2242.25337946141,0.508210584668711,0.0732650420992223,6.93660400795846,4.01637580411871e-12,7.66196758858495e-12,"Not significant","hypothetical protein","AENJPLPP_01896"
"AENJPLPP_00166",NA,"Putative gluconeogenesis factor","Putative gluconeogenesis factor","CDS","","COG0391",5072.67610973606,0.401869689702924,0.0579969538973091,6.92915166569756,4.23371722854527e-12,8.07114712054658e-12,"Not significant","Putative gluconeogenesis factor","AENJPLPP_00166"
"AENJPLPP_02611",NA,"Putative TrmH family tRNA/rRNA methyltransferase","Putative TrmH family tRNA/rRNA methyltransferase","CDS","2.1.1.-","",936.751240928697,0.70064414079412,0.101129900185023,6.92816011399448,4.26349050663762e-12,8.12243716304919e-12,"Not significant","Putative TrmH family tRNA/rRNA methyltransferase","AENJPLPP_02611"
"AENJPLPP_00199","gatA_1","Glutamyl-tRNA(Gln) amidotransferase subunit A","gatA_1","CDS","6.3.5.7","COG0154",4055.82265765513,-0.507686170649701,0.0733057036109835,-6.92560258808611,4.34123597705327e-12,8.26498927440337e-12,"Not significant","gatA_1
(AENJPLPP_00199)","AENJPLPP_00199"
"AENJPLPP_01693",NA,"hypothetical protein","hypothetical protein","CDS","","",2137.57952837525,0.447594197628302,0.06464448539342,6.92393473169889,4.39268358200823e-12,8.35731668055464e-12,"Not significant","hypothetical protein","AENJPLPP_01693"
"AENJPLPP_02905",NA,"hypothetical protein","hypothetical protein","CDS","","",2013.12278953179,-0.452636462525744,0.0654803873118186,-6.91255017124873,4.76017560135985e-12,9.05040774173925e-12,"Not significant","hypothetical protein","AENJPLPP_02905"
"AENJPLPP_02598",NA,"hypothetical protein","hypothetical protein","CDS","","",458.612363377558,-0.734509925882401,0.106267445987307,-6.91189967970187,4.78206006367941e-12,9.08591412099088e-12,"Not significant","hypothetical protein","AENJPLPP_02598"
"AENJPLPP_01220","rsmB","Ribosomal RNA small subunit methyltransferase B","rsmB","CDS","2.1.1.176","COG0144",5499.50725340239,-0.415908651837548,0.0601788590565605,-6.91120865961661,4.80541606075176e-12,9.124166913473e-12,"Not significant","rsmB
(AENJPLPP_01220)","AENJPLPP_01220"
"AENJPLPP_02624","aspB","Asparagine--oxo-acid transaminase","aspB","CDS","2.6.1.14","COG0436",5233.77169968702,-0.466100958017787,0.0674572525435851,-6.90957518195145,4.8610719551236e-12,9.2215770890652e-12,"Not significant","aspB
(AENJPLPP_02624)","AENJPLPP_02624"
"AENJPLPP_02669","ffh","Signal recognition particle protein","ffh","CDS","","COG0541",5572.38507000722,0.417173577322985,0.0603767054619765,6.90951210621635,4.86323369621136e-12,9.2215770890652e-12,"Not significant","ffh
(AENJPLPP_02669)","AENJPLPP_02669"
"AENJPLPP_02258","gatD","Lipid II isoglutaminyl synthase (glutamine-hydrolyzing) subunit GatD","gatD","CDS","6.3.5.13","COG3442",1423.46872462245,-0.473132096377158,0.068657279741155,-6.89121529662863,5.53177420718597e-12,1.04822307768029e-11,"Not significant","gatD
(AENJPLPP_02258)","AENJPLPP_02258"
"AENJPLPP_01581","mltF_2","Membrane-bound lytic murein transglycosylase F","mltF_2","CDS","4.2.2.-","",8106.4156755536,0.383988248593051,0.0557280805973454,6.89039070567491,5.56393603412814e-12,1.05361223495764e-11,"Not significant","mltF_2
(AENJPLPP_01581)","AENJPLPP_01581"
"AENJPLPP_02011","exoA","Exodeoxyribonuclease","exoA","CDS","3.1.11.2","COG0708",1184.49094327515,0.526129064136117,0.0764170459121595,6.88496994166585,5.77997380729e-12,1.09379049789024e-11,"Not significant","exoA
(AENJPLPP_02011)","AENJPLPP_02011"
"AENJPLPP_02568","pgcA","Phosphoglucomutase","pgcA","CDS","5.4.2.2","",10711.7593679735,-0.476354900640685,0.0692642613156248,-6.87735480885332,6.09741143942943e-12,1.15309096760352e-11,"Not significant","pgcA
(AENJPLPP_02568)","AENJPLPP_02568"
"AENJPLPP_02181",NA,"hypothetical protein","hypothetical protein","CDS","","",36.2383752395134,2.39867889301892,0.348922132059516,6.87453925281467,6.21905328475628e-12,1.17530973625801e-11,"Up in serum","hypothetical protein","AENJPLPP_02181"
"AENJPLPP_00473","nth","Endonuclease III","nth","CDS","4.2.99.18","COG0177",2043.05920556311,0.530874988742921,0.0773028271246782,6.86747184403356,6.53496450147615e-12,1.23418842586251e-11,"Not significant","nth
(AENJPLPP_00473)","AENJPLPP_00473"
"AENJPLPP_00227","gpmA_1","2,3-bisphosphoglycerate-dependent phosphoglycerate mutase","gpmA_1","CDS","5.4.2.11","",1036.01239251408,-0.538902898413712,0.0788208147826797,-6.8370632795353,8.08330423569689e-12,1.52558895275053e-11,"Not significant","gpmA_1
(AENJPLPP_00227)","AENJPLPP_00227"
"AENJPLPP_02002",NA,"hypothetical protein","hypothetical protein","CDS","","",1235.6436389467,-0.53926075192218,0.0789104568863787,-6.83383132223716,8.26762318741188e-12,1.55933652522072e-11,"Not significant","hypothetical protein","AENJPLPP_02002"
"AENJPLPP_02346",NA,"hypothetical protein","hypothetical protein","CDS","","",2194.30455472462,-0.45057238281488,0.066067698204565,-6.81985894861624,9.11299413888637e-12,1.71763557970621e-11,"Not significant","hypothetical protein","AENJPLPP_02346"
"AENJPLPP_02569","czrA","HTH-type transcriptional repressor CzrA","czrA","CDS","","COG0640",340.18957258266,-0.769499378676091,0.112886708979857,-6.81656313333928,9.32442605082021e-12,1.75631737524099e-11,"Not significant","czrA
(AENJPLPP_02569)","AENJPLPP_02569"
"AENJPLPP_01336",NA,"hypothetical protein","hypothetical protein","CDS","","",923.660067276113,0.52691945590276,0.0774737763531576,6.80126206189876,1.03706572974585e-11,1.95208316549901e-11,"Not significant","hypothetical protein","AENJPLPP_01336"
"AENJPLPP_02605","pfkB","ATP-dependent 6-phosphofructokinase isozyme 2","pfkB","CDS","2.7.1.11","COG1105",34.5555366690078,2.51798620980913,0.371807603344049,6.77228272677127,1.26766099427347e-11,2.38455034869647e-11,"Up in serum","pfkB
(AENJPLPP_02605)","AENJPLPP_02605"
"AENJPLPP_00994","walK_1","Sensor histidine kinase WalK","walK_1","CDS","2.7.13.3","",4468.05064714648,-0.414953174172602,0.0613947605983734,-6.75877176046185,1.39166420019685e-11,2.6160699540221e-11,"Not significant","walK_1
(AENJPLPP_00994)","AENJPLPP_00994"
"AENJPLPP_02500","secG","putative protein-export membrane protein SecG","secG","CDS","","COG1314",2035.88879443058,0.568035905606553,0.0841963938962262,6.74655860328969,1.51392936067718e-11,2.84401726614272e-11,"Not significant","secG
(AENJPLPP_02500)","AENJPLPP_02500"
"AENJPLPP_00104","yibN","putative protein YibN","yibN","CDS","","COG0607",1317.13582935737,-0.600963709423985,0.0892107793452948,-6.73644725261199,1.62306175450641e-11,3.04700784284327e-11,"Not significant","yibN
(AENJPLPP_00104)","AENJPLPP_00104"
"AENJPLPP_01054",NA,"hypothetical protein","hypothetical protein","CDS","","",462.875626862219,-0.670100483488158,0.0995265810018507,-6.73287956586892,1.66337741498455e-11,3.12062389782721e-11,"Not significant","hypothetical protein","AENJPLPP_01054"
"AENJPLPP_02026","potA","Spermidine/putrescine import ATP-binding protein PotA","potA","CDS","7.6.2.11","",977.393698836483,-0.709301105722546,0.105481040233399,-6.72444170206389,1.7626697343212e-11,3.30471391911477e-11,"Not significant","potA
(AENJPLPP_02026)","AENJPLPP_02026"
"AENJPLPP_02326",NA,"hypothetical protein","hypothetical protein","CDS","","",8187.79755504714,-0.379376021982451,0.0565060034031987,-6.71390647247537,1.89481786005275e-11,3.55011870404323e-11,"Not significant","hypothetical protein","AENJPLPP_02326"
"AENJPLPP_01997","pcp","Pyrrolidone-carboxylate peptidase","pcp","CDS","3.4.19.3","",2253.43654374479,-0.451695013138701,0.06736901272868,-6.70478896518559,2.01697645490955e-11,3.77649493640803e-11,"Not significant","pcp
(AENJPLPP_01997)","AENJPLPP_01997"
"AENJPLPP_01624","opuCB","Carnitine transport permease protein OpuCB","opuCB","CDS","","COG1174",204.766511106299,0.944613854227942,0.140896330947146,6.70431833020754,2.02348719275121e-11,3.78618125755366e-11,"Not significant","opuCB
(AENJPLPP_01624)","AENJPLPP_01624"
"AENJPLPP_01006",NA,"hypothetical protein","hypothetical protein","CDS","","",402.07701536264,-0.703896274257531,0.105107062547034,-6.69694554485857,2.12820880095547e-11,3.9794974342833e-11,"Not significant","hypothetical protein","AENJPLPP_01006"
"AENJPLPP_00287","murR_1","HTH-type transcriptional regulator MurR","murR_1","CDS","","COG1737",259.876772773454,-0.829678362250834,0.123951241378297,-6.69358655084923,2.17766132382022e-11,4.06928000510564e-11,"Not significant","murR_1
(AENJPLPP_00287)","AENJPLPP_00287"
"AENJPLPP_02816","manR_3","Transcriptional regulator ManR","manR_3","CDS","","COG1762",1147.44222200292,0.499210162732925,0.0745961950620611,6.69216656851736,2.19890362340646e-11,4.10626395637447e-11,"Not significant","manR_3
(AENJPLPP_02816)","AENJPLPP_02816"
"AENJPLPP_00301","cspL","Cold shock protein 2","cspL","CDS","","COG1278",13754.8793225302,-0.614783564548584,0.0919247558039708,-6.68789989346947,2.26395909994053e-11,4.22496256554492e-11,"Not significant","cspL
(AENJPLPP_00301)","AENJPLPP_00301"
"AENJPLPP_02435",NA,"hypothetical protein","hypothetical protein","CDS","","",2375.93894371374,-0.420619517535569,0.0630305948734416,-6.67325952388877,2.50183388471158e-11,4.66580482715314e-11,"Not significant","hypothetical protein","AENJPLPP_02435"
"AENJPLPP_01122",NA,"hypothetical protein","hypothetical protein","CDS","","",208.26021193942,-0.90472380635592,0.135576672668215,-6.67315245720753,2.50366056842692e-11,4.6661376360873e-11,"Not significant","hypothetical protein","AENJPLPP_01122"
"AENJPLPP_02151",NA,"hypothetical protein","hypothetical protein","CDS","","",874.301343484648,-0.560503223256175,0.0840396550142834,-6.6695088546105,2.56660896525096e-11,4.78030919777991e-11,"Not significant","hypothetical protein","AENJPLPP_02151"
"AENJPLPP_02218","pncB2","Nicotinate phosphoribosyltransferase pncB2","pncB2","CDS","6.3.4.21","COG1488",4782.58165062201,-0.427348494335308,0.0640878633377174,-6.66816573495909,2.59020190518733e-11,4.82107928572342e-11,"Not significant","pncB2
(AENJPLPP_02218)","AENJPLPP_02218"
"AENJPLPP_01457","coaA","Pantothenate kinase","coaA","CDS","2.7.1.33","",3996.91540948068,-0.406373129153646,0.0609748697089399,-6.66460020486219,2.65386782877392e-11,4.93633365522927e-11,"Not significant","coaA
(AENJPLPP_01457)","AENJPLPP_01457"
"AENJPLPP_01024","sdhB","L-serine dehydratase, beta chain","sdhB","CDS","4.3.1.17","",1352.79741288867,0.523063244167955,0.0785400218268333,6.65983064432063,2.74143295202082e-11,5.09586125224618e-11,"Not significant","sdhB
(AENJPLPP_01024)","AENJPLPP_01024"
"AENJPLPP_01734","glpK","Glycerol kinase","glpK","CDS","2.7.1.30","COG0554",281.969421236159,0.796121792961527,0.119688342660466,6.65162350204797,2.89877459869191e-11,5.38479717119213e-11,"Not significant","glpK
(AENJPLPP_01734)","AENJPLPP_01734"
"AENJPLPP_02180",NA,"hypothetical protein","hypothetical protein","CDS","","",51.1741355085799,1.97896455012709,0.29756216180054,6.65059205831964,2.91916345992812e-11,5.41911590495509e-11,"Not significant","hypothetical protein","AENJPLPP_02180"
"AENJPLPP_01322",NA,"hypothetical protein","hypothetical protein","CDS","","",91.8462556526854,-1.35704176872871,0.204480886842472,-6.63652133792899,3.21172462712214e-11,5.95831744389435e-11,"Not significant","hypothetical protein","AENJPLPP_01322"
"AENJPLPP_02914",NA,"hypothetical protein","hypothetical protein","CDS","","",103.791662263113,-1.32927951210475,0.200310195766177,-6.63610510199103,3.22080227743821e-11,5.97124508672402e-11,"Not significant","hypothetical protein","AENJPLPP_02914"
"AENJPLPP_02553","ccpA_2","Catabolite control protein A","ccpA_2","CDS","","COG1609",11894.7531712526,-0.342689685040618,0.0516824494918419,-6.63067808143868,3.34148267621909e-11,6.19092765469649e-11,"Not significant","ccpA_2
(AENJPLPP_02553)","AENJPLPP_02553"
"AENJPLPP_02446",NA,"hypothetical protein","hypothetical protein","CDS","","",520.559541002631,0.622937310146762,0.0939687299215851,6.62919793282925,3.3751575541316e-11,6.2492289311619e-11,"Not significant","hypothetical protein","AENJPLPP_02446"
"AENJPLPP_02009",NA,"hypothetical protein","hypothetical protein","CDS","","",813.851593643183,0.645719192233433,0.0977338131326127,6.60691700790669,3.92405870306651e-11,7.26079097279823e-11,"Not significant","hypothetical protein","AENJPLPP_02009"
"AENJPLPP_00014","baiN","3-dehydro-bile acid delta(4,6)-reductase","baiN","CDS","1.3.1.114","COG2081",1239.45888156462,0.541480783855068,0.081992520075085,6.60402660339266,4.00137672611390e-11,7.39901862287947e-11,"Not significant","baiN
(AENJPLPP_00014)","AENJPLPP_00014"
"AENJPLPP_02327","iadA","Isoaspartyl dipeptidase","iadA","CDS","3.4.19.-","",4944.68161238105,-0.456181076702062,0.0691232942466904,-6.59952743389258,4.12470423724304e-11,7.62208726869128e-11,"Not significant","iadA
(AENJPLPP_02327)","AENJPLPP_02327"
"AENJPLPP_01549",NA,"hypothetical protein","hypothetical protein","CDS","","",98.749819891249,-1.28353728433497,0.194558533691799,-6.59717803161607,4.19057442848546e-11,7.73875812592454e-11,"Not significant","hypothetical protein","AENJPLPP_01549"
"AENJPLPP_00131","proS","Proline--tRNA ligase","proS","CDS","6.1.1.15","COG0442",11034.0979568915,-0.481011776693063,0.0729347657369563,-6.59509593035319,4.2498097741633e-11,7.84303224945e-11,"Not significant","proS
(AENJPLPP_00131)","AENJPLPP_00131"
"AENJPLPP_01049","yjbK","Putative triphosphatase YjbK","yjbK","CDS","3.6.1.-","COG4116",732.557515245284,-0.559941621869298,0.0849160545796298,-6.59406074200273,4.2795648056325e-11,7.89279997703296e-11,"Not significant","yjbK
(AENJPLPP_01049)","AENJPLPP_01049"
"AENJPLPP_01330",NA,"hypothetical protein","hypothetical protein","CDS","","",78.5401612457403,-1.47831750865941,0.224212404920903,-6.59337965346264,4.29925280934878e-11,7.92394837452239e-11,"Not significant","hypothetical protein","AENJPLPP_01330"
"AENJPLPP_02534","pstS1_1","Phosphate-binding protein PstS 1","pstS1_1","CDS","","COG0226",1280.53220845398,0.511113192297285,0.0777035297135346,6.57773455313522,4.77669990156577e-11,8.79820261635178e-11,"Not significant","pstS1_1
(AENJPLPP_02534)","AENJPLPP_02534"
"AENJPLPP_02373","thiI_2","putative tRNA sulfurtransferase","thiI_2","CDS","2.8.1.4","COG0301",2429.230357625,-0.461814725217004,0.0702143988410229,-6.57720827693232,4.79363098089742e-11,8.82364714364148e-11,"Not significant","thiI_2
(AENJPLPP_02373)","AENJPLPP_02373"
"AENJPLPP_02124","divIB","Cell division protein DivIB","divIB","CDS","","",6496.11483962633,-0.411391558882959,0.0626480513836191,-6.56670957511261,5.14392329101613e-11,9.46227864643709e-11,"Not significant","divIB
(AENJPLPP_02124)","AENJPLPP_02124"
"AENJPLPP_01712",NA,"IS630 family transposase ISBs2","IS630 family transposase ISBs2","CDS","","",392.785703855863,0.701933350437785,0.106987027420144,6.56092021027237,5.34767314877567e-11,9.83069005466488e-11,"Not significant","IS630 family transposase ISBs2","AENJPLPP_01712"
"AENJPLPP_00286",NA,"hypothetical protein","hypothetical protein","CDS","","",358.544393393618,0.759974350813644,0.115962524578809,6.55362026287347,5.6158666083915e-11,1.03170138665518e-10,"Not significant","hypothetical protein","AENJPLPP_00286"
"AENJPLPP_00558",NA,"hypothetical protein","hypothetical protein","CDS","","",2620.11626461792,0.413082433841412,0.0630679979886171,6.54979461875367,5.76162667521635e-11,1.05729429745078e-10,"Not significant","hypothetical protein","AENJPLPP_00558"
"AENJPLPP_01074","prmA","Ribosomal protein L11 methyltransferase","prmA","CDS","2.1.1.-","COG2264",996.887986670269,-0.53296719464753,0.0813719170663105,-6.54976819844629,5.76264606487658e-11,1.05729429745078e-10,"Not significant","prmA
(AENJPLPP_01074)","AENJPLPP_01074"
"AENJPLPP_02056","ydjF","putative HTH-type transcriptional regulator YdjF","ydjF","CDS","","COG1349",115.263432736669,1.17706831867031,0.180091858494318,6.5359329872619,6.3214217037151e-11,1.15906378518248e-10,"Not significant","ydjF
(AENJPLPP_02056)","AENJPLPP_02056"
"AENJPLPP_01047","ppnKA","NAD kinase 1","ppnKA","CDS","2.7.1.23","COG0061",1534.33512231538,0.48679309034285,0.0746086483300181,6.52462015113325,6.8174082070383e-11,1.24919628699841e-10,"Not significant","ppnKA
(AENJPLPP_01047)","AENJPLPP_01047"
"AENJPLPP_02497","rihB","Pyrimidine-specific ribonucleoside hydrolase RihB","rihB","CDS","3.2.2.8","COG1957",7077.69078209607,-0.535439981236716,0.0821286204202447,-6.51952971445177,7.05281673502877e-11,1.29149574235876e-10,"Not significant","rihB
(AENJPLPP_02497)","AENJPLPP_02497"
"AENJPLPP_02923",NA,"IS30 family transposase IS1252","IS30 family transposase IS1252","CDS","","COG2826",31.4699265258975,2.40743928868598,0.369596091178443,6.51370332681266,7.33202419102364e-11,1.34175568744589e-10,"Up in serum","IS30 family transposase IS1252","AENJPLPP_02923"
"AENJPLPP_00197","ligA_1","DNA ligase","ligA_1","CDS","6.5.1.2","COG0272",4121.7285215021,-0.492295345343586,0.0756593068568676,-6.50673877140998,7.67997914313627e-11,1.40452331745599e-10,"Not significant","ligA_1
(AENJPLPP_00197)","AENJPLPP_00197"
"AENJPLPP_01516",NA,"hypothetical protein","hypothetical protein","CDS","","",50.8846409194079,-1.83029831118301,0.281366280433222,-6.50503787577134,7.76738070659193e-11,1.41959036671154e-10,"Not significant","hypothetical protein","AENJPLPP_01516"
"AENJPLPP_02059",NA,"hypothetical protein","hypothetical protein","CDS","","",22.6516208898758,-4.10204998251508,0.63207981189655,-6.48976585758515,8.5969875831289e-11,1.57019818373148e-10,"Down in serum","hypothetical protein","AENJPLPP_02059"
"AENJPLPP_01379","birA","Bifunctional ligase/repressor BirA","birA","CDS","6.3.4.15","COG0340",2260.54850035273,0.431442137550473,0.0666896933114617,6.46939753547079,9.83944241488261e-11,1.79596785793247e-10,"Not significant","birA
(AENJPLPP_01379)","AENJPLPP_01379"
"AENJPLPP_02085",NA,"putative protein","putative protein","CDS","","COG1234",2561.87453604604,0.449092022161004,0.0696216437169276,6.45046566247348,1.11506995870867e-10,2.03399681256717e-10,"Not significant","putative protein","AENJPLPP_02085"
"AENJPLPP_00399",NA,"hypothetical protein","hypothetical protein","CDS","","",40.4665832631905,-2.10133035849439,0.325840795608323,-6.44894803479516,1.12629169496233e-10,2.053143456818e-10,"Down in serum","hypothetical protein","AENJPLPP_00399"
"AENJPLPP_00870","ktrA","Ktr system potassium uptake protein A","ktrA","CDS","","COG0569",5632.25954353556,0.396043036203004,0.0614147724946948,6.44866080448666,1.12842793988572e-10,2.05571396255886e-10,"Not significant","ktrA
(AENJPLPP_00870)","AENJPLPP_00870"
"AENJPLPP_01851",NA,"hypothetical protein","hypothetical protein","CDS","","",2067.67849816439,0.439950211210351,0.0683097374121062,6.44051972497234,1.19065079993533e-10,2.16767357853178e-10,"Not significant","hypothetical protein","AENJPLPP_01851"
"AENJPLPP_02880",NA,"hypothetical protein","hypothetical protein","CDS","","",188.610089954585,-0.913717105622912,0.141986440934879,-6.43524198230999,1.23276774083652e-10,2.24290840251169e-10,"Not significant","hypothetical protein","AENJPLPP_02880"
"AENJPLPP_01018",NA,"putative transporter","putative transporter","CDS","","",350.272436139512,-0.710567901079539,0.110495580755544,-6.4307359282682,1.26987609515378e-10,2.30893977224172e-10,"Not significant","putative transporter","AENJPLPP_01018"
"AENJPLPP_01337","yjiA","P-loop guanosine triphosphatase YjiA","yjiA","CDS","3.6.-.-","COG0523",613.525548216096,0.580105696709853,0.0902721290962182,6.42618826561116,1.30843338793175e-10,2.37751920490038e-10,"Not significant","yjiA
(AENJPLPP_01337)","AENJPLPP_01337"
"AENJPLPP_02065",NA,"Nucleoid-associated protein","Nucleoid-associated protein","CDS","","COG0718",1107.74436415244,-0.524026874369918,0.0817174758637293,-6.41266594239617,1.42996636269966e-10,2.59668683309989e-10,"Not significant","Nucleoid-associated protein","AENJPLPP_02065"
"AENJPLPP_02066","recR","Recombination protein RecR","recR","CDS","","COG0353",3813.2546303066,-0.403023999500323,0.0629051695466035,-6.40685022240885,1.48556625830877e-10,2.69592184440521e-10,"Not significant","recR
(AENJPLPP_02066)","AENJPLPP_02066"
"AENJPLPP_01933",NA,"hypothetical protein","hypothetical protein","CDS","","",40.2121108495309,-2.09676393232908,0.327859555614882,-6.39531133505233,1.60220559750853e-10,2.90572969029253e-10,"Down in serum","hypothetical protein","AENJPLPP_01933"
"AENJPLPP_01467","deoB","Phosphopentomutase","deoB","CDS","5.4.2.7","",8066.09395124967,-0.368731985553259,0.0576583286652908,-6.39512094937342,1.60420322757169e-10,2.90748997263473e-10,"Not significant","deoB
(AENJPLPP_01467)","AENJPLPP_01467"
"AENJPLPP_03078",NA,"hypothetical protein","hypothetical protein","CDS","","",910.528681847202,0.532910811323124,0.0833931279575636,6.39034443694578,1.65512509746216e-10,2.99786254057285e-10,"Not significant","hypothetical protein","AENJPLPP_03078"
"AENJPLPP_02484",NA,"hypothetical protein","hypothetical protein","CDS","","",484.794829401101,0.6311405572281,0.0989553485889191,6.37803379229138,1.7937594073192e-10,3.24688803204645e-10,"Not significant","hypothetical protein","AENJPLPP_02484"
"AENJPLPP_02785",NA,"hypothetical protein","hypothetical protein","CDS","","",78.0276485437931,1.38765305486428,0.217641994108019,6.37585159312393,1.81949053763555e-10,3.29135956041293e-10,"Not significant","hypothetical protein","AENJPLPP_02785"
"AENJPLPP_01758",NA,"hypothetical protein","hypothetical protein","CDS","","",240.560048986624,-0.825834588725326,0.129841467963425,-6.3603300369182,2.01320709522121e-10,3.63945676026261e-10,"Not significant","hypothetical protein","AENJPLPP_01758"
"AENJPLPP_03068","repD","Replication initiation protein","repD","CDS","","",372.439816380567,-0.693017720948755,0.109046630547317,-6.35524194989263,2.08098814550305e-10,3.75958994251381e-10,"Not significant","repD
(AENJPLPP_03068)","AENJPLPP_03068"
"AENJPLPP_01994","gdx","Guanidinium exporter","gdx","CDS","","COG2076",145.063299671335,-1.08216376481097,0.170283920369328,-6.3550555006243,2.08351381424943e-10,3.76175230110977e-10,"Not significant","gdx
(AENJPLPP_01994)","AENJPLPP_01994"
"AENJPLPP_02166",NA,"hypothetical protein","hypothetical protein","CDS","","",24.8937057070118,2.80521979972823,0.441930613507472,6.34764760346434,2.18632178363689e-10,3.94485466505801e-10,"Up in serum","hypothetical protein","AENJPLPP_02166"
"AENJPLPP_02912",NA,"IS3 family transposase ISEfa8","IS3 family transposase ISEfa8","CDS","","",30.9248086661372,-2.79090864520477,0.439969462669542,-6.34341444579076,2.24727795551734e-10,4.05225725609528e-10,"Down in serum","IS3 family transposase ISEfa8","AENJPLPP_02912"
"AENJPLPP_02266","COQ5_2","2-methoxy-6-polyprenyl-1,4-benzoquinol methylase, mitochondrial","COQ5_2","CDS","2.1.1.163","",1856.32689614887,0.460258647728573,0.0726746465843967,6.3331391256795,2.4022276502115e-10,4.32890291390755e-10,"Not significant","COQ5_2
(AENJPLPP_02266)","AENJPLPP_02266"
"AENJPLPP_00447",NA,"hypothetical protein","hypothetical protein","CDS","","",767.811893714885,0.628837846880529,0.0994617855937207,6.32240657179826,2.57520728567138e-10,4.63766655581149e-10,"Not significant","hypothetical protein","AENJPLPP_00447"
"AENJPLPP_00412","ulaA_1","Ascorbate-specific PTS system EIIC component","ulaA_1","CDS","","COG3037",93.7172938508726,1.33054497429574,0.210522547325788,6.32020176079615,2.6122201700643e-10,4.70133204160969e-10,"Not significant","ulaA_1
(AENJPLPP_00412)","AENJPLPP_00412"
"AENJPLPP_00443","pyrP","Uracil permease","pyrP","CDS","","",1304.45605530408,1.24556135727562,0.197230419747077,6.31525988167997,2.69707852526774e-10,4.84789162224316e-10,"Not significant","pyrP
(AENJPLPP_00443)","AENJPLPP_00443"
"AENJPLPP_01613","ndoA","Endoribonuclease EndoA","ndoA","CDS","3.1.27.-","COG2337",770.690798057214,0.547439425324477,0.0866849904676294,6.3152735251082,2.69684058473801e-10,4.84789162224316e-10,"Not significant","ndoA
(AENJPLPP_01613)","AENJPLPP_01613"
"AENJPLPP_00195","clcA","H(+)/Cl(-) exchange transporter ClcA","clcA","CDS","","COG0038",1470.92776291635,-0.435010453884101,0.0689090843670351,-6.3128172124168,2.74001060195577e-10,4.92183764187251e-10,"Not significant","clcA
(AENJPLPP_00195)","AENJPLPP_00195"
"AENJPLPP_01618",NA,"hypothetical protein","hypothetical protein","CDS","","",573.635668762545,0.661455991770615,0.10478142009703,6.31272215205801,2.74169479379475e-10,4.92183764187251e-10,"Not significant","hypothetical protein","AENJPLPP_01618"
"AENJPLPP_02621","cspLA_2","Cold shock-like protein CspLA","cspLA_2","CDS","","COG1278",12104.0261223024,-0.489030925198253,0.0776283559391981,-6.29964294981699,2.98332054768208e-10,5.35220562134852e-10,"Not significant","cspLA_2
(AENJPLPP_02621)","AENJPLPP_02621"
"AENJPLPP_02676","rimM","Ribosome maturation factor RimM","rimM","CDS","","",912.605225134747,-0.637915540598721,0.101575826141563,-6.28019052200155,3.38158375474158e-10,6.06286485729793e-10,"Not significant","rimM
(AENJPLPP_02676)","AENJPLPP_02676"
"AENJPLPP_02093","udg","Type-4 uracil-DNA glycosylase","udg","CDS","3.2.2.27","COG1573",434.269742231924,0.659036036818727,0.105057852324679,6.2730773781858,3.5398087380332e-10,6.34253071985569e-10,"Not significant","udg
(AENJPLPP_02093)","AENJPLPP_02093"
"AENJPLPP_02496",NA,"hypothetical protein","hypothetical protein","CDS","","",2322.99140311576,-0.588846767782642,0.094056591811695,-6.26055820693074,3.83601855613902e-10,6.86892380292825e-10,"Not significant","hypothetical protein","AENJPLPP_02496"
"AENJPLPP_00971",NA,"hypothetical protein","hypothetical protein","CDS","","",20.2657805672827,4.97532111782734,0.795667635705619,6.25301431723447,4.02605213586368e-10,7.20464829116945e-10,"Up in serum","hypothetical protein","AENJPLPP_00971"
"AENJPLPP_02469","ntpB","V-type sodium ATPase subunit B","ntpB","CDS","","",12336.9690764645,0.417229400277673,0.0667571211401655,6.24996095025794,4.10555320432017e-10,7.34227487140265e-10,"Not significant","ntpB
(AENJPLPP_02469)","AENJPLPP_02469"
"AENJPLPP_01556",NA,"3-beta-hydroxycholanate 3-dehydrogenase (NAD(+)) 2","3-beta-hydroxycholanate 3-dehydrogenase (NAD(+)) 2","CDS","1.1.1.391","COG1028",1721.4459379923,-0.441776842201231,0.0706860832816461,-6.24984185983241,4.10868483426261e-10,7.3432365945691e-10,"Not significant","3-beta-hydroxycholanate 3-dehydrogenase (NAD(+)) 2","AENJPLPP_01556"
"AENJPLPP_00394","mprA","Response regulator MprA","mprA","CDS","","",361.454687448413,0.705549396459528,0.113581919900805,6.21181079766666,5.23774705226274e-10,9.35524410407307e-10,"Not significant","mprA
(AENJPLPP_00394)","AENJPLPP_00394"
"AENJPLPP_03054","bin3_2","Putative transposon Tn552 DNA-invertase bin3","bin3_2","CDS","","",640.918074071108,0.547340678567534,0.0883843550293582,6.19273262090023,5.91299885313751e-10,1.05546656703861e-09,"Not significant","bin3_2
(AENJPLPP_03054)","AENJPLPP_03054"
"AENJPLPP_00842",NA,"Alpha-monoglucosyldiacylglycerol synthase","Alpha-monoglucosyldiacylglycerol synthase","CDS","2.4.1.337","COG0438",3235.84359160923,0.389644101576918,0.0629363612860391,6.1910808571539,5.97530455497316e-10,1.06591601733642e-09,"Not significant","Alpha-monoglucosyldiacylglycerol synthase","AENJPLPP_00842"
"AENJPLPP_03044","sasA_4","Adaptive-response sensory-kinase SasA","sasA_4","CDS","2.7.-.-","",171.09194318543,0.947707606200219,0.153079443082956,6.19095279623303,5.98016177248039e-10,1.06611070389748e-09,"Not significant","sasA_4
(AENJPLPP_03044)","AENJPLPP_03044"
"AENJPLPP_01081","ybiT_2","putative ABC transporter ATP-binding protein YbiT","ybiT_2","CDS","","COG0488",657.261616052925,-0.541805537889632,0.0875481406280146,-6.18865842270395,6.06784063537604e-10,1.08106084573629e-09,"Not significant","ybiT_2
(AENJPLPP_01081)","AENJPLPP_01081"
"AENJPLPP_00690",NA,"hypothetical protein","hypothetical protein","CDS","","",851.395440970806,0.54184701057942,0.0875985663272384,6.1855693911161,6.18787076491284e-10,1.10175233556404e-09,"Not significant","hypothetical protein","AENJPLPP_00690"
"AENJPLPP_01417",NA,"hypothetical protein","hypothetical protein","CDS","","",5010.80290991524,-0.365961474321289,0.0591691324399589,-6.18500659431915,6.20998739122624e-10,1.10499524227288e-09,"Not significant","hypothetical protein","AENJPLPP_01417"
"AENJPLPP_02821","rpe_2","Ribulose-phosphate 3-epimerase","rpe_2","CDS","5.1.3.1","",663.622568881523,-0.578282658958845,0.0937165004425525,-6.17055327747037,6.80514395315326e-10,1.21013583739805e-09,"Not significant","rpe_2
(AENJPLPP_02821)","AENJPLPP_02821"
"AENJPLPP_00986","groL","60 kDa chaperonin","groL","CDS","","COG0459",26698.1496385882,0.328035841998648,0.0532191621331672,6.16386708941083,7.09895349847466e-10,1.26159054326314e-09,"Not significant","groL
(AENJPLPP_00986)","AENJPLPP_00986"
"AENJPLPP_00368",NA,"hypothetical protein","hypothetical protein","CDS","","",225.945183396154,-0.838648544742271,0.136092974947904,-6.16232061253203,7.16865206262529e-10,1.27317779104719e-09,"Not significant","hypothetical protein","AENJPLPP_00368"
"AENJPLPP_02110",NA,"Farnesyl diphosphate synthase","Farnesyl diphosphate synthase","CDS","2.5.1.10","",2099.16070475164,0.412743941019463,0.0670366744147184,6.15698712119947,7.41418756270546e-10,1.31596018746202e-09,"Not significant","Farnesyl diphosphate synthase","AENJPLPP_02110"
"AENJPLPP_01066",NA,"hypothetical protein","hypothetical protein","CDS","","",6800.70770937543,-0.39094413598708,0.063528779365241,-6.15381154640885,7.56425627185919e-10,1.34175498155598e-09,"Not significant","hypothetical protein","AENJPLPP_01066"
"AENJPLPP_03004",NA,"hypothetical protein","hypothetical protein","CDS","","",214.396048140128,-0.833491515425187,0.135678327693965,-6.14314407902494,8.09038349121741e-10,1.43418131895031e-09,"Not significant","hypothetical protein","AENJPLPP_03004"
"AENJPLPP_00454","panT_1","Pantothenate transporter PanT","panT_1","CDS","","",1783.79477737894,0.414748051711567,0.0675414099921256,6.14064840754614,8.21853102381036e-10,1.45598631592035e-09,"Not significant","panT_1
(AENJPLPP_00454)","AENJPLPP_00454"
"AENJPLPP_00636",NA,"hypothetical protein","hypothetical protein","CDS","","",58.0127002682037,-1.69084963711669,0.275573273834828,-6.13575334642265,8.47565746566718e-10,1.50059951752994e-09,"Not significant","hypothetical protein","AENJPLPP_00636"
"AENJPLPP_00098","feuB","Iron-uptake system permease protein FeuB","feuB","CDS","","COG0609",149.385251180568,0.981639964678334,0.160377997998004,6.12078949065414,9.31128501493197e-10,1.64751549232952e-09,"Not significant","feuB
(AENJPLPP_00098)","AENJPLPP_00098"
"AENJPLPP_01128","mngB","Mannosylglycerate hydrolase","mngB","CDS","3.2.1.-","COG0383",207.491450250725,-0.862486750986208,0.141033940852444,-6.11545522852958,9.62817121945992e-10,1.70252046984953e-09,"Not significant","mngB
(AENJPLPP_01128)","AENJPLPP_01128"
"AENJPLPP_01421","dnaA","Chromosomal replication initiator protein DnaA","dnaA","CDS","","COG0593",8840.7990296091,-0.324075845796054,0.0530559178215292,-6.10819412994019,1.00764745691328e-09,1.78068036861516e-09,"Not significant","dnaA
(AENJPLPP_01421)","AENJPLPP_01421"
"AENJPLPP_02004",NA,"hypothetical protein","hypothetical protein","CDS","","",618.332636413403,0.547878131992595,0.0900170877754464,6.08637921456994,1.1549271205414e-09,2.03967478368852e-09,"Not significant","hypothetical protein","AENJPLPP_02004"
"AENJPLPP_02512",NA,"hypothetical protein","hypothetical protein","CDS","","",1414.50553920849,0.48928915094167,0.0804138660971812,6.08463657686049,1.16755839400362e-09,2.06069689116225e-09,"Not significant","hypothetical protein","AENJPLPP_02512"
"AENJPLPP_02188",NA,"hypothetical protein","hypothetical protein","CDS","","",20.9910316481924,5.45580681448053,0.897520738874546,6.07875292254738,1.2112082039142e-09,2.13640524939633e-09,"Up in serum","hypothetical protein","AENJPLPP_02188"
"AENJPLPP_02303","steT_2","Serine/threonine exchanger SteT","steT_2","CDS","","COG0531",1727.30610760838,-0.45593109086737,0.0750335078275153,-6.07636646703831,1.22936284626087e-09,2.16707734605511e-09,"Not significant","steT_2
(AENJPLPP_02303)","AENJPLPP_02303"
"AENJPLPP_01844","kefG","Glutathione-regulated potassium-efflux system ancillary protein KefG","kefG","CDS","1.6.5.2","",518.438622419484,-0.582772106045104,0.0961233132262748,-6.06275508495276,1.33809347053902e-09,2.35727605170875e-09,"Not significant","kefG
(AENJPLPP_01844)","AENJPLPP_01844"
"AENJPLPP_01950",NA,"hypothetical protein","hypothetical protein","CDS","","",187.107864318266,-0.92746436457013,0.153194817115797,-6.05414975539987,1.41161244371155e-09,2.48524553989267e-09,"Not significant","hypothetical protein","AENJPLPP_01950"
"AENJPLPP_01979","nhaC_3","Na(+)/H(+) antiporter NhaC","nhaC_3","CDS","","COG1757",1858.48626867615,0.402885767786475,0.0667518332883452,6.03557607243752,1.58396586595834e-09,2.78695299349165e-09,"Not significant","nhaC_3
(AENJPLPP_01979)","AENJPLPP_01979"
"AENJPLPP_00613","hgdH","(R)-2-hydroxyglutarate dehydrogenase","hgdH","CDS","1.1.1.399","COG1052",94.935003599695,1.20173141335583,0.199375539625176,6.02747666847733,1.66539283076333e-09,2.9284019278826e-09,"Not significant","hgdH
(AENJPLPP_00613)","AENJPLPP_00613"
"AENJPLPP_00508","glnM","putative glutamine ABC transporter permease protein GlnM","glnM","CDS","","COG0765",710.653759598712,-0.534722222491779,0.0887584074258383,-6.02446841938397,1.69666327763645e-09,2.98153553009857e-09,"Not significant","glnM
(AENJPLPP_00508)","AENJPLPP_00508"
"AENJPLPP_01646","kduD","2-dehydro-3-deoxy-D-gluconate 5-dehydrogenase","kduD","CDS","1.1.1.127","",488.521074658909,-0.597865541971947,0.0994812598141223,-6.00983082732407,1.85717018617333e-09,3.26156873266545e-09,"Not significant","kduD
(AENJPLPP_01646)","AENJPLPP_01646"
"AENJPLPP_00811","penA","Penicillin-binding protein 2B","penA","CDS","","COG0768",8132.91653349723,0.320751916581213,0.0533913529649136,6.00756299979881,1.88332635445185e-09,3.30545375663558e-09,"Not significant","penA
(AENJPLPP_00811)","AENJPLPP_00811"
"AENJPLPP_02891",NA,"hypothetical protein","hypothetical protein","CDS","","",93.6206705102779,1.24936024677014,0.207971959034767,6.00734951273541,1.88580702814649e-09,3.30775693722598e-09,"Not significant","hypothetical protein","AENJPLPP_02891"
"AENJPLPP_02287","bglC","Aryl-phospho-beta-D-glucosidase BglC","bglC","CDS","3.2.1.86","COG2723",1905.32117460531,0.444488406350677,0.0743008272404817,5.98228072094067,2.2003462297727e-09,3.85707750866038e-09,"Not significant","bglC
(AENJPLPP_02287)","AENJPLPP_02287"
"AENJPLPP_02111","tlyA","Hemolysin A","tlyA","CDS","","COG1189",2569.00660756174,0.40134343257536,0.0670951477836529,5.98170576908906,2.2081287824632e-09,3.86832461828794e-09,"Not significant","tlyA
(AENJPLPP_02111)","AENJPLPP_02111"
"AENJPLPP_01319",NA,"hypothetical protein","hypothetical protein","CDS","","",86.8837260532147,-1.26782021445411,0.212204583307578,-5.97451852685233,2.30770709217793e-09,4.04027135309569e-09,"Not significant","hypothetical protein","AENJPLPP_01319"
"AENJPLPP_00676",NA,"hypothetical protein","hypothetical protein","CDS","","",2112.1054484773,0.408887921722286,0.06847009499111,5.97177383462627,2.3468773084192e-09,4.10631004952704e-09,"Not significant","hypothetical protein","AENJPLPP_00676"
"AENJPLPP_00233",NA,"hypothetical protein","hypothetical protein","CDS","","",1400.40989097046,0.502714287280621,0.0844251916581636,5.95455310680376,2.60783438727588e-09,4.5600859483496e-09,"Not significant","hypothetical protein","AENJPLPP_00233"
"AENJPLPP_00962",NA,"hypothetical protein","hypothetical protein","CDS","","",22.081522137721,3.0783094415612,0.517565502411838,5.94767121691144,2.71984209903201e-09,4.75300801380223e-09,"Up in serum","hypothetical protein","AENJPLPP_00962"
"AENJPLPP_02038",NA,"hypothetical protein","hypothetical protein","CDS","","",395.916945709027,-0.698595243809319,0.11769286365081,-5.9357485419169,2.9250783085286e-09,5.10851122235933e-09,"Not significant","hypothetical protein","AENJPLPP_02038"
"AENJPLPP_02975",NA,"hypothetical protein","hypothetical protein","CDS","","",111.996147148369,-1.09729779110329,0.185186132407731,-5.92537776364015,3.11580281840327e-09,5.43824770585675e-09,"Not significant","hypothetical protein","AENJPLPP_02975"
"AENJPLPP_00353","ohrR","Organic hydroperoxide resistance transcriptional regulator","ohrR","CDS","","",901.042151792639,-0.466762105602222,0.0788393626604452,-5.9204195702663,3.21121311651878e-09,5.60132121556664e-09,"Not significant","ohrR
(AENJPLPP_00353)","AENJPLPP_00353"
"AENJPLPP_02990","umuC_2","Protein UmuC","umuC_2","CDS","","COG0389",971.706406005014,0.5387539624352,0.0910306031611648,5.91838287044374,3.25122416899007e-09,5.66762045714956e-09,"Not significant","umuC_2
(AENJPLPP_02990)","AENJPLPP_02990"
"AENJPLPP_00812","ybbH_2","putative HTH-type transcriptional regulator YbbH","ybbH_2","CDS","","COG1737",1009.45322534503,0.461073101883005,0.077942789223348,5.91553248834581,3.30803602080176e-09,5.76310767685525e-09,"Not significant","ybbH_2
(AENJPLPP_00812)","AENJPLPP_00812"
"AENJPLPP_01702",NA,"hypothetical protein","hypothetical protein","CDS","","",341.931632539747,-0.667497944796502,0.112849783241177,-5.91492447415658,3.32027901603102e-09,5.78087939383999e-09,"Not significant","hypothetical protein","AENJPLPP_01702"
"AENJPLPP_00694","fmnP","Riboflavin transporter FmnP","fmnP","CDS","","COG3601",1088.12935286338,0.597115894181964,0.100965615924754,5.91405191473278,3.33792601504639e-09,5.80803229784654e-09,"Not significant","fmnP
(AENJPLPP_00694)","AENJPLPP_00694"
"AENJPLPP_00501","ilvE","Branched-chain-amino-acid aminotransferase","ilvE","CDS","2.6.1.42","COG0115",4669.35617350717,-0.35258178901078,0.0596423633283927,-5.91159989870713,3.38800685227093e-09,5.89155245625247e-09,"Not significant","ilvE
(AENJPLPP_00501)","AENJPLPP_00501"
"AENJPLPP_01745",NA,"hypothetical protein","hypothetical protein","CDS","","",335.725454849037,0.722260759621432,0.122335429874882,5.90393772564595,3.54926183843389e-09,6.16817695801494e-09,"Not significant","hypothetical protein","AENJPLPP_01745"
"AENJPLPP_02600",NA,"hypothetical protein","hypothetical protein","CDS","","",691.384624860399,-0.513705093755762,0.0870234782632029,-5.90306321935396,3.56813462195678e-09,6.19717123604886e-09,"Not significant","hypothetical protein","AENJPLPP_02600"
"AENJPLPP_00263","xerC_2","Tyrosine recombinase XerC","xerC_2","CDS","","",54.4211114833975,-1.57644517483841,0.267175325557784,-5.90041453696091,3.62589400346617e-09,6.29362717585084e-09,"Not significant","xerC_2
(AENJPLPP_00263)","AENJPLPP_00263"
"AENJPLPP_01912",NA,"hypothetical protein","hypothetical protein","CDS","","",114.104924653873,-1.11568266694596,0.189411805116235,-5.89024884832977,3.85614502945745e-09,6.68918295244733e-09,"Not significant","hypothetical protein","AENJPLPP_01912"
"AENJPLPP_02613",NA,"hypothetical protein","hypothetical protein","CDS","","",5346.43144009291,0.329169990221391,0.0559119422888032,5.88729306739376,3.92572229982547e-09,6.8057071835921e-09,"Not significant","hypothetical protein","AENJPLPP_02613"
"AENJPLPP_01554",NA,"hypothetical protein","hypothetical protein","CDS","","",1463.34113633636,-0.413091272676184,0.0701893158389518,-5.88538679624709,3.97124129600625e-09,6.8804064314527e-09,"Not significant","hypothetical protein","AENJPLPP_01554"
"AENJPLPP_00722",NA,"Calcium-transporting ATPase","Calcium-transporting ATPase","CDS","7.2.2.10","COG0474",13859.6479203634,-0.309425590293353,0.0526447371548642,-5.87761677645233,4.1621509051911e-09,7.20675792819327e-09,"Not significant","Calcium-transporting ATPase","AENJPLPP_00722"
"AENJPLPP_03096",NA,"hypothetical protein","hypothetical protein","CDS","","",89.1091576010857,-1.19187329108991,0.203308867102787,-5.86237731818816,4.56286714557729e-09,7.89576826963894e-09,"Not significant","hypothetical protein","AENJPLPP_03096"
"AENJPLPP_00985","xerC_5","Tyrosine recombinase XerC","xerC_5","CDS","","",903.246116521713,-0.494076508771177,0.0843234181681624,-5.85930361345009,4.64812205632574e-09,8.0383833484778e-09,"Not significant","xerC_5
(AENJPLPP_00985)","AENJPLPP_00985"
"AENJPLPP_00708",NA,"hypothetical protein","hypothetical protein","CDS","","",933.76605441942,0.537890368195616,0.0918502962917107,5.85616366971001,4.73681420270926e-09,8.18676496206955e-09,"Not significant","hypothetical protein","AENJPLPP_00708"
"AENJPLPP_01589","pnp_2","Polyribonucleotide nucleotidyltransferase","pnp_2","CDS","2.7.7.8","COG1185",22998.1159332368,0.315382870271082,0.0538773430398772,5.85371981015567,4.80698203323143e-09,8.30296896649066e-09,"Not significant","pnp_2
(AENJPLPP_01589)","AENJPLPP_01589"
"AENJPLPP_00259",NA,"hypothetical protein","hypothetical protein","CDS","","",763.763071224043,0.507337564398899,0.0868822449161174,5.83936988378604,5.23986207736644e-09,9.04515215916121e-09,"Not significant","hypothetical protein","AENJPLPP_00259"
"AENJPLPP_01355","scaC_1","Manganese import ATP-binding protein ScaC","scaC_1","CDS","7.2.2.5","COG1121",489.436557953839,0.557286276401011,0.0956686113705617,5.82517367417852,5.70532370015945e-09,9.84263948516235e-09,"Not significant","scaC_1
(AENJPLPP_01355)","AENJPLPP_01355"
"AENJPLPP_02315","manX_4","PTS system mannose-specific EIIAB component","manX_4","CDS","2.7.1.191","",17.3474076112765,3.89038346713312,0.667887056563417,5.82491220469357,5.71426315189608e-09,9.85205784593045e-09,"Up in serum","manX_4
(AENJPLPP_02315)","AENJPLPP_02315"
"AENJPLPP_00328","gadC_1","Glutamate/gamma-aminobutyrate antiporter","gadC_1","CDS","","COG0531",149.437844610407,0.934834626558257,0.160658567841124,5.81876608960388,5.92836266439885e-09,1.02149693870439e-08,"Not significant","gadC_1
(AENJPLPP_00328)","AENJPLPP_00328"
"AENJPLPP_03079","soj_2","Sporulation initiation inhibitor protein Soj","soj_2","CDS","3.6.-.-","COG1192",1842.36716499038,0.386903571369436,0.0664980250588718,5.81827161072685,5.94592300825004e-09,1.02389951559342e-08,"Not significant","soj_2
(AENJPLPP_03079)","AENJPLPP_03079"
"AENJPLPP_02509","atpG","ATP synthase gamma chain","atpG","CDS","","COG0224",11082.8794969676,-0.390703598825356,0.0672407556800187,-5.81051766706212,6.22799596100081e-09,1.07182106781722e-08,"Not significant","atpG
(AENJPLPP_02509)","AENJPLPP_02509"
"AENJPLPP_01865",NA,"hypothetical protein","hypothetical protein","CDS","","",286.931397191558,0.688200448179104,0.11855036426688,5.80513145138746,6.43155254716221e-09,1.10618014951496e-08,"Not significant","hypothetical protein","AENJPLPP_01865"
"AENJPLPP_02762",NA,"hypothetical protein","hypothetical protein","CDS","","",58.2158667724199,1.45504259770631,0.251121169020912,5.79418534637809,6.86536067033836e-09,1.18007504904237e-08,"Not significant","hypothetical protein","AENJPLPP_02762"
"AENJPLPP_02523","yigZ","IMPACT family member YigZ","yigZ","CDS","","COG1739",590.653757113712,0.553027223318783,0.0956206487409004,5.78355439542456,7.31385230578692e-09,1.25640266248075e-08,"Not significant","yigZ
(AENJPLPP_02523)","AENJPLPP_02523"
"AENJPLPP_01458","rsmC","Ribosomal RNA small subunit methyltransferase C","rsmC","CDS","2.1.1.172","COG2813",1367.30832178442,-0.450387772752405,0.0778850787844536,-5.78272218224045,7.35013948708459e-09,1.26187052079663e-08,"Not significant","rsmC
(AENJPLPP_01458)","AENJPLPP_01458"
"AENJPLPP_00552",NA,"hypothetical protein","hypothetical protein","CDS","","",235.624221370162,-0.73444967984016,0.12714651973787,-5.7764041151447,7.63139585807808e-09,1.30936252571025e-08,"Not significant","hypothetical protein","AENJPLPP_00552"
"AENJPLPP_00167","whiA","putative cell division protein WhiA","whiA","CDS","","COG1481",2536.54766176058,0.372826024721278,0.0645507280505249,5.77570595996161,7.66310976749634e-09,1.31400749556524e-08,"Not significant","whiA
(AENJPLPP_00167)","AENJPLPP_00167"
"AENJPLPP_00680",NA,"hypothetical protein","hypothetical protein","CDS","","",2723.21931048913,0.428437476504191,0.0745438057931132,5.7474591207922,9.05944926443578e-09,1.55250005251923e-08,"Not significant","hypothetical protein","AENJPLPP_00680"
"AENJPLPP_00843","dgs","Processive diacylglycerol alpha-glucosyltransferase","dgs","CDS","2.4.1.208","COG0438",3234.13347057962,0.351991216176213,0.0612589450134385,5.74595622074452,9.14029554479518e-09,1.56540693813159e-08,"Not significant","dgs
(AENJPLPP_00843)","AENJPLPP_00843"
"AENJPLPP_00740","lacR_1","Lactose phosphotransferase system repressor","lacR_1","CDS","","",72.1576368829979,-1.42269619090568,0.248312512561347,-5.72945831939982,1.00751840637581e-08,1.7244767886638e-08,"Not significant","lacR_1
(AENJPLPP_00740)","AENJPLPP_00740"
"AENJPLPP_00006",NA,"hypothetical protein","hypothetical protein","CDS","","",935.402737074756,0.45737022981658,0.0799404477669309,5.72138688977648,1.05657988985489e-08,1.80735810766114e-08,"Not significant","hypothetical protein","AENJPLPP_00006"
"AENJPLPP_00397","hrtA_1","Putative hemin import ATP-binding protein HrtA","hrtA_1","CDS","3.6.3.-","COG1136",19.4637653172194,-3.15924159485665,0.554292925355274,-5.69958852141534,1.20096950861654e-08,2.05310669015303e-08,"Down in serum","hrtA_1
(AENJPLPP_00397)","AENJPLPP_00397"
"AENJPLPP_02835",NA,"IS3 family transposase ISEfa10","IS3 family transposase ISEfa10","CDS","","",257.567605465117,0.758320171775743,0.133059719341995,5.69909643223193,1.2044408533949e-08,2.05779846467167e-08,"Not significant","IS3 family transposase ISEfa10","AENJPLPP_02835"
"AENJPLPP_01199","hpt","Hypoxanthine-guanine phosphoribosyltransferase","hpt","CDS","2.4.2.8","",5018.93369304663,-0.370547291916266,0.0653172225848211,-5.67304115595351,1.40284509764324e-08,2.39532839048733e-08,"Not significant","hpt
(AENJPLPP_01199)","AENJPLPP_01199"
"AENJPLPP_01030","rpmG3","50S ribosomal protein L33 3","rpmG3","CDS","","COG0267",431.062053936649,-0.606807894369727,0.107124063758489,-5.66453393457675,1.47424685901983e-08,2.51572806382468e-08,"Not significant","rpmG3
(AENJPLPP_01030)","AENJPLPP_01030"
"AENJPLPP_01218","prkC","Serine/threonine-protein kinase PrkC","prkC","CDS","2.7.11.1","COG0515",16638.8658016305,-0.291852676551767,0.051532674739474,-5.66344902583152,1.48360257086545e-08,2.53016799886752e-08,"Not significant","prkC
(AENJPLPP_01218)","AENJPLPP_01218"
"AENJPLPP_02305","rnmV","Ribonuclease M5","rnmV","CDS","3.1.26.8","COG1658",875.754694677112,-0.524442765871464,0.0926078816553104,-5.66304677849621,1.48708598568454e-08,2.53458183351772e-08,"Not significant","rnmV
(AENJPLPP_02305)","AENJPLPP_02305"
"AENJPLPP_02117","mraZ","Transcriptional regulator MraZ","mraZ","CDS","","",3757.34366991147,0.386723344251536,0.0684466957107589,5.64999289207102,1.60454471526476e-08,2.73313242413631e-08,"Not significant","mraZ
(AENJPLPP_02117)","AENJPLPP_02117"
"AENJPLPP_00097","fepC","Ferric enterobactin transport ATP-binding protein FepC","fepC","CDS","","COG1120",377.271414957094,0.601393940079925,0.10656035576658,5.64369305783169,1.66440695973534e-08,2.83339513109486e-08,"Not significant","fepC
(AENJPLPP_00097)","AENJPLPP_00097"
"AENJPLPP_01845",NA,"hypothetical protein","hypothetical protein","CDS","","",131.491067259943,-0.969616148650371,0.171992811619827,-5.63753879896803,1.72497748163521e-08,2.93474233804644e-08,"Not significant","hypothetical protein","AENJPLPP_01845"
"AENJPLPP_01005","opuAA","Glycine betaine transport ATP-binding protein OpuAA","opuAA","CDS","7.6.2.9","COG4175",4175.79794637211,-0.403775615036669,0.0719671843857008,-5.61055178805766,2.01682504221029e-08,3.42920822492332e-08,"Not significant","opuAA
(AENJPLPP_01005)","AENJPLPP_01005"
"AENJPLPP_01227",NA,"hypothetical protein","hypothetical protein","CDS","","",1585.78378492756,-0.399386034639917,0.0712233951397382,-5.60751188364909,2.05255923896942e-08,3.48787227222234e-08,"Not significant","hypothetical protein","AENJPLPP_01227"
"AENJPLPP_00424","aroE","Shikimate dehydrogenase (NADP(+))","aroE","CDS","1.1.1.25","COG0169",661.600747696801,-0.52730939351586,0.0941764596119171,-5.59916348192319,2.15388606359758e-08,3.65785929576769e-08,"Not significant","aroE
(AENJPLPP_00424)","AENJPLPP_00424"
"AENJPLPP_01409",NA,"hypothetical protein","hypothetical protein","CDS","","",741.8373446139,-0.543159954417412,0.0971654360850908,-5.5900531742764,2.2700008779554e-08,3.85274129825644e-08,"Not significant","hypothetical protein","AENJPLPP_01409"
"AENJPLPP_01103",NA,"hypothetical protein","hypothetical protein","CDS","","",148.733817544801,-0.90783059621265,0.162785363098237,-5.57685641346512,2.44903851227481e-08,4.15412104748351e-08,"Not significant","hypothetical protein","AENJPLPP_01103"
"AENJPLPP_02546","hprK","HPr kinase/phosphorylase","hprK","CDS","2.7.11.-","COG1493",2246.69175896022,0.455583275171939,0.081939416832698,5.56000143498871,2.6977243219155e-08,4.57320811697173e-08,"Not significant","hprK
(AENJPLPP_02546)","AENJPLPP_02546"
"AENJPLPP_01969","ltaS1_2","Lipoteichoic acid synthase 1","ltaS1_2","CDS","","COG1368",1425.17501560852,-0.410805373327133,0.0739028277329076,-5.55872333886636,2.71755059374946e-08,4.60406088025417e-08,"Not significant","ltaS1_2
(AENJPLPP_01969)","AENJPLPP_01969"
"AENJPLPP_02433",NA,"hypothetical protein","hypothetical protein","CDS","","",74.9549443141075,-1.2729753325006,0.229230172644703,-5.55326254748172,2.8038645612132e-08,4.74745249569053e-08,"Not significant","hypothetical protein","AENJPLPP_02433"
"AENJPLPP_02527",NA,"hypothetical protein","hypothetical protein","CDS","","",70.7982093611089,-1.27658302577224,0.230081810027118,-5.54838744367397,2.88316401536133e-08,4.87880294530061e-08,"Not significant","hypothetical protein","AENJPLPP_02527"
"AENJPLPP_00691",NA,"hypothetical protein","hypothetical protein","CDS","","",343.495354555215,-0.60392855900193,0.108855756483515,-5.5479708056908,2.89004117846141e-08,4.8875188627385e-08,"Not significant","hypothetical protein","AENJPLPP_00691"
"AENJPLPP_00537",NA,"hypothetical protein","hypothetical protein","CDS","","",219.865197760135,0.723316527919057,0.130634925394505,5.53693069242174,3.07818288940309e-08,5.20258851337323e-08,"Not significant","hypothetical protein","AENJPLPP_00537"
"AENJPLPP_01816",NA,"hypothetical protein","hypothetical protein","CDS","","",941.010161433359,-0.531602564729066,0.0961129236895874,-5.53102064032475,3.18372856615992e-08,5.37776585369852e-08,"Not significant","hypothetical protein","AENJPLPP_01816"
"AENJPLPP_02316",NA,"putative phosphotransferase enzyme IIB component","putative phosphotransferase enzyme IIB component","CDS","2.7.1.-","",23.5847056819911,2.48962100028609,0.450434113723575,5.527159077063,3.25457839306324e-08,5.49416304756233e-08,"Up in serum","putative phosphotransferase enzyme IIB component","AENJPLPP_02316"
"AENJPLPP_00267",NA,"hypothetical protein","hypothetical protein","CDS","","",247.912388663953,0.713732730183068,0.129144783792806,5.52660904468389,3.26479370659651e-08,5.50812335123643e-08,"Not significant","hypothetical protein","AENJPLPP_00267"
"AENJPLPP_02068","darA","Cyclic di-AMP receptor A","darA","CDS","","COG3870",1719.90592933956,0.411868686613745,0.0746394050343629,5.51811320607561,3.42658680809274e-08,5.7776457735024e-08,"Not significant","darA
(AENJPLPP_02068)","AENJPLPP_02068"
"AENJPLPP_01644","kduI1","4-deoxy-L-threo-5-hexosulose-uronate ketol-isomerase 1","kduI1","CDS","5.3.1.17","COG3717",436.237045992707,0.56968091061967,0.10351763124692,5.50322591193004,3.72904080356931e-08,6.28387768744328e-08,"Not significant","kduI1
(AENJPLPP_01644)","AENJPLPP_01644"
"AENJPLPP_02005","ywpJ_2","Phosphatase YwpJ","ywpJ_2","CDS","3.1.3.-","COG0561",2801.65757502177,0.33389563006054,0.0607142947383628,5.49945661889678,3.80963416773845e-08,6.41586813139057e-08,"Not significant","ywpJ_2
(AENJPLPP_02005)","AENJPLPP_02005"
"AENJPLPP_00776","malH","Maltose-6'-phosphate glucosidase MalH","malH","CDS","3.2.1.122","COG1486",44.4097740848979,1.59720442982781,0.290609291364782,5.49605424632811,3.88383082449298e-08,6.53693523432797e-08,"Not significant","malH
(AENJPLPP_00776)","AENJPLPP_00776"
"AENJPLPP_00306",NA,"hypothetical protein","hypothetical protein","CDS","","",224.914232237329,0.79912446958368,0.145681462550203,5.48542316637092,4.12480810615369e-08,6.93840270262691e-08,"Not significant","hypothetical protein","AENJPLPP_00306"
"AENJPLPP_02220",NA,"hypothetical protein","hypothetical protein","CDS","","",354.12656869078,0.6081483601204,0.11090208831873,5.48365111369766,4.16636061716718e-08,7.00413711828996e-08,"Not significant","hypothetical protein","AENJPLPP_02220"
"AENJPLPP_01716",NA,"hypothetical protein","hypothetical protein","CDS","","",437.566360739122,0.576520207639175,0.105202781172718,5.48008523360868,4.25120988297289e-08,7.14253719803932e-08,"Not significant","hypothetical protein","AENJPLPP_01716"
"AENJPLPP_03138",NA,"hypothetical protein","hypothetical protein","CDS","","",36.4403220898325,1.77050807057733,0.323259736799839,5.47704483120833,4.32487674279361e-08,7.26199647618547e-08,"Not significant","hypothetical protein","AENJPLPP_03138"
"AENJPLPP_02249","mtlA","PTS system mannitol-specific EIICB component","mtlA","CDS","","COG2213",81.5017167508639,1.13022644574421,0.207683076581359,5.4420729139259,5.26641096074537e-08,8.83770564900423e-08,"Not significant","mtlA
(AENJPLPP_02249)","AENJPLPP_02249"
"AENJPLPP_02506","atpF","ATP synthase subunit b","atpF","CDS","","COG0711",4116.67636345702,-0.36966980960744,0.0680299652195253,-5.43392618847526,5.51273918798951e-08,9.24559516658668e-08,"Not significant","atpF
(AENJPLPP_02506)","AENJPLPP_02506"
"AENJPLPP_01094",NA,"hypothetical protein","hypothetical protein","CDS","","",1478.47576052448,0.406681651325607,0.0749482977991592,5.42616261166333,5.75785063471261e-08,9.65096219471367e-08,"Not significant","hypothetical protein","AENJPLPP_01094"
"AENJPLPP_01572","ruvB","Holliday junction ATP-dependent DNA helicase RuvB","ruvB","CDS","3.6.4.12","COG2255",4625.75274220982,-0.358982175016747,0.0661684952365606,-5.42527336813904,5.78659087740242e-08,9.69218833526909e-08,"Not significant","ruvB
(AENJPLPP_01572)","AENJPLPP_01572"
"AENJPLPP_01742","cdr_1","Coenzyme A disulfide reductase","cdr_1","CDS","1.8.1.14","",376.076013400637,0.569286268494447,0.104933886662095,5.42518996106233,5.7892937036171e-08,9.69218833526909e-08,"Not significant","cdr_1
(AENJPLPP_01742)","AENJPLPP_01742"
"AENJPLPP_02149",NA,"hypothetical protein","hypothetical protein","CDS","","",180.968075221477,0.78531424939401,0.145187673636098,5.40895951926568,6.33919550255872e-08,1.06065381015034e-07,"Not significant","hypothetical protein","AENJPLPP_02149"
"AENJPLPP_03120","umuC_3","Protein UmuC","umuC_3","CDS","","COG0389",592.439507447198,0.523592096658249,0.096836355851301,5.40697852635286,6.40968246228136e-08,1.07181400181444e-07,"Not significant","umuC_3
(AENJPLPP_03120)","AENJPLPP_03120"
"AENJPLPP_01785","btuD_4","Vitamin B12 import ATP-binding protein BtuD","btuD_4","CDS","7.6.2.8","",2834.05102431233,0.337150736804209,0.0624281047339409,5.40062425795391,6.64093928236068e-08,1.10982875492108e-07,"Not significant","btuD_4
(AENJPLPP_01785)","AENJPLPP_01785"
"AENJPLPP_02765",NA,"hypothetical protein","hypothetical protein","CDS","","",332.698146998419,0.624406515097348,0.115956085909599,5.38485332787228,7.25037466448889e-08,1.21096228172083e-07,"Not significant","hypothetical protein","AENJPLPP_02765"
"AENJPLPP_02544",NA,"hypothetical protein","hypothetical protein","CDS","","",203.079606918878,0.729168031947389,0.135708720916094,5.37303739232956,7.74212659241094e-08,1.29233256975916e-07,"Not significant","hypothetical protein","AENJPLPP_02544"
"AENJPLPP_01786","hssR","Heme response regulator HssR","hssR","CDS","","",324.788688814397,0.608671918560176,0.113303914690946,5.37202902671475,7.78555721774469e-08,1.29881629248292e-07,"Not significant","hssR
(AENJPLPP_01786)","AENJPLPP_01786"
"AENJPLPP_03106",NA,"hypothetical protein","hypothetical protein","CDS","","",48.7463951673499,-1.56657267492008,0.29177178147238,-5.36917129893309,7.90992617859896e-08,1.3187868675862e-07,"Not significant","hypothetical protein","AENJPLPP_03106"
"AENJPLPP_00018",NA,"hypothetical protein","hypothetical protein","CDS","","",54.7751767255245,1.36961492693863,0.255239291087217,5.36600349070325,8.05003840769394e-08,1.3413571943603e-07,"Not significant","hypothetical protein","AENJPLPP_00018"
"AENJPLPP_01525",NA,"IS110 family transposase ISBth13","IS110 family transposase ISBth13","CDS","","",56.0859958335464,1.49157663069447,0.278067256001696,5.36408584074843,8.13602075147599e-08,1.35488674984874e-07,"Not significant","IS110 family transposase ISBth13","AENJPLPP_01525"
"AENJPLPP_02804",NA,"hypothetical protein","hypothetical protein","CDS","","",40.9120434060701,1.63756420693019,0.305749441449099,5.35590252976081,8.51303944260401e-08,1.41683801657919e-07,"Not significant","hypothetical protein","AENJPLPP_02804"
"AENJPLPP_02758",NA,"hypothetical protein","hypothetical protein","CDS","","",283.057301998709,-0.660912372190152,0.123683836123118,-5.3435630144287,9.11371261886765e-08,1.5159177687435e-07,"Not significant","hypothetical protein","AENJPLPP_02758"
"AENJPLPP_02483","rsiV","Anti-sigma-V factor RsiV","rsiV","CDS","","",339.127577446016,0.611540212679501,0.114460276559249,5.34281613729062,9.15135753926298e-08,1.52128556627443e-07,"Not significant","rsiV
(AENJPLPP_02483)","AENJPLPP_02483"
"AENJPLPP_00706","dnaG","DNA primase","dnaG","CDS","2.7.7.-","COG0358",6835.67707960106,-0.399808823285536,0.0749491162649933,-5.33440343541817,9.58591837692992e-08,1.59259007776342e-07,"Not significant","dnaG
(AENJPLPP_00706)","AENJPLPP_00706"
"AENJPLPP_01327","rhaR_4","HTH-type transcriptional activator RhaR","rhaR_4","CDS","","",152.793703104143,-0.824174978185338,0.15479117637944,-5.32443125934412,1.01269388507883e-07,1.68148761798132e-07,"Not significant","rhaR_4
(AENJPLPP_01327)","AENJPLPP_01327"
"AENJPLPP_02930",NA,"IS256 family transposase ISEf1","IS256 family transposase ISEf1","CDS","","",56.0003458706605,1.34220965900505,0.252122868952199,5.32363313404754,1.0171494592177e-07,1.68789573214847e-07,"Not significant","IS256 family transposase ISEf1","AENJPLPP_02930"
"AENJPLPP_00678","ypjD","putative protein YpjD","ypjD","CDS","","COG1694",822.117108061683,-0.468945533775385,0.088112604184756,-5.32211637726756,1.02566917894159e-07,1.70103658206423e-07,"Not significant","ypjD
(AENJPLPP_00678)","AENJPLPP_00678"
"AENJPLPP_00840","ykuJ","putative protein YkuJ","ykuJ","CDS","","COG4703",6350.44232555947,0.322465706648954,0.060876405149285,5.29705566316183,1.17684829412036e-07,1.95061915729201e-07,"Not significant","ykuJ
(AENJPLPP_00840)","AENJPLPP_00840"
"AENJPLPP_00931",NA,"hypothetical protein","hypothetical protein","CDS","","",14.3635682369808,4.89905116145631,0.925590556180473,5.29289233640482,1.20396807684487e-07,1.99440235549902e-07,"Up in serum","hypothetical protein","AENJPLPP_00931"
"AENJPLPP_01875","araQ_4","L-arabinose transport system permease protein AraQ","araQ_4","CDS","","COG0395",81.6283035081495,1.10978447781204,0.209708675236769,5.29202941442003,1.20966429848823e-07,2.00149598423154e-07,"Not significant","araQ_4
(AENJPLPP_01875)","AENJPLPP_01875"
"AENJPLPP_02984",NA,"hypothetical protein","hypothetical protein","CDS","","",337.481112609177,-0.617073067654796,0.116603658360561,-5.29205580966156,1.20948967528226e-07,2.00149598423154e-07,"Not significant","hypothetical protein","AENJPLPP_02984"
"AENJPLPP_02899",NA,"IS1182 family transposase ISEfa7","IS1182 family transposase ISEfa7","CDS","","",18.6562133054709,2.8228427914199,0.534030171333672,5.285923797845,1.25071954034509e-07,2.06821671654027e-07,"Up in serum","IS1182 family transposase ISEfa7","AENJPLPP_02899"
"AENJPLPP_02229","xylT","D-xylose transporter","xylT","CDS","","",192.301987864192,0.760811651262753,0.144169750722078,5.27719336027294,1.31177451548475e-07,2.16791223195407e-07,"Not significant","xylT
(AENJPLPP_02229)","AENJPLPP_02229"
"AENJPLPP_02937","bglF_4","PTS system beta-glucoside-specific EIIBCA component","bglF_4","CDS","","COG1263",291.876435429204,0.615074723216851,0.116567729792487,5.27654372536723,1.31643113241505e-07,2.17433870237281e-07,"Not significant","bglF_4
(AENJPLPP_02937)","AENJPLPP_02937"
"AENJPLPP_00445","rluD_1","Ribosomal large subunit pseudouridine synthase D","rluD_1","CDS","5.4.99.23","COG0564",4479.05067255652,0.348493314380321,0.066270516526132,5.25864792743696,1.45118423417533e-07,2.39551170084569e-07,"Not significant","rluD_1
(AENJPLPP_00445)","AENJPLPP_00445"
"AENJPLPP_00745","arsC","Arsenate reductase","arsC","CDS","1.20.4.4","COG0394",121.858705487589,-0.934518914229105,0.177932169438735,-5.25210768337693,1.50368502770753e-07,2.48072978638696e-07,"Not significant","arsC
(AENJPLPP_00745)","AENJPLPP_00745"
"AENJPLPP_01913","cysL","HTH-type transcriptional regulator CysL","cysL","CDS","","COG0583",1383.731578472,0.389047152890001,0.0740887481892926,5.25109631891751,1.51196586438201e-07,2.49293847528565e-07,"Not significant","cysL
(AENJPLPP_01913)","AENJPLPP_01913"
"AENJPLPP_02525","ptcB_2","PTS system galactose-specific EIIB component","ptcB_2","CDS","2.7.1.204","COG1440",478.800392219833,0.551906759317076,0.105474859266211,5.23259062070994,1.67150659956696e-07,2.75438602059026e-07,"Not significant","ptcB_2
(AENJPLPP_02525)","AENJPLPP_02525"
"AENJPLPP_02253",NA,"hypothetical protein","hypothetical protein","CDS","","",34.9136986908627,-1.7555763533034,0.335881685298151,-5.22677011026974,1.72496752881876e-07,2.84082784996272e-07,"Not significant","hypothetical protein","AENJPLPP_02253"
"AENJPLPP_02863","crr","PTS system glucose-specific EIIA component","crr","CDS","","",189.06941066292,0.742646330924215,0.142238232551979,5.22114425636459,1.77820951948298e-07,2.92680880793972e-07,"Not significant","crr
(AENJPLPP_02863)","AENJPLPP_02863"
"AENJPLPP_00099","feuC","Iron-uptake system permease protein FeuC","feuC","CDS","","COG0609",239.288442440455,0.65892671326929,0.126542316035293,5.20716495409734,1.91747627822861e-07,3.15419834030517e-07,"Not significant","feuC
(AENJPLPP_00099)","AENJPLPP_00099"
"AENJPLPP_02023","coaBC_2","Coenzyme A biosynthesis bifunctional protein CoaBC","coaBC_2","CDS","6.3.2.5","",1286.31383799742,0.402305056211708,0.0773293357029674,5.20248948933194,1.96636483864992e-07,3.23274033578276e-07,"Not significant","coaBC_2
(AENJPLPP_02023)","AENJPLPP_02023"
"AENJPLPP_01048","yjbM","GTP pyrophosphokinase YjbM","yjbM","CDS","2.7.6.5","COG2357",939.396687899705,0.428340113264101,0.0824405615855527,5.19574472839551,2.03901897538667e-07,3.35023953529869e-07,"Not significant","yjbM
(AENJPLPP_01048)","AENJPLPP_01048"
"AENJPLPP_01258","yacL","putative PIN and TRAM-domain containing protein YacL","yacL","CDS","3.1.-.-","COG4956",3942.60364146912,0.308968214396803,0.059523278412041,5.19071231691939,2.09491089088463e-07,3.44007699077401e-07,"Not significant","yacL
(AENJPLPP_01258)","AENJPLPP_01258"
"AENJPLPP_01533","yidA_2","Sugar phosphatase YidA","yidA_2","CDS","3.1.3.23","COG0561",1889.14205712477,-0.385216007295985,0.0742775220341856,-5.18617203086948,2.14660534380763e-07,3.52292158163443e-07,"Not significant","yidA_2
(AENJPLPP_01533)","AENJPLPP_01533"
"AENJPLPP_01125","pbpF","Penicillin-binding protein 1F","pbpF","CDS","","COG0744",4126.15371177565,-0.311375494216498,0.0600823011164516,-5.18248283488659,2.18951522159345e-07,3.59126164097976e-07,"Not significant","pbpF
(AENJPLPP_01125)","AENJPLPP_01125"
"AENJPLPP_00376",NA,"hypothetical protein","hypothetical protein","CDS","","",3506.5665063159,0.357102009293371,0.0691380309529322,5.16505900401589,2.40363087834572e-07,3.94017314221004e-07,"Not significant","hypothetical protein","AENJPLPP_00376"
"AENJPLPP_02441","hmo","4-hydroxymandelate oxidase","hmo","CDS","1.1.3.46","",223.390833139686,0.875837226498212,0.16975078547407,5.1595474156554,2.4754752588879e-07,4.05559632980998e-07,"Not significant","hmo
(AENJPLPP_02441)","AENJPLPP_02441"
"AENJPLPP_00920",NA,"hypothetical protein","hypothetical protein","CDS","","",18.3429348941429,2.57640958239265,0.499756864805542,5.15532604718725,2.53189989328701e-07,4.14563828681059e-07,"Up in serum","hypothetical protein","AENJPLPP_00920"
"AENJPLPP_02029","potD","Spermidine/putrescine-binding periplasmic protein","potD","CDS","","COG0687",1841.05808459642,-0.40613805526117,0.0789564391954128,-5.1438243593534,2.69201233928467e-07,4.40525256214734e-07,"Not significant","potD
(AENJPLPP_02029)","AENJPLPP_02029"
"AENJPLPP_00851","yhhT","Putative transport protein YhhT","yhhT","CDS","","COG0628",3421.91290422749,0.314820159002922,0.0612232106961366,5.14217002707419,2.7158316018919e-07,4.44166335352743e-07,"Not significant","yhhT
(AENJPLPP_00851)","AENJPLPP_00851"
"AENJPLPP_02871",NA,"hypothetical protein","hypothetical protein","CDS","","",126.620301856423,-0.98393432281954,0.191669469922542,-5.133495299054,2.84410137715778e-07,4.64875923714415e-07,"Not significant","hypothetical protein","AENJPLPP_02871"
"AENJPLPP_02983",NA,"hypothetical protein","hypothetical protein","CDS","","",22.5009422485893,-2.24693065259751,0.439066107271402,-5.11752243087304,3.09575255265156e-07,5.0571699229986e-07,"Down in serum","hypothetical protein","AENJPLPP_02983"
"AENJPLPP_02380","rnj1","Ribonuclease J 1","rnj1","CDS","3.1.-.-","",10761.3577065904,-0.286536461449039,0.0561755112403151,-5.10073615927152,3.3833493002376e-07,5.52379577218723e-07,"Not significant","rnj1
(AENJPLPP_02380)","AENJPLPP_02380"
"AENJPLPP_00402",NA,"hypothetical protein","hypothetical protein","CDS","","",109.076411300805,-0.935060844993465,0.183391591704469,-5.09871164922487,3.41973021575529e-07,5.57997477856094e-07,"Not significant","hypothetical protein","AENJPLPP_00402"
"AENJPLPP_02046","glnA","Glutamine synthetase","glnA","CDS","6.3.1.2","",42389.7044810591,0.329626902884825,0.0647536939837253,5.09047256775298,3.57172244106083e-07,5.82462340474839e-07,"Not significant","glnA
(AENJPLPP_02046)","AENJPLPP_02046"
"AENJPLPP_01677",NA,"hypothetical protein","hypothetical protein","CDS","","",1168.64899110379,-0.390154715057543,0.0767224305327606,-5.08527574463306,3.67092344041749e-07,5.98295006322505e-07,"Not significant","hypothetical protein","AENJPLPP_01677"
"AENJPLPP_01324","noxE","NADH oxidase","noxE","CDS","1.6.99.3","COG0446",72.6352319392946,-1.13570707052793,0.223462302465618,-5.08232063304132,3.72851337121517e-07,6.07331493320492e-07,"Not significant","noxE
(AENJPLPP_01324)","AENJPLPP_01324"
"AENJPLPP_02288","spoIIIE","DNA translocase SpoIIIE","spoIIIE","CDS","","COG1674",5922.48238929668,-0.337817903508469,0.0666515779176919,-5.0684156934085,4.01140585327347e-07,6.53035650984313e-07,"Not significant","spoIIIE
(AENJPLPP_02288)","AENJPLPP_02288"
"AENJPLPP_00859","tagU_2","Polyisoprenyl-teichoic acid--peptidoglycan teichoic acid transferase TagU","tagU_2","CDS","2.7.8.-","",7943.88559591312,0.282124907747909,0.0557369429281725,5.06172195542694,4.15486663335349e-07,6.75769868614024e-07,"Not significant","tagU_2
(AENJPLPP_00859)","AENJPLPP_00859"
"AENJPLPP_01773",NA,"hypothetical protein","hypothetical protein","CDS","","",496.29698357299,0.482549342597644,0.0953338721010573,5.06167778526949,4.15582953464153e-07,6.75769868614024e-07,"Not significant","hypothetical protein","AENJPLPP_01773"
"AENJPLPP_01735","glpO","Alpha-glycerophosphate oxidase","glpO","CDS","1.1.3.21","COG0578",70.7464507405745,1.23372282200824,0.243926527270566,5.05776405630446,4.24200820641563e-07,6.89387211961116e-07,"Not significant","glpO
(AENJPLPP_01735)","AENJPLPP_01735"
"AENJPLPP_00065",NA,"hypothetical protein","hypothetical protein","CDS","","",336.253321651188,0.554717134002212,0.1097677756337,5.05355174412321,4.33668754153431e-07,7.04369617331246e-07,"Not significant","hypothetical protein","AENJPLPP_00065"
"AENJPLPP_00666","msrA_1","Peptide methionine sulfoxide reductase MsrA","msrA_1","CDS","1.8.4.11","COG0225",1962.69470617083,0.323510902671906,0.0640255131611002,5.05284357280968,4.35280385917758e-07,7.06581864984618e-07,"Not significant","msrA_1
(AENJPLPP_00666)","AENJPLPP_00666"
"AENJPLPP_02526","comFA","ComF operon protein 1","comFA","CDS","3.6.4.12","COG4098",59.6020035766416,-1.25010907321883,0.247551834162834,-5.04988814745172,4.42068832851565e-07,7.17190180975806e-07,"Not significant","comFA
(AENJPLPP_02526)","AENJPLPP_02526"
"AENJPLPP_02702",NA,"hypothetical protein","hypothetical protein","CDS","","",93.6895650982912,-0.982926472460222,0.194941665399352,-5.04215694703658,4.6031349399663e-07,7.46361684710458e-07,"Not significant","hypothetical protein","AENJPLPP_02702"
"AENJPLPP_03100",NA,"hypothetical protein","hypothetical protein","CDS","","",73.5902180926116,-1.17989313095033,0.234416923916165,-5.03331035677395,4.82081703612082e-07,7.81209675401147e-07,"Not significant","hypothetical protein","AENJPLPP_03100"
"AENJPLPP_00517","addB_2","ATP-dependent helicase/deoxyribonuclease subunit B","addB_2","CDS","3.1.-.-","COG3857",2493.48602248205,0.350346142716591,0.0698764838482138,5.01379181410466,5.33677285932898e-07,8.64325169608715e-07,"Not significant","addB_2
(AENJPLPP_00517)","AENJPLPP_00517"
"AENJPLPP_01247",NA,"hypothetical protein","hypothetical protein","CDS","","",1353.17786147974,-0.363381708484804,0.0727203108415786,-4.99697683191195,5.82360619216128e-07,9.42631739851835e-07,"Not significant","hypothetical protein","AENJPLPP_01247"
"AENJPLPP_02285","glnQ_2","Glutamine transport ATP-binding protein GlnQ","glnQ_2","CDS","","COG1126",175.137181282993,-0.788810527815507,0.157965161069091,-4.99357277564827,5.92724360782757e-07,9.58858665929135e-07,"Not significant","glnQ_2
(AENJPLPP_02285)","AENJPLPP_02285"
"AENJPLPP_01292",NA,"hypothetical protein","hypothetical protein","CDS","","",53.0655460573178,1.30327502819691,0.261678727288391,4.98043934140888,6.34400853634394e-07,1.02569321338605e-06,"Not significant","hypothetical protein","AENJPLPP_01292"
"AENJPLPP_00138","rbfA","Ribosome-binding factor A","rbfA","CDS","","",6328.73025941627,-0.329530443920665,0.0661780573212024,-4.9794517587794,6.37646440614252e-07,1.03035221083273e-06,"Not significant","rbfA
(AENJPLPP_00138)","AENJPLPP_00138"
"AENJPLPP_01548",NA,"hypothetical protein","hypothetical protein","CDS","","",37.6055586469389,-1.57575307975671,0.317413242216004,-4.9643583511377,6.89285712956822e-07,1.11315907209399e-06,"Not significant","hypothetical protein","AENJPLPP_01548"
"AENJPLPP_00423","tagU_1","Polyisoprenyl-teichoic acid--peptidoglycan teichoic acid transferase TagU","tagU_1","CDS","2.7.8.-","",3789.57034653609,-0.347560522997471,0.0700499046065333,-4.96161308069869,6.99101505852157e-07,1.12836736776936e-06,"Not significant","tagU_1
(AENJPLPP_00423)","AENJPLPP_00423"
"AENJPLPP_01353",NA,"hypothetical protein","hypothetical protein","CDS","","",101.461174848424,0.98254147146038,0.198072567702737,4.96051261846091,7.03073937471337e-07,1.13413237434835e-06,"Not significant","hypothetical protein","AENJPLPP_01353"
"AENJPLPP_02604","glvR","HTH-type transcriptional regulator GlvR","glvR","CDS","","COG1737",27.0856677235529,1.89373294270051,0.382072063313512,4.95648105301694,7.17813636855903e-07,1.1572496616965e-06,"Not significant","glvR
(AENJPLPP_02604)","AENJPLPP_02604"
"AENJPLPP_02482","sigV","RNA polymerase sigma factor SigV","sigV","CDS","","COG1595",125.920680802622,0.830011248130047,0.167763707682814,4.94750181427397,7.51720035670558e-07,1.21122334717322e-06,"Not significant","sigV
(AENJPLPP_02482)","AENJPLPP_02482"
"AENJPLPP_02250",NA,"hypothetical protein","hypothetical protein","CDS","","",288.660547081818,0.592704184340783,0.119828129420462,4.94628587801,7.56428471025571e-07,1.21811661062195e-06,"Not significant","hypothetical protein","AENJPLPP_02250"
"AENJPLPP_00695","rluB_1","Ribosomal large subunit pseudouridine synthase B","rluB_1","CDS","5.4.99.22","COG1187",3453.0545901765,-0.31077736369316,0.0628909907105421,-4.94152437705304,7.75141225349282e-07,1.24754110799535e-06,"Not significant","rluB_1
(AENJPLPP_00695)","AENJPLPP_00695"
"AENJPLPP_02028","ydcV","Inner membrane ABC transporter permease protein YdcV","ydcV","CDS","","",777.398866507932,-0.443973444598152,0.0898852063479533,-4.93933832536906,7.83881048289143e-07,1.26089048165146e-06,"Not significant","ydcV
(AENJPLPP_02028)","AENJPLPP_02028"
"AENJPLPP_00474","dnaD","DNA replication protein DnaD","dnaD","CDS","","COG3935",1337.53730501591,-0.361724259388537,0.0732834100224656,-4.93596380514563,7.97558989926535e-07,1.28216325978536e-06,"Not significant","dnaD
(AENJPLPP_00474)","AENJPLPP_00474"
"AENJPLPP_01897","prs2","Putative ribose-phosphate pyrophosphokinase 2","prs2","CDS","2.7.6.1","",7701.23502936458,0.330882458667743,0.0671976134032992,4.92402098690454,8.47837376846284e-07,1.36221771501239e-06,"Not significant","prs2
(AENJPLPP_01897)","AENJPLPP_01897"
"AENJPLPP_00219","lacE_1","Lactose-binding protein","lacE_1","CDS","","",78.8676022648153,-1.04884423786815,0.213036093573057,-4.92331707870182,8.50894132127273e-07,1.36635353831668e-06,"Not significant","lacE_1
(AENJPLPP_00219)","AENJPLPP_00219"
"AENJPLPP_02189",NA,"hypothetical protein","hypothetical protein","CDS","","",7.26669379409445,6.40241821693495,1.30423002091196,4.90896399736159,9.15587831861176e-07,1.46940428117857e-06,"Up in serum","hypothetical protein","AENJPLPP_02189"
"AENJPLPP_00247","dnaI_1","Primosomal protein DnaI","dnaI_1","CDS","","COG1484",304.40528209804,0.593989316356956,0.121071331128318,4.90611039641921,9.29002490715599e-07,1.49008841428661e-06,"Not significant","dnaI_1
(AENJPLPP_00247)","AENJPLPP_00247"
"AENJPLPP_02255",NA,"hypothetical protein","hypothetical protein","CDS","","",21.8544168239197,2.26605245187686,0.461977889932901,4.90511018223401,9.33749088823579e-07,1.49685372053202e-06,"Up in serum","hypothetical protein","AENJPLPP_02255"
"AENJPLPP_02365",NA,"hypothetical protein","hypothetical protein","CDS","","",1064.90802714121,0.371187050164017,0.075729014892069,4.90151695084166,9.50994421588481e-07,1.52363622383531e-06,"Not significant","hypothetical protein","AENJPLPP_02365"
"AENJPLPP_02793",NA,"hypothetical protein","hypothetical protein","CDS","","",41.9375656848285,1.42797482513991,0.292526626208413,4.8815208504218,1.05270790079932e-06,1.68564257192471e-06,"Not significant","hypothetical protein","AENJPLPP_02793"
"AENJPLPP_01245",NA,"hypothetical protein","hypothetical protein","CDS","","",4707.63294937927,-0.316623399190786,0.0649188620471562,-4.8772173326266,1.07592869596032e-06,1.72185084130224e-06,"Not significant","hypothetical protein","AENJPLPP_01245"
"AENJPLPP_01805",NA,"putative ABC transporter ATP-binding protein","putative ABC transporter ATP-binding protein","CDS","","COG1136",139.429143940236,-0.796973638688963,0.163599840350113,-4.87148176296134,1.1076438851742e-06,1.77160442877298e-06,"Not significant","putative ABC transporter ATP-binding protein","AENJPLPP_01805"
"AENJPLPP_02467","ntpG","V-type sodium ATPase subunit G","ntpG","CDS","","",1403.51053882304,0.35029725991298,0.0723581188410095,4.84116040499447,1.29083121010266e-06,2.06343487058195e-06,"Not significant","ntpG
(AENJPLPP_02467)","AENJPLPP_02467"
"AENJPLPP_00733","mhqA","Putative ring-cleaving dioxygenase MhqA","mhqA","CDS","1.13.11.-","COG0346",111.79013364024,-0.954603180691005,0.197197816043457,-4.84084053182738,1.29291095620232e-06,2.06559306828937e-06,"Not significant","mhqA
(AENJPLPP_00733)","AENJPLPP_00733"
"AENJPLPP_02021","panT_2","Pantothenic acid transporter PanT","panT_2","CDS","","COG4684",529.059499074155,0.46305847011597,0.0956733870863116,4.83999243904915,1.29844068493401e-06,2.07325751779368e-06,"Not significant","panT_2
(AENJPLPP_02021)","AENJPLPP_02021"
"AENJPLPP_00475","tetA","Tetracycline resistance protein, class C","tetA","CDS","","",343.147941750111,0.530511521067213,0.109623401458021,4.83940029237612,1.30231507466053e-06,2.07822571777887e-06,"Not significant","tetA
(AENJPLPP_00475)","AENJPLPP_00475"
"AENJPLPP_02400","ugl_2","Unsaturated chondroitin disaccharide hydrolase","ugl_2","CDS","3.2.1.180","",186.084169446485,0.709399630124363,0.146591594448184,4.83929268110333,1.30302036349611e-06,2.07822571777887e-06,"Not significant","ugl_2
(AENJPLPP_02400)","AENJPLPP_02400"
"AENJPLPP_00329","glsA","Glutaminase","glsA","CDS","3.5.1.2","COG2066",44.1043438416101,-1.45163204477311,0.300015116921464,-4.8385296703336,1.30803171646841e-06,2.08504380029396e-06,"Not significant","glsA
(AENJPLPP_00329)","AENJPLPP_00329"
"AENJPLPP_02273",NA,"hypothetical protein","hypothetical protein","CDS","","",231.966488619226,-0.852351685981962,0.176513276135762,-4.82882480367308,1.37341173147156e-06,2.18802960708835e-06,"Not significant","hypothetical protein","AENJPLPP_02273"
"AENJPLPP_00775","ptsG_1","PTS system glucose-specific EIICBA component","ptsG_1","CDS","2.7.1.199","",21.5670980642052,2.04707957743093,0.424454570101702,4.82284730010196,1.41523314968582e-06,2.25338866521965e-06,"Up in serum","ptsG_1
(AENJPLPP_00775)","AENJPLPP_00775"
"AENJPLPP_00456",NA,"Acetyltransferase","Acetyltransferase","CDS","2.3.1.-","",235.979281418422,0.617513644240875,0.128353696551041,4.81103124283852,1.50153540961877e-06,2.38945854110777e-06,"Not significant","Acetyltransferase","AENJPLPP_00456"
"AENJPLPP_01927",NA,"hypothetical protein","hypothetical protein","CDS","","",103.103928874342,-0.884517900626713,0.184161034063742,-4.80295902509194,1.56337887096635e-06,2.4864750470257e-06,"Not significant","hypothetical protein","AENJPLPP_01927"
"AENJPLPP_00626","smc_1","Chromosome partition protein Smc","smc_1","CDS","","",817.494437026996,0.382587408708428,0.0800262160502631,4.78077594557428,1.74619890925534e-06,2.77568170247157e-06,"Not significant","smc_1
(AENJPLPP_00626)","AENJPLPP_00626"
"AENJPLPP_01127","gmuE_1","Putative fructokinase","gmuE_1","CDS","2.7.1.4","COG1940",251.434929470346,-0.598671952752758,0.12526297444272,-4.77932090800318,1.75888265579535e-06,2.794274297731e-06,"Not significant","gmuE_1
(AENJPLPP_01127)","AENJPLPP_01127"
"AENJPLPP_02516","yvbK","putative N-acetyltransferase YvbK","yvbK","CDS","2.3.1.-","",409.782266136633,0.541612981899217,0.113407062914348,4.77583113415322,1.78966529584527e-06,2.84158297955017e-06,"Not significant","yvbK
(AENJPLPP_02516)","AENJPLPP_02516"
"AENJPLPP_02264",NA,"hypothetical protein","hypothetical protein","CDS","","",560.654032930003,0.436950716447822,0.0916482214350341,4.76769444737735,1.86346112829801e-06,2.95709554608278e-06,"Not significant","hypothetical protein","AENJPLPP_02264"
"AENJPLPP_00664","sipV","Signal peptidase I V","sipV","CDS","3.4.21.89","COG0681",3331.46585611481,0.312633388748602,0.0656129081640031,4.76481530078132,1.89026718540372e-06,2.99795316631817e-06,"Not significant","sipV
(AENJPLPP_00664)","AENJPLPP_00664"
"AENJPLPP_02949","fadR","Fatty acid metabolism regulator protein","fadR","CDS","","",342.280576008529,0.529697124957962,0.111203765703101,4.76330204835134,1.90450433916482e-06,3.01884198442083e-06,"Not significant","fadR
(AENJPLPP_02949)","AENJPLPP_02949"
"AENJPLPP_01121","rhgT","Rhamnogalacturonan acetylesterase RhgT","rhgT","CDS","3.1.1.-","COG2755",117.580666737697,-0.83764725316117,0.177002672562973,-4.73239890128301,2.21881824165078e-06,3.51509481931357e-06,"Not significant","rhgT
(AENJPLPP_01121)","AENJPLPP_01121"
"AENJPLPP_02335","nrnA","putative bifunctional oligoribonuclease and PAP phosphatase NrnA","nrnA","CDS","3.1.-.-","COG0618",1799.60695669159,0.341577383320818,0.072241531854121,4.72826883032565,2.26442243832575e-06,3.58533552734911e-06,"Not significant","nrnA
(AENJPLPP_02335)","AENJPLPP_02335"
"AENJPLPP_02313",NA,"hypothetical protein","hypothetical protein","CDS","","",28.3957714668211,1.69227159914848,0.358402983654471,4.72170064515969,2.33880746865715e-06,3.70104189143007e-06,"Not significant","hypothetical protein","AENJPLPP_02313"
"AENJPLPP_00699","xerD","Tyrosine recombinase XerD","xerD","CDS","","",3263.19843448546,-0.319660813019735,0.0679502980715944,-4.70433275631744,2.54697550444723e-06,4.02820539278777e-06,"Not significant","xerD
(AENJPLPP_00699)","AENJPLPP_00699"
"AENJPLPP_01631",NA,"hypothetical protein","hypothetical protein","CDS","","",11214.3143302592,-0.298912377013326,0.0635590440711536,-4.70290863214836,2.56481213393755e-06,4.05415027983093e-06,"Not significant","hypothetical protein","AENJPLPP_01631"
"AENJPLPP_01226",NA,"hypothetical protein","hypothetical protein","CDS","","",713.679528001083,-0.427082415102672,0.0909992450843003,-4.69325228695062,2.68895540408566e-06,4.24800934652148e-06,"Not significant","hypothetical protein","AENJPLPP_01226"
"AENJPLPP_01063","yfiC","tRNA1(Val) (adenine(37)-N6)-methyltransferase","yfiC","CDS","2.1.1.223","",387.903914108522,-0.487027991580314,0.104080530720962,-4.67933808760093,2.87802531659149e-06,4.54416601855578e-06,"Not significant","yfiC
(AENJPLPP_01063)","AENJPLPP_01063"
"AENJPLPP_02515",NA,"Putative membrane protein insertion efficiency factor","Putative membrane protein insertion efficiency factor","CDS","","COG0759",494.944892113679,0.468590709817844,0.100232859436358,4.67502087092878,2.93923726357746e-06,4.63822781114147e-06,"Not significant","Putative membrane protein insertion efficiency factor","AENJPLPP_02515"
"AENJPLPP_00237","ydcF","Protein YdcF","ydcF","CDS","","COG1434",1425.7335017098,-0.361278794916658,0.0773038649055448,-4.67348942201135,2.96124964193359e-06,4.67036085588523e-06,"Not significant","ydcF
(AENJPLPP_00237)","AENJPLPP_00237"
"AENJPLPP_02752",NA,"hypothetical protein","hypothetical protein","CDS","","",30.931987347471,1.65314205508458,0.353886596100583,4.67138929052492,2.99169331586692e-06,4.71574820557865e-06,"Not significant","hypothetical protein","AENJPLPP_02752"
"AENJPLPP_01038","lnrK","Transcriptional regulatory protein LnrK","lnrK","CDS","","COG2197",221.455982788271,0.611054790103941,0.130824291058867,4.67080528515141,3.00021232018519e-06,4.7265448405366e-06,"Not significant","lnrK
(AENJPLPP_01038)","AENJPLPP_01038"
"AENJPLPP_02474","yddE","putative isomerase YddE","yddE","CDS","5.1.-.-","COG0384",143.878564429703,-0.735123766939811,0.158474694642978,-4.63874543879667,3.50530483601064e-06,5.51919799262855e-06,"Not significant","yddE
(AENJPLPP_02474)","AENJPLPP_02474"
"AENJPLPP_03007",NA,"hypothetical protein","hypothetical protein","CDS","","",71.5144598281937,-1.03413637016292,0.223060950274083,-4.63611568448999,3.55017326600751e-06,5.58673736301682e-06,"Not significant","hypothetical protein","AENJPLPP_03007"
"AENJPLPP_03080",NA,"hypothetical protein","hypothetical protein","CDS","","",125.64635570346,-0.810237934208269,0.175623058530468,-4.61350543025479,3.95933914423944e-06,6.22716062074547e-06,"Not significant","hypothetical protein","AENJPLPP_03080"
"AENJPLPP_02813",NA,"hypothetical protein","hypothetical protein","CDS","","",35.4019900535646,-1.56115057946392,0.338620152646357,-4.61032979656806,4.0203067631009e-06,6.31953828225356e-06,"Not significant","hypothetical protein","AENJPLPP_02813"
"AENJPLPP_03107",NA,"hypothetical protein","hypothetical protein","CDS","","",18.3344725805379,-2.25630994785764,0.489557486350202,-4.60887640525959,4.04850897109509e-06,6.36033790076038e-06,"Down in serum","hypothetical protein","AENJPLPP_03107"
"AENJPLPP_01064",NA,"hypothetical protein","hypothetical protein","CDS","","",339.309819401637,-0.54239968950825,0.117778682436651,-4.60524500942679,4.11980518598051e-06,6.46875678397717e-06,"Not significant","hypothetical protein","AENJPLPP_01064"
"AENJPLPP_02750",NA,"hypothetical protein","hypothetical protein","CDS","","",1032.12215136533,0.343466060289566,0.0746034900325961,4.60388729990377,4.14676925294117e-06,6.50748545181621e-06,"Not significant","hypothetical protein","AENJPLPP_02750"
"AENJPLPP_03058",NA,"hypothetical protein","hypothetical protein","CDS","","",447.638299610019,0.46196748425841,0.100607123175008,4.5917969789754,4.39445750514261e-06,6.89235966596051e-06,"Not significant","hypothetical protein","AENJPLPP_03058"
"AENJPLPP_01666",NA,"3-sulfolactaldehyde dehydrogenase","3-sulfolactaldehyde dehydrogenase","CDS","1.2.1.97","",47.5158547823509,1.23793201997845,0.27056222885009,4.57540590658109,4.75297552168387e-06,7.45053914833169e-06,"Not significant","3-sulfolactaldehyde dehydrogenase","AENJPLPP_01666"
"AENJPLPP_02921",NA,"Protein adenylyltransferase NmFic","Protein adenylyltransferase NmFic","CDS","2.7.7.-","COG2184",784.862126303458,0.374740225811307,0.0819715880157021,4.57158675197952,4.84044816200089e-06,7.58345807782209e-06,"Not significant","Protein adenylyltransferase NmFic","AENJPLPP_02921"
"AENJPLPP_02627",NA,"hypothetical protein","hypothetical protein","CDS","","",342.624250053788,0.510202186250458,0.111627861186207,4.57056312670352,4.86415367273636e-06,7.61638221654681e-06,"Not significant","hypothetical protein","AENJPLPP_02627"
"AENJPLPP_01552","cidA","Holin-like protein CidA","cidA","CDS","","",278.245877415527,-0.576697265016455,0.126849375414996,-4.54631536915141,5.45932163348422e-06,8.54358183769697e-06,"Not significant","cidA
(AENJPLPP_01552)","AENJPLPP_01552"
"AENJPLPP_02934",NA,"hypothetical protein","hypothetical protein","CDS","","",286.402616871834,0.549798699085377,0.120987736267819,4.54425147577221,5.51308090730265e-06,8.62294588318995e-06,"Not significant","hypothetical protein","AENJPLPP_02934"
"AENJPLPP_01459","degA_1","HTH-type transcriptional regulator DegA","degA_1","CDS","","COG1609",836.744135996673,-0.382022994223623,0.0842516099367386,-4.53431091121547,5.77918481474148e-06,9.03416466622481e-06,"Not significant","degA_1
(AENJPLPP_01459)","AENJPLPP_01459"
"AENJPLPP_02342","lrp","Leucine-rich protein","lrp","CDS","","",302.612002709495,0.557952000246724,0.123186977339693,4.52930993434596,5.91766399312783e-06,9.24553353451705e-06,"Not significant","lrp
(AENJPLPP_02342)","AENJPLPP_02342"
"AENJPLPP_01331",NA,"hypothetical protein","hypothetical protein","CDS","","",19.6301111016356,-2.26764251860558,0.500730595061143,-4.52866779256555,5.93567356378868e-06,9.26855590683163e-06,"Down in serum","hypothetical protein","AENJPLPP_01331"
"AENJPLPP_02638",NA,"hypothetical protein","hypothetical protein","CDS","","",116.90700311957,0.818346232951521,0.181341627764624,4.51273236619289,6.39977583956023e-06,9.98774277937984e-06,"Not significant","hypothetical protein","AENJPLPP_02638"
"AENJPLPP_01214","mreC","Cell shape-determining protein MreC","mreC","CDS","","COG1792",5508.47214934199,0.274033781840999,0.0609420250202117,4.49663071993611,6.90387410305581e-06,1.07685220858132e-05,"Not significant","mreC
(AENJPLPP_01214)","AENJPLPP_01214"
"AENJPLPP_00459",NA,"hypothetical protein","hypothetical protein","CDS","","",60.0197489917265,1.11102451424017,0.247307057169419,4.49249013334487,7.03951808502839e-06,1.09740504948873e-05,"Not significant","hypothetical protein","AENJPLPP_00459"
"AENJPLPP_02628","yccF","Inner membrane protein YccF","yccF","CDS","","COG3304",115.732627431533,0.803784453281908,0.17933065680545,4.48213633742448,7.38995049540048e-06,1.15140065231033e-05,"Not significant","yccF
(AENJPLPP_02628)","AENJPLPP_02628"
"AENJPLPP_01931",NA,"hypothetical protein","hypothetical protein","CDS","","",45.5200917097004,-1.30944623074219,0.292921487637808,-4.47029762583105,7.81108233528503e-06,1.21634620963652e-05,"Not significant","hypothetical protein","AENJPLPP_01931"
"AENJPLPP_02794",NA,"hypothetical protein","hypothetical protein","CDS","","",56.9929660164211,1.11920585648922,0.250934652880017,4.46014866278499,8.19028210167457e-06,1.27469426222324e-05,"Not significant","hypothetical protein","AENJPLPP_02794"
"AENJPLPP_01318",NA,"hypothetical protein","hypothetical protein","CDS","","",27.7853155448723,-1.67928192485863,0.376661504853615,-4.45833169362838,8.26000160759256e-06,1.2848387115986e-05,"Not significant","hypothetical protein","AENJPLPP_01318"
"AENJPLPP_02436",NA,"hypothetical protein","hypothetical protein","CDS","","",223.351119998859,0.595642686261084,0.133964283945849,4.44627977485293,8.73701464641716e-06,1.35829151367419e-05,"Not significant","hypothetical protein","AENJPLPP_02436"
"AENJPLPP_00413",NA,"hypothetical protein","hypothetical protein","CDS","","",110.921298110244,-0.801175034115645,0.180295946030747,-4.44366638160026,8.84387054493855e-06,1.37414914998469e-05,"Not significant","hypothetical protein","AENJPLPP_00413"
"AENJPLPP_02235",NA,"hypothetical protein","hypothetical protein","CDS","","",1061.86385105274,-0.386228929320894,0.0869201772537283,-4.44348989525706,8.85113151990165e-06,1.37452294749542e-05,"Not significant","hypothetical protein","AENJPLPP_02235"
"AENJPLPP_01900",NA,"hypothetical protein","hypothetical protein","CDS","","",457.853902934848,0.447863652803083,0.101371673929441,4.41803548706137,9.96020701656493e-06,1.54590713069602e-05,"Not significant","hypothetical protein","AENJPLPP_01900"
"AENJPLPP_02667",NA,"hypothetical protein","hypothetical protein","CDS","","",1559.78734919119,0.371111233341679,0.0840220994595425,4.41682885489398,1.0015947125816e-05,1.55370664729782e-05,"Not significant","hypothetical protein","AENJPLPP_02667"
"AENJPLPP_02165",NA,"hypothetical protein","hypothetical protein","CDS","","",14.2984054342329,2.60537485077578,0.590007991632126,4.41582976455724,1.00623252372543e-05,1.55954915378662e-05,"Up in serum","hypothetical protein","AENJPLPP_02165"
"AENJPLPP_02799",NA,"hypothetical protein","hypothetical protein","CDS","","",35.4185893390456,1.41217968864782,0.319802980300889,4.41578026358342,1.00646284138755e-05,1.55954915378662e-05,"Not significant","hypothetical protein","AENJPLPP_02799"
"AENJPLPP_00351",NA,"hypothetical protein","hypothetical protein","CDS","","",117.35840974808,-0.77582133154034,0.176200030412042,-4.40307149621989,1.06728973546636e-05,1.65289783430266e-05,"Not significant","hypothetical protein","AENJPLPP_00351"
"AENJPLPP_00555","ylbL","putative protein YlbL","ylbL","CDS","","COG3480",2624.25747241351,-0.272465068396869,0.0619998572773815,-4.39460799365852,1.10972825503152e-05,1.71674354644494e-05,"Not significant","ylbL
(AENJPLPP_00555)","AENJPLPP_00555"
"AENJPLPP_03057",NA,"hypothetical protein","hypothetical protein","CDS","","",339.698648117331,0.506661712707252,0.115289833482318,4.39467815507738,1.10936991268256e-05,1.71674354644494e-05,"Not significant","hypothetical protein","AENJPLPP_03057"
"AENJPLPP_01329",NA,"hypothetical protein","hypothetical protein","CDS","","",16.8402250684667,2.14951786757631,0.489468134915605,4.39153790460116,1.12551708775933e-05,1.7402178456836e-05,"Up in serum","hypothetical protein","AENJPLPP_01329"
"AENJPLPP_02639",NA,"hypothetical protein","hypothetical protein","CDS","","",25.0787110057537,1.68788341286767,0.384446149932249,4.39042870676458,1.13127402116674e-05,1.74816416698855e-05,"Not significant","hypothetical protein","AENJPLPP_02639"
"AENJPLPP_00396","lolD_1","Lipoprotein-releasing system ATP-binding protein LolD","lolD_1","CDS","3.6.3.-","COG1136",10.8416095528519,-4.87378688609973,1.11280104946698,-4.37974684552482,1.18817260573939e-05,1.83508818704213e-05,"Down in serum","lolD_1
(AENJPLPP_00396)","AENJPLPP_00396"
"AENJPLPP_00074",NA,"hypothetical protein","hypothetical protein","CDS","","",216.471811117837,0.616263364499255,0.140887651797645,4.37414746172634,1.21907955939101e-05,1.88179620100107e-05,"Not significant","hypothetical protein","AENJPLPP_00074"
"AENJPLPP_00559",NA,"hypothetical protein","hypothetical protein","CDS","","",1963.09606026348,0.302243943055465,0.0692151274691318,4.36673244862921,1.26119058597332e-05,1.94573871874141e-05,"Not significant","hypothetical protein","AENJPLPP_00559"
"AENJPLPP_02701",NA,"IS21 family transposase ISCth15","IS21 family transposase ISCth15","CDS","","",36.104208645808,-1.46153965864144,0.334739283182706,-4.36620298862177,1.2642499789074e-05,1.94939634547215e-05,"Not significant","IS21 family transposase ISCth15","AENJPLPP_02701"
"AENJPLPP_01806",NA,"hypothetical protein","hypothetical protein","CDS","","",916.715091528141,-0.339966685548158,0.0778798322669025,-4.36527244156171,1.26964415158052e-05,1.95664811819513e-05,"Not significant","hypothetical protein","AENJPLPP_01806"
"AENJPLPP_01284",NA,"hypothetical protein","hypothetical protein","CDS","","",107.269282200948,0.839628302357152,0.192644488034176,4.3584340819977,1.30996364940615e-05,2.0176861215826e-05,"Not significant","hypothetical protein","AENJPLPP_01284"
"AENJPLPP_02848","xerS","Tyrosine recombinase XerS","xerS","CDS","","COG0582",816.514219128364,-0.369533891890243,0.0852105359686443,-4.33671596698118,1.44627318651509e-05,2.22642707505396e-05,"Not significant","xerS
(AENJPLPP_02848)","AENJPLPP_02848"
"AENJPLPP_01423",NA,"hypothetical protein","hypothetical protein","CDS","","",988.578474244741,-0.359033547044713,0.0829222168289065,-4.32976300893531,1.49269896508432e-05,2.29664715769224e-05,"Not significant","hypothetical protein","AENJPLPP_01423"
"AENJPLPP_03077",NA,"hypothetical protein","hypothetical protein","CDS","","",13.8958238434276,2.4212033623174,0.559455778817487,4.32778327437258,1.506175652433e-05,2.31612345031929e-05,"Up in serum","hypothetical protein","AENJPLPP_03077"
"AENJPLPP_00579","rhaR_2","HTH-type transcriptional activator RhaR","rhaR_2","CDS","","",54.3478539012025,-1.10074388183448,0.254708763969689,-4.32157835749018,1.54917016335837e-05,2.38094502305513e-05,"Not significant","rhaR_2
(AENJPLPP_00579)","AENJPLPP_00579"
"AENJPLPP_01876",NA,"hypothetical protein","hypothetical protein","CDS","","",68.2347125563058,0.971183328314641,0.224938672265128,4.31754717201291,1.57772697018596e-05,2.4235187480176e-05,"Not significant","hypothetical protein","AENJPLPP_01876"
"AENJPLPP_01117","exuR_2","putative HTH-type transcriptional repressor ExuR","exuR_2","CDS","","COG1609",455.362556518495,-0.450775459181702,0.104451540331166,-4.31564204560801,1.59139679221005e-05,2.44319106222703e-05,"Not significant","exuR_2
(AENJPLPP_01117)","AENJPLPP_01117"
"AENJPLPP_01035",NA,"hypothetical protein","hypothetical protein","CDS","","",175.000543399765,0.631780115183326,0.146536399963447,4.31142102126791,1.62208712988107e-05,2.48895862585002e-05,"Not significant","hypothetical protein","AENJPLPP_01035"
"AENJPLPP_02302",NA,"hypothetical protein","hypothetical protein","CDS","","",573.673399745449,0.419345672766213,0.0973087944056428,4.30943241386922,1.63674067596007e-05,2.51008280262349e-05,"Not significant","hypothetical protein","AENJPLPP_02302"
"AENJPLPP_01450","yvdM_2","Beta-phosphoglucomutase","yvdM_2","CDS","5.4.2.6","COG0637",586.517528633979,0.402676956774498,0.0936836780810974,4.29826160781092,1.72142914449136e-05,2.63853054036548e-05,"Not significant","yvdM_2
(AENJPLPP_01450)","AENJPLPP_01450"
"AENJPLPP_03006","topB_4","DNA topoisomerase 3","topB_4","CDS","5.6.2.1","COG0550",115.348255623146,-0.754052186116308,0.175494402598056,-4.29673069313414,1.73335566603345e-05,2.65537331739214e-05,"Not significant","topB_4
(AENJPLPP_03006)","AENJPLPP_03006"
"AENJPLPP_02337",NA,"hypothetical protein","hypothetical protein","CDS","","",5788.4209110502,0.249646842339003,0.0581539277783649,4.29286295657367,1.76383883123218e-05,2.70060991412564e-05,"Not significant","hypothetical protein","AENJPLPP_02337"
"AENJPLPP_00068",NA,"hypothetical protein","hypothetical protein","CDS","","",701.009626843604,0.357103609797612,0.083266300264624,4.28869312870538,1.79727483835195e-05,2.7503162526348e-05,"Not significant","hypothetical protein","AENJPLPP_00068"
"AENJPLPP_01265","yfmO_1","Multidrug efflux protein YfmO","yfmO_1","CDS","","",17.1245940128083,-2.1104341410917,0.492218471950543,-4.28759638525664,1.80616893308246e-05,2.76243341413098e-05,"Down in serum","yfmO_1
(AENJPLPP_01265)","AENJPLPP_01265"
"AENJPLPP_01134",NA,"hypothetical protein","hypothetical protein","CDS","","",43.8613801721798,-1.22672607273795,0.286296596277053,-4.2848084423289,1.82896705576889e-05,2.79579143352145e-05,"Not significant","hypothetical protein","AENJPLPP_01134"
"AENJPLPP_00741","lacC_2","Tagatose-6-phosphate kinase","lacC_2","CDS","2.7.1.144","COG1105",195.677492639672,-0.601013206847613,0.140454420413803,-4.27906224009843,1.87682379664513e-05,2.86739782423225e-05,"Not significant","lacC_2
(AENJPLPP_00741)","AENJPLPP_00741"
"AENJPLPP_02233","ghrB_2","Glyoxylate/hydroxypyruvate reductase B","ghrB_2","CDS","1.1.1.81","",267.847549568119,0.543573349610441,0.127294278625639,4.27021037771101,1.95288669381794e-05,2.98199688791725e-05,"Not significant","ghrB_2
(AENJPLPP_02233)","AENJPLPP_02233"
"AENJPLPP_01133",NA,"hypothetical protein","hypothetical protein","CDS","","",216.114051493519,-0.565039908950904,0.132413318038451,-4.26724378877677,1.97902855111794e-05,3.02028562167919e-05,"Not significant","hypothetical protein","AENJPLPP_01133"
"AENJPLPP_00623",NA,"hypothetical protein","hypothetical protein","CDS","","",325.825598242704,-0.522847912810502,0.122529623264378,-4.2671143424833,1.98017679800036e-05,3.02040976031197e-05,"Not significant","hypothetical protein","AENJPLPP_00623"
"AENJPLPP_02237","pgl","6-phosphogluconolactonase","pgl","CDS","3.1.1.31","COG2706",1038.75794352962,0.358974660332142,0.0844505641819073,4.25070766323014,2.13096155665664e-05,3.24865490947493e-05,"Not significant","pgl
(AENJPLPP_02237)","AENJPLPP_02237"
"AENJPLPP_00398",NA,"hypothetical protein","hypothetical protein","CDS","","",274.435283723784,0.504120269452003,0.118633437807952,4.24939442678961,2.1434920238163e-05,3.26599888020664e-05,"Not significant","hypothetical protein","AENJPLPP_00398"
"AENJPLPP_00088","cbh_1","Choloylglycine hydrolase","cbh_1","CDS","3.5.1.24","",38.4494116799873,-1.28556546179088,0.303158589714066,-4.2405707949869,2.22952100200883e-05,3.39525226287627e-05,"Not significant","cbh_1
(AENJPLPP_00088)","AENJPLPP_00088"
"AENJPLPP_00814",NA,"putative tautomerase","putative tautomerase","CDS","5.3.2.-","",1199.98433983403,-0.334776972758188,0.0790320611360073,-4.23596408781578,2.2757314990668e-05,3.46376122250437e-05,"Not significant","putative tautomerase","AENJPLPP_00814"
"AENJPLPP_01724",NA,"hypothetical protein","hypothetical protein","CDS","","",79.986228922988,0.892522871061832,0.210803083098729,4.23391754020895,2.29655182041864e-05,3.49357238237785e-05,"Not significant","hypothetical protein","AENJPLPP_01724"
"AENJPLPP_02321","gpsA_1","Glycerol-3-phosphate dehydrogenase [NAD(P)+]","gpsA_1","CDS","1.1.1.94","COG0240",2631.92591994499,-0.260498919448412,0.0617798071999987,-4.21657061190079,2.48045641192669e-05,3.77130617731711e-05,"Not significant","gpsA_1
(AENJPLPP_02321)","AENJPLPP_02321"
"AENJPLPP_00319",NA,"hypothetical protein","hypothetical protein","CDS","","",42.8547134408588,-1.24899663811762,0.296605195858594,-4.21097356201768,2.54272505859743e-05,3.86390479918911e-05,"Not significant","hypothetical protein","AENJPLPP_00319"
"AENJPLPP_01986","pspB","Putative phosphoserine phosphatase 2","pspB","CDS","3.1.3.3","COG0406",1261.59561862654,0.314989354206992,0.0748982671777614,4.20556263951215,2.6043344236733e-05,3.95540276470983e-05,"Not significant","pspB
(AENJPLPP_01986)","AENJPLPP_01986"
"AENJPLPP_00304",NA,"hypothetical protein","hypothetical protein","CDS","","",320.380310747498,0.477343667497987,0.113645006194419,4.20030482185347,2.66555867546863e-05,4.04621802158268e-05,"Not significant","hypothetical protein","AENJPLPP_00304"
"AENJPLPP_02902",NA,"IS66 family transposase ISRob1","IS66 family transposase ISRob1","CDS","","",66.0382853833458,0.993070407548353,0.236447646720157,4.1999589394251,2.66963389217121e-05,4.05023234123081e-05,"Not significant","IS66 family transposase ISRob1","AENJPLPP_02902"
"AENJPLPP_02916",NA,"hypothetical protein","hypothetical protein","CDS","","",140.690028737975,-0.716207619035294,0.170602942619103,-4.1980965160392,2.69167916340246e-05,4.08149100781594e-05,"Not significant","hypothetical protein","AENJPLPP_02916"
"AENJPLPP_02802","ssbA","Single-stranded DNA-binding protein A","ssbA","CDS","","COG0629",124.324974531329,0.700061980951084,0.166969640079159,4.19275013481008,2.75592939774122e-05,4.17667886777591e-05,"Not significant","ssbA
(AENJPLPP_02802)","AENJPLPP_02802"
"AENJPLPP_02236",NA,"hypothetical protein","hypothetical protein","CDS","","",77.6970217616296,0.890107723431615,0.212772876258496,4.18337026355855,2.87219028176416e-05,4.35054611432549e-05,"Not significant","hypothetical protein","AENJPLPP_02236"
"AENJPLPP_01869","mazF","Endoribonuclease toxin MazF","mazF","CDS","3.1.27.-","COG2337",377.802273252306,-0.435495883566254,0.104153292741125,-4.1812973176824,2.89850556339968e-05,4.3880584224516e-05,"Not significant","mazF
(AENJPLPP_01869)","AENJPLPP_01869"
"AENJPLPP_00633",NA,"hypothetical protein","hypothetical protein","CDS","","",149.371197873659,0.834046179581726,0.200178120102753,4.16652019288422,3.09284508320988e-05,4.67976719966176e-05,"Not significant","hypothetical protein","AENJPLPP_00633"
"AENJPLPP_02567","trxB","Thioredoxin reductase","trxB","CDS","1.8.1.9","COG0492",3717.74235768099,-0.264039919961188,0.0634365323674575,-4.16226912328263,3.15100669848342e-05,4.76522433942659e-05,"Not significant","trxB
(AENJPLPP_02567)","AENJPLPP_02567"
"AENJPLPP_00361",NA,"hypothetical protein","hypothetical protein","CDS","","",24.009707100394,-1.63897284152768,0.394236641907709,-4.15733259495288,3.21985058246754e-05,4.86673625144987e-05,"Not significant","hypothetical protein","AENJPLPP_00361"
"AENJPLPP_01893",NA,"hypothetical protein","hypothetical protein","CDS","","",1552.15260885612,-0.373669690631032,0.0899646949004321,-4.15351478760183,3.27407044077738e-05,4.94604771496305e-05,"Not significant","hypothetical protein","AENJPLPP_01893"
"AENJPLPP_02022","coaBC_1","Coenzyme A biosynthesis bifunctional protein CoaBC","coaBC_1","CDS","","COG0452",788.889601686101,0.346331088329532,0.0834072671955673,4.15228912269096,3.29166027766802e-05,4.96996813124168e-05,"Not significant","coaBC_1
(AENJPLPP_02022)","AENJPLPP_02022"
"AENJPLPP_02454",NA,"hypothetical protein","hypothetical protein","CDS","","",594.511892181456,-0.379202917634422,0.0915058671092873,-4.14402846083664,3.41257363383965e-05,5.14978462547976e-05,"Not significant","hypothetical protein","AENJPLPP_02454"
"AENJPLPP_00524",NA,"hypothetical protein","hypothetical protein","CDS","","",415.386762371443,-0.429978265962411,0.103772334973091,-4.14347683391637,3.42079641083285e-05,5.15944306823004e-05,"Not significant","hypothetical protein","AENJPLPP_00524"
"AENJPLPP_01611","acpS","Holo-[acyl-carrier-protein] synthase","acpS","CDS","2.7.8.7","COG0736",494.951111282064,0.398910584084299,0.0965015914127582,4.13372026558684,3.56937883279216e-05,5.38067703707913e-05,"Not significant","acpS
(AENJPLPP_01611)","AENJPLPP_01611"
"AENJPLPP_02511","atpC","ATP synthase epsilon chain","atpC","CDS","","COG0355",7177.16376345745,0.294617643189897,0.07137599270126,4.12768540289172,3.66432961140742e-05,5.52087127721895e-05,"Not significant","atpC
(AENJPLPP_02511)","AENJPLPP_02511"
"AENJPLPP_01343","btuD_2","Vitamin B12 import ATP-binding protein BtuD","btuD_2","CDS","7.6.2.8","",157.179828530242,0.688171828791931,0.1671079458545,4.11812750897624,3.81963347159053e-05,5.75179912663446e-05,"Not significant","btuD_2
(AENJPLPP_01343)","AENJPLPP_01343"
"AENJPLPP_02944","sorA_3","PTS system sorbose-specific EIIC component","sorA_3","CDS","","COG3715",57.0962304423924,1.01823527599702,0.247366016168873,4.11631028290435,3.84985945072206e-05,5.7942329106827e-05,"Not significant","sorA_3
(AENJPLPP_02944)","AENJPLPP_02944"
"AENJPLPP_01276","hdfR_2","HTH-type transcriptional regulator HdfR","hdfR_2","CDS","","",283.480797713471,-0.502007434817557,0.12204137798187,-4.11341991641666,3.89840320641199e-05,5.86417613036788e-05,"Not significant","hdfR_2
(AENJPLPP_01276)","AENJPLPP_01276"
"AENJPLPP_00218","cheB","Protein-glutamate methylesterase/protein-glutamine glutaminase","cheB","CDS","3.5.1.44","",76.7381278855037,0.921117885992146,0.224901678151977,4.09564701144517,4.20990973603925e-05,6.32939695312114e-05,"Not significant","cheB
(AENJPLPP_00218)","AENJPLPP_00218"
"AENJPLPP_02152",NA,"hypothetical protein","hypothetical protein","CDS","","",293.038988668981,-0.473817482526297,0.115859198511232,-4.08959744771896,4.32122494858007e-05,6.49330564194807e-05,"Not significant","hypothetical protein","AENJPLPP_02152"
"AENJPLPP_02219","nadE","NH(3)-dependent NAD(+) synthetase","nadE","CDS","6.3.1.5","COG0171",5427.70776409877,0.274369454292208,0.0672558104168628,4.07949071748031,4.51344719618511e-05,6.77855120021223e-05,"Not significant","nadE
(AENJPLPP_02219)","AENJPLPP_02219"
"AENJPLPP_01857",NA,"hypothetical protein","hypothetical protein","CDS","","",748.829164994815,0.374076215006972,0.0918110927253757,4.07441196812573,4.61307585045986e-05,6.92450569069558e-05,"Not significant","hypothetical protein","AENJPLPP_01857"
"AENJPLPP_00621",NA,"hypothetical protein","hypothetical protein","CDS","","",310.082880667256,-0.484816758461626,0.119034453269293,-4.07291120466459,4.64291287833398e-05,6.9655995540877e-05,"Not significant","hypothetical protein","AENJPLPP_00621"
"AENJPLPP_00742",NA,"putative protein","putative protein","CDS","","COG1073",61.6525917524926,-0.995709732979108,0.244849840564574,-4.06661376900718,4.77012029939126e-05,7.15265390231814e-05,"Not significant","putative protein","AENJPLPP_00742"
"AENJPLPP_00476",NA,"hypothetical protein","hypothetical protein","CDS","","",156.395487009554,0.649730902152958,0.159864609760286,4.06425726824229,4.81856546338769e-05,7.22147105709399e-05,"Not significant","hypothetical protein","AENJPLPP_00476"
"AENJPLPP_02849",NA,"IS30 family transposase IS1252","IS30 family transposase IS1252","CDS","","COG2826",52.4913895534537,-1.08192059055818,0.267273605487634,-4.0479889085353,5.16595938169521e-05,7.73800582517415e-05,"Not significant","IS30 family transposase IS1252","AENJPLPP_02849"
"AENJPLPP_01095","ecsA","ABC-type transporter ATP-binding protein EcsA","ecsA","CDS","","COG1131",866.189230233666,0.371974145645708,0.0920188744765418,4.0423679137755,5.29141208239475e-05,7.92172797739796e-05,"Not significant","ecsA
(AENJPLPP_01095)","AENJPLPP_01095"
"AENJPLPP_02779",NA,"hypothetical protein","hypothetical protein","CDS","","",35.3442446424355,1.29406496745129,0.320456742841279,4.03818922946563,5.38653940495169e-05,8.05988005043247e-05,"Not significant","hypothetical protein","AENJPLPP_02779"
"AENJPLPP_01653",NA,"hypothetical protein","hypothetical protein","CDS","","",466.894447254188,-0.400520214787792,0.0992838521541078,-4.03409221235803,5.48137909765995e-05,8.19745600923154e-05,"Not significant","hypothetical protein","AENJPLPP_01653"
"AENJPLPP_02888",NA,"putative response regulatory protein","putative response regulatory protein","CDS","","COG4753",176.318142493785,0.641155623307412,0.159101191596205,4.02986059925088,5.58099401208435e-05,8.3420243126773e-05,"Not significant","putative response regulatory protein","AENJPLPP_02888"
"AENJPLPP_00479","perR","Peroxide operon regulator","perR","CDS","","COG0735",1307.52828586849,-0.342231972686012,0.0850165482581187,-4.02547480105828,5.68604695045843e-05,8.49456407216243e-05,"Not significant","perR
(AENJPLPP_00479)","AENJPLPP_00479"
"AENJPLPP_02114",NA,"hypothetical protein","hypothetical protein","CDS","","",96.5865999830406,0.770101495893782,0.191390283321489,4.02372305703838,5.72852764217164e-05,8.55351358385439e-05,"Not significant","hypothetical protein","AENJPLPP_02114"
"AENJPLPP_01105","xynB","Beta-xylosidase","xynB","CDS","3.2.1.37","",111.101717990864,-0.75131285217894,0.186740507261998,-4.02329876465872,5.738862079152e-05,8.56442727784887e-05,"Not significant","xynB
(AENJPLPP_01105)","AENJPLPP_01105"
"AENJPLPP_03073",NA,"hypothetical protein","hypothetical protein","CDS","","",69.0276370217158,0.948446130455198,0.236318279512715,4.01342685978792,5.98435512092045e-05,8.92608500912845e-05,"Not significant","hypothetical protein","AENJPLPP_03073"
"AENJPLPP_00553",NA,"hypothetical protein","hypothetical protein","CDS","","",131.029094320908,-0.678791305805613,0.169292877102891,-4.00956801858275,6.08299292102153e-05,9.06843231143336e-05,"Not significant","hypothetical protein","AENJPLPP_00553"
"AENJPLPP_03051",NA,"hypothetical protein","hypothetical protein","CDS","","",33.32859827889,-1.39960350415772,0.349799717878752,-4.00115675520026,6.30335813159125e-05,9.39200361607096e-05,"Not significant","hypothetical protein","AENJPLPP_03051"
"AENJPLPP_01658",NA,"hypothetical protein","hypothetical protein","CDS","","",121.960455439772,-0.682612087960564,0.170798939956166,-3.99658269621434,6.42634389825575e-05,9.57021545289954e-05,"Not significant","hypothetical protein","AENJPLPP_01658"
"AENJPLPP_02385","yrdA","Protein YrdA","yrdA","CDS","","COG0663",649.912564313517,0.37611269947218,0.0946506792648819,3.97369255448892,7.07668977838754e-05,0.000105331802116799,"Not significant","yrdA
(AENJPLPP_02385)","AENJPLPP_02385"
"AENJPLPP_01573",NA,"hypothetical protein","hypothetical protein","CDS","","",1672.17712828151,-0.318665470787398,0.0802315303776999,-3.97182341265636,7.13245847273267e-05,0.000106106095303763,"Not significant","hypothetical protein","AENJPLPP_01573"
"AENJPLPP_01506","ecfA1","Energy-coupling factor transporter ATP-binding protein EcfA1","ecfA1","CDS","7.-.-.-","",2805.46170078476,0.273705137519043,0.0690260948504025,3.96524152369091,7.33216672058371e-05,0.000109019768833889,"Not significant","ecfA1
(AENJPLPP_01506)","AENJPLPP_01506"
"AENJPLPP_02541",NA,"hypothetical protein","hypothetical protein","CDS","","",77.5074080067118,-0.87433793781448,0.220906932423001,-3.95794703327945,7.55967153523739e-05,0.000112343465177202,"Not significant","hypothetical protein","AENJPLPP_02541"
"AENJPLPP_01062","plsC","1-acyl-sn-glycerol-3-phosphate acyltransferase","plsC","CDS","2.3.1.-","COG0204",1389.63881921128,-0.288058225340002,0.0729602979599585,-3.94815034195847,7.87573415179102e-05,0.000116979031394126,"Not significant","plsC
(AENJPLPP_01062)","AENJPLPP_01062"
"AENJPLPP_00816","helD_1","DNA helicase IV","helD_1","CDS","3.6.4.12","COG3973",4413.88364385377,-0.227217078068235,0.0576222930182009,-3.94321479008939,8.03965897657931e-05,0.000119351203789701,"Not significant","helD_1
(AENJPLPP_00816)","AENJPLPP_00816"
"AENJPLPP_03024",NA,"hypothetical protein","hypothetical protein","CDS","","",53.3229983795776,-1.13658129810922,0.288545004729158,-3.93900874900285,8.1818946964035e-05,0.000121399076968125,"Not significant","hypothetical protein","AENJPLPP_03024"
"AENJPLPP_00732","gmuR","HTH-type transcriptional regulator GmuR","gmuR","CDS","","COG2188",677.82206393377,-0.351818656981631,0.0894342873665388,-3.93382300391943,8.36053582213805e-05,0.000123984687859994,"Not significant","gmuR
(AENJPLPP_00732)","AENJPLPP_00732"
"AENJPLPP_00011","rlmI","Ribosomal RNA large subunit methyltransferase I","rlmI","CDS","2.1.1.191","COG1092",1284.76319858234,-0.29430205625548,0.0748207318846346,-3.93342926275116,8.37424911176632e-05,0.000124123032646128,"Not significant","rlmI
(AENJPLPP_00011)","AENJPLPP_00011"
"AENJPLPP_02913",NA,"IS3 family transposase ISEfa8","IS3 family transposase ISEfa8","CDS","","",503.49327905846,-0.369847150284307,0.0940711923704821,-3.93156651855472,8.43941376205456e-05,0.000125023445109244,"Not significant","IS3 family transposase ISEfa8","AENJPLPP_02913"
"AENJPLPP_00182",NA,"hypothetical protein","hypothetical protein","CDS","","",823.846769114632,0.341469629453983,0.0868841534118741,3.93017156805622,8.48852699437908e-05,0.000125685250633301,"Not significant","hypothetical protein","AENJPLPP_00182"
"AENJPLPP_02626","axe2","Acetylxylan esterase","axe2","CDS","3.1.1.72","",481.412788854491,0.380010154490955,0.0967548648384837,3.92755604718501,8.58134271988724e-05,0.000126993106325148,"Not significant","axe2
(AENJPLPP_02626)","AENJPLPP_02626"
"AENJPLPP_01977","metQ_2","D-methionine-binding lipoprotein MetQ","metQ_2","CDS","","COG1464",102.328911404172,-0.756238241963992,0.192763524687932,-3.92313972878572,8.74024258238533e-05,0.00012927704676454,"Not significant","metQ_2
(AENJPLPP_01977)","AENJPLPP_01977"
"AENJPLPP_01836",NA,"IS3 family transposase ISEfa10","IS3 family transposase ISEfa10","CDS","","",9.49198650701437,-2.96732736458382,0.756631529831486,-3.92176012707889,8.7904480217078e-05,0.000129951740728223,"Down in serum","IS3 family transposase ISEfa10","AENJPLPP_01836"
"AENJPLPP_00149","mccF","Microcin C7 self-immunity protein MccF","mccF","CDS","","",301.117268573258,0.458906308748754,0.117026107807603,3.921401107377,8.80355780684968e-05,0.000130042770512621,"Not significant","mccF
(AENJPLPP_00149)","AENJPLPP_00149"
"AENJPLPP_02795",NA,"IS110 family transposase ISSpn10","IS110 family transposase ISSpn10","CDS","","",15.3853594905656,1.99330726521662,0.508322993813424,3.92133995407701,8.8057926906639e-05,0.000130042770512621,"Not significant","IS110 family transposase ISSpn10","AENJPLPP_02795"
"AENJPLPP_02855",NA,"IS3 family transposase IS1485","IS3 family transposase IS1485","CDS","","",31.5408885723089,1.35464555287456,0.34576309498555,3.91784309118119,8.93448300181573e-05,0.000131874459740043,"Not significant","IS3 family transposase IS1485","AENJPLPP_02855"
"AENJPLPP_01928",NA,"hypothetical protein","hypothetical protein","CDS","","",412.788520607247,-0.414204960805642,0.105984028819172,-3.90818282169998,9.29929279612238e-05,0.000137187586794281,"Not significant","hypothetical protein","AENJPLPP_01928"
"AENJPLPP_00504",NA,"hypothetical protein","hypothetical protein","CDS","","",292.115475091547,-0.479355394429379,0.122712236048204,-3.906337378133,9.37056561671657e-05,0.000138167037817316,"Not significant","hypothetical protein","AENJPLPP_00504"
"AENJPLPP_02457","uvrC_2","UvrABC system protein C","uvrC_2","CDS","","COG0322",2269.72681140839,0.254725886408772,0.0653233874209069,3.89945923605374,9.64077661760067e-05,0.000142077244166723,"Not significant","uvrC_2
(AENJPLPP_02457)","AENJPLPP_02457"
"AENJPLPP_03095",NA,"hypothetical protein","hypothetical protein","CDS","","",57.0435396460283,-0.968682901793949,0.248426345914375,-3.8992760539489,9.64807261286869e-05,0.000142110788590173,"Not significant","hypothetical protein","AENJPLPP_03095"
"AENJPLPP_02503","smpB","SsrA-binding protein","smpB","CDS","","COG0691",1217.79861344071,0.308896892620406,0.0792398047816684,3.89825408418809,9.68887261368798e-05,0.000142637537022104,"Not significant","smpB
(AENJPLPP_02503)","AENJPLPP_02503"
"AENJPLPP_00681","bepA","Beta-barrel assembly-enhancing protease","bepA","CDS","3.4.-.-","",5602.73639519719,0.25375415704325,0.0651999369866842,3.89193868538668,9.94463802065638e-05,0.000146326768380864,"Not significant","bepA
(AENJPLPP_00681)","AENJPLPP_00681"
"AENJPLPP_03066",NA,"IS6 family transposase IS1216E","IS6 family transposase IS1216E","CDS","","",30.9056235479668,1.31826010605151,0.339032003130306,3.88830580558744,0.000100946390278447,0.000148456743313394,"Not significant","IS6 family transposase IS1216E","AENJPLPP_03066"
"AENJPLPP_00777","gamP","Putative PTS system glucosamine-specific EIICBA component","gamP","CDS","","COG2190",18.7504791715489,1.7311074408839,0.445521475329781,3.88557575053483,0.000102087653543782,0.000150057189606671,"Not significant","gamP
(AENJPLPP_00777)","AENJPLPP_00777"
"AENJPLPP_00460","steT_1","Serine/threonine exchanger SteT","steT_1","CDS","","COG0531",71.3925504494842,-0.924903135496495,0.238452283723166,-3.87877658815074,0.000104983115159351,0.000154233107948169,"Not significant","steT_1
(AENJPLPP_00460)","AENJPLPP_00460"
"AENJPLPP_02851",NA,"hypothetical protein","hypothetical protein","CDS","","",354.025709269237,0.447230813299155,0.115402181167695,3.87541040189933,0.000106445142400644,0.000156299895298871,"Not significant","hypothetical protein","AENJPLPP_02851"
"AENJPLPP_02075","nrdD","Anaerobic ribonucleoside-triphosphate reductase","nrdD","CDS","1.1.98.6","COG1328",7195.30325877403,-0.248392452436139,0.0640985325605424,-3.87516597515749,0.000106552048441814,0.000156375764198433,"Not significant","nrdD
(AENJPLPP_02075)","AENJPLPP_02075"
"AENJPLPP_01363","yvdM_1","Beta-phosphoglucomutase","yvdM_1","CDS","5.4.2.6","COG0637",36.0711460375293,-1.24667399587826,0.321738983089385,-3.87479932928087,0.000106712600011232,0.000156530243850672,"Not significant","yvdM_1
(AENJPLPP_01363)","AENJPLPP_01363"
"AENJPLPP_01975","metN","Methionine import ATP-binding protein MetN","metN","CDS","3.6.3.-","COG1135",73.4595889594204,-0.859934340877642,0.222365427136893,-3.8672124167407,0.000110086532453659,0.000161395636134805,"Not significant","metN
(AENJPLPP_01975)","AENJPLPP_01975"
"AENJPLPP_01812",NA,"hypothetical protein","hypothetical protein","CDS","","",280.489813602415,-0.548480536923216,0.141946801334627,-3.86398659051302,0.000111551347992574,0.000163458522860754,"Not significant","hypothetical protein","AENJPLPP_01812"
"AENJPLPP_00305",NA,"hypothetical protein","hypothetical protein","CDS","","",209.99479768293,0.540457475324884,0.140620431490147,3.84337801838386,0.000121352328960348,0.000177728113443738,"Not significant","hypothetical protein","AENJPLPP_00305"
"AENJPLPP_01339",NA,"hypothetical protein","hypothetical protein","CDS","","",252.009152947635,0.474929230240547,0.123656287062204,3.84072044797559,0.000122673751907128,0.000179570523086391,"Not significant","hypothetical protein","AENJPLPP_01339"
"AENJPLPP_00172",NA,"hypothetical protein","hypothetical protein","CDS","","",136.439257514837,0.617963115205609,0.161155618491628,3.83457381746644,0.000125782194496322,0.000184025525901338,"Not significant","hypothetical protein","AENJPLPP_00172"
"AENJPLPP_00839","uvrC_1","UvrABC system protein C","uvrC_1","CDS","","",486.152545318632,0.362739650924197,0.0947021306400522,3.8303219629019,0.000127975700277202,0.000187138020395021,"Not significant","uvrC_1
(AENJPLPP_00839)","AENJPLPP_00839"
"AENJPLPP_02922",NA,"hypothetical protein","hypothetical protein","CDS","","",39.8742908505516,1.17216439790235,0.306304220819526,3.82679805967477,0.000129820931068247,0.000189738283868977,"Not significant","hypothetical protein","AENJPLPP_02922"
"AENJPLPP_01894",NA,"hypothetical protein","hypothetical protein","CDS","","",127.171508408975,-0.672628050387549,0.175816618335759,-3.82573647903422,0.000130381705198912,0.000190459549751351,"Not significant","hypothetical protein","AENJPLPP_01894"
"AENJPLPP_02055","kbaY","D-tagatose-1,6-bisphosphate aldolase subunit KbaY","kbaY","CDS","4.1.2.40","COG0191",53.7070173932902,0.976591779662463,0.255408018697722,3.8236535588895,0.000131488636087824,0.000191977477444368,"Not significant","kbaY
(AENJPLPP_02055)","AENJPLPP_02055"
"AENJPLPP_00465","ypwA","Carboxypeptidase 1","ypwA","CDS","3.4.17.19","COG2317",7668.04750841006,0.215368990816758,0.0563797803749945,3.8199686019401,0.000133468663126064,0.000194767930572107,"Not significant","ypwA
(AENJPLPP_00465)","AENJPLPP_00465"
"AENJPLPP_02352","patB","Cystathionine beta-lyase PatB","patB","CDS","4.4.1.13","COG1168",1183.49435893983,0.293961261414283,0.0769918159616265,3.81808452941019,0.000134491847453743,0.000196159927945155,"Not significant","patB
(AENJPLPP_02352)","AENJPLPP_02352"
"AENJPLPP_02936",NA,"IS30 family transposase IS1062","IS30 family transposase IS1062","CDS","","COG2826",525.289775244439,0.376399237915168,0.0987639314136621,3.81110019141158,0.000138349675121791,0.000201682765329449,"Not significant","IS30 family transposase IS1062","AENJPLPP_02936"
"AENJPLPP_01151",NA,"hypothetical protein","hypothetical protein","CDS","","",99.1505371094862,-0.812089265169788,0.213367185420486,-3.80606447785956,0.000141195587554484,0.000205725531840837,"Not significant","hypothetical protein","AENJPLPP_01151"
"AENJPLPP_01576",NA,"IS30 family transposase IS1252","IS30 family transposase IS1252","CDS","","COG2826",71.3362044714207,1.00216093781972,0.263399385568628,3.80472010462836,0.000141964627475247,0.000206739640114416,"Not significant","IS30 family transposase IS1252","AENJPLPP_01576"
"AENJPLPP_00208","lacM","Beta-galactosidase small subunit","lacM","CDS","3.2.1.23","COG3250",103.99840611627,0.693416624895618,0.182707323926628,3.79523168526118,0.000147505644052953,0.000214698446433887,"Not significant","lacM
(AENJPLPP_00208)","AENJPLPP_00208"
"AENJPLPP_01262","proA","Gamma-glutamyl phosphate reductase","proA","CDS","1.2.1.41","COG0014",4128.77567603449,-0.236346101524614,0.0622855777069041,-3.79455582216453,0.000147908003331096,0.000215173462194416,"Not significant","proA
(AENJPLPP_01262)","AENJPLPP_01262"
"AENJPLPP_00007","phoR_1","Alkaline phosphatase synthesis sensor protein PhoR","phoR_1","CDS","2.7.13.3","COG0642",514.182464822137,0.389001465720012,0.102722116631187,3.78693000570345,0.000152520041117077,0.000221768996611425,"Not significant","phoR_1
(AENJPLPP_00007)","AENJPLPP_00007"
"AENJPLPP_01507","ecfA2","Energy-coupling factor transporter ATP-binding protein EcfA2","ecfA2","CDS","3.6.3.-","",3400.855928334,0.253002528005084,0.0668292727974891,3.7858039959787,0.000153212405611904,0.000222661355383624,"Not significant","ecfA2
(AENJPLPP_01507)","AENJPLPP_01507"
"AENJPLPP_01432","rplI","50S ribosomal protein L9","rplI","CDS","","",2367.3944001491,-0.244800334361074,0.0648651220558516,-3.77399019075754,0.000160657080218099,0.000233360797381959,"Not significant","rplI
(AENJPLPP_01432)","AENJPLPP_01432"
"AENJPLPP_02547","lgt","Phosphatidylglycerol--prolipoprotein diacylglyceryl transferase","lgt","CDS","2.5.1.145","COG0682",1359.13926114738,0.268964963854911,0.0713150651174129,3.77150274506639,0.000162267372557208,0.000235578939338183,"Not significant","lgt
(AENJPLPP_02547)","AENJPLPP_02547"
"AENJPLPP_01607",NA,"hypothetical protein","hypothetical protein","CDS","","",69.6476141967049,0.831094073572832,0.220399512153677,3.77085260058715,0.00016269075176642,0.000236072536263832,"Not significant","hypothetical protein","AENJPLPP_01607"
"AENJPLPP_02241",NA,"hypothetical protein","hypothetical protein","CDS","","",148.580310985125,0.602250992198164,0.15981676263958,3.76838438128273,0.000164307557538549,0.000238296462803091,"Not significant","hypothetical protein","AENJPLPP_02241"
"AENJPLPP_01440",NA,"hypothetical protein","hypothetical protein","CDS","","",534.564490028781,-0.456726729317732,0.121636388368933,-3.75485276603612,0.000173443404654474,0.000251417449348088,"Not significant","hypothetical protein","AENJPLPP_01440"
"AENJPLPP_01077",NA,"putative AAA domain-containing protein","putative AAA domain-containing protein","CDS","","COG2256",1044.56476318161,-0.292600964950864,0.0780327664037801,-3.74971923251833,0.000177032669471362,0.000256488990416287,"Not significant","putative AAA domain-containing protein","AENJPLPP_01077"
"AENJPLPP_00405",NA,"hypothetical protein","hypothetical protein","CDS","","",88.3322352940491,-0.76872344091191,0.205393528371944,-3.74268579446107,0.000182063825565244,0.000263508532809409,"Not significant","hypothetical protein","AENJPLPP_00405"
"AENJPLPP_02826","xerC_12","Tyrosine recombinase XerC","xerC_12","CDS","","",156.171454110644,-0.593883833059095,0.158676539701967,-3.7427324428334,0.000182030018622444,0.000263508532809409,"Not significant","xerC_12
(AENJPLPP_02826)","AENJPLPP_02826"
"AENJPLPP_02935",NA,"IS30 family transposase IS6770","IS30 family transposase IS6770","CDS","","COG2826",301.331739243613,0.432687068415773,0.115625010402217,3.74215809287814,0.000182446672022957,0.000263927710013793,"Not significant","IS30 family transposase IS6770","AENJPLPP_02935"
"AENJPLPP_02562","licT_3","Transcription antiterminator LicT","licT_3","CDS","","COG3711",34.3369962159058,1.2268895844218,0.328180676159588,3.73845772633239,0.00018515261806459,0.000267705343075003,"Not significant","licT_3
(AENJPLPP_02562)","AENJPLPP_02562"
"AENJPLPP_00679",NA,"hypothetical protein","hypothetical protein","CDS","","",285.339410271708,-0.442705708400751,0.118466867660489,-3.73695799630229,0.000186260023934014,0.000269169028972534,"Not significant","hypothetical protein","AENJPLPP_00679"
"AENJPLPP_02067","tmk","Thymidylate kinase","tmk","CDS","2.7.4.9","COG0125",4825.66341934005,-0.220585514997318,0.0591142737069049,-3.73151019483053,0.000190335305828561,0.000274917985102376,"Not significant","tmk
(AENJPLPP_02067)","AENJPLPP_02067"
"AENJPLPP_02791",NA,"hypothetical protein","hypothetical protein","CDS","","",29.6402871026644,1.30379819811052,0.349755995419225,3.72773652256555,0.000193207209157288,0.00027892381903329,"Not significant","hypothetical protein","AENJPLPP_02791"
"AENJPLPP_01152",NA,"hypothetical protein","hypothetical protein","CDS","","",1253.92943447444,-0.271093525248573,0.0728573431890809,-3.72088129188331,0.000198528748829889,0.000286460187531812,"Not significant","hypothetical protein","AENJPLPP_01152"
"AENJPLPP_01877",NA,"hypothetical protein","hypothetical protein","CDS","","",99.1687820967062,0.716658997975389,0.193467924422618,3.70427811284053,0.000211993576281161,0.000305732967117661,"Not significant","hypothetical protein","AENJPLPP_01877"
"AENJPLPP_01534","ftsY","Signal recognition particle receptor FtsY","ftsY","CDS","","COG0552",3912.20742052238,-0.238097731420905,0.0643626357714237,-3.69931604831227,0.000216181261115205,0.000311455038278446,"Not significant","ftsY
(AENJPLPP_01534)","AENJPLPP_01534"
"AENJPLPP_02334","IMPDH","Inosine-5'-monophosphate dehydrogenase","IMPDH","CDS","1.1.1.205","",1229.82302393493,0.298243231914754,0.0806196553577005,3.69938609376934,0.00021612161021896,0.000311455038278446,"Not significant","IMPDH
(AENJPLPP_02334)","AENJPLPP_02334"
"AENJPLPP_02822","hxlB","3-hexulose-6-phosphate isomerase","hxlB","CDS","5.3.1.27","COG0794",352.388619833524,-0.447489545444907,0.121035702637429,-3.69716980770042,0.000218016516674507,0.000313939348273413,"Not significant","hxlB
(AENJPLPP_02822)","AENJPLPP_02822"
"AENJPLPP_00490","hcaB","3-phenylpropionate-dihydrodiol/cinnamic acid-dihydrodiol dehydrogenase","hcaB","CDS","1.3.1.87","",1568.917816054,0.26299299630355,0.0711848133888984,3.69450987904907,0.000220311328585087,0.000317082547648388,"Not significant","hcaB
(AENJPLPP_00490)","AENJPLPP_00490"
"AENJPLPP_00359",NA,"hypothetical protein","hypothetical protein","CDS","","",95.4674010369522,0.705853591279825,0.191770815779742,3.68071433815316,0.000232581456852788,0.000334572207495042,"Not significant","hypothetical protein","AENJPLPP_00359"
"AENJPLPP_00853",NA,"hypothetical protein","hypothetical protein","CDS","","",9146.20290243774,-0.197722424620259,0.0537455726693152,-3.67885976091096,0.000234279040960018,0.000336672063430361,"Not significant","hypothetical protein","AENJPLPP_00853"
"AENJPLPP_02860","scrB_2","Sucrose-6-phosphate hydrolase","scrB_2","CDS","3.2.1.26","COG1621",51.0399025604909,0.9480549388659,0.257694994412163,3.67898080841089,0.000234167886614732,0.000336672063430361,"Not significant","scrB_2
(AENJPLPP_02860)","AENJPLPP_02860"
"AENJPLPP_02696",NA,"hypothetical protein","hypothetical protein","CDS","","",35.5128966335374,-1.17834519097298,0.320398096250049,-3.67775340978732,0.000235297267290337,0.000337963756316054,"Not significant","hypothetical protein","AENJPLPP_02696"
"AENJPLPP_01946",NA,"hypothetical protein","hypothetical protein","CDS","","",23.5145320533281,1.52597590739637,0.415275398934489,3.6746118631436,0.000238211262093901,0.000341975701312289,"Not significant","hypothetical protein","AENJPLPP_01946"
"AENJPLPP_02809",NA,"hypothetical protein","hypothetical protein","CDS","","",20.529513032777,1.53373936088304,0.418027114687633,3.6689949216072,0.000243505915733167,0.000349399517202532,"Not significant","hypothetical protein","AENJPLPP_02809"
"AENJPLPP_02741","hdfR_3","HTH-type transcriptional regulator HdfR","hdfR_3","CDS","","",340.747738408618,0.436255385950632,0.118980415667393,3.66661507697346,0.000245782338648596,0.000352487234404344,"Not significant","hdfR_3
(AENJPLPP_02741)","AENJPLPP_02741"
"AENJPLPP_02530","prfB","Peptide chain release factor 2","prfB","CDS","","",2695.65170171287,-0.261245258800032,0.0712522648659066,-3.66648357482648,0.000245908706250403,0.000352489897415134,"Not significant","prfB
(AENJPLPP_02530)","AENJPLPP_02530"
"AENJPLPP_03103",NA,"hypothetical protein","hypothetical protein","CDS","","",40.5980003291418,-1.10128644718527,0.300405957713246,-3.66599402877525,0.000246379673760191,0.000352986263367965,"Not significant","hypothetical protein","AENJPLPP_03103"
"AENJPLPP_02426",NA,"hypothetical protein","hypothetical protein","CDS","","",45.089808165467,-1.01033591521785,0.276093952395113,-3.65939169059372,0.000252814667318373,0.0003620224194124,"Not significant","hypothetical protein","AENJPLPP_02426"
"AENJPLPP_00090","cbh_2","Choloylglycine hydrolase","cbh_2","CDS","3.5.1.24","",53.2059506562543,-0.925981150923049,0.253141899850541,-3.65795291680186,0.000254237734741747,0.000363876151190033,"Not significant","cbh_2
(AENJPLPP_00090)","AENJPLPP_00090"
"AENJPLPP_01725",NA,"hypothetical protein","hypothetical protein","CDS","","",105.647423872361,0.679226300655119,0.186007412658576,3.65160877702151,0.000260602673738217,0.000372797457985292,"Not significant","hypothetical protein","AENJPLPP_01725"
"AENJPLPP_00236",NA,"Protein SprT-like protein","Protein SprT-like protein","CDS","","",1638.38079180937,-0.267434189980993,0.0733937303052481,-3.64382882391618,0.00026861209933841,0.000384061036983353,"Not significant","Protein SprT-like protein","AENJPLPP_00236"
"AENJPLPP_01242","recA","Protein RecA","recA","CDS","","COG0468",15128.4973701078,0.209459595439719,0.0574934985248716,3.643187504916,0.000269282526630117,0.000384825256380546,"Not significant","recA
(AENJPLPP_01242)","AENJPLPP_01242"
"AENJPLPP_02014",NA,"hypothetical protein","hypothetical protein","CDS","","",47.4538602606035,1.0130699390495,0.278096583648098,3.64287085357164,0.000269614128308837,0.000385104741292794,"Not significant","hypothetical protein","AENJPLPP_02014"
"AENJPLPP_02939","licT_4","Transcription antiterminator LicT","licT_4","CDS","","COG3711",2138.87598397193,0.245885553080681,0.0675681882237534,3.63907275812142,0.000273621490397741,0.00039063158815734,"Not significant","licT_4
(AENJPLPP_02939)","AENJPLPP_02939"
"AENJPLPP_01017",NA,"IS982 family transposase ISEfm1","IS982 family transposase ISEfm1","CDS","","",37.6007759038943,-1.12571632399844,0.310015223318639,-3.63116466329594,0.000282145089050238,0.000402597150756665,"Not significant","IS982 family transposase ISEfm1","AENJPLPP_01017"
"AENJPLPP_02919","xerC_13","Tyrosine recombinase XerC","xerC_13","CDS","","",424.184522305192,0.411316304635551,0.113617047045924,3.62019886390199,0.000294376678896482,0.000419838981338006,"Not significant","xerC_13
(AENJPLPP_02919)","AENJPLPP_02919"
"AENJPLPP_01387","apbE","FAD:protein FMN transferase","apbE","CDS","2.7.1.180","COG1477",1336.76830471503,-0.259481774815921,0.0717943718601847,-3.61423560221749,0.000301235044544632,0.000429404033789453,"Not significant","apbE
(AENJPLPP_01387)","AENJPLPP_01387"
"AENJPLPP_03156",NA,"hypothetical protein","hypothetical protein","CDS","","",425.664836890882,0.36668230737931,0.101601638758536,3.60901961680717,0.000307356369762008,0.00043790935218734,"Not significant","hypothetical protein","AENJPLPP_03156"
"AENJPLPP_00846","clpE","ATP-dependent Clp protease ATP-binding subunit ClpE","clpE","CDS","","COG0542",12236.1286670744,0.203666666212357,0.0565228720757863,3.60326110002477,0.00031424957589799,0.000447505306522741,"Not significant","clpE
(AENJPLPP_00846)","AENJPLPP_00846"
"AENJPLPP_02970",NA,"hypothetical protein","hypothetical protein","CDS","","",78.5501916913172,-0.782447793708675,0.217326703309856,-3.60032974223647,0.000317813879921176,0.000452353491230191,"Not significant","hypothetical protein","AENJPLPP_02970"
"AENJPLPP_02226","abfA_2","Intracellular exo-alpha-(1->5)-L-arabinofuranosidase 1","abfA_2","CDS","3.2.1.55","COG3534",200.193212040449,0.497909472024239,0.138454053424015,3.59620725945373,0.000322890571998152,0.000459348346395361,"Not significant","abfA_2
(AENJPLPP_02226)","AENJPLPP_02226"
"AENJPLPP_01838",NA,"hypothetical protein","hypothetical protein","CDS","","",442.361218990405,-0.376461603526445,0.104713682173745,-3.59515199648701,0.000324202238516019,0.000460982690727699,"Not significant","hypothetical protein","AENJPLPP_01838"
"AENJPLPP_01541",NA,"hypothetical protein","hypothetical protein","CDS","","",23.4808327216199,-1.4217860584557,0.39609434888301,-3.58951361579673,0.000331295527428792,0.000470832147666119,"Not significant","hypothetical protein","AENJPLPP_01541"
"AENJPLPP_00226",NA,"hypothetical protein","hypothetical protein","CDS","","",465.001197103834,-0.349800760611445,0.0976446038123683,-3.58238701325078,0.000340468889090881,0.000483626404925381,"Not significant","hypothetical protein","AENJPLPP_00226"
"AENJPLPP_01283",NA,"hypothetical protein","hypothetical protein","CDS","","",226.572955383037,0.469271047507277,0.131393132054618,3.57150362556401,0.000354937633828148,0.000503925998679783,"Not significant","hypothetical protein","AENJPLPP_01283"
"AENJPLPP_00060","yjcQ","putative protein YjcQ","yjcQ","CDS","","",889.823298252868,0.301735899288945,0.0845663356300591,3.56803800283966,0.000359664348105056,0.000510380836834794,"Not significant","yjcQ
(AENJPLPP_00060)","AENJPLPP_00060"
"AENJPLPP_02644",NA,"hypothetical protein","hypothetical protein","CDS","","",2047.53238038487,0.244566930735754,0.0685708624376478,3.56663051975088,0.000361600749102518,0.000512871603561738,"Not significant","hypothetical protein","AENJPLPP_02644"
"AENJPLPP_00289","fldH","Phenyllactate dehydrogenase","fldH","CDS","1.1.1.-","",7.64577347684572,2.85518554637053,0.801493060371451,3.56233345931567,0.000367573085304525,0.000521081324234907,"Up in serum","fldH
(AENJPLPP_00289)","AENJPLPP_00289"
"AENJPLPP_01708",NA,"hypothetical protein","hypothetical protein","CDS","","",164.624008357463,-0.574225540082936,0.161234036646729,-3.5614411945853,0.000368824720986596,0.00052259398654307,"Not significant","hypothetical protein","AENJPLPP_01708"
"AENJPLPP_02319","nodM","Glutamine--fructose-6-phosphate aminotransferase [isomerizing]","nodM","CDS","2.6.1.16","",31.3119640851216,-1.28529418583901,0.361677927044682,-3.5536981654958,0.000379854899272209,0.000537953586713169,"Not significant","nodM
(AENJPLPP_02319)","AENJPLPP_02319"
"AENJPLPP_02635","copA","putative copper-importing P-type ATPase A","copA","CDS","7.2.2.8","",1712.0865235027,0.251084923659969,0.0706950213761197,3.55166345200065,0.000382804148052033,0.000541859271567652,"Not significant","copA
(AENJPLPP_02635)","AENJPLPP_02635"
"AENJPLPP_00235","yhgF","Protein YhgF","yhgF","CDS","","COG2183",3247.55509314685,-0.216997214341811,0.061110862217367,-3.55087796945112,0.000383948393425365,0.000543207347219994,"Not significant","yhgF
(AENJPLPP_00235)","AENJPLPP_00235"
"AENJPLPP_00693",NA,"hypothetical protein","hypothetical protein","CDS","","",10905.4909962168,-0.208977668400322,0.0589612360760969,-3.54432305541576,0.00039362261687783,0.000556616197992576,"Not significant","hypothetical protein","AENJPLPP_00693"
"AENJPLPP_02963",NA,"IS200/IS605 family transposase ISEfa4","IS200/IS605 family transposase ISEfa4","CDS","","",14.2674847398995,1.8558625640688,0.524601126724266,3.53766408329553,0.000403683275701673,0.000570557839995724,"Not significant","IS200/IS605 family transposase ISEfa4","AENJPLPP_02963"
"AENJPLPP_00697","scpA","Segregation and condensation protein A","scpA","CDS","","COG1354",2465.25056736646,-0.257278287589357,0.072821343172784,-3.53300662113455,0.000410862181616698,0.000580414588900634,"Not significant","scpA
(AENJPLPP_00697)","AENJPLPP_00697"
"AENJPLPP_00572","norG","HTH-type transcriptional regulator NorG","norG","CDS","","COG1167",516.589113946765,0.352886546599981,0.0999276846815495,3.53141922305678,0.000413336085232911,0.000583618183189213,"Not significant","norG
(AENJPLPP_00572)","AENJPLPP_00572"
"AENJPLPP_00327","amt","Ammonia channel","amt","CDS","","",88.5842867121847,0.733209269029246,0.207660227883277,3.53081221427423,0.000414285758743862,0.000584667489034833,"Not significant","amt
(AENJPLPP_00327)","AENJPLPP_00327"
"AENJPLPP_02071","yabA","Initiation-control protein YabA","yabA","CDS","","COG4467",951.020076102506,0.338362890364558,0.0958988565106434,3.52833081306871,0.000418189177345554,0.00058988219285763,"Not significant","yabA
(AENJPLPP_02071)","AENJPLPP_02071"
"AENJPLPP_02578","dgkA","Undecaprenol kinase","dgkA","CDS","2.7.1.66","COG0818",868.175196906545,0.314962875650727,0.0892754277588113,3.52799066392197,0.00041872692481994,0.000590346575779507,"Not significant","dgkA
(AENJPLPP_02578)","AENJPLPP_02578"
"AENJPLPP_00672","thyA","Thymidylate synthase","thyA","CDS","2.1.1.45","COG0207",1721.05385753728,-0.249754077876502,0.070958185348699,-3.51973597759263,0.000431976573929021,0.000608723584267326,"Not significant","thyA
(AENJPLPP_00672)","AENJPLPP_00672"
"AENJPLPP_00467","gpsB","Cell cycle protein GpsB","gpsB","CDS","","",5568.87457858983,-0.28746925837009,0.0816773587278631,-3.51957094165955,0.000432245422134333,0.000608799398040943,"Not significant","gpsB
(AENJPLPP_00467)","AENJPLPP_00467"
"AENJPLPP_02773",NA,"hypothetical protein","hypothetical protein","CDS","","",112.174357405791,0.639533679546101,0.183218608318334,3.49054981596052,0.000482027738228587,0.000678578084000561,"Not significant","hypothetical protein","AENJPLPP_02773"
"AENJPLPP_00698","ribT","Protein RibT","ribT","CDS","2.3.1.-","",779.48596388499,-0.328664467308581,0.0941763698993264,-3.48988252212226,0.000483232925404408,0.00067993658639159,"Not significant","ribT
(AENJPLPP_00698)","AENJPLPP_00698"
"AENJPLPP_01142","licC_2","Lichenan permease IIC component","licC_2","CDS","","COG1455",148.575040911095,-0.552801149239652,0.15844172689965,-3.48898715039739,0.000484854455569064,0.000681879266624948,"Not significant","licC_2
(AENJPLPP_01142)","AENJPLPP_01142"
"AENJPLPP_02580","recO","DNA repair protein RecO","recO","CDS","","COG1381",819.799255442489,-0.291233674593238,0.0835107686554196,-3.48737868519592,0.000487780160721768,0.000685653244788146,"Not significant","recO
(AENJPLPP_02580)","AENJPLPP_02580"
"AENJPLPP_02383",NA,"putative ABC transporter ATP-binding protein","putative ABC transporter ATP-binding protein","CDS","","COG1132",2623.38186352832,-0.219018733775486,0.0631027314198591,-3.47082810596941,0.000518856027769462,0.000728973406756995,"Not significant","putative ABC transporter ATP-binding protein","AENJPLPP_02383"
"AENJPLPP_02917",NA,"IS200/IS605 family transposase ISEfa4","IS200/IS605 family transposase ISEfa4","CDS","","",137.097021200401,0.575025091591077,0.165934707092993,3.46536961233084,0.00052950321374606,0.000743563292715821,"Not significant","IS200/IS605 family transposase ISEfa4","AENJPLPP_02917"
"AENJPLPP_02216","mta","HTH-type transcriptional activator mta","mta","CDS","","COG0789",474.934298130377,0.35123397259651,0.101399069719611,3.46387766246519,0.000532448601199492,0.00074732870103905,"Not significant","mta
(AENJPLPP_02216)","AENJPLPP_02216"
"AENJPLPP_01335",NA,"hypothetical protein","hypothetical protein","CDS","","",50.0675235836279,0.915075519202102,0.264561580479258,3.45883751353627,0.000542512080947813,0.000761076165095767,"Not significant","hypothetical protein","AENJPLPP_01335"
"AENJPLPP_02389","miaA","tRNA dimethylallyltransferase","miaA","CDS","2.5.1.75","COG0324",1263.25747553554,0.251466201457398,0.0730410063082866,3.44280855600519,0.000575706701159875,0.000807244017327195,"Not significant","miaA
(AENJPLPP_02389)","AENJPLPP_02389"
"AENJPLPP_00285","aes_2","Acetyl esterase","aes_2","CDS","3.1.1.-","",107.791129169322,0.610778134020792,0.177519908297303,3.44061767426044,0.000580387999983898,0.000813405162353672,"Not significant","aes_2
(AENJPLPP_00285)","AENJPLPP_00285"
"AENJPLPP_02311",NA,"putative ABC transporter ATP-binding protein","putative ABC transporter ATP-binding protein","CDS","","COG1132",1982.68206449349,0.230137624823855,0.0671334761221306,3.42806060578754,0.000607909731056186,0.000851554897882268,"Not significant","putative ABC transporter ATP-binding protein","AENJPLPP_02311"
"AENJPLPP_00809","yitU","5-amino-6-(5-phospho-D-ribitylamino)uracil phosphatase YitU","yitU","CDS","3.1.3.104","COG0561",2868.53159188453,0.219649054423862,0.0641373032212517,3.42466931710784,0.000615548150014153,0.000861828295098946,"Not significant","yitU
(AENJPLPP_00809)","AENJPLPP_00809"
"AENJPLPP_00696","scpB","Segregation and condensation protein B","scpB","CDS","","",1958.42873958881,-0.308415668300077,0.0900911059825329,-3.42337531476053,0.000618486182910662,0.000865513783400932,"Not significant","scpB
(AENJPLPP_00696)","AENJPLPP_00696"
"AENJPLPP_00350",NA,"hypothetical protein","hypothetical protein","CDS","","",111.9461054779,-0.634255321880691,0.185696087147292,-3.41555566207277,0.000636520188878083,0.000890310600155065,"Not significant","hypothetical protein","AENJPLPP_00350"
"AENJPLPP_03105",NA,"hypothetical protein","hypothetical protein","CDS","","",19.0740830513167,-1.49765514050689,0.438890244357855,-3.41236826236163,0.000644010465611329,0.000900342532417616,"Not significant","hypothetical protein","AENJPLPP_03105"
"AENJPLPP_02431",NA,"hypothetical protein","hypothetical protein","CDS","","",34.6951422353741,-1.0750451984579,0.315067891840317,-3.41210648974273,0.000644629250848756,0.000900762788328149,"Not significant","hypothetical protein","AENJPLPP_02431"
"AENJPLPP_02217",NA,"hypothetical protein","hypothetical protein","CDS","","",444.769648606075,0.346501484625582,0.101779576360425,3.40443040751654,0.000663021923711992,0.000926006445993414,"Not significant","hypothetical protein","AENJPLPP_02217"
"AENJPLPP_02042","xerC_8","Tyrosine recombinase XerC","xerC_8","CDS","","",451.391891208609,-0.339000449532609,0.0997657660609795,-3.39796367949907,0.000678894326711245,0.000947707021163479,"Not significant","xerC_8
(AENJPLPP_02042)","AENJPLPP_02042"
"AENJPLPP_01935",NA,"hypothetical protein","hypothetical protein","CDS","","",1882.04999941062,-0.242356829178801,0.0713399073265107,-3.39721255971886,0.000680760652190297,0.000949843965673106,"Not significant","hypothetical protein","AENJPLPP_01935"
"AENJPLPP_02836",NA,"IS3 family transposase ISEfa10","IS3 family transposase ISEfa10","CDS","","",147.612373773572,0.536081936085944,0.15841839501752,3.38396267697737,0.000714477147979466,0.000996396456123088,"Not significant","IS3 family transposase ISEfa10","AENJPLPP_02836"
"AENJPLPP_02971",NA,"hypothetical protein","hypothetical protein","CDS","","",45.7288775591849,-0.967143089063885,0.287296936434413,-3.3663536446539,0.000761689891486226,0.00106171545189439,"Not significant","hypothetical protein","AENJPLPP_02971"
"AENJPLPP_00206","melA","Alpha-galactosidase Mel36A","melA","CDS","3.2.1.22","COG3345",139.499651043147,-0.555440704702396,0.1657513812772,-3.35104721554922,0.000805065745965324,0.00112162457028929,"Not significant","melA
(AENJPLPP_00206)","AENJPLPP_00206"
"AENJPLPP_00507","glnP","putative glutamine ABC transporter permease protein GlnP","glnP","CDS","","COG0765",1176.99637043171,-0.251895594733004,0.0751906922599279,-3.35009011304514,0.000807852742056855,0.00112495381837824,"Not significant","glnP
(AENJPLPP_00507)","AENJPLPP_00507"
"AENJPLPP_03168",NA,"hypothetical protein","hypothetical protein","CDS","","",30.8431937976004,1.14197102899228,0.341966873810916,3.33942003289978,0.000839535181915924,0.00116849759095574,"Not significant","hypothetical protein","AENJPLPP_03168"
"AENJPLPP_02911",NA,"hypothetical protein","hypothetical protein","CDS","","",437.246272140842,-0.347740182766574,0.104179797910764,-3.33788498096755,0.000844186863820306,0.00117439460023356,"Not significant","hypothetical protein","AENJPLPP_02911"
"AENJPLPP_00725",NA,"hypothetical protein","hypothetical protein","CDS","","",18.8993048755299,-1.52350404508496,0.460421356609038,-3.30893435592439,0.000936517921037436,0.00130220149040127,"Not significant","hypothetical protein","AENJPLPP_00725"
"AENJPLPP_00762",NA,"hypothetical protein","hypothetical protein","CDS","","",145.544198485206,-0.522630294721632,0.158195216589313,-3.30370478949702,0.000954162508178668,0.00132608446767492,"Not significant","hypothetical protein","AENJPLPP_00762"
"AENJPLPP_02429",NA,"hypothetical protein","hypothetical protein","CDS","","",12.6173104592215,-1.91275314927635,0.579496655559785,-3.30071473394209,0.000964388829603128,0.00133963924269208,"Not significant","hypothetical protein","AENJPLPP_02429"
"AENJPLPP_02027","potB","Spermidine/putrescine transport system permease protein PotB","potB","CDS","","COG1176",565.650169602327,-0.319555395195971,0.0969015265021087,-3.29773334570759,0.000974686492820337,0.00135327977497517,"Not significant","potB
(AENJPLPP_02027)","AENJPLPP_02027"
"AENJPLPP_00406",NA,"hypothetical protein","hypothetical protein","CDS","","",235.569793746643,-0.428289810178021,0.129996397725302,-3.29462829487821,0.000985519459711184,0.00136764979923645,"Not significant","hypothetical protein","AENJPLPP_00406"
"AENJPLPP_02345",NA,"hypothetical protein","hypothetical protein","CDS","","",1111.58993451797,0.261811105692358,0.0794738261258986,3.2943060433206,0.000986650100114981,0.00136854798306002,"Not significant","hypothetical protein","AENJPLPP_02345"
"AENJPLPP_02514",NA,"hypothetical protein","hypothetical protein","CDS","","",779.006433319041,0.326964394184936,0.0993288712061013,3.29173572813996,0.000995711303080982,0.0013804401072587,"Not significant","hypothetical protein","AENJPLPP_02514"
"AENJPLPP_00650","yccU","putative protein YccU","yccU","CDS","","COG1832",1288.0151406999,0.284777527825262,0.0869930391754949,3.27356683390228,0.00106199272791968,0.00147161106839971,"Not significant","yccU
(AENJPLPP_00650)","AENJPLPP_00650"
"AENJPLPP_00222","umpB_1","Na(+), Li(+), K(+)/H(+) antiporter subunit B","umpB_1","CDS","","",58.9012328372783,0.783392818775585,0.239439309170699,3.27178031664422,0.00106872583767966,0.00148021665678626,"Not significant","umpB_1
(AENJPLPP_00222)","AENJPLPP_00222"
"AENJPLPP_02954","norR_2","Anaerobic nitric oxide reductase transcription regulator NorR","norR_2","CDS","","",345.292747156091,0.353501922330332,0.108159919403233,3.26832642147629,0.00108185514399042,0.00149766841693735,"Not significant","norR_2
(AENJPLPP_02954)","AENJPLPP_02954"
"AENJPLPP_01848","scaC_2","Manganese import ATP-binding protein ScaC","scaC_2","CDS","7.2.2.5","COG1121",760.531590122425,-0.282044843306383,0.0863135247072768,-3.26767843467067,0.0010843348976296,0.0015003675929567,"Not significant","scaC_2
(AENJPLPP_01848)","AENJPLPP_01848"
"AENJPLPP_01120","uxaC","Uronate isomerase","uxaC","CDS","5.3.1.12","COG1904",147.509398281315,-0.506143476189158,0.155078402886793,-3.26379087459806,0.00109932275441241,0.00152036283231145,"Not significant","uxaC
(AENJPLPP_01120)","AENJPLPP_01120"
"AENJPLPP_02464","ntpK","V-type sodium ATPase subunit K","ntpK","CDS","","",823.913058451189,0.283632710540513,0.0869415791977034,3.26233676864251,0.00110497788540052,0.0015274376921723,"Not significant","ntpK
(AENJPLPP_02464)","AENJPLPP_02464"
"AENJPLPP_02254","natA_1","ABC transporter ATP-binding protein NatA","natA_1","CDS","7.2.2.4","COG4555",23.0182425255617,-1.27183871034708,0.390641969471914,-3.25576566201118,0.00113087045604445,0.00156246669646746,"Not significant","natA_1
(AENJPLPP_02254)","AENJPLPP_02254"
"AENJPLPP_01591","kup","Low affinity potassium transport system protein kup","kup","CDS","","",7521.40193927458,0.174259636918938,0.0536781920162002,3.24637679425466,0.00116884027913898,0.00161413991719144,"Not significant","kup
(AENJPLPP_01591)","AENJPLPP_01591"
"AENJPLPP_02135","sfsA","Sugar fermentation stimulation protein A","sfsA","CDS","","COG1489",1601.06927524743,-0.258460165083674,0.0796716073209204,-3.24406866856076,0.00117835334836451,0.00162648382702093,"Not significant","sfsA
(AENJPLPP_02135)","AENJPLPP_02135"
"AENJPLPP_01936",NA,"hypothetical protein","hypothetical protein","CDS","","",8053.14831198112,0.189351607753083,0.058541177697229,3.23450287816889,0.00121854692477404,0.00168114344251233,"Not significant","hypothetical protein","AENJPLPP_01936"
"AENJPLPP_02929",NA,"hypothetical protein","hypothetical protein","CDS","","",73.1852970704826,-0.723833407412499,0.223910084079824,-3.23269677820518,0.00122627647821645,0.00169098329753082,"Not significant","hypothetical protein","AENJPLPP_02929"
"AENJPLPP_00617","alaA","Glutamate-pyruvate aminotransferase AlaA","alaA","CDS","2.6.1.2","COG0436",3966.65877475221,-0.189981949158208,0.0589186973715043,-3.22447639940682,0.00126203258485383,0.00173944218486913,"Not significant","alaA
(AENJPLPP_00617)","AENJPLPP_00617"
"AENJPLPP_00177",NA,"Pyruvate:ferredoxin oxidoreductase","Pyruvate:ferredoxin oxidoreductase","CDS","1.2.7.1","COG0674",5988.54559298841,-0.222603145558149,0.0690554111933745,-3.22354384270912,0.0012661491466889,0.00174426678066972,"Not significant","Pyruvate:ferredoxin oxidoreductase","AENJPLPP_00177"
"AENJPLPP_02972",NA,"hypothetical protein","hypothetical protein","CDS","","",138.45975155572,-0.611784153619471,0.189825560789315,-3.22287552358916,0.00126910691275283,0.00174749108463194,"Not significant","hypothetical protein","AENJPLPP_02972"
"AENJPLPP_01361","comC","Type 4 prepilin-like proteins leader peptide-processing enzyme","comC","CDS","","",79.796907438021,-0.736649588637124,0.228640968373525,-3.22186174191529,0.00127360576404474,0.0017528332124505,"Not significant","comC
(AENJPLPP_01361)","AENJPLPP_01361"
"AENJPLPP_01683",NA,"IS256 family transposase ISEf1","IS256 family transposase ISEf1","CDS","","",77.2235251460909,0.682016381444094,0.211792751599175,3.22020643432988,0.0012809831660293,0.00176212990429007,"Not significant","IS256 family transposase ISEf1","AENJPLPP_01683"
"AENJPLPP_01668",NA,"hypothetical protein","hypothetical protein","CDS","","",333.676795354333,0.423612454952916,0.131654344869221,3.21761089900765,0.00129263044790173,0.00177728839145691,"Not significant","hypothetical protein","AENJPLPP_01668"
"AENJPLPP_00169",NA,"hypothetical protein","hypothetical protein","CDS","","",55.3234441168184,0.788621133412267,0.245233415006367,3.21579803222082,0.00130082345378449,0.00178768504740965,"Not significant","hypothetical protein","AENJPLPP_00169"
"AENJPLPP_01003","pisA","Bacteriocin piscicolin-126","pisA","CDS","","",37.4769474806198,0.974613769289466,0.30314470747676,3.21501166027839,0.00130439223669067,0.00179171975840431,"Not significant","pisA
(AENJPLPP_01003)","AENJPLPP_01003"
"AENJPLPP_02041",NA,"hypothetical protein","hypothetical protein","CDS","","",30.282015293994,-1.10562276924658,0.344074048050767,-3.21332799003616,0.00131206362247105,0.001801383179057,"Not significant","hypothetical protein","AENJPLPP_02041"
"AENJPLPP_00554",NA,"hypothetical protein","hypothetical protein","CDS","","",54.0880377031865,-0.813509899339235,0.253991877771771,-3.20289729922084,0.0013605249049217,0.00186701212110196,"Not significant","hypothetical protein","AENJPLPP_00554"
"AENJPLPP_00561","pycA","Pyruvate carboxylase","pycA","CDS","6.4.1.1","",20247.9403180956,-0.214672416547678,0.0670741371758436,-3.2005244582556,0.00137177726372249,0.00188154139224728,"Not significant","pycA
(AENJPLPP_00561)","AENJPLPP_00561"
"AENJPLPP_01783","lpdC","Gallate decarboxylase","lpdC","CDS","4.1.1.59","COG0043",269.044808759799,-0.395633238642781,0.123770915588211,-3.19649601655257,0.00139107747273265,0.00190708974591096,"Not significant","lpdC
(AENJPLPP_01783)","AENJPLPP_01783"
"AENJPLPP_02379","cspLA_1","Cold shock-like protein CspLA","cspLA_1","CDS","","COG1278",32754.70569717,-0.174990860726645,0.0549847698836979,-3.18253329234224,0.00145992730546848,0.00200051026223682,"Not significant","cspLA_1
(AENJPLPP_02379)","AENJPLPP_02379"
"AENJPLPP_02130","divIVA","Cell division protein DivIVA","divIVA","CDS","","COG3599",18358.4575528364,0.220350807679753,0.069301607973528,3.17959155816302,0.0014748276956923,0.00201995026923314,"Not significant","divIVA
(AENJPLPP_02130)","AENJPLPP_02130"
"AENJPLPP_02003",NA,"hypothetical protein","hypothetical protein","CDS","","",4421.10078249633,-0.194578468810393,0.0613125956691301,-3.17354805626602,0.00150587970501483,0.00206148232345115,"Not significant","hypothetical protein","AENJPLPP_02003"
"AENJPLPP_02859","treP_2","PTS system trehalose-specific EIIBC component","treP_2","CDS","","COG1263",402.287929663093,-0.323301379959089,0.101961670236461,-3.17081290654925,0.00152013015413458,0.00207998475899226,"Not significant","treP_2
(AENJPLPP_02859)","AENJPLPP_02859"
"AENJPLPP_00042",NA,"hypothetical protein","hypothetical protein","CDS","","",33.3486024105232,1.00526737994897,0.317393947511509,3.16725440995537,0.00153885628057255,0.00210459040111154,"Not significant","hypothetical protein","AENJPLPP_00042"
"AENJPLPP_01198","ftsH","ATP-dependent zinc metalloprotease FtsH","ftsH","CDS","3.4.24.-","COG0465",28962.4382824551,0.26541206220916,0.0838107563619384,3.16680189667986,0.00154125273940986,0.00210685007497311,"Not significant","ftsH
(AENJPLPP_01198)","AENJPLPP_01198"
"AENJPLPP_00220","lacF_1","Lactose transport system permease protein LacF","lacF_1","CDS","","",53.219944288538,-0.812260999072566,0.256899809234843,-3.16178124651717,0.00156807312506242,0.00214247829008287,"Not significant","lacF_1
(AENJPLPP_00220)","AENJPLPP_00220"
"AENJPLPP_02668",NA,"hypothetical protein","hypothetical protein","CDS","","",808.242846396646,0.25865124670583,0.082031272929971,3.1530809832323,0.00161556980821202,0.00220630879259441,"Not significant","hypothetical protein","AENJPLPP_02668"
"AENJPLPP_00428",NA,"hypothetical protein","hypothetical protein","CDS","","",616.065332015357,0.286783842945708,0.0910581408261585,3.14945858046031,0.00163573293933613,0.00223276757534261,"Not significant","hypothetical protein","AENJPLPP_00428"
"AENJPLPP_01945",NA,"hypothetical protein","hypothetical protein","CDS","","",114.448390689892,0.549667307208909,0.174838149886652,3.14386366799957,0.00166733098007451,0.00227480192992334,"Not significant","hypothetical protein","AENJPLPP_01945"
"AENJPLPP_02976",NA,"hypothetical protein","hypothetical protein","CDS","","",44.3039511164052,-0.895760785482978,0.285150822333246,-3.14135788967192,0.00168166397749232,0.00229325179204275,"Not significant","hypothetical protein","AENJPLPP_02976"
"AENJPLPP_00551","tadA_1","tRNA-specific adenosine deaminase","tadA_1","CDS","3.5.4.33","",515.925764011867,-0.308482463217885,0.0982255747348948,-3.14055136913641,0.00168630131438253,0.00229846847424985,"Not significant","tadA_1
(AENJPLPP_00551)","AENJPLPP_00551"
"AENJPLPP_02324",NA,"hypothetical protein","hypothetical protein","CDS","","",585.823618808009,-0.282905733113897,0.0902840592003349,-3.13350701795702,0.00172730787913789,0.00235322839549537,"Not significant","hypothetical protein","AENJPLPP_02324"
"AENJPLPP_01350",NA,"hypothetical protein","hypothetical protein","CDS","","",48.9630436617883,0.842036730742581,0.268819815187311,3.13234621545982,0.00173415248859761,0.00236141688081762,"Not significant","hypothetical protein","AENJPLPP_01350"
"AENJPLPP_01840","galK_2","Galactokinase","galK_2","CDS","2.7.1.6","COG0153",245.195154232307,-0.394174624075109,0.125940768123717,-3.12984135278495,0.00174900733245941,0.00238049988374644,"Not significant","galK_2
(AENJPLPP_01840)","AENJPLPP_01840"
"AENJPLPP_01422","dnaN","Beta sliding clamp","dnaN","CDS","","COG0592",4737.17434378195,-0.184276165212178,0.0591027602975796,-3.11789439756039,0.00182148055978243,0.00247794880573958,"Not significant","dnaN
(AENJPLPP_01422)","AENJPLPP_01422"
"AENJPLPP_02402","rex_2","Redox-sensing transcriptional repressor Rex","rex_2","CDS","","COG2344",3434.80376121298,0.193196140890138,0.0620379728398048,3.11415947437566,0.00184469754907731,0.00250832793536881,"Not significant","rex_2
(AENJPLPP_02402)","AENJPLPP_02402"
"AENJPLPP_03174",NA,"hypothetical protein","hypothetical protein","CDS","","",280.160389235048,0.522194810932754,0.167824471249334,3.11155344060008,0.00186105785715599,0.00252935899837187,"Not significant","hypothetical protein","AENJPLPP_03174"
"AENJPLPP_02901",NA,"ISL3 family transposase ISEfa5","ISL3 family transposase ISEfa5","CDS","","",23.838663898405,-1.19984404596723,0.385654648394496,-3.11118782299721,0.00186336378487778,0.00253127777110796,"Not significant","ISL3 family transposase ISEfa5","AENJPLPP_02901"
"AENJPLPP_00509","glnH","ABC transporter glutamine-binding protein GlnH","glnH","CDS","","COG0834",5348.07000869736,-0.240305653411768,0.0774283756398703,-3.10358639743989,0.00191190402962285,0.00259597137067736,"Not significant","glnH
(AENJPLPP_00509)","AENJPLPP_00509"
"AENJPLPP_02827",NA,"hypothetical protein","hypothetical protein","CDS","","",235.495030123528,0.407703871552929,0.131459639505544,3.10136155162463,0.00192632929112563,0.00261430403795621,"Not significant","hypothetical protein","AENJPLPP_02827"
"AENJPLPP_01902","mnmA","tRNA-specific 2-thiouridylase MnmA","mnmA","CDS","2.8.1.13","COG0482",6283.48021280869,0.19305945758736,0.0623944156798787,3.09417846907763,0.00197358726993237,0.00267715647397151,"Not significant","mnmA
(AENJPLPP_01902)","AENJPLPP_01902"
"AENJPLPP_01660","rspR_2","HTH-type transcriptional repressor RspR","rspR_2","CDS","","COG1802",513.562835974784,0.298505013966808,0.0967970009121556,3.08382502715869,0.00204357746729843,0.00277077002390893,"Not significant","rspR_2
(AENJPLPP_01660)","AENJPLPP_01660"
"AENJPLPP_01246",NA,"hypothetical protein","hypothetical protein","CDS","","",2449.78134341513,-0.194940123795404,0.0633226559957996,-3.078520961097,0.00208030894463872,0.00281922193502738,"Not significant","hypothetical protein","AENJPLPP_01246"
"AENJPLPP_00433","yfbR","5'-deoxynucleotidase YfbR","yfbR","CDS","3.1.3.89","",1462.74646527613,0.236478250834707,0.0768270328574509,3.07806044356134,0.00208352650310867,0.00282223135421083,"Not significant","yfbR
(AENJPLPP_00433)","AENJPLPP_00433"
"AENJPLPP_02784",NA,"hypothetical protein","hypothetical protein","CDS","","",45.0704166358643,0.851480796156512,0.276798494664971,3.07617567496933,0.00209674269128236,0.0028387750162699,"Not significant","hypothetical protein","AENJPLPP_02784"
"AENJPLPP_02633","copY","Transcriptional repressor CopY","copY","CDS","","",320.233767434575,-0.352374672551623,0.114870714441771,-3.06757622483707,0.00215802414565129,0.00292034720666291,"Not significant","copY
(AENJPLPP_02633)","AENJPLPP_02633"
"AENJPLPP_03012",NA,"hypothetical protein","hypothetical protein","CDS","","",62.3596668895649,-0.726525223083368,0.237003137516785,-3.065466688313,0.00217330585780264,0.00293962201788785,"Not significant","hypothetical protein","AENJPLPP_03012"
"AENJPLPP_00320",NA,"hypothetical protein","hypothetical protein","CDS","","",108.82914213133,-0.561492846242085,0.18343633656375,-3.06096849054193,0.0022062231071028,0.00298272092464567,"Not significant","hypothetical protein","AENJPLPP_00320"
"AENJPLPP_01988","murQ","N-acetylmuramic acid 6-phosphate etherase","murQ","CDS","4.2.1.126","COG2103",232.133737451219,-0.396695991933155,0.12960684353811,-3.06076423978731,0.00220772857784911,0.00298333155316985,"Not significant","murQ
(AENJPLPP_01988)","AENJPLPP_01988"
"AENJPLPP_02698",NA,"hypothetical protein","hypothetical protein","CDS","","",25.292455134914,-1.16868478656679,0.382471144963938,-3.05561557245574,0.00224599023636418,0.00303358700340983,"Not significant","hypothetical protein","AENJPLPP_02698"
"AENJPLPP_00635",NA,"hypothetical protein","hypothetical protein","CDS","","",1908.34380759869,0.2186301877856,0.0717340942623393,3.04778627281535,0.00230533826814942,0.00311226162953315,"Not significant","hypothetical protein","AENJPLPP_00635"
"AENJPLPP_01517",NA,"IS982 family transposase ISEfm1","IS982 family transposase ISEfm1","CDS","","",29.6814536805502,-1.06457603180475,0.349968011411214,-3.04192382472886,0.00235071375015312,0.00317200697172711,"Not significant","IS982 family transposase ISEfm1","AENJPLPP_01517"
"AENJPLPP_02974",NA,"hypothetical protein","hypothetical protein","CDS","","",191.705431772435,-0.463276447508785,0.153378094759686,-3.02048638845494,0.00252369051227511,0.00340379601727052,"Not significant","hypothetical protein","AENJPLPP_02974"
"AENJPLPP_00414",NA,"hypothetical protein","hypothetical protein","CDS","","",24.415949468716,-1.1440649943685,0.379191350716059,-3.01711785410733,0.00255190575563349,0.00344021199723733,"Not significant","hypothetical protein","AENJPLPP_00414"
"AENJPLPP_02908",NA,"IS3 family transposase ISEfa8","IS3 family transposase ISEfa8","CDS","","",128.122063170962,0.526039038440266,0.175080060957873,3.00456280151078,0.00265962845626987,0.00358372592084721,"Not significant","IS3 family transposase ISEfa8","AENJPLPP_02908"
"AENJPLPP_02476",NA,"hypothetical protein","hypothetical protein","CDS","","",344.203390731847,0.341732916585063,0.113794168104341,3.00307935176183,0.00267262735211185,0.00359952808459974,"Not significant","hypothetical protein","AENJPLPP_02476"
"AENJPLPP_02898","cutD","Choline trimethylamine-lyase activating enzyme","cutD","CDS","1.97.1.-","",182.141234342857,0.481435846111718,0.160356565055272,3.00228335488338,0.00267962627643048,0.00360723822566557,"Not significant","cutD
(AENJPLPP_02898)","AENJPLPP_02898"
"AENJPLPP_00667",NA,"hypothetical protein","hypothetical protein","CDS","","",1690.25754346401,0.210797263628812,0.0702234054689645,3.00180918628299,0.00268380343301676,0.00361114425801827,"Not significant","hypothetical protein","AENJPLPP_00667"
"AENJPLPP_01439","zupT","Zinc transporter ZupT","zupT","CDS","","COG0428",980.917205510808,-0.237795774305342,0.079225087694995,-3.00152112448043,0.00268634399896849,0.00361284553970537,"Not significant","zupT
(AENJPLPP_01439)","AENJPLPP_01439"
"AENJPLPP_02646",NA,"hypothetical protein","hypothetical protein","CDS","","",94.5334642132788,-0.628625315473351,0.209465865595967,-3.00108713982969,0.00269017568387516,0.00361628079821965,"Not significant","hypothetical protein","AENJPLPP_02646"
"AENJPLPP_01239","mprF_2","Phosphatidylglycerol lysyltransferase","mprF_2","CDS","2.3.2.3","",5239.25848431645,0.166279071803409,0.0554931494988826,2.99638916343643,0.00273197533054823,0.0036707271764509,"Not significant","mprF_2
(AENJPLPP_01239)","AENJPLPP_01239"
"AENJPLPP_02424",NA,"hypothetical protein","hypothetical protein","CDS","","",43.5315294163863,-0.88449371700973,0.295497850999184,-2.99323231630599,0.00276039539349307,0.00370715339610004,"Not significant","hypothetical protein","AENJPLPP_02424"
"AENJPLPP_02789",NA,"hypothetical protein","hypothetical protein","CDS","","",33.2528616362544,0.97894850131707,0.328100377277667,2.98368599707095,0.00284798879196305,0.00382297594596842,"Not significant","hypothetical protein","AENJPLPP_02789"
"AENJPLPP_01970",NA,"hypothetical protein","hypothetical protein","CDS","","",104.584852775059,0.537264754373918,0.180395346233977,2.9782628298907,0.0028988728340246,0.00388943554176475,"Not significant","hypothetical protein","AENJPLPP_01970"
"AENJPLPP_01342","ndvA","Beta-(1-->2)glucan export ATP-binding/permease protein NdvA","ndvA","CDS","7.5.2.3","COG1132",324.94332851368,0.335194336324222,0.112574019239233,2.97754613888213,0.00290565906738309,0.00389669389851328,"Not significant","ndvA
(AENJPLPP_01342)","AENJPLPP_01342"
"AENJPLPP_01280","qorB","Quinone oxidoreductase 2","qorB","CDS","1.6.5.2","COG0702",148.879469818617,0.456554004918939,0.153787057644368,2.96874140068872,0.0029902212640487,0.00400819905233043,"Not significant","qorB
(AENJPLPP_01280)","AENJPLPP_01280"
"AENJPLPP_02617",NA,"hypothetical protein","hypothetical protein","CDS","","",50.7844646191023,0.797613610728205,0.269179044307099,2.96313412056783,0.00304523849992328,0.00408001428929617,"Not significant","hypothetical protein","AENJPLPP_02617"
"AENJPLPP_01372","ycjM","Glucosylglycerate phosphorylase","ycjM","CDS","2.4.1.352","COG0366",23.7136383283103,-1.13214772155866,0.382498564979678,-2.95987442885912,0.00307764458463947,0.00412148146599543,"Not significant","ycjM
(AENJPLPP_01372)","AENJPLPP_01372"
"AENJPLPP_02973","srtA_2","Sortase A","srtA_2","CDS","3.4.22.-","",58.6224558419776,-0.719129406276529,0.243318883989612,-2.95550182741768,0.00312160847813056,0.00417837995346932,"Not significant","srtA_2
(AENJPLPP_02973)","AENJPLPP_02973"
"AENJPLPP_02874",NA,"IS256 family transposase ISEf1","IS256 family transposase ISEf1","CDS","","",49.4832918886122,-0.792993649193912,0.269032110175378,-2.94757993265923,0.00320271940797238,0.00428448366042829,"Not significant","IS256 family transposase ISEf1","AENJPLPP_02874"
"AENJPLPP_02979",NA,"hypothetical protein","hypothetical protein","CDS","","",24.6938038330213,-1.11057878797338,0.376791092967821,-2.94746560813269,0.00320390388877665,0.00428448366042829,"Not significant","hypothetical protein","AENJPLPP_02979"
"AENJPLPP_03014",NA,"hypothetical protein","hypothetical protein","CDS","","",57.7519133442907,-0.725121920590599,0.246541533303953,-2.94117551259251,0.00326969212541182,0.00437039584846122,"Not significant","hypothetical protein","AENJPLPP_03014"
"AENJPLPP_01940","yknY","putative ABC transporter ATP-binding protein YknY","yknY","CDS","3.6.3.-","COG1136",40.3098311840447,-0.864674371319433,0.295220480751735,-2.92891051839516,0.00340152329763239,0.0045444608096259,"Not significant","yknY
(AENJPLPP_01940)","AENJPLPP_01940"
"AENJPLPP_02388","glpQ","Glycerophosphodiester phosphodiesterase","glpQ","CDS","3.1.4.46","COG0584",857.648927973379,-0.24241172533139,0.0828517312958585,-2.92584984694831,0.00343516693087479,0.00458724414212572,"Not significant","glpQ
(AENJPLPP_02388)","AENJPLPP_02388"
"AENJPLPP_02465","atpE_1","V-type proton ATPase subunit E","atpE_1","CDS","","",1879.80252692624,0.197839948306877,0.0679023522237945,2.91359491722511,0.00357293200885292,0.00476896299720067,"Not significant","atpE_1
(AENJPLPP_02465)","AENJPLPP_02465"
"AENJPLPP_01150",NA,"hypothetical protein","hypothetical protein","CDS","","",1383.79042364672,-0.2251344445017,0.0774801032486755,-2.90570656287229,0.00366424902155126,0.00488854334590557,"Not significant","hypothetical protein","AENJPLPP_01150"
"AENJPLPP_00605","iolU_1","scyllo-inositol 2-dehydrogenase (NADP(+)) IolU","iolU_1","CDS","1.1.1.371","COG0673",1505.25019488951,0.198476894172519,0.0685771160315648,2.89421465436318,0.00380108214594503,0.00506870633780988,"Not significant","iolU_1
(AENJPLPP_00605)","AENJPLPP_00605"
"AENJPLPP_00337","msrR","Regulatory protein MsrR","msrR","CDS","","",215.024172904612,0.374580461806827,0.130263387684012,2.87556210894399,0.00403308790791334,0.00537302205520126,"Not significant","msrR
(AENJPLPP_00337)","AENJPLPP_00337"
"AENJPLPP_02047",NA,"hypothetical protein","hypothetical protein","CDS","","",308.601984353179,-0.330798684170445,0.115032834295546,-2.87568924295603,0.0040314639945686,0.00537302205520126,"Not significant","hypothetical protein","AENJPLPP_02047"
"AENJPLPP_00300",NA,"hypothetical protein","hypothetical protein","CDS","","",296.731536245824,0.376745542708381,0.13120124196577,2.87150896640654,0.00408517192699059,0.00543985029412529,"Not significant","hypothetical protein","AENJPLPP_00300"
"AENJPLPP_01334",NA,"hypothetical protein","hypothetical protein","CDS","","",18.3541196459997,-1.28025933945057,0.446360842521115,-2.86821606532388,0.00412793524716567,0.00549421000692337,"Not significant","hypothetical protein","AENJPLPP_01334"
"AENJPLPP_00152",NA,"hypothetical protein","hypothetical protein","CDS","","",92.2231739248589,-0.59584433739336,0.208130004166155,-2.86284690081342,0.0041985337938987,0.00558554942224023,"Not significant","hypothetical protein","AENJPLPP_00152"
"AENJPLPP_02810",NA,"hypothetical protein","hypothetical protein","CDS","","",13.0607206470474,1.49412748550259,0.522654788241027,2.85872725002866,0.00425344327657159,0.00565594077781784,"Not significant","hypothetical protein","AENJPLPP_02810"
"AENJPLPP_00952",NA,"hypothetical protein","hypothetical protein","CDS","","",25.7415190204249,1.07203787227361,0.375840655907508,2.85237335403499,0.00433941000684695,0.00576483797718616,"Not significant","hypothetical protein","AENJPLPP_00952"
"AENJPLPP_02906",NA,"putative ABC transporter ATP-binding protein","putative ABC transporter ATP-binding protein","CDS","","COG1136",245.222920138173,-0.389784749518387,0.136647803498205,-2.85247724105208,0.00433799186487262,0.00576483797718616,"Not significant","putative ABC transporter ATP-binding protein","AENJPLPP_02906"
"AENJPLPP_02333",NA,"hypothetical protein","hypothetical protein","CDS","","",1279.5385675394,0.241495848083153,0.0847198069929219,2.85052405871662,0.00436472482032686,0.00579574857708505,"Not significant","hypothetical protein","AENJPLPP_02333"
"AENJPLPP_02227",NA,"Extracellular exo-alpha-(1->5)-L-arabinofuranosidase","Extracellular exo-alpha-(1->5)-L-arabinofuranosidase","CDS","3.2.1.55","COG3940",152.730726613483,0.458362091010497,0.160916485197226,2.84844707146511,0.0043933160386819,0.00583097876488911,"Not significant","Extracellular exo-alpha-(1->5)-L-arabinofuranosidase","AENJPLPP_02227"
"AENJPLPP_01932",NA,"hypothetical protein","hypothetical protein","CDS","","",13.8035749584916,-1.4403280122833,0.507841583958744,-2.83617580320148,0.00456573059755488,0.00605697437754352,"Not significant","hypothetical protein","AENJPLPP_01932"
"AENJPLPP_02738",NA,"hypothetical protein","hypothetical protein","CDS","","",52.8497882762665,-0.728394941905676,0.25685518483623,-2.83581950027638,0.00457082707001794,0.00606089528581769,"Not significant","hypothetical protein","AENJPLPP_02738"
"AENJPLPP_02790",NA,"hypothetical protein","hypothetical protein","CDS","","",29.6585237075914,1.01347551211215,0.35804953511629,2.83054553270956,0.00464686964819176,0.00615884268447138,"Not significant","hypothetical protein","AENJPLPP_02790"
"AENJPLPP_03019",NA,"hypothetical protein","hypothetical protein","CDS","","",6.91749917660232,2.18566473443566,0.775860270490634,2.81708552115125,0.00484616196750892,0.00641997404305931,"Not significant","hypothetical protein","AENJPLPP_03019"
"AENJPLPP_02981",NA,"hypothetical protein","hypothetical protein","CDS","","",41.8327021662974,-0.795680506770105,0.28353919988705,-2.80624515794314,0.00501225419953781,0.00663689973755451,"Not significant","hypothetical protein","AENJPLPP_02981"
"AENJPLPP_00734","mhqD","Putative hydrolase MhqD","mhqD","CDS","3.1.-.-","COG0400",39.5938340931403,-0.805966047368977,0.2889719701183,-2.78908036318896,0.0052857947131985,0.00699583208651937,"Not significant","mhqD
(AENJPLPP_00734)","AENJPLPP_00734"
"AENJPLPP_02070",NA,"hypothetical protein","hypothetical protein","CDS","","",5635.79279731161,0.173042200997957,0.0620983312590675,2.78658375337083,0.00532668512606554,0.00704665681864091,"Not significant","hypothetical protein","AENJPLPP_02070"
"AENJPLPP_01299",NA,"hypothetical protein","hypothetical protein","CDS","","",110.759663267001,-0.503764271242403,0.181313604730167,-2.77841407428919,0.00546249585286807,0.00722294524029403,"Not significant","hypothetical protein","AENJPLPP_01299"
"AENJPLPP_01628",NA,"Calcium-transporting ATPase 1","Calcium-transporting ATPase 1","CDS","7.2.2.10","",3926.41171000647,0.172393911817013,0.0622036389321869,2.77144415948002,0.00558082435689105,0.00737596347075563,"Not significant","Calcium-transporting ATPase 1","AENJPLPP_01628"
"AENJPLPP_02317","sorA_2","PTS system sorbose-specific EIIC component","sorA_2","CDS","","COG3715",12.8325968684227,1.5280599107582,0.551973135682437,2.76835920441848,0.00563393227312977,0.00744267954513784,"Not significant","sorA_2
(AENJPLPP_02317)","AENJPLPP_02317"
"AENJPLPP_00288",NA,"6-phosphogluconate dehydrogenase, NAD(+)-dependent, decarboxylating","6-phosphogluconate dehydrogenase, NAD(+)-dependent, decarboxylating","CDS","1.1.1.343","COG1023",13.3014422491982,1.45583432452676,0.526098701752898,2.76722660534248,0.0056535442522483,0.00746510437412077,"Not significant","6-phosphogluconate dehydrogenase, NAD(+)-dependent, decarboxylating","AENJPLPP_00288"
"AENJPLPP_02864",NA,"IS3 family transposase IS1485","IS3 family transposase IS1485","CDS","","",22.2556790342248,1.09478648399647,0.396714603591124,2.75963242614789,0.00578664290295068,0.00763728953764726,"Not significant","IS3 family transposase IS1485","AENJPLPP_02864"
"AENJPLPP_00806","sbnD_1","Staphyloferrin B transporter","sbnD_1","CDS","","",2998.15641677178,0.169710256590525,0.0616402279358993,2.75323862797863,0.00590088675786499,0.00778444101188992,"Not significant","sbnD_1
(AENJPLPP_00806)","AENJPLPP_00806"
"AENJPLPP_01919","metQ_1","Methionine-binding lipoprotein MetQ","metQ_1","CDS","","COG1464",2850.53947010345,-0.183375851496092,0.0666332156426532,-2.7520186400656,0.00592291494985594,0.00780986130556226,"Not significant","metQ_1
(AENJPLPP_01919)","AENJPLPP_01919"
"AENJPLPP_01949",NA,"hypothetical protein","hypothetical protein","CDS","","",402.659994346027,0.304812843943117,0.110794765392845,2.75114842169972,0.00593867293242111,0.00782699398123099,"Not significant","hypothetical protein","AENJPLPP_01949"
"AENJPLPP_03104",NA,"hypothetical protein","hypothetical protein","CDS","","",8.78697155798112,-1.81379708699796,0.660413296841595,-2.74645755267555,0.00602426810309402,0.00793611121445285,"Not significant","hypothetical protein","AENJPLPP_03104"
"AENJPLPP_02670","tag","DNA-3-methyladenine glycosylase 1","tag","CDS","3.2.2.20","COG2818",369.924499426978,-0.298062368389666,0.108544524011554,-2.74599175871773,0.00603282790597916,0.00794369107061722,"Not significant","tag
(AENJPLPP_02670)","AENJPLPP_02670"
"AENJPLPP_00109","galT","Galactose-1-phosphate uridylyltransferase","galT","CDS","2.7.7.12","",6250.2376905322,-0.192921463950743,0.0703909740595409,-2.74071308897584,0.00613060148286204,0.00806868098465014,"Not significant","galT
(AENJPLPP_00109)","AENJPLPP_00109"
"AENJPLPP_01964",NA,"hypothetical protein","hypothetical protein","CDS","","",638.590043714848,-0.255116425887893,0.0932362970480047,-2.73623507116055,0.00621466138871547,0.00817551412242263,"Not significant","hypothetical protein","AENJPLPP_01964"
"AENJPLPP_02513","murA1_2","UDP-N-acetylglucosamine 1-carboxyvinyltransferase 1","murA1_2","CDS","2.5.1.7","COG0766",15999.6409424891,0.154793890378127,0.0567548080548746,2.72741456950151,0.00638327844393092,0.00839343301196862,"Not significant","murA1_2
(AENJPLPP_02513)","AENJPLPP_02513"
"AENJPLPP_01132","rhaR_3","HTH-type transcriptional activator RhaR","rhaR_3","CDS","","",286.975257490245,-0.331905917405253,0.121899650181078,-2.72277990061675,0.00647351701618338,0.00850813680260684,"Not significant","rhaR_3
(AENJPLPP_01132)","AENJPLPP_01132"
"AENJPLPP_00763","araD","L-ribulose-5-phosphate 4-epimerase AraD","araD","CDS","5.1.3.4","COG0235",29.8102318869744,0.912453541298383,0.338377108015038,2.69655812903819,0.007006016842889,0.00920372792678364,"Not significant","araD
(AENJPLPP_00763)","AENJPLPP_00763"
"AENJPLPP_02247","amiE","N-acetylmuramyl-L-alanine amidase","amiE","CDS","3.5.1.28","",604.967234596699,0.238207164178835,0.0883948719630714,2.69480750284191,0.00704293063882833,0.0092479297952333,"Not significant","amiE
(AENJPLPP_02247)","AENJPLPP_02247"
"AENJPLPP_01837",NA,"hypothetical protein","hypothetical protein","CDS","","",581.205716599663,0.24121916062564,0.0897595955793052,2.68739134873348,0.00720125261439747,0.00945143539701403,"Not significant","hypothetical protein","AENJPLPP_01837"
"AENJPLPP_01290","yadH","Inner membrane transport permease YadH","yadH","CDS","","COG0842",506.246379488116,-0.257291557743136,0.0958205378536172,-2.68513998675518,0.00724994335969322,0.00951093125639087,"Not significant","yadH
(AENJPLPP_01290)","AENJPLPP_01290"
"AENJPLPP_02862","agaA_3","Alpha-galactosidase AgaA","agaA_3","CDS","3.2.1.22","",489.803387550446,0.268378686954884,0.100007673605296,2.68358094213956,0.00728383411292176,0.00955096543477606,"Not significant","agaA_3
(AENJPLPP_02862)","AENJPLPP_02862"
"AENJPLPP_02505","atpE_2","ATP synthase subunit c","atpE_2","CDS","","",1652.4278898686,-0.182706721978808,0.0681666858673255,-2.68029345499375,0.0073557643438253,0.00964081891544881,"Not significant","atpE_2
(AENJPLPP_02505)","AENJPLPP_02505"
"AENJPLPP_01718",NA,"hypothetical protein","hypothetical protein","CDS","","",15.3971117880662,-1.29819381841368,0.484818904805513,-2.67768811312022,0.00741322116713937,0.0097116284702321,"Not significant","hypothetical protein","AENJPLPP_01718"
"AENJPLPP_01370","ycjO","Inner membrane ABC transporter permease protein YcjO","ycjO","CDS","","COG1175",21.9622876607299,-1.0595078252125,0.396918992620679,-2.66933012758356,0.00760027075271127,0.00995206591162146,"Not significant","ycjO
(AENJPLPP_01370)","AENJPLPP_01370"
"AENJPLPP_02642",NA,"hypothetical protein","hypothetical protein","CDS","","",44.2320603184658,0.770048123944773,0.288771138058574,2.66663811737507,0.00766141185460512,0.0100274881925044,"Not significant","hypothetical protein","AENJPLPP_02642"
"AENJPLPP_02868",NA,"IS256 family transposase ISBsu2","IS256 family transposase ISBsu2","CDS","","",200.100712743802,-0.362719551140827,0.136504960723835,-2.65718952056731,0.00787951328223451,0.0103081802689491,"Not significant","IS256 family transposase ISBsu2","AENJPLPP_02868"
"AENJPLPP_02449","hrtA_2","Putative hemin import ATP-binding protein HrtA","hrtA_2","CDS","3.6.3.-","COG1136",391.668453414207,0.28757861322057,0.108285000751809,2.65575667196702,0.00791306889952638,0.0103472970228911,"Not significant","hrtA_2
(AENJPLPP_02449)","AENJPLPP_02449"
"AENJPLPP_03016",NA,"hypothetical protein","hypothetical protein","CDS","","",18.7921172384479,-1.20459068517007,0.454402925757297,-2.65093074205569,0.00802702996030785,0.0104914689832094,"Not significant","hypothetical protein","AENJPLPP_03016"
"AENJPLPP_02640",NA,"hypothetical protein","hypothetical protein","CDS","","",10.810691443183,1.50880985431799,0.569369578904927,2.64996569929131,0.00804999431945365,0.0105166284810214,"Not significant","hypothetical protein","AENJPLPP_02640"
"AENJPLPP_02448",NA,"putative ABC transporter permease","putative ABC transporter permease","CDS","","COG0577",387.549939099978,-0.295345471757009,0.111561526794502,-2.64737746285097,0.00811187523158527,0.0105925824633846,"Not significant","putative ABC transporter permease","AENJPLPP_02448"
"AENJPLPP_00385",NA,"hypothetical protein","hypothetical protein","CDS","","",5045.44263200496,0.157818165005179,0.0597526075163561,2.64119293809863,0.00826146572688734,0.0107829458150383,"Not significant","hypothetical protein","AENJPLPP_00385"
"AENJPLPP_01314",NA,"hypothetical protein","hypothetical protein","CDS","","",17.8356500266887,-1.1857039674299,0.44895890925212,-2.64100776929688,0.00826598237868968,0.010783869176991,"Not significant","hypothetical protein","AENJPLPP_01314"
"AENJPLPP_00738",NA,"hypothetical protein","hypothetical protein","CDS","","",5.23956101716864,2.50059067871074,0.947100625175182,2.64025871406031,0.00828427594730623,0.0108027568893708,"Not significant","hypothetical protein","AENJPLPP_00738"
"AENJPLPP_00567",NA,"hypothetical protein","hypothetical protein","CDS","","",419.03338903017,-0.281486831324289,0.107256599522938,-2.62442434849046,0.00867955718771733,0.0113129955793866,"Not significant","hypothetical protein","AENJPLPP_00567"
"AENJPLPP_01109",NA,"hypothetical protein","hypothetical protein","CDS","","",33.0477027851536,-0.85316769626634,0.326109864971572,-2.6161971406192,0.00889152044944783,0.011583936673901,"Not significant","hypothetical protein","AENJPLPP_01109"
"AENJPLPP_03070",NA,"hypothetical protein","hypothetical protein","CDS","","",543.276358352711,-0.251496173667066,0.0964149714015145,-2.60847636016739,0.00909462933097714,0.0118430982686275,"Not significant","hypothetical protein","AENJPLPP_03070"
"AENJPLPP_01294","phoR_2","Alkaline phosphatase synthesis sensor protein PhoR","phoR_2","CDS","2.7.13.3","COG0642",1090.83994016595,-0.210081098267099,0.0806387421821695,-2.60521298549659,0.00918171643025466,0.0119510065351958,"Not significant","phoR_2
(AENJPLPP_01294)","AENJPLPP_01294"
"AENJPLPP_02507","atpH","ATP synthase subunit delta","atpH","CDS","","COG0712",2879.46542078846,-0.200465231099605,0.07704517657782,-2.60191799154518,0.00927040173892368,0.0120608949094177,"Not significant","atpH
(AENJPLPP_02507)","AENJPLPP_02507"
"AENJPLPP_03023",NA,"hypothetical protein","hypothetical protein","CDS","","",24.5972114108564,-0.950822454937845,0.369587216954388,-2.57266055566849,0.010092013409426,0.0131237896013252,"Not significant","hypothetical protein","AENJPLPP_03023"
"AENJPLPP_01738","pgsA2","Putative cardiolipin synthase","pgsA2","CDS","2.7.8.41","COG0558",715.404875964052,0.228406083983954,0.0890945985916567,2.56363559176912,0.0103582233254058,0.0134586444507989,"Not significant","pgsA2
(AENJPLPP_01738)","AENJPLPP_01738"
"AENJPLPP_02382",NA,"putative ABC transporter ATP-binding protein","putative ABC transporter ATP-binding protein","CDS","","COG1132",1675.7599442201,-0.184993699984957,0.0721614365312145,-2.56360888692862,0.0103590202254648,0.0134586444507989,"Not significant","putative ABC transporter ATP-binding protein","AENJPLPP_02382"
"AENJPLPP_03021",NA,"hypothetical protein","hypothetical protein","CDS","","",18.7959652253059,-1.08277406040742,0.422542036200803,-2.56252388553564,0.0103914439638342,0.0134945770007407,"Not significant","hypothetical protein","AENJPLPP_03021"
"AENJPLPP_03099",NA,"hypothetical protein","hypothetical protein","CDS","","",17.0908822029278,-1.16406876610802,0.455562739097063,-2.55523260838942,0.0106116857555784,0.0137742697726009,"Not significant","hypothetical protein","AENJPLPP_03099"
"AENJPLPP_01326",NA,"hypothetical protein","hypothetical protein","CDS","","",74.8464990012837,-0.583840873957374,0.228811605145586,-2.5516226486235,0.0107222577922069,0.013911416961383,"Not significant","hypothetical protein","AENJPLPP_01326"
"AENJPLPP_02573","yqeY","putative protein YqeY","yqeY","CDS","","COG1610",33146.0053443356,0.162135952910988,0.0635716419785877,2.55044463010093,0.0107585612044877,0.0139521240356869,"Not significant","yqeY
(AENJPLPP_02573)","AENJPLPP_02573"
"AENJPLPP_01452","lacG_2","6-phospho-beta-galactosidase","lacG_2","CDS","3.2.1.85","COG2723",34.5187187369541,-0.834974066128683,0.327436781501697,-2.5500313749094,0.0107713225031798,0.0139622774755045,"Not significant","lacG_2
(AENJPLPP_01452)","AENJPLPP_01452"
"AENJPLPP_01657",NA,"hypothetical protein","hypothetical protein","CDS","","",74.3843036916729,-0.542241207339374,0.213197881204343,-2.54337052636866,0.0109788737094038,0.0142248015887058,"Not significant","hypothetical protein","AENJPLPP_01657"
"AENJPLPP_02704",NA,"IS30 family transposase IS1252","IS30 family transposase IS1252","CDS","","COG2826",51.9004528260622,-0.670004320003044,0.26403265533062,-2.53758126684773,0.0111621449136546,0.0144556414686899,"Not significant","IS30 family transposase IS1252","AENJPLPP_02704"
"AENJPLPP_01532","smc_2","Chromosome partition protein Smc","smc_2","CDS","","COG1196",15544.8187440253,0.139302553083675,0.0549408490214389,2.53550055313701,0.0112286751134983,0.0145351528332482,"Not significant","smc_2
(AENJPLPP_01532)","AENJPLPP_01532"
"AENJPLPP_02051","rho","Transcription termination factor Rho","rho","CDS","3.6.4.-","COG1158",2424.09136621815,-0.182801307788969,0.0721117875562532,-2.53497124372863,0.0112456557104125,0.0145504804918545,"Not significant","rho
(AENJPLPP_02051)","AENJPLPP_02051"
"AENJPLPP_01345","btuD_3","Vitamin B12 import ATP-binding protein BtuD","btuD_3","CDS","7.6.2.8","",21.6347544030861,1.02410095189942,0.404354880360463,2.53267859902294,0.0113194688524275,0.0146392948018375,"Not significant","btuD_3
(AENJPLPP_01345)","AENJPLPP_01345"
"AENJPLPP_01365","ycjT","Kojibiose phosphorylase","ycjT","CDS","2.4.1.230","COG1554",60.2380710835044,-0.605386438400324,0.239144779728017,-2.53146415777438,0.0113587425734726,0.0146833790984023,"Not significant","ycjT
(AENJPLPP_01365)","AENJPLPP_01365"
"AENJPLPP_01464","mglA","Galactose/methyl galactoside import ATP-binding protein MglA","mglA","CDS","7.5.2.11","COG1129",18350.1709032946,0.176548777289702,0.0697830627161909,2.52996601779617,0.0114073574374893,0.0147394928824884,"Not significant","mglA
(AENJPLPP_01464)","AENJPLPP_01464"
"AENJPLPP_02112","argR_3","Arginine repressor","argR_3","CDS","","COG1438",1665.53258286428,0.20804830856213,0.0823844598454368,2.52533437680424,0.011558825109253,0.0149283913705727,"Not significant","argR_3
(AENJPLPP_02112)","AENJPLPP_02112"
"AENJPLPP_00355",NA,"hypothetical protein","hypothetical protein","CDS","","",78.7928162787109,0.52270048289567,0.20767652568639,2.51689728132776,0.0118393339976253,0.0152837002039568,"Not significant","hypothetical protein","AENJPLPP_00355"
"AENJPLPP_02471","ntpJ_2","Potassium/sodium uptake protein NtpJ","ntpJ_2","CDS","","",5731.7017214606,0.191552689489363,0.0762568156742349,2.51194188736737,0.0120068858921113,0.0154929325253268,"Not significant","ntpJ_2
(AENJPLPP_02471)","AENJPLPP_02471"
"AENJPLPP_01261","proB","Glutamate 5-kinase 1","proB","CDS","2.7.2.11","COG0263",1482.55219230625,-0.171685770172805,0.0684042874427716,-2.50986855635973,0.0120776108736558,0.015577091746387,"Not significant","proB
(AENJPLPP_01261)","AENJPLPP_01261"
"AENJPLPP_02623",NA,"hypothetical protein","hypothetical protein","CDS","","",1278.95256812495,-0.245732375082223,0.0979313811903113,-2.50923015784581,0.0120994619999698,0.0155981679972289,"Not significant","hypothetical protein","AENJPLPP_02623"
"AENJPLPP_01084",NA,"hypothetical protein","hypothetical protein","CDS","","",11.6624403150726,-1.40798503569757,0.562596335111669,-2.50265589699958,0.0123265324584321,0.0158836656303238,"Not significant","hypothetical protein","AENJPLPP_01084"
"AENJPLPP_01601",NA,"hypothetical protein","hypothetical protein","CDS","","",10.6848824894905,-1.49636625845173,0.598515701689784,-2.5001286586585,0.0124148210415993,0.0159901539439343,"Not significant","hypothetical protein","AENJPLPP_01601"
"AENJPLPP_01749","dhaM-2","PEP-dependent dihydroxyacetone kinase 2, phosphoryl donor subunit DhaM","dhaM-2","CDS","2.7.1.121","COG3412",596.032036315493,-0.286002207372147,0.114832220158885,-2.49060940367108,0.0127524227922834,0.0164175120168051,"Not significant","dhaM-2
(AENJPLPP_01749)","AENJPLPP_01749"
"AENJPLPP_01616",NA,"hypothetical protein","hypothetical protein","CDS","","",7140.423667514,-0.138863986326537,0.0557644207013832,-2.49018970483258,0.0127674927185289,0.0164294417664343,"Not significant","hypothetical protein","AENJPLPP_01616"
"AENJPLPP_01281","ywnA","Putative HTH-type transcriptional regulator YwnA","ywnA","CDS","","COG1959",390.932002259337,0.262710439695629,0.105519634101454,2.48968300480497,0.0127857075530278,0.0164454057622088,"Not significant","ywnA
(AENJPLPP_01281)","AENJPLPP_01281"
"AENJPLPP_02320","frlB_1","Fructosamine deglycase FrlB","frlB_1","CDS","3.5.-.-","COG2222",52.5720789005683,-0.663904287886079,0.26706118959851,-2.48596319399373,0.0129201327436838,0.0166107610342275,"Not significant","frlB_1
(AENJPLPP_02320)","AENJPLPP_02320"
"AENJPLPP_01652",NA,"hypothetical protein","hypothetical protein","CDS","","",834.294229508481,-0.211321605471638,0.0850456108236829,-2.48480319472043,0.0129623073706656,0.0166574181417859,"Not significant","hypothetical protein","AENJPLPP_01652"
"AENJPLPP_02742",NA,"hypothetical protein","hypothetical protein","CDS","","",308.204890232548,0.284981548671643,0.114787911048912,2.48267910851876,0.0130398495107082,0.0167494618715131,"Not significant","hypothetical protein","AENJPLPP_02742"
"AENJPLPP_00153","hemW","Heme chaperone HemW","hemW","CDS","","COG0635",869.860118992312,0.2371902332197,0.0956527921371823,2.47970004764241,0.0131492946136505,0.0168823823361654,"Not significant","hemW
(AENJPLPP_00153)","AENJPLPP_00153"
"AENJPLPP_00158",NA,"hypothetical protein","hypothetical protein","CDS","","",6.6709196219979,-1.91363918795942,0.771969576761491,-2.47890492781772,0.0131786428130836,0.0169123924768086,"Not significant","hypothetical protein","AENJPLPP_00158"
"AENJPLPP_02126","ftsZ","Cell division protein FtsZ","ftsZ","CDS","","COG0206",17881.607097109,-0.148596312167697,0.0601544305271801,-2.47024717656591,0.0135019722160914,0.0173194759147054,"Not significant","ftsZ
(AENJPLPP_02126)","AENJPLPP_02126"
"AENJPLPP_01348",NA,"hypothetical protein","hypothetical protein","CDS","","",224.019105540098,0.333711167554415,0.135123598909774,2.46967347115469,0.013523643168395,0.0173394174862891,"Not significant","hypothetical protein","AENJPLPP_01348"
"AENJPLPP_01939",NA,"hypothetical protein","hypothetical protein","CDS","","",77.4056040016076,-0.522079977528908,0.21159905257056,-2.4673077274522,0.0136133309574751,0.0174465097060263,"Not significant","hypothetical protein","AENJPLPP_01939"
"AENJPLPP_01597","yfnB_2","Putative HAD-hydrolase YfnB","yfnB_2","CDS","3.-.-.-","COG1011",849.625300995994,0.196643682543162,0.0798747111502184,2.46190164210221,0.0138202561243242,0.0177036855601637,"Not significant","yfnB_2
(AENJPLPP_01597)","AENJPLPP_01597"
"AENJPLPP_01248","mscL","Large-conductance mechanosensitive channel","mscL","CDS","","COG1970",2267.33289090082,0.170349076546987,0.069248157861284,2.45997990138923,0.0138944796650276,0.0177907154824483,"Not significant","mscL
(AENJPLPP_01248)","AENJPLPP_01248"
"AENJPLPP_01694",NA,"hypothetical protein","hypothetical protein","CDS","","",82.3534486949222,-0.509177256932508,0.207275354321465,-2.45652580645367,0.0140287725806059,0.0179545457394644,"Not significant","hypothetical protein","AENJPLPP_01694"
"AENJPLPP_02953",NA,"hypothetical protein","hypothetical protein","CDS","","",61.4987838381418,0.577882331884736,0.236525160829143,2.44321716074079,0.014556974996714,0.0186221401788058,"Not significant","hypothetical protein","AENJPLPP_02953"
"AENJPLPP_01596","rsuA","Ribosomal small subunit pseudouridine synthase A","rsuA","CDS","5.4.99.19","COG1187",2246.88141630997,0.16934030101838,0.0693764509465918,2.440890225831,0.0146511075413057,0.0187340946022748,"Not significant","rsuA
(AENJPLPP_01596)","AENJPLPP_01596"
"AENJPLPP_02716","manZ_6","PTS system mannose-specific EIID component","manZ_6","CDS","","COG3716",21.0500379504263,0.958132330829365,0.392723357571661,2.43971312720948,0.014698929297743,0.0187867579421717,"Not significant","manZ_6
(AENJPLPP_02716)","AENJPLPP_02716"
"AENJPLPP_01029","secE","Protein translocase subunit SecE","secE","CDS","","",110.430238401416,0.48855474749003,0.200706783132746,2.43417158037406,0.0149259179217293,0.0190682642763609,"Not significant","secE
(AENJPLPP_01029)","AENJPLPP_01029"
"AENJPLPP_02445",NA,"hypothetical protein","hypothetical protein","CDS","","",225.463021905561,-0.316718407517336,0.131024183038775,-2.41725153457821,0.0156382063790113,0.0199692206851515,"Not significant","hypothetical protein","AENJPLPP_02445"
"AENJPLPP_01622","opuCD","Glycine betaine/carnitine/choline transport system permease protein OpuCD","opuCD","CDS","","COG1174",161.149749874556,0.369187645691773,0.152840493275681,2.41550938353662,0.0157132176106375,0.0200559598988795,"Not significant","opuCD
(AENJPLPP_01622)","AENJPLPP_01622"
"AENJPLPP_03015",NA,"hypothetical protein","hypothetical protein","CDS","","",48.9278612011924,-0.627305479076644,0.25977020187312,-2.41484771753398,0.0157417895735976,0.0200833737191775,"Not significant","hypothetical protein","AENJPLPP_03015"
"AENJPLPP_01447",NA,"hypothetical protein","hypothetical protein","CDS","","",87.818730755516,-0.488289797964011,0.202239361076689,-2.41441525212716,0.01576048891717,0.0200981730290577,"Not significant","hypothetical protein","AENJPLPP_01447"
"AENJPLPP_02787",NA,"hypothetical protein","hypothetical protein","CDS","","",11.9165286348196,1.29708055042579,0.540724900058618,2.39878087782748,0.0164497551322199,0.020967697784473,"Not significant","hypothetical protein","AENJPLPP_02787"
"AENJPLPP_02050","murA1_1","UDP-N-acetylglucosamine 1-carboxyvinyltransferase","murA1_1","CDS","2.5.1.7","",4716.60302552344,-0.182139435342662,0.0759393998868756,-2.39848399663402,0.016463095864294,0.0209752585021675,"Not significant","murA1_1
(AENJPLPP_02050)","AENJPLPP_02050"
"AENJPLPP_01455",NA,"hypothetical protein","hypothetical protein","CDS","","",110.476120956736,-0.463585311827813,0.194178584704173,-2.38741729699017,0.0169672198352617,0.0216078269696923,"Not significant","hypothetical protein","AENJPLPP_01455"
"AENJPLPP_00168",NA,"hypothetical protein","hypothetical protein","CDS","","",40.475337240884,0.693393088450114,0.290808887572319,2.38436003190473,0.0171088549516564,0.0217784030432281,"Not significant","hypothetical protein","AENJPLPP_00168"
"AENJPLPP_02423",NA,"hypothetical protein","hypothetical protein","CDS","","",8.48609775670638,-1.57278270046929,0.660350017278416,-2.3817409848059,0.0172310124216148,0.0219240432204905,"Not significant","hypothetical protein","AENJPLPP_02423"
"AENJPLPP_00400",NA,"hypothetical protein","hypothetical protein","CDS","","",6.12420594486451,-1.97980444332355,0.831466623935687,-2.38109911610436,0.0172610669025912,0.0219524170715344,"Not significant","hypothetical protein","AENJPLPP_00400"
"AENJPLPP_02214",NA,"hypothetical protein","hypothetical protein","CDS","","",33.803125749837,0.778359580221791,0.326981221236049,2.38044122925301,0.0172919191125095,0.0219817795273976,"Not significant","hypothetical protein","AENJPLPP_02214"
"AENJPLPP_00330",NA,"hypothetical protein","hypothetical protein","CDS","","",36.6190094717548,-0.735883481797118,0.309360437431529,-2.37872524330132,0.0173726195602575,0.022059245238939,"Not significant","hypothetical protein","AENJPLPP_00330"
"AENJPLPP_00616",NA,"hypothetical protein","hypothetical protein","CDS","","",2995.04373790504,-0.15401752388023,0.0647500123823585,-2.37864856257838,0.0173762334450137,0.022059245238939,"Not significant","hypothetical protein","AENJPLPP_00616"
"AENJPLPP_02150",NA,"hypothetical protein","hypothetical protein","CDS","","",697.688009879663,0.204918236214444,0.0861384618698532,2.3789400433462,0.017362499760717,0.022059245238939,"Not significant","hypothetical protein","AENJPLPP_02150"
"AENJPLPP_02817",NA,"hypothetical protein","hypothetical protein","CDS","","",125.206236850583,-0.394497883561595,0.166077684774553,-2.3753816420136,0.017530813700415,0.02224551034777,"Not significant","hypothetical protein","AENJPLPP_02817"
"AENJPLPP_03148",NA,"hypothetical protein","hypothetical protein","CDS","","",13.8058221069189,1.18634770180154,0.49965314097286,2.37434252788171,0.0175802333311094,0.0222982260575137,"Not significant","hypothetical protein","AENJPLPP_03148"
"AENJPLPP_02931",NA,"IS30 family transposase IS6770","IS30 family transposase IS6770","CDS","","COG2826",11.8492534673791,-1.40759550146166,0.594941635154315,-2.36593880523518,0.0179844167993466,0.0228006645584192,"Not significant","IS30 family transposase IS6770","AENJPLPP_02931"
"AENJPLPP_02442",NA,"hypothetical protein","hypothetical protein","CDS","","",10.029297140132,1.37485350076342,0.581487251298309,2.36437427939088,0.0180605560921839,0.0228869446271139,"Not significant","hypothetical protein","AENJPLPP_02442"
"AENJPLPP_01019",NA,"hypothetical protein","hypothetical protein","CDS","","",126.454648232699,0.394156215238387,0.166908415198517,2.36151193916488,0.0182005858524378,0.0230540754130879,"Not significant","hypothetical protein","AENJPLPP_01019"
"AENJPLPP_01369","ycjP","Inner membrane ABC transporter permease protein YcjP","ycjP","CDS","","COG0395",12.9268404481623,-1.20815406409044,0.51276737202818,-2.35614457938647,0.0184657290777063,0.0233794628886345,"Not significant","ycjP
(AENJPLPP_01369)","AENJPLPP_01369"
"AENJPLPP_03153",NA,"hypothetical protein","hypothetical protein","CDS","","",46.470679595146,0.64087710803946,0.273151895991477,2.34622976243026,0.0189644128725824,0.0240001130273942,"Not significant","hypothetical protein","AENJPLPP_03153"
"AENJPLPP_00689",NA,"hypothetical protein","hypothetical protein","CDS","","",66.0794330397283,0.539197430024989,0.229899763685207,2.34535878324473,0.019008777899801,0.0240455094880861,"Not significant","hypothetical protein","AENJPLPP_00689"
"AENJPLPP_01163",NA,"hypothetical protein","hypothetical protein","CDS","","",500.977605851341,0.258061974616656,0.110091802402475,2.34406167384951,0.0190750169029117,0.0241185229353028,"Not significant","hypothetical protein","AENJPLPP_01163"
"AENJPLPP_00269","fabG_1","3-oxoacyl-[acyl-carrier-protein] reductase FabG","fabG_1","CDS","1.1.1.100","",15.129066701859,-1.16371912949015,0.497314422054642,-2.34000680029,0.0192833887731104,0.0243711042931587,"Not significant","fabG_1
(AENJPLPP_00269)","AENJPLPP_00269"
"AENJPLPP_02257","mtlD","Mannitol-1-phosphate 5-dehydrogenase","mtlD","CDS","1.1.1.17","COG0246",25.4567413473432,-0.854569631477531,0.365417731714282,-2.33861019132403,0.0193556168828569,0.0244514731795483,"Not significant","mtlD
(AENJPLPP_02257)","AENJPLPP_02257"
"AENJPLPP_03158",NA,"hypothetical protein","hypothetical protein","CDS","","",11.8430410623751,-1.30066653863229,0.557651232372031,-2.33240144220567,0.0196795823141614,0.0248496420746614,"Not significant","hypothetical protein","AENJPLPP_03158"
"AENJPLPP_01442",NA,"hypothetical protein","hypothetical protein","CDS","","",6.99548571170894,-1.76271225337668,0.7568070794477,-2.32914345180686,0.0198514674347406,0.0250555079392557,"Not significant","hypothetical protein","AENJPLPP_01442"
"AENJPLPP_02552","pepQ","Xaa-Pro dipeptidase","pepQ","CDS","3.4.13.9","COG0006",4128.89676629967,0.141901177520034,0.0609521300440561,2.32807577712983,0.0199080802768976,0.0251157643778508,"Not significant","pepQ
(AENJPLPP_02552)","AENJPLPP_02552"
"AENJPLPP_02347","yutF","Acid sugar phosphatase","yutF","CDS","3.1.3.-","COG0647",2786.81063266128,0.14127736594149,0.0607586659235091,2.32522165841081,0.0200601108154098,0.0252962911886081,"Not significant","yutF
(AENJPLPP_02347)","AENJPLPP_02347"
"AENJPLPP_03025",NA,"hypothetical protein","hypothetical protein","CDS","","",31.9957118412761,-0.755799759763559,0.325425638952088,-2.32249604609315,0.0202062410749274,0.0254692201616738,"Not significant","hypothetical protein","AENJPLPP_03025"
"AENJPLPP_00677","cca","CCA-adding enzyme","cca","CDS","2.7.7.72","",3223.67619234868,0.143833211757803,0.0619408510083408,2.32210583833332,0.0202272373943528,0.0254843387020083,"Not significant","cca
(AENJPLPP_00677)","AENJPLPP_00677"
"AENJPLPP_00912",NA,"hypothetical protein","hypothetical protein","CDS","","",28.8335639091554,-0.802356888561433,0.347197126335128,-2.31095486598863,0.0208353480176588,0.0262388212802456,"Not significant","hypothetical protein","AENJPLPP_00912"
"AENJPLPP_02869",NA,"IS256 family transposase ISBsu2","IS256 family transposase ISBsu2","CDS","","",135.235443086957,-0.372232758847326,0.162030205217997,-2.2973047423258,0.0216013914613006,0.0271914358501298,"Not significant","IS256 family transposase ISBsu2","AENJPLPP_02869"
"AENJPLPP_01711",NA,"IS30 family transposase IS1252","IS30 family transposase IS1252","CDS","","COG2826",63.5449825980661,0.541217680058862,0.235695871182677,2.29625439488242,0.0216613400258688,0.0272547793836598,"Not significant","IS30 family transposase IS1252","AENJPLPP_01711"
"AENJPLPP_01309",NA,"hypothetical protein","hypothetical protein","CDS","","",10.2203014292985,1.30724896202233,0.57561655599265,2.27104128332094,0.023144478925306,0.0291079608340921,"Not significant","hypothetical protein","AENJPLPP_01309"
"AENJPLPP_02996",NA,"hypothetical protein","hypothetical protein","CDS","","",521.544395025803,0.225776583932407,0.0994513867185431,2.27022057089436,0.0231942034932791,0.0291575444447038,"Not significant","hypothetical protein","AENJPLPP_02996"
"AENJPLPP_02330",NA,"hypothetical protein","hypothetical protein","CDS","","",21.524808344958,-0.940306101811251,0.415193061005934,-2.26474426025586,0.0235283777160533,0.0295645083507088,"Not significant","hypothetical protein","AENJPLPP_02330"
"AENJPLPP_02103",NA,"hypothetical protein","hypothetical protein","CDS","","",681.252199789925,-0.204917575542054,0.0905959146261008,-2.26188538840599,0.0237044853601357,0.0297725812131962,"Not significant","hypothetical protein","AENJPLPP_02103"
"AENJPLPP_02677","trmD","tRNA (guanine-N(1)-)-methyltransferase","trmD","CDS","2.1.1.228","",2452.6498219364,-0.147163417483948,0.0651891488324701,-2.25748334070359,0.0239778893034964,0.0301026184559637,"Not significant","trmD
(AENJPLPP_02677)","AENJPLPP_02677"
"AENJPLPP_01690",NA,"hypothetical protein","hypothetical protein","CDS","","",123.263214989525,0.383824013399739,0.170081690781959,2.25670389114248,0.024026583552613,0.0301503803357479,"Not significant","hypothetical protein","AENJPLPP_01690"
"AENJPLPP_02951",NA,"IS6 family transposase IS1216V","IS6 family transposase IS1216V","CDS","","",17.9272546734085,0.966614138107477,0.428822347148299,2.25411325817214,0.0241890438073825,0.0303407988563136,"Not significant","IS6 family transposase IS1216V","AENJPLPP_02951"
"AENJPLPP_00340","napA_1","Na(+)/H(+) antiporter","napA_1","CDS","","",543.48432340121,0.20896555648387,0.0928175770876257,2.25135758808478,0.0243628980759389,0.0305453341244389,"Not significant","napA_1
(AENJPLPP_00340)","AENJPLPP_00340"
"AENJPLPP_02637",NA,"hypothetical protein","hypothetical protein","CDS","","",44.2086250765928,0.629350655818205,0.279805052420407,2.24924693236992,0.0244967900370015,0.0306996071689913,"Not significant","hypothetical protein","AENJPLPP_02637"
"AENJPLPP_01714",NA,"hypothetical protein","hypothetical protein","CDS","","",375.054898031436,-0.239022128843237,0.106448568796957,-2.24542360263344,0.0247409516105556,0.0309918734555234,"Not significant","hypothetical protein","AENJPLPP_01714"
"AENJPLPP_01691",NA,"hypothetical protein","hypothetical protein","CDS","","",472.561740312088,-0.22075506691407,0.0984811718451056,-2.2415966704913,0.0249874513646987,0.0312868088515975,"Not significant","hypothetical protein","AENJPLPP_01691"
"AENJPLPP_01768","malP","Maltose phosphorylase","malP","CDS","2.4.1.8","",255.228111270282,0.274449267545267,0.123071915398368,2.22999103131621,0.0257480382947143,0.0322248878922794,"Not significant","malP
(AENJPLPP_01768)","AENJPLPP_01768"
"AENJPLPP_00995","walR_1","Transcriptional regulatory protein WalR","walR_1","CDS","","COG0745",3297.796391354,-0.144901720026549,0.065048085111915,-2.22760931051615,0.0259065792598155,0.0324089818314352,"Not significant","walR_1
(AENJPLPP_00995)","AENJPLPP_00995"
"AENJPLPP_00563",NA,"hypothetical protein","hypothetical protein","CDS","","",1136.40196313264,-0.170543948661165,0.0766533193685484,-2.22487362668786,0.026089722953292,0.0326236774208346,"Not significant","hypothetical protein","AENJPLPP_00563"
"AENJPLPP_00031",NA,"hypothetical protein","hypothetical protein","CDS","","",49.0586038902353,0.569905066492614,0.25636465180529,2.22302514203659,0.0262141046767584,0.0327647374569108,"Not significant","hypothetical protein","AENJPLPP_00031"
"AENJPLPP_01883",NA,"hypothetical protein","hypothetical protein","CDS","","",7.17736274999304,-1.63868010879109,0.74118209906514,-2.21090081756963,0.0270427060600818,0.0337854814016291,"Not significant","hypothetical protein","AENJPLPP_01883"
"AENJPLPP_01948",NA,"hypothetical protein","hypothetical protein","CDS","","",136.16292762017,0.359826405143956,0.163888955827956,2.19555004988675,0.0281241648035418,0.03512108979216,"Not significant","hypothetical protein","AENJPLPP_01948"
"AENJPLPP_01108",NA,"hypothetical protein","hypothetical protein","CDS","","",22.2873399052587,-0.838943427956578,0.382581591762384,-2.19284839108943,0.0283183041011983,0.035347936027554,"Not significant","hypothetical protein","AENJPLPP_01108"
"AENJPLPP_01209",NA,"putative transcriptional regulatory protein","putative transcriptional regulatory protein","CDS","","COG0217",1872.39663730751,-0.189703855156792,0.0866013870811386,-2.19054060853615,0.0284850530715515,0.0355404077768013,"Not significant","putative transcriptional regulatory protein","AENJPLPP_01209"
"AENJPLPP_01542",NA,"IS30 family transposase IS1252","IS30 family transposase IS1252","CDS","","COG2826",70.6694383936914,-0.476100538359559,0.217787888611379,-2.18607444791898,0.0288101590683987,0.0359302027853026,"Not significant","IS30 family transposase IS1252","AENJPLPP_01542"
"AENJPLPP_01544",NA,"IS256 family transposase IS256","IS256 family transposase IS256","CDS","","",9.35107643197044,-1.32707717981234,0.60759883616837,-2.18413384097497,0.0289524146399392,0.0360917154758555,"Not significant","IS256 family transposase IS256","AENJPLPP_01544"
"AENJPLPP_01947",NA,"hypothetical protein","hypothetical protein","CDS","","",26.9828363965306,0.782068926608243,0.35825841980481,2.18297430953427,0.0290377019718021,0.0361821013565897,"Not significant","hypothetical protein","AENJPLPP_01947"
"AENJPLPP_01703","norR_1","Anaerobic nitric oxide reductase transcription regulator NorR","norR_1","CDS","","",4374.09057761832,0.148053578197442,0.0679354840369839,2.17932616947046,0.0293074464927893,0.036502147391591,"Not significant","norR_1
(AENJPLPP_01703)","AENJPLPP_01703"
"AENJPLPP_02399",NA,"hypothetical protein","hypothetical protein","CDS","","",107.816666660547,0.396313046180962,0.18187451584588,2.17904660440056,0.029328206264856,0.0365119401652627,"Not significant","hypothetical protein","AENJPLPP_02399"
"AENJPLPP_02730",NA,"hypothetical protein","hypothetical protein","CDS","","",55.4045564167162,-0.530392553988088,0.244113078850156,-2.172733048497,0.0298004149006409,0.0370835053115228,"Not significant","hypothetical protein","AENJPLPP_02730"
"AENJPLPP_02606","fruA_5","PTS system fructose-specific EIIABC component","fruA_5","CDS","","COG1299",23.1355352141685,0.816605968483241,0.376761941678556,2.167432211558,0.0302019133533529,0.0375666154232611,"Not significant","fruA_5
(AENJPLPP_02606)","AENJPLPP_02606"
"AENJPLPP_01791",NA,"hypothetical protein","hypothetical protein","CDS","","",548.272117754154,-0.203844716787419,0.0940850831818949,-2.16659974029385,0.0302653872241588,0.0376290343573094,"Not significant","hypothetical protein","AENJPLPP_01791"
"AENJPLPP_01680","agaA_2","Alpha-galactosidase AgaA","agaA_2","CDS","3.2.1.22","",221.769976478394,0.295941934053852,0.137391160235296,2.15401000724517,0.0312393871365733,0.0388229609234588,"Not significant","agaA_2
(AENJPLPP_01680)","AENJPLPP_01680"
"AENJPLPP_00668",NA,"hypothetical protein","hypothetical protein","CDS","","",3356.85171851237,0.141542344352948,0.0657324898927492,2.15330873033856,0.0312944231196524,0.0388742921683791,"Not significant","hypothetical protein","AENJPLPP_00668"
"AENJPLPP_03166",NA,"hypothetical protein","hypothetical protein","CDS","","",105.16386343018,0.401909649700826,0.186888705521112,2.15052936762637,0.0315133655805094,0.0391290955957992,"Not significant","hypothetical protein","AENJPLPP_03166"
"AENJPLPP_01585","dapH_1","2,3,4,5-tetrahydropyridine-2,6-dicarboxylate N-acetyltransferase","dapH_1","CDS","2.3.1.89","",1770.85300947709,0.152533441840436,0.0710793246195022,2.14596076506029,0.031876109094516,0.0395621503053814,"Not significant","dapH_1
(AENJPLPP_01585)","AENJPLPP_01585"
"AENJPLPP_01377",NA,"hypothetical protein","hypothetical protein","CDS","","",183.108255330511,-0.308549204024501,0.143825944145516,-2.14529587034956,0.0319291984779682,0.0396106752371289,"Not significant","hypothetical protein","AENJPLPP_01377"
"AENJPLPP_00432","cah","Carbonic anhydrase","cah","CDS","4.2.1.1","COG3338",2304.44010578779,0.153494593233274,0.0716564668045485,2.14208989192767,0.0321862491429363,0.0399120767952925,"Not significant","cah
(AENJPLPP_00432)","AENJPLPP_00432"
"AENJPLPP_02405",NA,"Putative two-component membrane permease complex subunit SMU_746c","Putative two-component membrane permease complex subunit SMU_746c","CDS","","COG3689",98.1765697987771,-0.415154319924231,0.19391454037357,-2.14091382278219,0.0322809882313433,0.040012030509165,"Not significant","Putative two-component membrane permease complex subunit SMU_746c","AENJPLPP_02405"
"AENJPLPP_02713","dgaR_5","Transcriptional regulatory protein DagR","dgaR_5","CDS","","",24.1547406333675,-0.799217710972564,0.373731909202626,-2.13847865620501,0.0324779146157222,0.040238501653002,"Not significant","dgaR_5
(AENJPLPP_02713)","AENJPLPP_02713"
"AENJPLPP_00241","polA","DNA polymerase I","polA","CDS","2.7.7.7","",5331.7482623785,0.123737886036358,0.0580840554314529,2.13032449468659,0.0331448326472342,0.0410468159336483,"Not significant","polA
(AENJPLPP_00241)","AENJPLPP_00241"
"AENJPLPP_02447","nox_2","NADH oxidase","nox_2","CDS","1.6.99.3","COG0446",349.574925951231,0.228588254122243,0.107608221221772,2.12426384830896,0.033648086909093,0.0416518294882564,"Not significant","nox_2
(AENJPLPP_02447)","AENJPLPP_02447"
"AENJPLPP_01344",NA,"hypothetical protein","hypothetical protein","CDS","","",58.1791248733102,0.52443070066551,0.247875513661212,2.11570192198284,0.0343701670171791,0.0425270729133016,"Not significant","hypothetical protein","AENJPLPP_01344"
"AENJPLPP_02054","fruA_4","PTS system fructose-specific EIIABC component","fruA_4","CDS","","COG1299",30.2113220525995,0.709323059061825,0.33560227258476,2.11358240693283,0.0345509497875587,0.0427320833763996,"Not significant","fruA_4
(AENJPLPP_02054)","AENJPLPP_02054"
"AENJPLPP_02425",NA,"hypothetical protein","hypothetical protein","CDS","","",145.610532803139,-0.329812551515326,0.156101225906664,-2.11281205256215,0.0346168576733795,0.0427949013420688,"Not significant","hypothetical protein","AENJPLPP_02425"
"AENJPLPP_02634","copZ","Copper chaperone CopZ","copZ","CDS","","",127.147534218888,0.363622163797979,0.172217180963425,2.11141630448129,0.034736544862978,0.0429241198197689,"Not significant","copZ
(AENJPLPP_02634)","AENJPLPP_02634"
"AENJPLPP_01376",NA,"hypothetical protein","hypothetical protein","CDS","","",442.566803112455,-0.21188586367801,0.100779641439525,-2.10246693331567,0.0355123932935004,0.0438636934615618,"Not significant","hypothetical protein","AENJPLPP_01376"
"AENJPLPP_01930",NA,"hypothetical protein","hypothetical protein","CDS","","",5.96994860547225,-1.66204908075275,0.790750733648018,-2.10186220515424,0.0355653481506383,0.0439099435736838,"Not significant","hypothetical protein","AENJPLPP_01930"
"AENJPLPP_01090","comGA","ComG operon protein 1","comGA","CDS","","COG2804",32.2268344251888,-0.674632366659653,0.323680120196027,-2.08425641417546,0.037136849687092,0.0458301750061715,"Not significant","comGA
(AENJPLPP_01090)","AENJPLPP_01090"
"AENJPLPP_01144","licA_1","Lichenan-specific phosphotransferase enzyme IIA component","licA_1","CDS","","COG1447",11.0916891595474,1.15581024642972,0.55543688058023,2.08090295556593,0.0374427895793458,0.0461875979516897,"Not significant","licA_1
(AENJPLPP_01144)","AENJPLPP_01144"
"AENJPLPP_02154",NA,"hypothetical protein","hypothetical protein","CDS","","",1112.8475772066,-0.170538048445802,0.0820745549834566,-2.07784310838087,0.0377238118988804,0.0465139858387328,"Not significant","hypothetical protein","AENJPLPP_02154"
"AENJPLPP_02376","fpgS","Folylpolyglutamate synthase","fpgS","CDS","6.3.2.17","",2520.00849974185,0.146217171576535,0.0704208111344228,2.07633466898625,0.0378630089715073,0.0466652931642739,"Not significant","fpgS
(AENJPLPP_02376)","AENJPLPP_02376"
"AENJPLPP_01349",NA,"hypothetical protein","hypothetical protein","CDS","","",17.808198614675,0.895996766650052,0.432285610797737,2.07269625513694,0.0382005565178329,0.0470608248485574,"Not significant","hypothetical protein","AENJPLPP_01349"
"AENJPLPP_02811",NA,"hypothetical protein","hypothetical protein","CDS","","",17.7758475696052,0.888090919376846,0.429207749678309,2.06913999116388,0.0385329519334063,0.0474496680832855,"Not significant","hypothetical protein","AENJPLPP_02811"
"AENJPLPP_02840",NA,"hypothetical protein","hypothetical protein","CDS","","",107.3174902232,-0.382305860909876,0.185294840059904,-2.06322993552481,0.0390907872450971,0.0481156603003782,"Not significant","hypothetical protein","AENJPLPP_02840"
"AENJPLPP_01728","malL_2","Oligo-1,6-glucosidase","malL_2","CDS","3.2.1.10","COG0366",214.439699713153,-0.293581523645599,0.142308590829851,-2.06299227568499,0.0391133620700406,0.0481225241287635,"Not significant","malL_2
(AENJPLPP_01728)","AENJPLPP_01728"
"AENJPLPP_02230","xylB_3","Xylulose kinase","xylB_3","CDS","2.7.1.17","",30.8547336928874,-0.678698490957184,0.329273800790164,-2.06119797362712,0.0392841567839183,0.0483116628389542,"Not significant","xylB_3
(AENJPLPP_02230)","AENJPLPP_02230"
"AENJPLPP_02740","adhR","HTH-type transcriptional regulator AdhR","adhR","CDS","","COG0789",134.212790438521,0.332437065757762,0.161743996051956,2.05532862963875,0.0398472738467315,0.0489829058880142,"Not significant","adhR
(AENJPLPP_02740)","AENJPLPP_02740"
"AENJPLPP_00217","rhaR_1","HTH-type transcriptional activator RhaR","rhaR_1","CDS","","",45.5597606415757,0.545619537140133,0.265872871674783,2.05218205867779,0.0401519724259504,0.049336039035532,"Not significant","rhaR_1
(AENJPLPP_00217)","AENJPLPP_00217"
"AENJPLPP_01513",NA,"IS256 family transposase ISEf1","IS256 family transposase ISEf1","CDS","","",36.2344230462851,0.615868643000769,0.30026926540184,2.05105454991064,0.0402616347465124,0.0494493223285799,"Not significant","IS256 family transposase ISEf1","AENJPLPP_01513"
"AENJPLPP_01259","radA","DNA repair protein RadA","radA","CDS","3.6.4.-","COG1066",5269.0214116963,-0.148992509956145,0.0727686863988711,-2.04748109838707,0.0406108708693551,0.0498566242112507,"Not significant","radA
(AENJPLPP_01259)","AENJPLPP_01259"
"AENJPLPP_02845",NA,"hypothetical protein","hypothetical protein","CDS","","",124.515272683727,-0.360246036186828,0.176925930545008,-2.03614040676296,0.0417362582792499,0.0512160152529504,"Not significant","hypothetical protein","AENJPLPP_02845"
"AENJPLPP_02406",NA,"hypothetical protein","hypothetical protein","CDS","","",11.4274107124901,-1.14500603005545,0.565641290721738,-2.0242617518153,0.0429432268190701,0.0526742959812771,"Not significant","hypothetical protein","AENJPLPP_02406"
"AENJPLPP_02137","yfmL","putative ATP-dependent RNA helicase YfmL","yfmL","CDS","3.6.4.13","COG0513",3159.12694165772,-0.121825790067549,0.0604288292005542,-2.01602102306546,0.0437977775004963,0.053699223951453,"Not significant","yfmL
(AENJPLPP_02137)","AENJPLPP_02137"
"AENJPLPP_02312",NA,"putative ABC transporter ATP-binding protein","putative ABC transporter ATP-binding protein","CDS","","COG1132",2057.92347654657,-0.141175629740957,0.0703912275296785,-2.00558556364761,0.0449004834135267,0.0550273889799541,"Not significant","putative ABC transporter ATP-binding protein","AENJPLPP_02312"
"AENJPLPP_01739",NA,"hypothetical protein","hypothetical protein","CDS","","",71.9734194602813,0.439250534751052,0.219067605935484,2.00509122686269,0.0449532952147699,0.0550682729350989,"Not significant","hypothetical protein","AENJPLPP_01739"
"AENJPLPP_00225",NA,"hypothetical protein","hypothetical protein","CDS","","",753.50808790176,-0.169692674285031,0.0848732304062865,-1.99936627217693,0.0455687384321758,0.0557980529850734,"Not significant","hypothetical protein","AENJPLPP_00225"
"AENJPLPP_02654",NA,"IS110 family transposase ISSpn10","IS110 family transposase ISSpn10","CDS","","",16.9670821128918,-1.08892635406507,0.544981106124672,-1.99809927688752,0.0457058981346067,0.0559418061474586,"Not significant","IS110 family transposase ISSpn10","AENJPLPP_02654"
"AENJPLPP_00073",NA,"hypothetical protein","hypothetical protein","CDS","","",139.845530926615,0.320561009506251,0.160641521946889,1.99550530660581,0.0459877959636571,0.0562625109650446,"Not significant","hypothetical protein","AENJPLPP_00073"
"AENJPLPP_02395","araN_2","putative arabinose-binding protein","araN_2","CDS","","COG1653",22.6916760745313,0.796436667163519,0.401847565981564,1.98193726822289,0.0474862621490115,0.0580706730642988,"Not significant","araN_2
(AENJPLPP_02395)","AENJPLPP_02395"
"AENJPLPP_01547",NA,"IS982 family transposase ISEfm1","IS982 family transposase ISEfm1","CDS","","",9.9553758536462,-1.18333698890727,0.597855434368214,-1.97930288976592,0.0477819144477173,0.0584069947329394,"Not significant","IS982 family transposase ISEfm1","AENJPLPP_01547"
"AENJPLPP_00341","napA_2","Na(+)/H(+) antiporter","napA_2","CDS","","",181.25474505839,-0.280928140969176,0.143161466561875,-1.96231673030367,0.049725620581341,0.0607566818583411,"Not significant","napA_2
(AENJPLPP_00341)","AENJPLPP_00341"
"AENJPLPP_00375",NA,"hypothetical protein","hypothetical protein","CDS","","",2044.01361611217,0.129101122775367,0.0658455125502311,1.96066698815474,0.0499178824024403,0.0609652826062591,"Not significant","hypothetical protein","AENJPLPP_00375"
"AENJPLPP_01583",NA,"hypothetical protein","hypothetical protein","CDS","","",800.682314688419,-0.177171932848222,0.0904080345836192,-1.95969234000275,0.0500317610217478,0.0610780144254283,"Not significant","hypothetical protein","AENJPLPP_01583"
"AENJPLPP_01300",NA,"hypothetical protein","hypothetical protein","CDS","","",7.96638611220198,1.27424594149741,0.651198174884915,1.95677136491146,0.0503743551462433,0.0614697411288856,"Not significant","hypothetical protein","AENJPLPP_01300"
"AENJPLPP_00764","ulaE","L-ribulose-5-phosphate 3-epimerase UlaE","ulaE","CDS","5.1.3.22","COG3623",15.3725671763592,0.966800445796256,0.494748815055121,1.95412382278984,0.0506865753790677,0.0618240822482295,"Not significant","ulaE
(AENJPLPP_00764)","AENJPLPP_00764"
"AENJPLPP_00464","yedJ","putative protein YedJ","yedJ","CDS","","COG1418",931.904121342873,-0.158367770480863,0.081202794541243,-1.95027488124719,0.0511433648886286,0.0623543781221825,"Not significant","yedJ
(AENJPLPP_00464)","AENJPLPP_00464"
"AENJPLPP_00299","ppaX","Pyrophosphatase PpaX","ppaX","CDS","3.6.1.1","",13.7053728593792,-0.967347967614238,0.497951111869169,-1.94265650694721,0.0520576745587707,0.0634417893568145,"Not significant","ppaX
(AENJPLPP_00299)","AENJPLPP_00299"
"AENJPLPP_02980",NA,"hypothetical protein","hypothetical protein","CDS","","",50.8020687902861,-0.510853350840593,0.264104286386397,-1.9342864814136,0.0530779144277733,0.0646573045374468,"Not significant","hypothetical protein","AENJPLPP_02980"
"AENJPLPP_01378","yxdL_1","ABC transporter ATP-binding protein YxdL","yxdL_1","CDS","","COG1136",361.310912439399,0.215571128832678,0.111583187980452,1.93193197590343,0.0533679024572719,0.0649643398663661,"Not significant","yxdL_1
(AENJPLPP_01378)","AENJPLPP_01378"
"AENJPLPP_03179",NA,"hypothetical protein","hypothetical protein","CDS","","",886.990368728036,0.156556643208193,0.0810390156941918,1.9318675315477,0.0533758581876254,0.0649643398663661,"Not significant","hypothetical protein","AENJPLPP_03179"
"AENJPLPP_02134",NA,"hypothetical protein","hypothetical protein","CDS","","",321.466500521561,0.217140511083871,0.112988872000278,1.92178669668759,0.0546326029453404,0.0664653626722212,"Not significant","hypothetical protein","AENJPLPP_02134"
"AENJPLPP_00346","rspR_1","HTH-type transcriptional repressor RspR","rspR_1","CDS","","COG1802",174.495690731188,-0.299957991309923,0.156517495642929,-1.91645023502186,0.0553078118226539,0.0672579103393184,"Not significant","rspR_1
(AENJPLPP_00346)","AENJPLPP_00346"
"AENJPLPP_01781",NA,"hypothetical protein","hypothetical protein","CDS","","",70.6858800773545,-0.440489837431999,0.230168718167045,-1.91376934685065,0.0556496338166999,0.0676445312731118,"Not significant","hypothetical protein","AENJPLPP_01781"
"AENJPLPP_01222","def_1","Peptide deformylase","def_1","CDS","3.5.1.88","",1753.06941957786,-0.145994248854185,0.0766522058380296,-1.90463206189628,0.0568279158508432,0.0690471372419472,"Not significant","def_1
(AENJPLPP_01222)","AENJPLPP_01222"
"AENJPLPP_00531",NA,"hypothetical protein","hypothetical protein","CDS","","",51.6429933691557,0.497595602525475,0.261315165071014,1.90419718805929,0.056884507820441,0.0690862469496648,"Not significant","hypothetical protein","AENJPLPP_00531"
"AENJPLPP_00026",NA,"hypothetical protein","hypothetical protein","CDS","","",736.999098291312,0.167833128716464,0.0881647073838726,1.90363166505745,0.0569581718475034,0.0691460482419735,"Not significant","hypothetical protein","AENJPLPP_00026"
"AENJPLPP_00403",NA,"hypothetical protein","hypothetical protein","CDS","","",31.3565841939052,-0.630651023833535,0.331544366782106,-1.90216178291457,0.0571500073820171,0.0693491945557182,"Not significant","hypothetical protein","AENJPLPP_00403"
"AENJPLPP_02517","bglK","Beta-glucoside kinase","bglK","CDS","2.7.1.85","COG1940",162.895293151513,0.284917528954861,0.150063904485697,1.89864131505399,0.0576116523587127,0.0698794292320119,"Not significant","bglK
(AENJPLPP_02517)","AENJPLPP_02517"
"AENJPLPP_02999",NA,"hypothetical protein","hypothetical protein","CDS","","",10.54124162319,1.05411457389908,0.55625758634661,1.89501159134259,0.0580908660361062,0.0704305103846753,"Not significant","hypothetical protein","AENJPLPP_02999"
"AENJPLPP_00086",NA,"IS3 family transposase ISEnfa3","IS3 family transposase ISEnfa3","CDS","","",13.3594881617809,-1.05193168752904,0.556284614486215,-1.89099547270529,0.0586249485778331,0.0710476153355503,"Not significant","IS3 family transposase ISEnfa3","AENJPLPP_00086"
"AENJPLPP_02656",NA,"ISL3 family transposase ISEfa5","ISL3 family transposase ISEfa5","CDS","","",9.63856193560457,-1.15058146104761,0.610751861977839,-1.883877123717,0.0595815982553896,0.0721760824394557,"Not significant","ISL3 family transposase ISEfa5","AENJPLPP_02656"
"AENJPLPP_02986",NA,"hypothetical protein","hypothetical protein","CDS","","",9.57251570028484,-1.12972761253191,0.601249240219448,-1.87896721851919,0.0602489694588735,0.072953307330227,"Not significant","hypothetical protein","AENJPLPP_02986"
"AENJPLPP_02657",NA,"IS256 family transposase IS16","IS256 family transposase IS16","CDS","","",15.5768260046237,-0.881205380391588,0.469219621774002,-1.87802329548788,0.0603779783278985,0.0730470327548207,"Not significant","IS256 family transposase IS16","AENJPLPP_02657"
"AENJPLPP_02695",NA,"hypothetical protein","hypothetical protein","CDS","","",8.74598078238524,-1.19397377733017,0.635703577080856,-1.87819263628008,0.060354817159718,0.0730470327548207,"Not significant","hypothetical protein","AENJPLPP_02695"
"AENJPLPP_00576","chvE","Multiple sugar-binding periplasmic receptor ChvE","chvE","CDS","","COG4213",5.18930023482743,-1.65412757307503,0.881790765780975,-1.87587309514409,0.0606727078817842,0.0733722494717348,"Not significant","chvE
(AENJPLPP_00576)","AENJPLPP_00576"
"AENJPLPP_02819",NA,"hypothetical protein","hypothetical protein","CDS","","",34.3813939510512,-0.58416598258683,0.311560692542891,-1.8749668894975,0.0607972787682362,0.0734915013633119,"Not significant","hypothetical protein","AENJPLPP_02819"
"AENJPLPP_01992",NA,"hypothetical protein","hypothetical protein","CDS","","",1013.6094513884,0.142350637890006,0.076044982396877,1.871926764965,0.0612167361235871,0.0739669568783078,"Not significant","hypothetical protein","AENJPLPP_01992"
"AENJPLPP_03075","repN","Replication initiation protein","repN","CDS","","",198.850882833586,0.259296666608998,0.138982170428649,1.86568295637689,0.0620857355960485,0.0749849477271388,"Not significant","repN
(AENJPLPP_03075)","AENJPLPP_03075"
"AENJPLPP_00982",NA,"hypothetical protein","hypothetical protein","CDS","","",791.398997688642,-0.154344982059457,0.0828126059217866,-1.86378607871886,0.0623517514966769,0.0752741187578218,"Not significant","hypothetical protein","AENJPLPP_00982"
"AENJPLPP_01673","htrA","Serine protease Do-like HtrA","htrA","CDS","3.4.21.107","COG0265",6927.04916462734,0.100582590463853,0.0540031752462842,1.86253104572353,0.0625282735890662,0.0754550479670275,"Not significant","htrA
(AENJPLPP_01673)","AENJPLPP_01673"
"AENJPLPP_01535","gshAB","Glutathione biosynthesis bifunctional protein GshAB","gshAB","CDS","","COG1181",6293.71672335207,-0.109845140443228,0.0591929657414449,-1.85571273659495,0.0634945144040689,0.0765883980732506,"Not significant","gshAB
(AENJPLPP_01535)","AENJPLPP_01535"
"AENJPLPP_02671",NA,"IS1595 family transposase ISCac2","IS1595 family transposase ISCac2","CDS","","",373.119420638233,-0.198901836891462,0.10727820700858,-1.85407495555509,0.0637284371488179,0.0768378217922928,"Not significant","IS1595 family transposase ISCac2","AENJPLPP_02671"
"AENJPLPP_02746",NA,"IS256 family transposase ISEf1","IS256 family transposase ISEf1","CDS","","",17.6231143920091,0.820605432278773,0.442682745420279,1.85371000060031,0.0637806601970863,0.0768680498160713,"Not significant","IS256 family transposase ISEf1","AENJPLPP_02746"
"AENJPLPP_01976","metP_2","Methionine import system permease protein MetP","metP_2","CDS","","COG2011",32.5041737708971,-0.592905779351751,0.319981597965226,-1.85293711614061,0.0638913724112544,0.076968712892026,"Not significant","metP_2
(AENJPLPP_01976)","AENJPLPP_01976"
"AENJPLPP_00008",NA,"hypothetical protein","hypothetical protein","CDS","","",73.9136714649786,-0.398110473862312,0.215251002750038,-1.84951739492996,0.0643831383964741,0.0775281432583659,"Not significant","hypothetical protein","AENJPLPP_00008"
"AENJPLPP_01107","pemA","Pectinesterase A","pemA","CDS","3.1.1.11","COG4677",30.302675451279,-0.623056409785103,0.337103239569846,-1.84826586235167,0.0645638916425649,0.0777127454252131,"Not significant","pemA
(AENJPLPP_01107)","AENJPLPP_01107"
"AENJPLPP_02978",NA,"hypothetical protein","hypothetical protein","CDS","","",34.4767648415895,-0.612130958830305,0.33143299543288,-1.84692220528861,0.0647584159830528,0.077913759306427,"Not significant","hypothetical protein","AENJPLPP_02978"
"AENJPLPP_01228",NA,"hypothetical protein","hypothetical protein","CDS","","",396.303973629458,-0.241914528370754,0.131066770295555,-1.84573502364664,0.0649306891714654,0.0780878424147912,"Not significant","hypothetical protein","AENJPLPP_01228"
"AENJPLPP_02559",NA,"hypothetical protein","hypothetical protein","CDS","","",1496.78289454697,-0.141716248841253,0.0770566108161927,-1.83911863421162,0.065897738786784,0.0792171968175735,"Not significant","hypothetical protein","AENJPLPP_02559"
"AENJPLPP_00431","hdfR_1","HTH-type transcriptional regulator HdfR","hdfR_1","CDS","","",3958.72103585199,0.129143889803638,0.0703115643679267,1.83673754046849,0.0662486504777201,0.079605233235325,"Not significant","hdfR_1
(AENJPLPP_00431)","AENJPLPP_00431"
"AENJPLPP_01086",NA,"hypothetical protein","hypothetical protein","CDS","","",12.0566699778511,-0.960081303511806,0.525620405372693,-1.82656779245672,0.067764779639099,0.0813924867027108,"Not significant","hypothetical protein","AENJPLPP_01086"
"AENJPLPP_02700",NA,"hypothetical protein","hypothetical protein","CDS","","",9.8446375449974,-1.06265690565035,0.582110125853915,-1.82552554654759,0.0679217596887729,0.0815464383710416,"Not significant","hypothetical protein","AENJPLPP_02700"
"AENJPLPP_00016","pgi","Glucose-6-phosphate isomerase","pgi","CDS","5.3.1.9","COG0166",20840.453451535,0.116755491358343,0.0643146390970989,1.81537971754877,0.0694655758293739,0.0833645804039667,"Not significant","pgi
(AENJPLPP_00016)","AENJPLPP_00016"
"AENJPLPP_01116","yesS","HTH-type transcriptional regulator YesS","yesS","CDS","","COG2207",76.5141064519915,-0.378347523364405,0.208565063242143,-1.81405033749658,0.0696699763666808,0.0835744504635904,"Not significant","yesS
(AENJPLPP_01116)","AENJPLPP_01116"
"AENJPLPP_02854","nagR_2","HTH-type transcriptional repressor NagR","nagR_2","CDS","","COG2188",466.976754957724,-0.191579970367353,0.105784607406937,-1.81103825087118,0.0701349308198781,0.0840965646552626,"Not significant","nagR_2
(AENJPLPP_02854)","AENJPLPP_02854"
"AENJPLPP_00171",NA,"IS30 family transposase IS1252","IS30 family transposase IS1252","CDS","","COG2826",7.68035486027394,1.20405831574746,0.666415315570019,1.80676867355242,0.0707983550288399,0.0848561147699601,"Not significant","IS30 family transposase IS1252","AENJPLPP_00171"
"AENJPLPP_02109","xseB","Exodeoxyribonuclease 7 small subunit","xseB","CDS","3.1.11.6","",392.594899813115,0.205673919858949,0.1140055615134,1.80406917985992,0.0712204625605637,0.0853259117684959,"Not significant","xseB
(AENJPLPP_02109)","AENJPLPP_02109"
"AENJPLPP_02744","araQ_6","L-arabinose transport system permease protein AraQ","araQ_6","CDS","","COG0395",15.3418376996485,-0.835014073140897,0.463376479370583,-1.80202084118538,0.0715421266262864,0.0856750255833405,"Not significant","araQ_6
(AENJPLPP_02744)","AENJPLPP_02744"
"AENJPLPP_01782","vdcB","putative UbiX-like flavin prenyltransferase","vdcB","CDS","2.5.1.129","",151.168952305197,-0.284446735472077,0.158132851752526,-1.79878331617789,0.0720529634613745,0.0862502915683515,"Not significant","vdcB
(AENJPLPP_01782)","AENJPLPP_01782"
"AENJPLPP_02709","bfrA","Beta-fructosidase","bfrA","CDS","3.2.1.26","COG1621",129.178020824423,-0.295257652982169,0.164728260884232,-1.79239221853784,0.0730701604008623,0.0874309484762642,"Not significant","bfrA
(AENJPLPP_02709)","AENJPLPP_02709"
"AENJPLPP_01208",NA,"hypothetical protein","hypothetical protein","CDS","","",4031.15145984747,-0.106726713714111,0.0597082958235898,-1.78746876362773,0.0738617563309751,0.0883407824980949,"Not significant","hypothetical protein","AENJPLPP_01208"
"AENJPLPP_03149",NA,"hypothetical protein","hypothetical protein","CDS","","",22.4770416840353,-0.689785445355594,0.38624007167502,-1.78589819115396,0.0741157439224433,0.0886071245964683,"Not significant","hypothetical protein","AENJPLPP_03149"
"AENJPLPP_01636","rhaB","Rhamnulokinase","rhaB","CDS","2.7.1.5","",94.555176489038,0.341860248674344,0.191543894937135,1.78476191468563,0.0742999433481022,0.0887898436549081,"Not significant","rhaB
(AENJPLPP_01636)","AENJPLPP_01636"
"AENJPLPP_02881","ebgA","Evolved beta-galactosidase subunit alpha","ebgA","CDS","3.2.1.23","COG3250",243.969509998726,-0.228239920226792,0.128312762722755,-1.77877800605033,0.0752761643991177,0.0899184900480601,"Not significant","ebgA
(AENJPLPP_02881)","AENJPLPP_02881"
"AENJPLPP_02998",NA,"hypothetical protein","hypothetical protein","CDS","","",29.5511130404062,0.586036068138121,0.329778616243968,1.77705903073041,0.0755585279512076,0.0902177109362584,"Not significant","hypothetical protein","AENJPLPP_02998"
"AENJPLPP_00207","lacL","Beta-galactosidase large subunit","lacL","CDS","3.2.1.23","COG3250",79.2849786636194,0.37543676809422,0.21191614547683,1.77162890184443,0.0764561787973545,0.0912510295848695,"Not significant","lacL
(AENJPLPP_00207)","AENJPLPP_00207"
"AENJPLPP_02732",NA,"hypothetical protein","hypothetical protein","CDS","","",16.1871478911292,-0.818344381280532,0.462359970173062,-1.76992913329894,0.0767389468927977,0.0915499193651539,"Not significant","hypothetical protein","AENJPLPP_02732"
"AENJPLPP_02452","rnhC","Ribonuclease HIII","rnhC","CDS","3.1.26.4","COG1039",590.557995560825,-0.15797892963072,0.089553447504744,-1.7640742375926,0.0777194812285244,0.0926806450538975,"Not significant","rnhC
(AENJPLPP_02452)","AENJPLPP_02452"
"AENJPLPP_02579","era","GTPase Era","era","CDS","","COG1159",6056.92426298223,0.112518222268046,0.0638186591206552,1.76309286058987,0.0778848291642332,0.0928387163637659,"Not significant","era
(AENJPLPP_02579)","AENJPLPP_02579"
"AENJPLPP_02504","atpB","ATP synthase subunit a","atpB","CDS","","",5311.21228470235,-0.10403717795692,0.059326403194518,-1.75364040890538,0.0794921423709492,0.0947147538098304,"Not significant","atpB
(AENJPLPP_02504)","AENJPLPP_02504"
"AENJPLPP_03162",NA,"hypothetical protein","hypothetical protein","CDS","","",12.6033922286104,0.938559540502798,0.538567758180345,1.74269537351048,0.0813868402343404,0.0969314870439284,"Not significant","hypothetical protein","AENJPLPP_03162"
"AENJPLPP_01347",NA,"hypothetical protein","hypothetical protein","CDS","","",22.4907697089564,-0.66898286130336,0.384098216174888,-1.74169739179095,0.081561409146014,0.0970985489034338,"Not significant","hypothetical protein","AENJPLPP_01347"
"AENJPLPP_01951",NA,"hypothetical protein","hypothetical protein","CDS","","",33.0015178208603,-0.558108130352554,0.321493824081848,-1.7359839864621,0.0825666660697107,0.0982539855583653,"Not significant","hypothetical protein","AENJPLPP_01951"
"AENJPLPP_01295","arlR_2","Response regulator ArlR","arlR_2","CDS","","COG0745",496.461354312043,-0.174781208305429,0.101191556416106,-1.72723114947178,0.084126158678105,0.100067712276351,"Not significant","arlR_2
(AENJPLPP_01295)","AENJPLPP_01295"
"AENJPLPP_01229",NA,"hypothetical protein","hypothetical protein","CDS","","",707.021280664731,-0.14796493137104,0.0861544896782393,-1.71743726790842,0.0858993072202716,0.1020910741984,"Not significant","hypothetical protein","AENJPLPP_01229"
"AENJPLPP_01620",NA,"hypothetical protein","hypothetical protein","CDS","","",28.0977369045187,-0.58863690295031,0.342725818374864,-1.71751549311781,0.0858850261049823,0.1020910741984,"Not significant","hypothetical protein","AENJPLPP_01620"
"AENJPLPP_00796","sasA_2","Adaptive-response sensory-kinase SasA","sasA_2","CDS","2.7.-.-","",9359.98521907067,0.103651782751717,0.0603666615356972,1.71703685635197,0.0859724380485921,0.102135112092138,"Not significant","sasA_2
(AENJPLPP_00796)","AENJPLPP_00796"
"AENJPLPP_02909",NA,"IS3 family transposase ISEfa8","IS3 family transposase ISEfa8","CDS","","",25.9037485532311,0.638514865300226,0.372457851266213,1.7143278444246,0.086468532097203,0.102681381865429,"Not significant","IS3 family transposase ISEfa8","AENJPLPP_02909"
"AENJPLPP_01368","tdh","L-threonine 3-dehydrogenase","tdh","CDS","1.1.1.103","",7.98623032478247,-1.15960425800879,0.677612139066237,-1.71130974661515,0.0870239480600568,0.10329760878743,"Not significant","tdh
(AENJPLPP_01368)","AENJPLPP_01368"
"AENJPLPP_02687",NA,"IS1595 family transposase ISCco3","IS1595 family transposase ISCco3","CDS","","",6.68476682712823,-1.24173184642721,0.727054314241633,-1.70789420006732,0.0876559755758357,0.104004219134615,"Not significant","IS1595 family transposase ISCco3","AENJPLPP_02687"
"AENJPLPP_01110","yteR","Unsaturated rhamnogalacturonyl hydrolase YteR","yteR","CDS","3.2.1.172","COG4225",21.8219241376622,-0.712188845506152,0.41804787403675,-1.7036059497902,0.0884547291811295,0.104907975832332,"Not significant","yteR
(AENJPLPP_01110)","AENJPLPP_01110"
"AENJPLPP_02391",NA,"IS30 family transposase IS1252","IS30 family transposase IS1252","CDS","","COG2826",16.8499808644662,0.774154112952042,0.455905696098059,1.69805755790674,0.089496898977956,0.106099548160215,"Not significant","IS30 family transposase IS1252","AENJPLPP_02391"
"AENJPLPP_01698",NA,"hypothetical protein","hypothetical protein","CDS","","",241.273970989778,0.224004376814433,0.132372583799577,1.69222636881965,0.0906028206761878,0.107365669876219,"Not significant","hypothetical protein","AENJPLPP_01698"
"AENJPLPP_01328",NA,"hypothetical protein","hypothetical protein","CDS","","",15.9105519218782,0.770645105493422,0.456812243710509,1.68700623966155,0.091602152169786,0.108459093597936,"Not significant","hypothetical protein","AENJPLPP_01328"
"AENJPLPP_01468","punA","Purine nucleoside phosphorylase 1","punA","CDS","2.4.2.1","",7083.76912470764,-0.100232470278004,0.0594084765102159,-1.68717456103705,0.0915697914044842,0.108459093597936,"Not significant","punA
(AENJPLPP_01468)","AENJPLPP_01468"
"AENJPLPP_01511","lrpC","HTH-type transcriptional regulator LrpC","lrpC","CDS","","COG1522",200.962800415024,-0.238961965682594,0.141880129839522,-1.68425251621125,0.0921328778542749,0.109041880102614,"Not significant","lrpC
(AENJPLPP_01511)","AENJPLPP_01511"
"AENJPLPP_01621",NA,"hypothetical protein","hypothetical protein","CDS","","",40.2083872099165,-0.480468480791683,0.287040020100313,-1.67387279524218,0.0941556018363213,0.111389264019484,"Not significant","hypothetical protein","AENJPLPP_01621"
"AENJPLPP_01301",NA,"hypothetical protein","hypothetical protein","CDS","","",8.56189406261135,1.03615492221888,0.620186632451798,1.67071469780416,0.0947780443367619,0.112078798461726,"Not significant","hypothetical protein","AENJPLPP_01301"
"AENJPLPP_02456","trxA","Thioredoxin","trxA","CDS","","COG0526",2023.1341024098,0.10587731893993,0.06347037323605,1.66813764504213,0.0952884056619234,0.112635271995368,"Not significant","trxA
(AENJPLPP_02456)","AENJPLPP_02456"
"AENJPLPP_01453","lacF_3","PTS system lactose-specific EIIA component","lacF_3","CDS","","",17.515411296363,-0.757367637760802,0.454095432646922,-1.66786006489012,0.0953435088894671,0.112653369643607,"Not significant","lacF_3
(AENJPLPP_01453)","AENJPLPP_01453"
"AENJPLPP_01676",NA,"IS3 family transposase IS1485","IS3 family transposase IS1485","CDS","","",10.0352086324309,-1.0105299343659,0.606052862230449,-1.66739569655172,0.0954357490262764,0.11271531309695,"Not significant","IS3 family transposase IS1485","AENJPLPP_01676"
"AENJPLPP_00077",NA,"hypothetical protein","hypothetical protein","CDS","","",566.856330386765,0.150731996816505,0.0916637565296902,1.64440126090274,0.100093344844576,0.118166913784402,"Not significant","hypothetical protein","AENJPLPP_00077"
"AENJPLPP_02418",NA,"hypothetical protein","hypothetical protein","CDS","","",6.05964051765019,-1.2808611636017,0.780412139280947,-1.64126248059372,0.100742940846269,0.118884229068691,"Not significant","hypothetical protein","AENJPLPP_02418"
"AENJPLPP_03008",NA,"hypothetical protein","hypothetical protein","CDS","","",56.1210350527987,-0.422461216465056,0.257518045558739,-1.64051111660326,0.100898938997015,0.119018706791896,"Not significant","hypothetical protein","AENJPLPP_03008"
"AENJPLPP_02265","spsB","Signal peptidase IB","spsB","CDS","3.4.21.89","",86.7162255367128,0.338708179044447,0.207027148341068,1.63605682519686,0.101827695062009,0.120064225206392,"Not significant","spsB
(AENJPLPP_02265)","AENJPLPP_02265"
"AENJPLPP_01449",NA,"hypothetical protein","hypothetical protein","CDS","","",112.725606691631,-0.306419140782677,0.187539638583427,-1.63389000371975,0.102281949082156,0.120549624417811,"Not significant","hypothetical protein","AENJPLPP_01449"
"AENJPLPP_00001",NA,"hypothetical protein","hypothetical protein","CDS","","",142.012164318784,0.256224995501269,0.156928714394631,1.63274768731575,0.102522073434904,0.12078235118361,"Not significant","hypothetical protein","AENJPLPP_00001"
"AENJPLPP_01790",NA,"hypothetical protein","hypothetical protein","CDS","","",405.868501158169,-0.195586509757186,0.119988851981997,-1.63003901217866,0.103093252031569,0.121404740641169,"Not significant","hypothetical protein","AENJPLPP_01790"
"AENJPLPP_00021",NA,"IS30 family transposase IS1062","IS30 family transposase IS1062","CDS","","COG2826",226.524809545093,-0.246375378406558,0.151463800026794,-1.62662879422657,0.103815960041268,0.122204982485168,"Not significant","IS30 family transposase IS1062","AENJPLPP_00021"
"AENJPLPP_00743",NA,"putative HTH-type transcriptional regulator","putative HTH-type transcriptional regulator","CDS","","COG0789",405.981745069992,0.173232027086445,0.106593050777285,1.6251718646124,0.104125943627487,0.122518930344728,"Not significant","putative HTH-type transcriptional regulator","AENJPLPP_00743"
"AENJPLPP_00085",NA,"hypothetical protein","hypothetical protein","CDS","","",200.58367745131,-0.222927484478447,0.13756663172837,-1.62050550833159,0.105123732032502,0.123641580965523,"Not significant","hypothetical protein","AENJPLPP_00085"
"AENJPLPP_01719",NA,"hypothetical protein","hypothetical protein","CDS","","",9.41723096826138,-0.954351641453566,0.590015274376653,-1.61750327982921,0.105769688276789,0.12434966258787,"Not significant","hypothetical protein","AENJPLPP_01719"
"AENJPLPP_01574","yfkJ","Low molecular weight protein-tyrosine-phosphatase YfkJ","yfkJ","CDS","3.1.3.48","COG0394",4422.02040550936,-0.101816734003863,0.0630574890481009,-1.61466521329761,0.106383214706137,0.125019045592808,"Not significant","yfkJ
(AENJPLPP_01574)","AENJPLPP_01574"
"AENJPLPP_02645","lytA","Autolysin","lytA","CDS","3.5.1.28","",85.0430568194386,-0.323774774159449,0.200652984418424,-1.61360557430971,0.106613006978995,0.125237104878645,"Not significant","lytA
(AENJPLPP_02645)","AENJPLPP_02645"
"AENJPLPP_00765","sgbH","3-keto-L-gulonate-6-phosphate decarboxylase SgbH","sgbH","CDS","4.1.1.85","COG0269",18.6805748343658,0.715866272074969,0.443888690920908,1.61271572517382,0.106806282549582,0.125412105308116,"Not significant","sgbH
(AENJPLPP_00765)","AENJPLPP_00765"
"AENJPLPP_02965",NA,"hypothetical protein","hypothetical protein","CDS","","",377.172964147106,-0.171459516776371,0.106352568900397,-1.61218030320404,0.106922710139246,0.125496763019986,"Not significant","hypothetical protein","AENJPLPP_02965"
"AENJPLPP_02510","atpD","ATP synthase subunit beta","atpD","CDS","7.1.2.2","COG0055",15311.8844291233,-0.096143658685647,0.0597151045868511,-1.61003919110304,0.107389300774807,0.125992171775167,"Not significant","atpD
(AENJPLPP_02510)","AENJPLPP_02510"
"AENJPLPP_02398","ugl_1","Unsaturated glucuronyl hydrolase","ugl_1","CDS","3.2.1.179","",102.646089772176,0.309043197693199,0.192251298376446,1.60749602370988,0.107945600963539,0.12659237627497,"Not significant","ugl_1
(AENJPLPP_02398)","AENJPLPP_02398"
"AENJPLPP_00120","phnX_1","Phosphonoacetaldehyde hydrolase","phnX_1","CDS","3.11.1.1","",31.3805964057397,-0.518026546440557,0.323755217384943,-1.60005621106216,0.109586114004,0.128463059521873,"Not significant","phnX_1
(AENJPLPP_00120)","AENJPLPP_00120"
"AENJPLPP_01338","rpmGA_2","50S ribosomal protein L33 1","rpmGA_2","CDS","","",41.0834626272024,0.456845798295458,0.286155940223207,1.59649245072148,0.11037888991149,0.129338839958373,"Not significant","rpmGA_2
(AENJPLPP_01338)","AENJPLPP_01338"
"AENJPLPP_00082",NA,"hypothetical protein","hypothetical protein","CDS","","",12.8926507202909,0.81412441044242,0.51223530334494,1.58935630778691,0.111979972944099,0.131160655111603,"Not significant","hypothetical protein","AENJPLPP_00082"
"AENJPLPP_00746","manR_1","Transcriptional regulator ManR","manR_1","CDS","","COG1762",329.425133766683,-0.181112795530886,0.113990823029109,-1.58883663367038,0.11209728022025,0.13124375529509,"Not significant","manR_1
(AENJPLPP_00746)","AENJPLPP_00746"
"AENJPLPP_01201","pnp_1","Polyribonucleotide nucleotidyltransferase","pnp_1","CDS","2.7.7.8","",8304.59695814489,0.0985133398745773,0.06224135318071,1.582763465771,0.113475386698565,0.132802323168101,"Not significant","pnp_1
(AENJPLPP_01201)","AENJPLPP_01201"
"AENJPLPP_01360","xylB_2","Xylulose kinase","xylB_2","CDS","2.7.1.17","COG1070",1013.63872037885,-0.11887919003109,0.0751526867514392,-1.58183552937066,0.113687121816046,0.132995141264969,"Not significant","xylB_2
(AENJPLPP_01360)","AENJPLPP_01360"
"AENJPLPP_02938",NA,"ISL3 family transposase IS1251","ISL3 family transposase IS1251","CDS","","",14.2491507857724,-0.810984913799942,0.515306432438555,-1.57379155925177,0.115535646088119,0.135101781939473,"Not significant","ISL3 family transposase IS1251","AENJPLPP_02938"
"AENJPLPP_00148",NA,"hypothetical protein","hypothetical protein","CDS","","",56.5272290772919,-0.384472864419755,0.244969733231682,-1.56947088665904,0.116538258016492,0.136217922561804,"Not significant","hypothetical protein","AENJPLPP_00148"
"AENJPLPP_01635",NA,"hypothetical protein","hypothetical protein","CDS","","",808.410145914555,-0.421195742272749,0.268974756223584,-1.56593038018271,0.117364916655024,0.137127560483026,"Not significant","hypothetical protein","AENJPLPP_01635"
"AENJPLPP_00482",NA,"IS30 family transposase IS1252","IS30 family transposase IS1252","CDS","","COG2826",248.462411158771,0.214181282310281,0.137117420696059,1.56202823261273,0.118281338024179,0.138141282156127,"Not significant","IS30 family transposase IS1252","AENJPLPP_00482"
"AENJPLPP_01696",NA,"hypothetical protein","hypothetical protein","CDS","","",26.4185055699659,-0.56762792225828,0.363719926202326,-1.56061816075077,0.118613871206716,0.138472523458232,"Not significant","hypothetical protein","AENJPLPP_01696"
"AENJPLPP_02947",NA,"hypothetical protein","hypothetical protein","CDS","","",15.1732142036509,0.711045172576029,0.456203276777456,1.55861478593213,0.119087581321169,0.138968236900342,"Not significant","hypothetical protein","AENJPLPP_02947"
"AENJPLPP_03109",NA,"hypothetical protein","hypothetical protein","CDS","","",56.8838569683871,-0.388303732069953,0.251152363183936,-1.54608830730202,0.122083242286111,0.142405298274405,"Not significant","hypothetical protein","AENJPLPP_03109"
"AENJPLPP_02977",NA,"hypothetical protein","hypothetical protein","CDS","","",7.38926093051774,-1.09390426118641,0.709537728806375,-1.54171401572491,0.123143104522155,0.143582425412777,"Not significant","hypothetical protein","AENJPLPP_02977"
"AENJPLPP_00150",NA,"hypothetical protein","hypothetical protein","CDS","","",570.493039104378,0.147895116410532,0.0959900260575817,1.54073420421632,0.123381488574588,0.143801150331271,"Not significant","hypothetical protein","AENJPLPP_00150"
"AENJPLPP_02408",NA,"hypothetical protein","hypothetical protein","CDS","","",383.040888198559,0.1673280224265,0.108787107963774,1.53812363945018,0.124018387006969,0.144483972681781,"Not significant","hypothetical protein","AENJPLPP_02408"
"AENJPLPP_00683","hupA","DNA-binding protein HU 1","hupA","CDS","","COG0776",25980.0495308035,0.120782272264841,0.0788667052394793,1.53147354004564,0.125652401052716,0.146327415623299,"Not significant","hupA
(AENJPLPP_00683)","AENJPLPP_00683"
"AENJPLPP_02997",NA,"hypothetical protein","hypothetical protein","CDS","","",100.306532638819,0.283968939616957,0.185764862837444,1.52864721174664,0.126351925290867,0.1470815380339,"Not significant","hypothetical protein","AENJPLPP_02997"
"AENJPLPP_03141",NA,"hypothetical protein","hypothetical protein","CDS","","",28.2066227445937,0.546923779794899,0.359695279583731,1.52051975891328,0.128380396601343,0.149381382153063,"Not significant","hypothetical protein","AENJPLPP_03141"
"AENJPLPP_01373","purR_2","HTH-type transcriptional repressor PurR","purR_2","CDS","","COG1609",1321.26134033038,0.111587402215755,0.0734142244936224,1.51996977405174,0.128518572478,0.149480722549392,"Not significant","purR_2
(AENJPLPP_01373)","AENJPLPP_01373"
"AENJPLPP_01938",NA,"hypothetical protein","hypothetical protein","CDS","","",263.292852368913,-0.185777057853167,0.122662570122431,-1.5145374637735,0.129889579449245,0.151013305716967,"Not significant","hypothetical protein","AENJPLPP_01938"
"AENJPLPP_00497",NA,"hypothetical protein","hypothetical protein","CDS","","",858.232499486262,-0.122635386673758,0.0810548744373519,-1.51299212447173,0.130281659342332,0.151406969457365,"Not significant","hypothetical protein","AENJPLPP_00497"
"AENJPLPP_02300",NA,"hypothetical protein","hypothetical protein","CDS","","",322.825815329355,0.493780090923643,0.326928658191836,1.51036037542448,0.130951493674922,0.152122970288758,"Not significant","hypothetical protein","AENJPLPP_02300"
"AENJPLPP_01115","araQ_2","L-arabinose transport system permease protein AraQ","araQ_2","CDS","","COG0395",18.0993088995548,0.703652870995345,0.466122091751288,1.50958919014462,0.131148281361123,0.15228908307356,"Not significant","araQ_2
(AENJPLPP_01115)","AENJPLPP_01115"
"AENJPLPP_01202",NA,"hypothetical protein","hypothetical protein","CDS","","",3632.69550721048,0.0920358997079478,0.0619961224920102,1.48454283926884,0.137664966979028,0.159790701729245,"Not significant","hypothetical protein","AENJPLPP_01202"
"AENJPLPP_02825",NA,"hypothetical protein","hypothetical protein","CDS","","",10.1995091590705,0.859951556810523,0.581180941874009,1.47966234756016,0.138963378695595,0.161231690609521,"Not significant","hypothetical protein","AENJPLPP_02825"
"AENJPLPP_00064",NA,"hypothetical protein","hypothetical protein","CDS","","",112.799870716483,0.263401452111401,0.17887587245816,1.47253762339027,0.140875754928089,0.163383556821557,"Not significant","hypothetical protein","AENJPLPP_00064"
"AENJPLPP_01978","abgB","p-aminobenzoyl-glutamate hydrolase subunit B","abgB","CDS","3.5.1.-","COG1473",119.145494728033,-0.260503261543975,0.178267572150826,-1.46130481500905,0.143931809068592,0.16685952148779,"Not significant","abgB
(AENJPLPP_01978)","AENJPLPP_01978"
"AENJPLPP_00779","licT_1","Transcription antiterminator LicT","licT_1","CDS","","COG3711",54.3801920284678,0.360318628860814,0.24784781622255,1.45378980679529,0.146004590366794,0.169193203163485,"Not significant","licT_1
(AENJPLPP_00779)","AENJPLPP_00779"
"AENJPLPP_01941",NA,"hypothetical protein","hypothetical protein","CDS","","",123.634280166735,0.260290045092039,0.179558428650041,1.44961195667035,0.147166759867737,0.170470170697858,"Not significant","hypothetical protein","AENJPLPP_01941"
"AENJPLPP_02397","lacG_3","Lactose transport system permease protein LacG","lacG_3","CDS","","",19.9748842841267,-0.579406564407886,0.399791208107125,-1.44927290210102,0.147261385466593,0.170510013192607,"Not significant","lacG_3
(AENJPLPP_02397)","AENJPLPP_02397"
"AENJPLPP_00363",NA,"hypothetical protein","hypothetical protein","CDS","","",2572.77217711284,-0.0925571658267528,0.0640032235875162,-1.44613287641978,0.148139936087001,0.171457137801431,"Not significant","hypothetical protein","AENJPLPP_00363"
"AENJPLPP_03071",NA,"hypothetical protein","hypothetical protein","CDS","","",1002.21589204264,-0.107853571022339,0.0747710830858279,-1.44245029724307,0.14917538341781,0.172585006316232,"Not significant","hypothetical protein","AENJPLPP_03071"
"AENJPLPP_01640","fucO","Lactaldehyde reductase","fucO","CDS","1.1.1.77","COG1454",34.7508224682514,0.439439313246977,0.308751225344177,1.42327957648465,0.154655125114274,0.178851576469979,"Not significant","fucO
(AENJPLPP_01640)","AENJPLPP_01640"
"AENJPLPP_01813","agrB","Accessory gene regulator protein B","agrB","CDS","3.4.-.-","COG4512",3405.97638522632,-0.290215626870843,0.204197764288815,-1.42124781768112,0.155244727810516,0.179459254106168,"Not significant","agrB
(AENJPLPP_01813)","AENJPLPP_01813"
"AENJPLPP_03142",NA,"hypothetical protein","hypothetical protein","CDS","","",22.4971029369897,0.586369668628799,0.412636414599318,1.4210322886752,0.155307372857687,0.179459254106168,"Not significant","hypothetical protein","AENJPLPP_03142"
"AENJPLPP_00999",NA,"IS30 family transposase IS1252","IS30 family transposase IS1252","CDS","","COG2826",137.421748677327,-0.237012220374425,0.166849384837334,-1.42051599773949,0.155457514557133,0.179559454798549,"Not significant","IS30 family transposase IS1252","AENJPLPP_00999"
"AENJPLPP_00577","ytfQ","ABC transporter periplasmic-binding protein YtfQ","ytfQ","CDS","","",29.7986880859716,-0.470562438406767,0.332510810180256,-1.41517936860962,0.15701591201777,0.181211596788547,"Not significant","ytfQ
(AENJPLPP_00577)","AENJPLPP_00577"
"AENJPLPP_01989",NA,"hypothetical protein","hypothetical protein","CDS","","",672.375822020258,-0.141084971221603,0.0996907668628613,-1.41522606015947,0.15700222603041,0.181211596788547,"Not significant","hypothetical protein","AENJPLPP_01989"
"AENJPLPP_00364","pyrDA","Dihydroorotate dehydrogenase A (fumarate)","pyrDA","CDS","1.3.98.1","COG0167",6065.66041276341,0.0815932292044865,0.0580601489253133,1.40532242363769,0.159925423336401,0.184494243465914,"Not significant","pyrDA
(AENJPLPP_00364)","AENJPLPP_00364"
"AENJPLPP_01403","srrA_2","Transcriptional regulatory protein SrrA","srrA_2","CDS","","COG0745",2199.40875567269,-0.111407643559157,0.0793310981943189,-1.40433759389374,0.16021834458225,0.184756877194439,"Not significant","srrA_2
(AENJPLPP_01403)","AENJPLPP_01403"
"AENJPLPP_01260","dut","Deoxyuridine 5'-triphosphate nucleotidohydrolase","dut","CDS","3.6.1.23","COG0756",1829.58969408523,-0.100180295263633,0.0714516153226034,-1.40207180497348,0.16089380558636,0.185460245771574,"Not significant","dut
(AENJPLPP_01260)","AENJPLPP_01260"
"AENJPLPP_02920",NA,"IS982 family transposase ISEfm1","IS982 family transposase ISEfm1","CDS","","",22.3363918992718,-0.546365006186233,0.390012845300771,-1.40088977265578,0.161247037578254,0.185791763689067,"Not significant","IS982 family transposase ISEfm1","AENJPLPP_02920"
"AENJPLPP_02427",NA,"hypothetical protein","hypothetical protein","CDS","","",39.6380607544066,-0.403434058697751,0.288392679772831,-1.39890533634744,0.16184137214259,0.186400701601169,"Not significant","hypothetical protein","AENJPLPP_02427"
"AENJPLPP_00062",NA,"hypothetical protein","hypothetical protein","CDS","","",53.5533467006775,0.370110912061347,0.265152330110912,1.39584257813812,0.162761905461045,0.187384690671093,"Not significant","hypothetical protein","AENJPLPP_00062"
"AENJPLPP_00066",NA,"hypothetical protein","hypothetical protein","CDS","","",257.162157794933,0.178874411254165,0.128942047320208,1.38724655743955,0.165366593139645,0.190299420729845,"Not significant","hypothetical protein","AENJPLPP_00066"
"AENJPLPP_02053","fruA_3","PTS system fructose-specific EIIABC component","fruA_3","CDS","","COG1299",13.0258608860133,0.699854148098793,0.504564884457934,1.38704489681374,0.165428072912804,0.190299420729845,"Not significant","fruA_3
(AENJPLPP_02053)","AENJPLPP_02053"
"AENJPLPP_00453","fieF","Ferrous-iron efflux pump FieF","fieF","CDS","","",1706.66474569435,0.0914594393498476,0.0661215971318127,1.38320069866921,0.166603335577185,0.191573534938672,"Not significant","fieF
(AENJPLPP_00453)","AENJPLPP_00453"
"AENJPLPP_02224","araQ_5","L-arabinose transport system permease protein AraQ","araQ_5","CDS","","COG0395",35.1390293290172,0.417024153362047,0.30297923323354,1.37641167320732,0.168694216002862,0.193899035933456,"Not significant","araQ_5
(AENJPLPP_02224)","AENJPLPP_02224"
"AENJPLPP_01741","glpE","Thiosulfate sulfurtransferase GlpE","glpE","CDS","2.8.1.1","",83.8059861890911,-0.272034493632015,0.199112059269821,-1.36623816071017,0.171864223520585,0.197462506812815,"Not significant","glpE
(AENJPLPP_01741)","AENJPLPP_01741"
"AENJPLPP_03159",NA,"hypothetical protein","hypothetical protein","CDS","","",10.2738174467708,-0.817986282388576,0.599080888738683,-1.36540206467073,0.172126715327199,0.197683866568479,"Not significant","hypothetical protein","AENJPLPP_03159"
"AENJPLPP_00360","malG","Maltose/maltodextrin transport system permease protein MalG","malG","CDS","","COG3833",23.9751300051686,-0.513548430853123,0.376638996389063,-1.36350307795169,0.172724015079051,0.1982894106605,"Not significant","malG
(AENJPLPP_00360)","AENJPLPP_00360"
"AENJPLPP_02883",NA,"hypothetical protein","hypothetical protein","CDS","","",42.109265940581,-0.376816321880337,0.276492700459919,-1.36284365284704,0.17293179018071,0.198447465748517,"Not significant","hypothetical protein","AENJPLPP_02883"
"AENJPLPP_00122","phnW","2-aminoethylphosphonate--pyruvate transaminase","phnW","CDS","2.6.1.37","COG0075",46.717872498662,-0.381781308604207,0.281966596283457,-1.35399481228056,0.175738032794665,0.201586049773784,"Not significant","phnW
(AENJPLPP_00122)","AENJPLPP_00122"
"AENJPLPP_01879",NA,"hypothetical protein","hypothetical protein","CDS","","",79.8131054506013,-0.279635215714159,0.206891618212288,-1.35160243866056,0.176502529780955,0.202380988987397,"Not significant","hypothetical protein","AENJPLPP_01879"
"AENJPLPP_02991","bin3_1","Putative transposon Tn552 DNA-invertase bin3","bin3_1","CDS","","",221.095577124468,0.176497191728917,0.130899378491923,1.34834247314481,0.177548257278409,0.203497617957562,"Not significant","bin3_1
(AENJPLPP_02991)","AENJPLPP_02991"
"AENJPLPP_01454","lacE_2","PTS system lactose-specific EIICB component","lacE_2","CDS","","COG1455",35.5622168314012,-0.414914198368397,0.308105975236556,-1.34666066781028,0.178089545341675,0.204035411923223,"Not significant","lacE_2
(AENJPLPP_01454)","AENJPLPP_01454"
"AENJPLPP_00321",NA,"hypothetical protein","hypothetical protein","CDS","","",34.4404440022637,0.432727858900519,0.32389422991158,1.33601595501917,0.181544058386048,0.207909073337743,"Not significant","hypothetical protein","AENJPLPP_00321"
"AENJPLPP_03022",NA,"hypothetical protein","hypothetical protein","CDS","","",24.7959360141489,-0.515781052998593,0.386334912608014,-1.33506197903972,0.181856062072473,0.208182172150089,"Not significant","hypothetical protein","AENJPLPP_03022"
"AENJPLPP_02989",NA,"hypothetical protein","hypothetical protein","CDS","","",272.448418498025,0.181169920693529,0.136202942058473,1.33014689664891,0.183469876604126,0.209944713284673,"Not significant","hypothetical protein","AENJPLPP_02989"
"AENJPLPP_02394","rhaR_6","HTH-type transcriptional activator RhaR","rhaR_6","CDS","","",69.0583836726486,0.291201668663673,0.219207998925112,1.32842628960432,0.184037319295038,0.210508949868385,"Not significant","rhaR_6
(AENJPLPP_02394)","AENJPLPP_02394"
"AENJPLPP_00797","arlR_1","Response regulator ArlR","arlR_1","CDS","","COG0745",4310.46130744563,0.0928058520351365,0.0703031274247174,1.32008141649908,0.186807836588577,0.213556472849548,"Not significant","arlR_1
(AENJPLPP_00797)","AENJPLPP_00797"
"AENJPLPP_01681",NA,"hypothetical protein","hypothetical protein","CDS","","",137.646143822125,-0.220956995362921,0.167398297258936,-1.31994768752719,0.186852484368891,0.213556472849548,"Not significant","hypothetical protein","AENJPLPP_01681"
"AENJPLPP_01767","pgmB","Beta-phosphoglucomutase","pgmB","CDS","5.4.2.6","COG0637",55.1673073552053,-0.344922059918795,0.261662716369532,-1.31819337773625,0.18743892180215,0.214140269419647,"Not significant","pgmB
(AENJPLPP_01767)","AENJPLPP_01767"
"AENJPLPP_02439","mleS","Malolactic enzyme","mleS","CDS","4.1.1.101","COG0281",42.6295526780113,0.38049369064634,0.290720343173478,1.30879623521665,0.19060338257253,0.217667678928129,"Not significant","mleS
(AENJPLPP_02439)","AENJPLPP_02439"
"AENJPLPP_01705","agaC_1","N-acetylgalactosamine permease IIC component 1","agaC_1","CDS","","COG3715",60.4689648374039,-0.321981682055868,0.246167798897759,-1.30797644329426,0.190881299380164,0.217897160703727,"Not significant","agaC_1
(AENJPLPP_01705)","AENJPLPP_01705"
"AENJPLPP_01013",NA,"hypothetical protein","hypothetical protein","CDS","","",842.06604464449,-0.107795160041624,0.0824972478659167,-1.30665158935756,0.191331067079809,0.21832255175451,"Not significant","hypothetical protein","AENJPLPP_01013"
"AENJPLPP_01104","yjmB","putative symporter YjmB","yjmB","CDS","","COG2211",25.7278914114342,-0.480244577764522,0.369202072469725,-1.30076349396414,0.193339421245436,0.220525343088569,"Not significant","yjmB
(AENJPLPP_01104)","AENJPLPP_01104"
"AENJPLPP_02267",NA,"hypothetical protein","hypothetical protein","CDS","","",32.7360563376872,-0.418630467281215,0.323135502115537,-1.295526070458,0.195138813862136,0.22248811197894,"Not significant","hypothetical protein","AENJPLPP_02267"
"AENJPLPP_00084",NA,"hypothetical protein","hypothetical protein","CDS","","",19.7105432398882,0.518499417746852,0.4010266133788,1.29293019577503,0.196035202807994,0.223420152636647,"Not significant","hypothetical protein","AENJPLPP_00084"
"AENJPLPP_01085",NA,"hypothetical protein","hypothetical protein","CDS","","",24.9671842484893,-0.475634904508537,0.369505740438294,-1.28721925657868,0.198017877213955,0.225588978025234,"Not significant","hypothetical protein","AENJPLPP_01085"
"AENJPLPP_00665",NA,"hypothetical protein","hypothetical protein","CDS","","",438.541803798816,0.134131784278718,0.104377726096878,1.28506137558721,0.198770837371402,0.226355688092695,"Not significant","hypothetical protein","AENJPLPP_00665"
"AENJPLPP_02468","ntpA","V-type sodium ATPase catalytic subunit A","ntpA","CDS","7.2.2.1","",10269.56347843,0.0781558995620927,0.0611285467232131,1.27854993700371,0.201055589007926,0.228865449329087,"Not significant","ntpA
(AENJPLPP_02468)","AENJPLPP_02468"
"AENJPLPP_00574","xylH","Xylose transport system permease protein XylH","xylH","CDS","","COG4214",17.629237962881,0.56196207392914,0.442584562281506,1.26972814196737,0.204181484786072,0.232330298806016,"Not significant","xylH
(AENJPLPP_00574)","AENJPLPP_00574"
"AENJPLPP_00272","srlA","PTS system glucitol/sorbitol-specific EIIC component","srlA","CDS","","COG3730",8.4869750378751,-0.834455721364733,0.660821532523606,-1.2627550409534,0.20667722663783,0.23507562419112,"Not significant","srlA
(AENJPLPP_00272)","AENJPLPP_00272"
"AENJPLPP_02962",NA,"hypothetical protein","hypothetical protein","CDS","","",173.734117621499,-0.187212904797156,0.148445092527221,-1.26115927182184,0.207251469201059,0.235634100123774,"Not significant","hypothetical protein","AENJPLPP_02962"
"AENJPLPP_02443",NA,"hypothetical protein","hypothetical protein","CDS","","",10.8603965716759,-0.695290392695837,0.553526746989392,-1.25610983837275,0.209076149594835,0.237613239463259,"Not significant","hypothetical protein","AENJPLPP_02443"
"AENJPLPP_01679","rhaR_5","HTH-type transcriptional activator RhaR","rhaR_5","CDS","","",1930.0123699193,-0.0870421404330361,0.0698937852550022,-1.24534878337851,0.213003570936527,0.241926570931236,"Not significant","rhaR_5
(AENJPLPP_01679)","AENJPLPP_01679"
"AENJPLPP_02404",NA,"Putative two-component membrane permease complex subunit SMU_747c","Putative two-component membrane permease complex subunit SMU_747c","CDS","","COG0701",69.8328859377551,-0.277415627493751,0.22278381611059,-1.24522342931787,0.213049632651303,0.241926570931236,"Not significant","Putative two-component membrane permease complex subunit SMU_747c","AENJPLPP_02404"
"AENJPLPP_03123",NA,"hypothetical protein","hypothetical protein","CDS","","",13.0692517388435,0.622239607653876,0.49978656097628,1.24501068303717,0.213127823349524,0.241926570931236,"Not significant","hypothetical protein","AENJPLPP_03123"
"AENJPLPP_01867",NA,"hypothetical protein","hypothetical protein","CDS","","",20.9723334621135,-0.497041132460579,0.400052080562427,-1.24244106357801,0.214073872827892,0.242903059709724,"Not significant","hypothetical protein","AENJPLPP_01867"
"AENJPLPP_02460","fbp","Fructose-1,6-bisphosphatase class 3","fbp","CDS","3.1.3.11","COG3855",2000.60304567013,0.0815689171047091,0.0657254867458501,1.24105459150303,0.214585582583825,0.243386131528369,"Not significant","fbp
(AENJPLPP_02460)","AENJPLPP_02460"
"AENJPLPP_01386",NA,"hypothetical protein","hypothetical protein","CDS","","",7469.49075279102,0.0922295161784685,0.0743593961585673,1.24032094050084,0.214856710041759,0.243596053715747,"Not significant","hypothetical protein","AENJPLPP_01386"
"AENJPLPP_00037",NA,"hypothetical protein","hypothetical protein","CDS","","",222.337999514655,0.160383798598116,0.130122335307035,1.23256163686024,0.217739357236532,0.246765460503052,"Not significant","hypothetical protein","AENJPLPP_00037"
"AENJPLPP_01772",NA,"IS1380 family transposase IS1678","IS1380 family transposase IS1678","CDS","","",157.198507291056,0.183195359058687,0.148702701844112,1.23195716545039,0.217965085389612,0.246922431667864,"Not significant","IS1380 family transposase IS1678","AENJPLPP_01772"
"AENJPLPP_01451","lacR_2","Lactose phosphotransferase system repressor","lacR_2","CDS","","",477.208776327781,-0.118458567311288,0.0964164581693654,-1.22861355374829,0.219216731313479,0.248241026539384,"Not significant","lacR_2
(AENJPLPP_01451)","AENJPLPP_01451"
"AENJPLPP_01002",NA,"hypothetical protein","hypothetical protein","CDS","","",33.9576932353808,0.38491255138159,0.315540800282992,1.2198503364268,0.222521615488052,0.251882724288954,"Not significant","hypothetical protein","AENJPLPP_01002"
"AENJPLPP_01871",NA,"hypothetical protein","hypothetical protein","CDS","","",48.7692077808187,-0.327629681091333,0.26865396923245,-1.21952295001402,0.222645770646276,0.25192253265372,"Not significant","hypothetical protein","AENJPLPP_01871"
"AENJPLPP_00401",NA,"hypothetical protein","hypothetical protein","CDS","","",8.08238663906395,-0.77449616806382,0.636388535696101,-1.21701778806661,0.223597448024578,0.252798320593367,"Not significant","hypothetical protein","AENJPLPP_00401"
"AENJPLPP_01991","arcD1_2","Arginine/ornithine antiporter ArcD1","arcD1_2","CDS","","COG0531",4308.12968853413,-0.077994645745254,0.0640868213784674,-1.21701535616275,0.223598373283571,0.252798320593367,"Not significant","arcD1_2
(AENJPLPP_01991)","AENJPLPP_01991"
"AENJPLPP_01707",NA,"hypothetical protein","hypothetical protein","CDS","","",100.305856619047,-0.24496169434573,0.201575819200671,-1.21523353007866,0.224277035402164,0.253464386117176,"Not significant","hypothetical protein","AENJPLPP_01707"
"AENJPLPP_00671","folA_2","Dihydrofolate reductase","folA_2","CDS","1.5.1.3","",1045.90292883431,-0.102425982367705,0.0846239428763635,-1.21036646233029,0.226138305024326,0.255465898453259,"Not significant","folA_2
(AENJPLPP_00671)","AENJPLPP_00671"
"AENJPLPP_02735",NA,"hypothetical protein","hypothetical protein","CDS","","",56.2450158336246,-0.300415778032415,0.248353302489397,-1.20963069555011,0.226420634169301,0.255682814253407,"Not significant","hypothetical protein","AENJPLPP_02735"
"AENJPLPP_03181","yxdL_3","ABC transporter ATP-binding protein YxdL","yxdL_3","CDS","","COG1136",73.6003083292927,-0.261877218141577,0.218275792181435,-1.19975383217897,0.230234959280784,0.259886431309369,"Not significant","yxdL_3
(AENJPLPP_03181)","AENJPLPP_03181"
"AENJPLPP_02136","iolU_2","scyllo-inositol 2-dehydrogenase (NADP(+)) IolU","iolU_2","CDS","1.1.1.371","COG0673",2232.36961844734,-0.0796975874350394,0.0665545933537839,-1.19747688955729,0.23112073007219,0.260782298459294,"Not significant","iolU_2
(AENJPLPP_02136)","AENJPLPP_02136"
"AENJPLPP_01012","nrdF","Ribonucleoside-diphosphate reductase 2 subunit beta","nrdF","CDS","1.17.4.1","COG0208",8613.78155501608,0.0641217425600101,0.0536772381377178,1.19457976573786,0.232251258745815,0.261953511358327,"Not significant","nrdF
(AENJPLPP_01012)","AENJPLPP_01012"
"AENJPLPP_02419",NA,"hypothetical protein","hypothetical protein","CDS","","",8.46819659286893,-0.727129039423958,0.612440367941856,-1.18726504241959,0.235123092324863,0.265087006918235,"Not significant","hypothetical protein","AENJPLPP_02419"
"AENJPLPP_02564","murR_2","HTH-type transcriptional regulator MurR","murR_2","CDS","","",98.7147798951816,-0.228739424800404,0.192759312335073,-1.18665823212104,0.235362456445219,0.265251239727872,"Not significant","murR_2
(AENJPLPP_02564)","AENJPLPP_02564"
"AENJPLPP_02348",NA,"hypothetical protein","hypothetical protein","CDS","","",890.791857712608,-0.0951114815296586,0.0804228050788997,-1.18264317486002,0.236950593844793,0.266934791553764,"Not significant","hypothetical protein","AENJPLPP_02348"
"AENJPLPP_00705","sigA","RNA polymerase sigma factor SigA","sigA","CDS","","COG0568",13412.3076503314,0.0859028087291123,0.072811403599081,1.17979882934432,0.238080235255392,0.268100694513928,"Not significant","sigA
(AENJPLPP_00705)","AENJPLPP_00705"
"AENJPLPP_00462",NA,"Putative pyridoxal phosphate-dependent acyltransferase","Putative pyridoxal phosphate-dependent acyltransferase","CDS","2.3.1.-","",59.3685183808966,-0.280760560202679,0.239758008777346,-1.17101639955398,0.241592185310563,0.271947306804852,"Not significant","Putative pyridoxal phosphate-dependent acyltransferase","AENJPLPP_00462"
"AENJPLPP_00950",NA,"hypothetical protein","hypothetical protein","CDS","","",378.742790279714,-0.130633768288932,0.11339590406609,-1.15201487535913,0.249314960716649,0.280528876704624,"Not significant","hypothetical protein","AENJPLPP_00950"
"AENJPLPP_00458",NA,"hypothetical protein","hypothetical protein","CDS","","",2148.58201148428,0.0740376439814888,0.0644794146233825,1.14823691272532,0.250870774795174,0.282167327550711,"Not significant","hypothetical protein","AENJPLPP_00458"
"AENJPLPP_01926",NA,"hypothetical protein","hypothetical protein","CDS","","",386.380006209098,-0.126738901926708,0.110505317315508,-1.14690319891893,0.25142163045798,0.282674597230556,"Not significant","hypothetical protein","AENJPLPP_01926"
"AENJPLPP_00463",NA,"hypothetical protein","hypothetical protein","CDS","","",20.9590554324806,0.457433990028006,0.400178400878826,1.14307516103678,0.253007386189192,0.284344545574276,"Not significant","hypothetical protein","AENJPLPP_00463"
"AENJPLPP_00596","yteT","Putative oxidoreductase YteT","yteT","CDS","1.-.-.-","COG0673",62.8798920396185,0.268550134227129,0.235200422269121,1.14179273844946,0.253540181446621,0.284830259394994,"Not significant","yteT
(AENJPLPP_00596)","AENJPLPP_00596"
"AENJPLPP_01149",NA,"hypothetical protein","hypothetical protein","CDS","","",1055.52937937108,-0.0858710752022212,0.0752467495639955,-1.1411931505319,0.253789554054695,0.284997313577485,"Not significant","hypothetical protein","AENJPLPP_01149"
"AENJPLPP_00618",NA,"hypothetical protein","hypothetical protein","CDS","","",87.2193560135971,0.229615668210719,0.201508588732863,1.13948328284467,0.2545016369498,0.285683637670454,"Not significant","hypothetical protein","AENJPLPP_00618"
"AENJPLPP_03155",NA,"hypothetical protein","hypothetical protein","CDS","","",56.3165468199307,0.298490659953533,0.262027339692706,1.13915845691365,0.254637069274705,0.285722371429524,"Not significant","hypothetical protein","AENJPLPP_03155"
"AENJPLPP_02889",NA,"ISL3 family transposase IS1476","ISL3 family transposase IS1476","CDS","","",20.6683163816475,-0.455104838754509,0.400321157387371,-1.13684932798625,0.255601278131904,0.286690657048899,"Not significant","ISL3 family transposase IS1476","AENJPLPP_02889"
"AENJPLPP_00753",NA,"hypothetical protein","hypothetical protein","CDS","","",62.6891814554015,0.272154905626731,0.239566016613929,1.13603302118314,0.255942744657425,0.286959964406008,"Not significant","hypothetical protein","AENJPLPP_00753"
"AENJPLPP_02812",NA,"IS30 family transposase IS1252","IS30 family transposase IS1252","CDS","","COG2826",22.2208457433198,0.426394524762884,0.375911321673656,1.13429551114466,0.256670611470971,0.287662114439556,"Not significant","IS30 family transposase IS1252","AENJPLPP_02812"
"AENJPLPP_00020",NA,"IS982 family transposase ISEfm1","IS982 family transposase ISEfm1","CDS","","",6.54078699442436,-0.863920830367437,0.763936266446905,-1.13088076625235,0.258105279705309,0.289155538917978,"Not significant","IS982 family transposase ISEfm1","AENJPLPP_00020"
"AENJPLPP_02248","gmuF","putative mannose-6-phosphate isomerase GmuF","gmuF","CDS","5.3.1.8","COG1482",4341.14279309749,0.0672588987970724,0.0599318597974597,1.12225615931784,0.261753540720787,0.293092229202285,"Not significant","gmuF
(AENJPLPP_02248)","AENJPLPP_02248"
"AENJPLPP_02563","bglF_3","PTS system beta-glucoside-specific EIIBCA component","bglF_3","CDS","","COG1263",108.826840325079,-0.210057514784748,0.187202852867218,-1.12208500868168,0.261826297298685,0.293092229202285,"Not significant","bglF_3
(AENJPLPP_02563)","AENJPLPP_02563"
"AENJPLPP_02857",NA,"hypothetical protein","hypothetical protein","CDS","","",14.8672628974536,-0.526618070864663,0.47171083874067,-1.11640019184333,0.264250871439144,0.295689413851469,"Not significant","hypothetical protein","AENJPLPP_02857"
"AENJPLPP_00038",NA,"hypothetical protein","hypothetical protein","CDS","","",1034.93005201452,-0.0913373912314355,0.0819153159677096,-1.11502214393509,0.264840932591226,0.296232587975409,"Not significant","hypothetical protein","AENJPLPP_00038"
"AENJPLPP_01240","proC","Pyrroline-5-carboxylate reductase","proC","CDS","1.5.1.2","COG0345",1516.75688417537,-0.102575052823258,0.0925867742797673,-1.10788018722101,0.267913563257273,0.299551065395473,"Not significant","proC
(AENJPLPP_01240)","AENJPLPP_01240"
"AENJPLPP_01637","rhaA","L-rhamnose isomerase","rhaA","CDS","5.3.1.14","COG4806",33.330085444248,-0.348840930742133,0.317119483218323,-1.10002995464638,0.271319070737937,0.303238961412988,"Not significant","rhaA
(AENJPLPP_01637)","AENJPLPP_01637"
"AENJPLPP_02686",NA,"hypothetical protein","hypothetical protein","CDS","","",35.291763959187,-0.358529710051235,0.327033664851403,-1.09630826604394,0.272943893206095,0.304934554722358,"Not significant","hypothetical protein","AENJPLPP_02686"
"AENJPLPP_03052",NA,"hypothetical protein","hypothetical protein","CDS","","",294.023100063213,-0.140105172217236,0.128072660901094,-1.09395066231531,0.273976617396484,0.305967575483016,"Not significant","hypothetical protein","AENJPLPP_03052"
"AENJPLPP_01920",NA,"putative ABC transporter ATP-binding protein","putative ABC transporter ATP-binding protein","CDS","","",1846.97444621735,-0.0759980735859045,0.0695974801410799,-1.09196587910726,0.274848099004228,0.306819782445177,"Not significant","putative ABC transporter ATP-binding protein","AENJPLPP_01920"
"AENJPLPP_02711",NA,"hypothetical protein","hypothetical protein","CDS","","",10.0101905352846,-0.619440278103294,0.571751051639112,-1.08340907520409,0.278626889283571,0.310915539440989,"Not significant","hypothetical protein","AENJPLPP_02711"
"AENJPLPP_01288",NA,"Zinc-type alcohol dehydrogenase-like protein","Zinc-type alcohol dehydrogenase-like protein","CDS","","",996.893729184847,0.0833437885138718,0.0769927646194741,1.08248858091779,0.279035486702231,0.311248803330975,"Not significant","Zinc-type alcohol dehydrogenase-like protein","AENJPLPP_01288"
"AENJPLPP_01113","yteP_1","putative multiple-sugar transport system permease YteP","yteP_1","CDS","","COG4209",13.8636162144251,-0.533043898272216,0.492810541826244,-1.08164061648697,0.279412249363959,0.31130109325044,"Not significant","yteP_1
(AENJPLPP_01113)","AENJPLPP_01113"
"AENJPLPP_01906",NA,"hypothetical protein","hypothetical protein","CDS","","",920.888905018264,0.0882815126957324,0.081583760476385,1.08209663516658,0.279209590810587,0.31130109325044,"Not significant","hypothetical protein","AENJPLPP_01906"
"AENJPLPP_02619",NA,"hypothetical protein","hypothetical protein","CDS","","",38.1156332640177,-0.320136945351151,0.295945714420191,-1.08174212280234,0.279367130449192,0.31130109325044,"Not significant","hypothetical protein","AENJPLPP_02619"
"AENJPLPP_03143",NA,"hypothetical protein","hypothetical protein","CDS","","",42.709853614054,0.312820819476943,0.289286451695662,1.08135316273311,0.279540047617716,0.311320957830745,"Not significant","hypothetical protein","AENJPLPP_03143"
"AENJPLPP_02177",NA,"hypothetical protein","hypothetical protein","CDS","","",19.3316693371551,-0.459937508890365,0.426089377241698,-1.07943904132927,0.28039205466958,0.312147033727716,"Not significant","hypothetical protein","AENJPLPP_02177"
"AENJPLPP_03119","bin3_5","Putative transposon Tn552 DNA-invertase bin3","bin3_5","CDS","","",56.7159135184014,0.25964137020335,0.240631888086282,1.07899818377459,0.280588537305356,0.312242983141299,"Not significant","bin3_5
(AENJPLPP_03119)","AENJPLPP_03119"
"AENJPLPP_01346","ykoD","Putative HMP/thiamine import ATP-binding protein YkoD","ykoD","CDS","3.6.3.-","COG1122",23.5105417496637,0.404788821452709,0.375428868451014,1.07820377032494,0.280942829740814,0.312433093247415,"Not significant","ykoD
(AENJPLPP_01346)","AENJPLPP_01346"
"AENJPLPP_02717","manX_5","PTS system mannose-specific EIIAB component","manX_5","CDS","2.7.1.191","COG2893",11.1952584309098,0.577026535388403,0.535215378071618,1.07812024659574,0.28098009728291,0.312433093247415,"Not significant","manX_5
(AENJPLPP_02717)","AENJPLPP_02717"
"AENJPLPP_00485","lexA","LexA repressor","lexA","CDS","3.4.21.88","COG1974",2332.17448284739,-0.0709228079558289,0.0664077040255051,-1.06799066458599,0.285524722865853,0.317361794437861,"Not significant","lexA
(AENJPLPP_00485)","AENJPLPP_00485"
"AENJPLPP_01555",NA,"hypothetical protein","hypothetical protein","CDS","","",112.3858046063,-0.187407172019125,0.176128158867735,-1.06403867061292,0.287311181699494,0.319222117500498,"Not significant","hypothetical protein","AENJPLPP_01555"
"AENJPLPP_01784",NA,"hypothetical protein","hypothetical protein","CDS","","",169.254697279135,-0.154265175168244,0.145027027684922,-1.0636994885077,0.287464856254245,0.31926755906464,"Not significant","hypothetical protein","AENJPLPP_01784"
"AENJPLPP_00336","ftsW_1","putative peptidoglycan glycosyltransferase FtsW","ftsW_1","CDS","2.4.1.129","COG0772",879.912067214188,-0.085337986656283,0.0805333912232474,-1.05965966861766,0.289299457364674,0.321179123058585,"Not significant","ftsW_1
(AENJPLPP_00336)","AENJPLPP_00336"
"AENJPLPP_01279",NA,"hypothetical protein","hypothetical protein","CDS","","",12.3562322840504,0.540488615254122,0.514574936171358,1.05035938842178,0.293552909968122,0.325773535131225,"Not significant","hypothetical protein","AENJPLPP_01279"
"AENJPLPP_02884",NA,"hypothetical protein","hypothetical protein","CDS","","",82.7891469202889,0.221892010511906,0.211384631920568,1.0497073911943,0.293852664495878,0.325978406421563,"Not significant","hypothetical protein","AENJPLPP_02884"
"AENJPLPP_00854","mutY","Adenine DNA glycosylase","mutY","CDS","3.2.2.31","",1834.5855950153,-0.0690179970323826,0.0664432744533078,-1.03875068771459,0.298920700745356,0.331470624289112,"Not significant","mutY
(AENJPLPP_00854)","AENJPLPP_00854"
"AENJPLPP_00076",NA,"hypothetical protein","hypothetical protein","CDS","","",81.9952809161666,-0.219520388341314,0.211965109965044,-1.03564397167777,0.300368269978884,0.332945408108935,"Not significant","hypothetical protein","AENJPLPP_00076"
"AENJPLPP_01341","rpsN2_1","Alternate 30S ribosomal protein S14","rpsN2_1","CDS","","COG0199",94.3824065864132,0.204675262161647,0.198148195232435,1.03294032994626,0.301631823739175,0.334215144033504,"Not significant","rpsN2_1
(AENJPLPP_01341)","AENJPLPP_01341"
"AENJPLPP_00496",NA,"IS30 family transposase IS6770","IS30 family transposase IS6770","CDS","","COG2826",23.7872948631994,0.385150511367472,0.373044284368801,1.03245251973008,0.301860179353088,0.33433731132574,"Not significant","IS30 family transposase IS6770","AENJPLPP_00496"
"AENJPLPP_01359","dps","DNA protection during starvation protein","dps","CDS","1.16.-.-","COG0783",19212.9172428685,-0.0712088686433957,0.0691360912370647,-1.02998111940149,0.303018868735548,0.33548940844362,"Not significant","dps
(AENJPLPP_01359)","AENJPLPP_01359"
"AENJPLPP_00005","srrA_1","Transcriptional regulatory protein SrrA","srrA_1","CDS","","COG0745",1219.34453528843,0.0770588010718947,0.0750766194565561,1.02640211599412,0.30470208105121,0.337221106902257,"Not significant","srrA_1
(AENJPLPP_00005)","AENJPLPP_00005"
"AENJPLPP_00451",NA,"hypothetical protein","hypothetical protein","CDS","","",1558.84466835474,0.0738048065425045,0.0723400397333143,1.02024835505469,0.307610689826479,0.340307097654851,"Not significant","hypothetical protein","AENJPLPP_00451"
"AENJPLPP_02643",NA,"hypothetical protein","hypothetical protein","CDS","","",21.6141168537682,0.391777589083213,0.384738085171519,1.0182968730755,0.308536893976634,0.341198416737442,"Not significant","hypothetical protein","AENJPLPP_02643"
"AENJPLPP_02329","lolD_2","Lipoprotein-releasing system ATP-binding protein LolD","lolD_2","CDS","3.6.3.-","COG1136",20.1932095906396,-0.401055100144519,0.39486666228555,-1.01567222166376,0.309785500270149,0.342445431965947,"Not significant","lolD_2
(AENJPLPP_02329)","AENJPLPP_02329"
"AENJPLPP_03003",NA,"hypothetical protein","hypothetical protein","CDS","","",469.170749901385,-0.11007319496704,0.108420808326835,-1.01524049364421,0.309991202296177,0.342539068579421,"Not significant","hypothetical protein","AENJPLPP_03003"
"AENJPLPP_02734",NA,"hypothetical protein","hypothetical protein","CDS","","",48.5290397776334,-0.260693373681445,0.257998178848472,-1.01044656534012,0.312281387856636,0.344935079602862,"Not significant","hypothetical protein","AENJPLPP_02734"
"AENJPLPP_02904",NA,"hypothetical protein","hypothetical protein","CDS","","",28.5798003440016,-0.339654457115115,0.338864107053622,-1.00233235106652,0.316183102794149,0.349108566306645,"Not significant","hypothetical protein","AENJPLPP_02904"
"AENJPLPP_00452","rnhA","14.7 kDa ribonuclease H-like protein","rnhA","CDS","","COG0328",438.698308524983,-0.106324810224759,0.106252012777448,-1.00068513946614,0.31697905406182,0.349850955964527,"Not significant","rnhA
(AENJPLPP_00452)","AENJPLPP_00452"
"AENJPLPP_00757",NA,"hypothetical protein","hypothetical protein","CDS","","",16.9464268592858,0.464143636472034,0.465346104922002,0.997415969668061,0.318562642934321,0.351461746744763,"Not significant","hypothetical protein","AENJPLPP_00757"
"AENJPLPP_00069",NA,"hypothetical protein","hypothetical protein","CDS","","",14.0961724094972,0.484376531348632,0.490235504652801,0.988048655700044,0.323128819715712,0.356360611069412,"Not significant","hypothetical protein","AENJPLPP_00069"
"AENJPLPP_00275","srlB","PTS system glucitol/sorbitol-specific EIIA component","srlB","CDS","","COG3731",22.8713643206332,0.372768884860424,0.37758164376887,0.987253726477785,0.323518269249852,0.356651176108384,"Not significant","srlB
(AENJPLPP_00275)","AENJPLPP_00275"
"AENJPLPP_01983","panE","2-dehydropantoate 2-reductase","panE","CDS","1.1.1.169","COG1893",4446.28947134552,-0.0650847837588145,0.0662548008372118,-0.982340644547827,0.325932057250186,0.359172305984927,"Not significant","panE
(AENJPLPP_01983)","AENJPLPP_01983"
"AENJPLPP_02462",NA,"hypothetical protein","hypothetical protein","CDS","","",1568.27696575814,-0.0753838964044514,0.0769682554515983,-0.979415422139284,0.327374760038401,0.36062176874269,"Not significant","hypothetical protein","AENJPLPP_02462"
"AENJPLPP_03152",NA,"hypothetical protein","hypothetical protein","CDS","","",39.157620293908,0.287394031263974,0.294653838574086,0.97536157225969,0.329380938193396,0.362690562436991,"Not significant","hypothetical protein","AENJPLPP_03152"
"AENJPLPP_02910","resA","Thiol-disulfide oxidoreductase ResA","resA","CDS","","",482.677576560911,0.0931590640628235,0.0958968963244015,0.971450251608599,0.331324114991528,0.364688401843318,"Not significant","resA
(AENJPLPP_02910)","AENJPLPP_02910"
"AENJPLPP_02733",NA,"hypothetical protein","hypothetical protein","CDS","","",13.9624967293118,-0.475819376693379,0.491272132671005,-0.968545425335626,0.332772044063048,0.366139781089191,"Not significant","hypothetical protein","AENJPLPP_02733"
"AENJPLPP_01340","rpmF_2","50S ribosomal protein L32","rpmF_2","CDS","","COG0333",18.7790266094114,0.402275814569426,0.416401657704772,0.966076400336135,0.334005952553191,0.367354643231579,"Not significant","rpmF_2
(AENJPLPP_01340)","AENJPLPP_01340"
"AENJPLPP_01780",NA,"hypothetical protein","hypothetical protein","CDS","","",91.1707075443471,-0.185939019623161,0.192730575532481,-0.964761398700982,0.334664334352235,0.367935817689777,"Not significant","hypothetical protein","AENJPLPP_01780"
"AENJPLPP_01366","rifL","Putative UDP-kanosamine synthase oxidoreductase subunit","rifL","CDS","1.1.1.-","",14.3087942357058,-0.444736448224678,0.469799998272698,-0.946650595699935,0.343816852949472,0.377851518128865,"Not significant","rifL
(AENJPLPP_01366)","AENJPLPP_01366"
"AENJPLPP_00600","yesO","Putative ABC transporter substrate-binding protein YesO","yesO","CDS","","COG1653",24.0010465536201,-0.348454436621787,0.368310742022362,-0.946088171929102,0.344103616137705,0.378019921337153,"Not significant","yesO
(AENJPLPP_00600)","AENJPLPP_00600"
"AENJPLPP_00187","clpX","ATP-dependent Clp protease ATP-binding subunit ClpX","clpX","CDS","","COG1219",22478.4569245197,-0.0524130658486982,0.0557410516351297,-0.94029560460725,0.347065953551323,0.381126343872691,"Not significant","clpX
(AENJPLPP_00187)","AENJPLPP_00187"
"AENJPLPP_02463",NA,"hypothetical protein","hypothetical protein","CDS","","",7527.72837970182,0.0554779264827665,0.0594255755492793,0.933569863984923,0.350525816548003,0.384776497342922,"Not significant","hypothetical protein","AENJPLPP_02463"
"AENJPLPP_00573","guaC","GMP reductase","guaC","CDS","1.7.1.7","COG0516",2730.9942356203,0.0743329993260864,0.0798563338967979,0.930834107938769,0.351939383363471,0.38617844740387,"Not significant","guaC
(AENJPLPP_00573)","AENJPLPP_00573"
"AENJPLPP_00774","licC_1","Lichenan permease IIC component","licC_1","CDS","","COG1455",41.642257039779,0.274854797018115,0.295395266219215,0.93046446050406,0.352130656850599,0.386238624387464,"Not significant","licC_1
(AENJPLPP_00774)","AENJPLPP_00774"
"AENJPLPP_03164",NA,"hypothetical protein","hypothetical protein","CDS","","",44.35730204896,-0.259227312095063,0.279871756854635,-0.92623605542915,0.354323318815537,0.388493150877919,"Not significant","hypothetical protein","AENJPLPP_03164"
"AENJPLPP_02211",NA,"hypothetical protein","hypothetical protein","CDS","","",35.3239006206474,-0.280472437062727,0.302930581925198,-0.925863725214722,0.354516804897214,0.388554810168027,"Not significant","hypothetical protein","AENJPLPP_02211"
"AENJPLPP_02455","mutS2_2","Endonuclease MutS2","mutS2_2","CDS","3.1.-.-","",12029.8945100523,-0.0544505813768612,0.0589234377626019,-0.924090369544263,0.355439266958466,0.38941507924126,"Not significant","mutS2_2
(AENJPLPP_02455)","AENJPLPP_02455"
"AENJPLPP_01907",NA,"hypothetical protein","hypothetical protein","CDS","","",1210.53534983112,-0.0781211312539218,0.0849494570878547,-0.919618958519405,0.35777191596807,0.391819069286501,"Not significant","hypothetical protein","AENJPLPP_01907"
"AENJPLPP_02438","citS","Citrate-sodium symporter","citS","CDS","","COG3493",38.9923731042557,0.262062743410766,0.285218376913325,0.918814370402241,0.358192674662021,0.392128175548407,"Not significant","citS
(AENJPLPP_02438)","AENJPLPP_02438"
"AENJPLPP_00983",NA,"hypothetical protein","hypothetical protein","CDS","","",391.295191426263,-0.0968816460692234,0.106514747366364,-0.909560867998801,0.363054143769962,0.397296591037017,"Not significant","hypothetical protein","AENJPLPP_00983"
"AENJPLPP_01114",NA,"hypothetical protein","hypothetical protein","CDS","","",11.4789451284234,-0.475856437471764,0.523405566170595,-0.909154331225943,0.36326866686703,0.397377741847203,"Not significant","hypothetical protein","AENJPLPP_01114"
"AENJPLPP_02988",NA,"hypothetical protein","hypothetical protein","CDS","","",16.9688144054047,-0.403403087364924,0.445196005135061,-0.906124679269172,0.364869864054146,0.398975119790377,"Not significant","hypothetical protein","AENJPLPP_02988"
"AENJPLPP_02234",NA,"hypothetical protein","hypothetical protein","CDS","","",1228.24732781278,0.249969999718749,0.27800308489048,0.899162683094778,0.368566013936582,0.402861152685121,"Not significant","hypothetical protein","AENJPLPP_02234"
"AENJPLPP_01305",NA,"hypothetical protein","hypothetical protein","CDS","","",46.8363465380223,-0.241357695775141,0.268730026982742,-0.898141895362668,0.369109905864461,0.403299939599494,"Not significant","hypothetical protein","AENJPLPP_01305"
"AENJPLPP_00527",NA,"hypothetical protein","hypothetical protein","CDS","","",692.750774657343,-0.101510607069682,0.114070166959462,-0.889896190874831,0.373521629457691,0.407962859951667,"Not significant","hypothetical protein","AENJPLPP_00527"
"AENJPLPP_01706","manZ_2","PTS system mannose-specific EIID component","manZ_2","CDS","","COG3716",26.7517012907517,-0.305662848823126,0.34503373651155,-0.885892643176052,0.375675380840368,0.41015696226729,"Not significant","manZ_2
(AENJPLPP_01706)","AENJPLPP_01706"
"AENJPLPP_00404",NA,"hypothetical protein","hypothetical protein","CDS","","",21.8660572391653,-0.361762804241107,0.408794950780084,-0.88494929683151,0.376183978365512,0.410553910082022,"Not significant","hypothetical protein","AENJPLPP_00404"
"AENJPLPP_02540",NA,"hypothetical protein","hypothetical protein","CDS","","",220.668848096306,-0.115128320700138,0.130186922340535,-0.884330919191657,0.376517602135896,0.410759665374459,"Not significant","hypothetical protein","AENJPLPP_02540"
"AENJPLPP_01311",NA,"hypothetical protein","hypothetical protein","CDS","","",11.5743140373743,0.493156300169814,0.558148843743527,0.883556968177511,0.376935417146616,0.411057074708039,"Not significant","hypothetical protein","AENJPLPP_01311"
"AENJPLPP_02675",NA,"hypothetical protein","hypothetical protein","CDS","","",368.358411282602,-0.0974286306302548,0.110357906293378,-0.882842325508133,0.377321468534271,0.41131962934945,"Not significant","hypothetical protein","AENJPLPP_02675"
"AENJPLPP_00067",NA,"hypothetical protein","hypothetical protein","CDS","","",243.832272812529,0.114121317624063,0.130556717776021,0.874112949284198,0.382056746162559,0.416321265737569,"Not significant","hypothetical protein","AENJPLPP_00067"
"AENJPLPP_01878",NA,"hypothetical protein","hypothetical protein","CDS","","",9.04266714704705,0.511691759961192,0.59154947004643,0.865002482245534,0.387037426372205,0.421531772641989,"Not significant","hypothetical protein","AENJPLPP_01878"
"AENJPLPP_02994",NA,"hypothetical protein","hypothetical protein","CDS","","",58.2862746173646,-0.206276374864786,0.238518736965352,-0.864822518722083,0.387136209420407,0.421531772641989,"Not significant","hypothetical protein","AENJPLPP_02994"
"AENJPLPP_01223","priA","primosomal protein N'","priA","CDS","3.6.4.-","",4616.89828996586,-0.0541483241519286,0.0627510268110388,-0.862907380224783,0.3881883926013,0.422425766256158,"Not significant","priA
(AENJPLPP_01223)","AENJPLPP_01223"
"AENJPLPP_02952","hxpB","Hexitol phosphatase B","hxpB","CDS","3.1.3.68","COG0637",136.73670482932,-0.141657190383452,0.164185966939445,-0.862785005466985,0.388255684845823,0.422425766256158,"Not significant","hxpB
(AENJPLPP_02952)","AENJPLPP_02952"
"AENJPLPP_01465",NA,"hypothetical protein","hypothetical protein","CDS","","",9544.77884754353,0.0572041171705722,0.0668861754351234,0.855245748444051,0.392415114476222,0.426787241291657,"Not significant","hypothetical protein","AENJPLPP_01465"
"AENJPLPP_02478",NA,"hypothetical protein","hypothetical protein","CDS","","",1625.84557151291,0.0577592278942375,0.0676561503119764,0.853717328401007,0.393261630474369,0.427543654329086,"Not significant","hypothetical protein","AENJPLPP_02478"
"AENJPLPP_01627","yoaB","Calcium-transporting ATPase 1","yoaB","CDS","7.2.2.10","COG0474",214.359462154846,0.113078945235464,0.134076158998532,0.843393382388752,0.399008471752842,0.433624945693779,"Not significant","yoaB
(AENJPLPP_01627)","AENJPLPP_01627"
"AENJPLPP_03140",NA,"hypothetical protein","hypothetical protein","CDS","","",12.917411433691,0.432710036411792,0.513431391863832,0.842780638793803,0.399351138145774,0.433830802797654,"Not significant","hypothetical protein","AENJPLPP_03140"
"AENJPLPP_00770","srlR","Glucitol operon repressor","srlR","CDS","","COG1349",79.3643776399409,0.184121493963279,0.218861178811992,0.841270685658898,0.400196309087356,0.43458218297902,"Not significant","srlR
(AENJPLPP_00770)","AENJPLPP_00770"
"AENJPLPP_01697",NA,"hypothetical protein","hypothetical protein","CDS","","",105.021496400186,-0.157885982223309,0.188157337812784,-0.839116794798644,0.401403772419097,0.43572625756076,"Not significant","hypothetical protein","AENJPLPP_01697"
"AENJPLPP_01137","yteP_2","putative multiple-sugar transport system permease YteP","yteP_2","CDS","","COG4209",14.8867206086849,-0.386961149689866,0.46298927525979,-0.835788581652862,0.403273851228629,0.437588452598026,"Not significant","yteP_2
(AENJPLPP_01137)","AENJPLPP_01137"
"AENJPLPP_01135",NA,"hypothetical protein","hypothetical protein","CDS","","",99.2820011391767,-0.158328414182205,0.189539676534969,-0.835331246083423,0.40353122924086,0.437699965509913,"Not significant","hypothetical protein","AENJPLPP_01135"
"AENJPLPP_02006","ung","Uracil-DNA glycosylase","ung","CDS","3.2.2.27","COG0692",532.109964778514,-0.0775587903452959,0.0930913219287079,-0.833147373336181,0.404761618714222,0.438866389345064,"Not significant","ung
(AENJPLPP_02006)","AENJPLPP_02006"
"AENJPLPP_01001",NA,"hypothetical protein","hypothetical protein","CDS","","",28.8563464569486,0.273708930492759,0.331340719673988,0.826064875944213,0.408767290964676,0.443039893078484,"Not significant","hypothetical protein","AENJPLPP_01001"
"AENJPLPP_02268",NA,"hypothetical protein","hypothetical protein","CDS","","",65.7832264740155,0.192768721981947,0.234327171540984,0.822647756614226,0.410708332529963,0.444973321619719,"Not significant","hypothetical protein","AENJPLPP_02268"
"AENJPLPP_00597",NA,"hypothetical protein","hypothetical protein","CDS","","",15.9360024433666,0.394430019933444,0.479973276947592,0.821774958893204,0.411204988067346,0.445340979808208,"Not significant","hypothetical protein","AENJPLPP_00597"
"AENJPLPP_01774","yiaC","Peptidyl-lysine N-acetyltransferase YiaC","yiaC","CDS","2.3.1.-","COG0454",80.5780160962395,0.16720437687967,0.205107108795089,0.815205176758227,0.414954875154901,0.449230306525248,"Not significant","yiaC
(AENJPLPP_01774)","AENJPLPP_01774"
"AENJPLPP_01709","gmuE_2","Putative fructokinase","gmuE_2","CDS","2.7.1.4","COG1940",161.983293764762,-0.128815636315843,0.158199362968655,-0.814261409771704,0.415495212017486,0.449643327684061,"Not significant","gmuE_2
(AENJPLPP_01709)","AENJPLPP_01709"
"AENJPLPP_01638","rhaD","Rhamnulose-1-phosphate aldolase","rhaD","CDS","4.1.2.19","COG0235",23.1829845626695,0.302425973958242,0.372322329578848,0.812269235370145,0.416637159422739,0.450706839253257,"Not significant","rhaD
(AENJPLPP_01638)","AENJPLPP_01638"
"AENJPLPP_00276","fsaA","Fructose-6-phosphate aldolase 1","fsaA","CDS","4.1.2.-","COG0176",46.942285467866,-0.216920675025061,0.268385073882048,-0.808244183953372,0.418950027006367,0.453035724390766,"Not significant","fsaA
(AENJPLPP_00276)","AENJPLPP_00276"
"AENJPLPP_02718",NA,"hypothetical protein","hypothetical protein","CDS","","",11.8301384795361,-0.439265117470904,0.543825279104869,-0.807732068273711,0.419244838684698,0.453181419746614,"Not significant","hypothetical protein","AENJPLPP_02718"
"AENJPLPP_01699",NA,"hypothetical protein","hypothetical protein","CDS","","",2242.64488466645,0.0533441264988116,0.0666304451499066,0.800596879981769,0.423365057562452,0.457460487770726,"Not significant","hypothetical protein","AENJPLPP_01699"
"AENJPLPP_01704","sorB_2","PTS system sorbose-specific EIIB component","sorB_2","CDS","2.7.1.206","COG3444",85.4841700786136,-0.165372123509432,0.207124212382157,-0.798420047600762,0.424626773270989,0.458648758157257,"Not significant","sorB_2
(AENJPLPP_01704)","AENJPLPP_01704"
"AENJPLPP_03121",NA,"hypothetical protein","hypothetical protein","CDS","","",130.216238364905,0.133432455705303,0.167982242169254,0.794324768988734,0.427006388098743,0.461043129179077,"Not significant","hypothetical protein","AENJPLPP_03121"
"AENJPLPP_03146",NA,"hypothetical protein","hypothetical protein","CDS","","",16.3973498651778,0.354624584661415,0.447034707167096,0.79328199572849,0.427613544102052,0.461522662353378,"Not significant","hypothetical protein","AENJPLPP_03146"
"AENJPLPP_02946",NA,"putative phosphotransferase enzyme IIB component","putative phosphotransferase enzyme IIB component","CDS","2.7.1.-","",7.62485490751088,0.529744060642767,0.670158824874412,0.790475393265234,0.429250187204849,0.463112530479012,"Not significant","putative phosphotransferase enzyme IIB component","AENJPLPP_02946"
"AENJPLPP_00075",NA,"hypothetical protein","hypothetical protein","CDS","","",361.324518720368,-0.105916189126533,0.139410559178993,-0.759742947379934,0.447408251753138,0.482519146938337,"Not significant","hypothetical protein","AENJPLPP_00075"
"AENJPLPP_02212",NA,"hypothetical protein","hypothetical protein","CDS","","",79.0698325760428,0.166352405814738,0.21998531319577,0.756197781561434,0.449530622672636,0.484623454983333,"Not significant","hypothetical protein","AENJPLPP_02212"
"AENJPLPP_01885","graS","Sensor histidine kinase GraS","graS","CDS","2.7.13.3","COG0642",2063.94364332802,-0.0505382991739256,0.0670989659335882,-0.75319043253135,0.451335487782005,0.486383999204741,"Not significant","graS
(AENJPLPP_01885)","AENJPLPP_01885"
"AENJPLPP_01736","glpF","Glycerol uptake facilitator protein","glpF","CDS","","COG0580",12.3032701003263,0.385960398869881,0.513968086031493,0.750942343229909,0.452687355709484,0.487655214617027,"Not significant","glpF
(AENJPLPP_01736)","AENJPLPP_01736"
"AENJPLPP_01592",NA,"hypothetical protein","hypothetical protein","CDS","","",984.337736141841,0.0574226886053474,0.0768513759702242,0.747191418245987,0.454948023531491,0.489904090763656,"Not significant","hypothetical protein","AENJPLPP_01592"
"AENJPLPP_01689",NA,"hypothetical protein","hypothetical protein","CDS","","",21.0892314866128,-0.297156518028448,0.398317089481993,-0.746030049614232,0.455649262883242,0.490472647613102,"Not significant","hypothetical protein","AENJPLPP_01689"
"AENJPLPP_01089",NA,"hypothetical protein","hypothetical protein","CDS","","",31.6224165004493,-0.250310067076288,0.337327853351582,-0.742037944952623,0.45806434582833,0.49288489663246,"Not significant","hypothetical protein","AENJPLPP_01089"
"AENJPLPP_01870",NA,"hypothetical protein","hypothetical protein","CDS","","",25.6743328034919,0.274271097187404,0.374140221534485,0.733070334064908,0.463515532707009,0.498560970020343,"Not significant","hypothetical protein","AENJPLPP_01870"
"AENJPLPP_02720",NA,"hypothetical protein","hypothetical protein","CDS","","",34.6934299249311,-0.223232376366304,0.304651860389649,-0.732745817080489,0.463713473784258,0.498584445227206,"Not significant","hypothetical protein","AENJPLPP_02720"
"AENJPLPP_01512",NA,"IS256 family transposase IS256","IS256 family transposase IS256","CDS","","",148.0340495187,0.112341605993629,0.154569249102008,0.726804371802888,0.467345804570516,0.502299154418804,"Not significant","IS256 family transposase IS256","AENJPLPP_01512"
"AENJPLPP_02663",NA,"ISL3 family transposase IS1476","ISL3 family transposase IS1476","CDS","","",70.5358620424264,-0.169530712802978,0.233822751264928,-0.725039423605508,0.468427845086525,0.503271054815921,"Not significant","ISL3 family transposase IS1476","AENJPLPP_02663"
"AENJPLPP_03139",NA,"hypothetical protein","hypothetical protein","CDS","","",49.6355586287616,-0.189580273295932,0.26183238987127,-0.724052029579454,0.469033793313706,0.503730906248521,"Not significant","hypothetical protein","AENJPLPP_03139"
"AENJPLPP_02715","agaC_2","N-acetylgalactosamine permease IIC component 1","agaC_2","CDS","","COG3715",12.7678007031003,0.354472600435105,0.495801923177299,0.714948014246298,0.474641166670351,0.509559781131499,"Not significant","agaC_2
(AENJPLPP_02715)","AENJPLPP_02715"
"AENJPLPP_00752",NA,"hypothetical protein","hypothetical protein","CDS","","",41.5226743952503,-0.20287245126687,0.284672173753745,-0.712652903835851,0.476060566239439,0.510696272460724,"Not significant","hypothetical protein","AENJPLPP_00752"
"AENJPLPP_01659",NA,"hypothetical protein","hypothetical protein","CDS","","",10.7055863380331,-0.389558630424724,0.546571331668278,-0.712731546376005,0.476011891688782,0.510696272460724,"Not significant","hypothetical protein","AENJPLPP_01659"
"AENJPLPP_01817","yjcD","Putative ATP-dependent DNA helicase YjcD","yjcD","CDS","3.6.4.12","COG0210",2950.58716159926,0.0439816863491271,0.0621572188130366,0.707587745864564,0.479201304872006,0.513870793216913,"Not significant","yjcD
(AENJPLPP_01817)","AENJPLPP_01817"
"AENJPLPP_02915",NA,"IS30 family transposase IS1062","IS30 family transposase IS1062","CDS","","COG2826",635.419294007203,0.060661639477623,0.0860590517148895,0.704883893894077,0.48088249405507,0.515478356936729,"Not significant","IS30 family transposase IS1062","AENJPLPP_02915"
"AENJPLPP_02739","yjhB","Putative metabolite transport protein YjhB","yjhB","CDS","","",223.582724775386,-0.110736188821237,0.159287554902516,-0.695196739563282,0.486932015343256,0.521765531959409,"Not significant","yjhB
(AENJPLPP_02739)","AENJPLPP_02739"
"AENJPLPP_00072",NA,"hypothetical protein","hypothetical protein","CDS","","",82.2295494963205,0.143637415679344,0.207351495060945,0.692724282683019,0.488482597219388,0.523228994600109,"Not significant","hypothetical protein","AENJPLPP_00072"
"AENJPLPP_00749","dgaF","2-dehydro-3-deoxy-phosphogluconate aldolase","dgaF","CDS","4.1.2.14","",125.125266442654,0.118165249793339,0.172188662912704,0.686254529157046,0.49255261726581,0.527388978623112,"Not significant","dgaF
(AENJPLPP_00749)","AENJPLPP_00749"
"AENJPLPP_01710",NA,"hypothetical protein","hypothetical protein","CDS","","",9.78816341757865,-0.39224514610941,0.573720624307793,-0.683686675169928,0.49417303935504,0.528923960080952,"Not significant","hypothetical protein","AENJPLPP_01710"
"AENJPLPP_00224",NA,"hypothetical protein","hypothetical protein","CDS","","",28.6872843572089,0.22544935341923,0.333101550997738,0.676818684103819,0.498521002007349,0.533376022933789,"Not significant","hypothetical protein","AENJPLPP_00224"
"AENJPLPP_01213",NA,"hypothetical protein","hypothetical protein","CDS","","",1111.8862367231,-0.0673786118728192,0.0997265909448205,-0.675633361518397,0.499273454633326,0.5339792784537,"Not significant","hypothetical protein","AENJPLPP_01213"
"AENJPLPP_01087",NA,"hypothetical protein","hypothetical protein","CDS","","",12.3479563444569,-0.35744351840607,0.529520439673005,-0.675032523063324,0.499655102150435,0.534185647351919,"Not significant","hypothetical protein","AENJPLPP_01087"
"AENJPLPP_00484",NA,"hypothetical protein","hypothetical protein","CDS","","",1426.99975989631,-0.0737286878363643,0.109677437413765,-0.672232043115836,0.501435984698167,0.535887230154968,"Not significant","hypothetical protein","AENJPLPP_00484"
"AENJPLPP_02861","rhaS_3","HTH-type transcriptional activator RhaS","rhaS_3","CDS","","",94.1688068567292,-0.125849124790737,0.18908289889205,-0.665576451007268,0.505681862577345,0.540220887908099,"Not significant","rhaS_3
(AENJPLPP_02861)","AENJPLPP_02861"
"AENJPLPP_02710","treP_1","PTS system trehalose-specific EIIBC component","treP_1","CDS","","COG1263",33.4059079693694,0.209990157073766,0.315904353460765,0.664727012379862,0.506225113278855,0.540597244697261,"Not significant","treP_1
(AENJPLPP_02710)","AENJPLPP_02710"
"AENJPLPP_00556","coaD","Phosphopantetheine adenylyltransferase","coaD","CDS","2.7.7.3","COG0669",735.970638334006,-0.0550474759817109,0.0832543445806184,-0.661196436762604,0.508486346085361,0.542807257076794,"Not significant","coaD
(AENJPLPP_00556)","AENJPLPP_00556"
"AENJPLPP_01678",NA,"IS982 family transposase ISEfm1","IS982 family transposase ISEfm1","CDS","","",207.401144772166,0.0971192453444541,0.147631511744238,0.657849020151653,0.510635151692703,0.544895633035071,"Not significant","IS982 family transposase ISEfm1","AENJPLPP_01678"
"AENJPLPP_01130","araR_1","Arabinose metabolism transcriptional repressor","araR_1","CDS","","COG1609",486.297985142073,-0.0625421884160108,0.0952195805496033,-0.656820667083598,0.511296233709798,0.545395492702501,"Not significant","araR_1
(AENJPLPP_01130)","AENJPLPP_01130"
"AENJPLPP_01520",NA,"putative protein","putative protein","CDS","","",2396.57925367889,0.0418234451702867,0.0637504884846084,0.656049014908872,0.511792587609926,0.545719327880867,"Not significant","putative protein","AENJPLPP_01520"
"AENJPLPP_01884","graR","Response regulator protein GraR","graR","CDS","","COG0745",2203.17672698953,-0.0451884188083127,0.0692971346196151,-0.652096498020594,0.514338923073356,0.54822797109212,"Not significant","graR
(AENJPLPP_01884)","AENJPLPP_01884"
"AENJPLPP_00750","dgaE","D-glucosaminate-6-phosphate ammonia lyase","dgaE","CDS","4.3.1.29","",146.042688401743,0.100418673312066,0.154536742397753,0.649804517385283,0.515818500596191,0.549391337542445,"Not significant","dgaE
(AENJPLPP_00750)","AENJPLPP_00750"
"AENJPLPP_00855","recX","Regulatory protein RecX","recX","CDS","","",587.314377207362,0.0595681954824801,0.0916297717811208,0.650096516935268,0.515629878962748,0.549391337542445,"Not significant","recX
(AENJPLPP_00855)","AENJPLPP_00855"
"AENJPLPP_00751",NA,"Deacetylase","Deacetylase","CDS","3.1.1.-","COG3964",117.646886268559,-0.114500739565787,0.177456119414735,-0.645234100370392,0.518775490910939,0.552332987878476,"Not significant","Deacetylase","AENJPLPP_00751"
"AENJPLPP_01317",NA,"hypothetical protein","hypothetical protein","CDS","","",35.9734643737689,-0.200434757232582,0.313158888510765,-0.640041731485745,0.522145469085553,0.555711963526767,"Not significant","hypothetical protein","AENJPLPP_01317"
"AENJPLPP_01522","recG","ATP-dependent DNA helicase RecG","recG","CDS","3.6.4.12","",6408.2080403326,-0.0386390484907937,0.0604001122582677,-0.639718156906317,0.522355849018344,0.555726947978554,"Not significant","recG
(AENJPLPP_01522)","AENJPLPP_01522"
"AENJPLPP_03178",NA,"hypothetical protein","hypothetical protein","CDS","","",380.98861072554,0.0702846413917176,0.110611359321979,0.635419741901246,0.525154695773279,0.558494719659712,"Not significant","hypothetical protein","AENJPLPP_03178"
"AENJPLPP_01037",NA,"hypothetical protein","hypothetical protein","CDS","","",322.807108911642,-0.0757711137345589,0.120300015668808,-0.629851237452542,0.528791919062092,0.56215167963379,"Not significant","hypothetical protein","AENJPLPP_01037"
"AENJPLPP_03053",NA,"hypothetical protein","hypothetical protein","CDS","","",69.1898592414467,-0.138267624157668,0.220324126073736,-0.627564609567062,0.530289198693154,0.563531802364984,"Not significant","hypothetical protein","AENJPLPP_03053"
"AENJPLPP_01880",NA,"hypothetical protein","hypothetical protein","CDS","","",9.25528640390432,0.38384621891868,0.616473665960688,0.622648200747568,0.533515729073189,0.566747853285628,"Not significant","hypothetical protein","AENJPLPP_01880"
"AENJPLPP_00223","umpB_2","Na(+), Li(+), K(+)/H(+) antiporter subunit B","umpB_2","CDS","","",82.6777158842431,0.123890413454577,0.199142345712271,0.62211988621234,0.533863039682912,0.566904075522252,"Not significant","umpB_2
(AENJPLPP_00223)","AENJPLPP_00223"
"AENJPLPP_00599","lacF_2","Lactose transport system permease protein LacF","lacF_2","CDS","","",18.5343518900887,0.259464066892368,0.422884879029626,0.613557210860194,0.539507966339994,0.572683559320782,"Not significant","lacF_2
(AENJPLPP_00599)","AENJPLPP_00599"
"AENJPLPP_01371",NA,"hypothetical protein","hypothetical protein","CDS","","",13.7813166183975,-0.29703373705435,0.48608638105186,-0.611071917735255,0.541151970018186,0.57421335349381,"Not significant","hypothetical protein","AENJPLPP_01371"
"AENJPLPP_02222","ugpB","sn-glycerol-3-phosphate-binding periplasmic protein UgpB","ugpB","CDS","","COG1653",31.8996491025039,0.190600288027451,0.319683786985981,0.59621505933865,0.551031566554849,0.584477469058365,"Not significant","ugpB
(AENJPLPP_02222)","AENJPLPP_02222"
"AENJPLPP_00540",NA,"hypothetical protein","hypothetical protein","CDS","","",1594.03122052452,-0.0405766259406979,0.0683140719432953,-0.593971707240331,0.552531036482722,0.585848451042167,"Not significant","hypothetical protein","AENJPLPP_00540"
"AENJPLPP_00108","galE","UDP-glucose 4-epimerase","galE","CDS","5.1.3.2","COG1087",4810.39754400147,-0.0375971879634097,0.0634963206527638,-0.592116008878905,0.553772907523124,0.58694537671208,"Not significant","galE
(AENJPLPP_00108)","AENJPLPP_00108"
"AENJPLPP_01839","umuC_1","Protein UmuC","umuC_1","CDS","","COG0389",1499.76323533196,0.0388569575810978,0.0677977844277878,0.573130197528576,0.566556542243143,0.600270049060756,"Not significant","umuC_1
(AENJPLPP_01839)","AENJPLPP_01839"
"AENJPLPP_01641","iclR","Transcriptional repressor IclR","iclR","CDS","","COG1414",311.664425151698,-0.0650067735183513,0.113984907426945,-0.570310359378194,0.568467215892284,0.602069093973459,"Not significant","iclR
(AENJPLPP_01641)","AENJPLPP_01641"
"AENJPLPP_03020",NA,"hypothetical protein","hypothetical protein","CDS","","",14.9937401497111,0.25495991110917,0.453351392636381,0.562389164895904,0.573850899675478,0.607543716148571,"Not significant","hypothetical protein","AENJPLPP_03020"
"AENJPLPP_02719",NA,"hypothetical protein","hypothetical protein","CDS","","",49.4593081410799,-0.148663955169902,0.265841162009997,-0.559220980099057,0.576010916477939,0.60959962148827,"Not significant","hypothetical protein","AENJPLPP_02719"
"AENJPLPP_02772",NA,"hypothetical protein","hypothetical protein","CDS","","",1040.0004103212,-0.0455345086708403,0.0814702638443589,-0.558909552052386,0.576223450053907,0.60959962148827,"Not significant","hypothetical protein","AENJPLPP_02772"
"AENJPLPP_03101",NA,"hypothetical protein","hypothetical protein","CDS","","",22.7472032588763,-0.218443355873934,0.391218693492199,-0.558366354951005,0.576594242587442,0.609764027181564,"Not significant","hypothetical protein","AENJPLPP_03101"
"AENJPLPP_02966",NA,"hypothetical protein","hypothetical protein","CDS","","",87.8696717743044,0.114210786195318,0.208886044484231,0.546761208855867,0.584542796475088,0.617939005534344,"Not significant","hypothetical protein","AENJPLPP_02966"
"AENJPLPP_01695",NA,"hypothetical protein","hypothetical protein","CDS","","",25.3778651108342,0.188067934326958,0.354402566628046,0.53066188576546,0.595653102446136,0.6294490231523,"Not significant","hypothetical protein","AENJPLPP_01695"
"AENJPLPP_02407","natA_2","ABC transporter ATP-binding protein NatA","natA_2","CDS","7.2.2.4","COG4555",166.050034598482,-0.0792782596436455,0.149723723492788,-0.529496981468432,0.596460737845184,0.630067294343178,"Not significant","natA_2
(AENJPLPP_02407)","AENJPLPP_02407"
"AENJPLPP_00755",NA,"hypothetical protein","hypothetical protein","CDS","","",35.3388599557853,-0.158196432419711,0.299510101268058,-0.528183963578999,0.597371658659701,0.630794168469083,"Not significant","hypothetical protein","AENJPLPP_00755"
"AENJPLPP_00735","mtnB","Methylthioribulose-1-phosphate dehydratase","mtnB","CDS","4.2.1.109","",22.2610063642209,0.205191821952072,0.397234503621818,0.516550853667592,0.605469730812336,0.639106938079688,"Not significant","mtnB
(AENJPLPP_00735)","AENJPLPP_00735"
"AENJPLPP_00273","srlE","PTS system glucitol/sorbitol-specific EIIB component","srlE","CDS","2.7.1.198","COG3732",29.0739315718317,-0.169231076920709,0.328775862893711,-0.514730842560117,0.606741117783694,0.640210251377427,"Not significant","srlE
(AENJPLPP_00273)","AENJPLPP_00273"
"AENJPLPP_02480",NA,"hypothetical protein","hypothetical protein","CDS","","",513.811901182454,-0.0505529572249934,0.0984631868743967,-0.513419876298343,0.607657644856139,0.640938447312865,"Not significant","hypothetical protein","AENJPLPP_02480"
"AENJPLPP_01675",NA,"IS3 family transposase IS1485","IS3 family transposase IS1485","CDS","","",16.1505678475241,-0.224881713488503,0.438416073338322,-0.512941306590655,0.607992377910156,0.641052671085159,"Not significant","IS3 family transposase IS1485","AENJPLPP_01675"
"AENJPLPP_03002","ssb_3","Single-stranded DNA-binding protein","ssb_3","CDS","","COG0629",334.951953825121,0.0584880177608504,0.114305969297002,0.511679469764878,0.608875356866334,0.641744652006177,"Not significant","ssb_3
(AENJPLPP_03002)","AENJPLPP_03002"
"AENJPLPP_02396","lacF_5","Lactose transport system permease protein LacF","lacF_5","CDS","","",17.2976884906349,-0.224298167308148,0.444026859379825,-0.505145494174444,0.613456649898796,0.646332629647745,"Not significant","lacF_5
(AENJPLPP_02396)","AENJPLPP_02396"
"AENJPLPP_02524",NA,"hypothetical protein","hypothetical protein","CDS","","",141.755332110785,0.0788293511760138,0.156355526323371,0.504167348795724,0.614143782902182,0.646671648436426,"Not significant","hypothetical protein","AENJPLPP_02524"
"AENJPLPP_02886","yteP_3","putative multiple-sugar transport system permease YteP","yteP_3","CDS","","COG4209",16.1591774238041,0.22226683053481,0.440973116157875,0.504037145101688,0.61423527468935,0.646671648436426,"Not significant","yteP_3
(AENJPLPP_02886)","AENJPLPP_02886"
"AENJPLPP_00622",NA,"IS256 family transposase ISEf1","IS256 family transposase ISEf1","CDS","","",19.5942045240139,0.211368699991021,0.42510201030948,0.497218773059064,0.619034784351521,0.651482332527568,"Not significant","IS256 family transposase ISEf1","AENJPLPP_00622"
"AENJPLPP_02703",NA,"IS4 family transposase IS4Bsu1","IS4 family transposase IS4Bsu1","CDS","","COG3385",48.8565270543455,-0.128674911902404,0.259951797256842,-0.494995277048494,0.620603454370468,0.652890516284948,"Not significant","IS4 family transposase IS4Bsu1","AENJPLPP_02703"
"AENJPLPP_02948","frlB_2","Fructosamine deglycase FrlB","frlB_2","CDS","3.5.-.-","COG2222",119.117192535329,-0.0851876530361143,0.172455072981246,-0.493970119657645,0.621327282139942,0.653409188610021,"Not significant","frlB_2
(AENJPLPP_02948)","AENJPLPP_02948"
"AENJPLPP_02252","mtlF_1","Mannitol-specific phosphotransferase enzyme IIA component","mtlF_1","CDS","","COG2213",99.0436768989812,0.091243712380354,0.185094419917335,0.492957661398459,0.622042503351797,0.65391842814294,"Not significant","mtlF_1
(AENJPLPP_02252)","AENJPLPP_02252"
"AENJPLPP_02244",NA,"hypothetical protein","hypothetical protein","CDS","","",28.3083047389858,-0.169562587012306,0.344975415358746,-0.491520785143414,0.623058154920045,0.65474299798762,"Not significant","hypothetical protein","AENJPLPP_02244"
"AENJPLPP_00253",NA,"GTP cyclohydrolase 1 type 2","GTP cyclohydrolase 1 type 2","CDS","","COG0327",311.495612833072,0.0544327882254551,0.111435142348633,0.488470576500529,0.625216561953144,0.656767379179722,"Not significant","GTP cyclohydrolase 1 type 2","AENJPLPP_00253"
"AENJPLPP_03160",NA,"hypothetical protein","hypothetical protein","CDS","","",22.6673966983484,-0.185851891623548,0.382660960815681,-0.48568291687604,0.627191997534059,0.658598125007018,"Not significant","hypothetical protein","AENJPLPP_03160"
"AENJPLPP_01034",NA,"hypothetical protein","hypothetical protein","CDS","","",174.702128912795,-0.0692856077619044,0.143037156564205,-0.484388877870375,0.628109910246135,0.659317447499744,"Not significant","hypothetical protein","AENJPLPP_01034"
"AENJPLPP_01136","araQ_3","L-arabinose transport system permease protein AraQ","araQ_3","CDS","","COG0395",19.6740600895782,0.197916367698489,0.410988420929078,0.481561906905019,0.630117192280718,0.661179307393148,"Not significant","araQ_3
(AENJPLPP_01136)","AENJPLPP_01136"
"AENJPLPP_02451",NA,"hypothetical protein","hypothetical protein","CDS","","",116.531181884122,0.0824381838412593,0.172905837520708,0.476780801755096,0.633518217913642,0.664501695040208,"Not significant","hypothetical protein","AENJPLPP_02451"
"AENJPLPP_03165",NA,"hypothetical protein","hypothetical protein","CDS","","",36.8681130821099,0.145565138335988,0.306373335373947,0.475123392048192,0.634699026357348,0.665493682821353,"Not significant","hypothetical protein","AENJPLPP_03165"
"AENJPLPP_00201","dagK_1","Diacylglycerol kinase","dagK_1","CDS","2.7.1.107","COG1597",14863.5248655785,-0.0346468279351146,0.0735423639021582,-0.471113873647157,0.637559418252411,0.668245358412653,"Not significant","dagK_1
(AENJPLPP_00201)","AENJPLPP_00201"
"AENJPLPP_01316",NA,"hypothetical protein","hypothetical protein","CDS","","",17.4138939764046,-0.198883677801406,0.428660391341536,-0.463965604983888,0.642672388321273,0.673355118925805,"Not significant","hypothetical protein","AENJPLPP_01316"
"AENJPLPP_00127","frr","Ribosome-recycling factor","frr","CDS","","",3807.58403549605,-0.0351819068802843,0.0760217020932548,-0.462787676565399,0.643516565367851,0.673990157808504,"Not significant","frr
(AENJPLPP_00127)","AENJPLPP_00127"
"AENJPLPP_02332","ybaK_2","Cys-tRNA(Pro)/Cys-tRNA(Cys) deacylase YbaK","ybaK_2","CDS","4.2.-.-","COG2606",85.5895042034039,-0.0908119131803424,0.200152524880945,-0.453713552873537,0.650035010929014,0.680565501457115,"Not significant","ybaK_2
(AENJPLPP_02332)","AENJPLPP_02332"
"AENJPLPP_01692",NA,"hypothetical protein","hypothetical protein","CDS","","",764.213097919149,-0.0404057755926048,0.089277409248346,-0.452586784638952,0.650846316618666,0.681163002716245,"Not significant","hypothetical protein","AENJPLPP_01692"
"AENJPLPP_02831",NA,"IS256 family transposase IS256","IS256 family transposase IS256","CDS","","",182.712708491733,-0.0697352221055733,0.15428381162833,-0.451993124680933,0.651273935454509,0.681358651615563,"Not significant","IS256 family transposase IS256","AENJPLPP_02831"
"AENJPLPP_01111","lipO","Lipoprotein LipO","lipO","CDS","","COG1653",45.2007512707249,-0.118433259758652,0.26606188453013,-0.4451342587752,0.656222732356966,0.686282436388094,"Not significant","lipO
(AENJPLPP_01111)","AENJPLPP_01111"
"AENJPLPP_02601",NA,"IS256 family transposase IS256","IS256 family transposase IS256","CDS","","",13.3030026428159,-0.229957323353473,0.518762610893011,-0.443280449525108,0.657562895053511,0.687430042797818,"Not significant","IS256 family transposase IS256","AENJPLPP_02601"
"AENJPLPP_02570","yqfL","Putative pyruvate, phosphate dikinase regulatory protein","yqfL","CDS","2.7.11.32","COG1806",595.748368743544,-0.0400969714463556,0.0911326967773463,-0.43998447170196,0.659948354036378,0.689669173228861,"Not significant","yqfL
(AENJPLPP_02570)","AENJPLPP_02570"
"AENJPLPP_01929",NA,"hypothetical protein","hypothetical protein","CDS","","",319.546453262466,-0.0512446390992253,0.116665891253942,-0.439242683087922,0.660485700406427,0.689976021347083,"Not significant","hypothetical protein","AENJPLPP_01929"
"AENJPLPP_00284",NA,"hypothetical protein","hypothetical protein","CDS","","",54.9311746224709,-0.112927391906777,0.258047704603248,-0.437622152386142,0.661660210073397,0.690693235515408,"Not significant","hypothetical protein","AENJPLPP_00284"
"AENJPLPP_01843","rhaS_2","HTH-type transcriptional activator RhaS","rhaS_2","CDS","","",257.196251235756,0.0534353167262218,0.122026805275418,0.437898186432209,0.661460090335828,0.690693235515408,"Not significant","rhaS_2
(AENJPLPP_01843)","AENJPLPP_01843"
"AENJPLPP_02987",NA,"hypothetical protein","hypothetical protein","CDS","","",174.652476327912,0.0669596986538355,0.153237620805633,0.436966446632367,0.662135681896545,0.690934801123892,"Not significant","hypothetical protein","AENJPLPP_02987"
"AENJPLPP_01684",NA,"IS256 family transposase ISEf1","IS256 family transposase ISEf1","CDS","","",12.1045579299021,0.223241404474579,0.51264719935142,0.435467910011046,0.663222826799227,0.691814230902215,"Not significant","IS256 family transposase ISEf1","AENJPLPP_01684"
"AENJPLPP_00369",NA,"hypothetical protein","hypothetical protein","CDS","","",897.836583143601,0.0325469360917491,0.0782242140866505,0.41607239486863,0.677357029227198,0.7062975137172,"Not significant","hypothetical protein","AENJPLPP_00369"
"AENJPLPP_02557",NA,"hypothetical protein","hypothetical protein","CDS","","",458.999774646216,-0.0438166286177279,0.105478413995111,-0.41540848935934,0.677842893061652,0.706543899211169,"Not significant","hypothetical protein","AENJPLPP_02557"
"AENJPLPP_01993","bcrA_2","Bacitracin transport ATP-binding protein BcrA","bcrA_2","CDS","","",1692.35248312663,-0.0299896779714536,0.0739970910001615,-0.405281850490422,0.685270345896193,0.714022947821908,"Not significant","bcrA_2
(AENJPLPP_01993)","AENJPLPP_01993"
"AENJPLPP_01431","gdpP","Cyclic-di-AMP phosphodiesterase GdpP","gdpP","CDS","3.1.4.59","COG3887",4648.59771181612,0.0255585271095354,0.0643770714719389,0.397012888675373,0.691357956246772,0.720100947069394,"Not significant","gdpP
(AENJPLPP_01431)","AENJPLPP_01431"
"AENJPLPP_01039",NA,"hypothetical protein","hypothetical protein","CDS","","",655.102278560595,-0.036013622571804,0.0913954170874391,-0.394041886557062,0.693550114778646,0.722118563787549,"Not significant","hypothetical protein","AENJPLPP_01039"
"AENJPLPP_02018",NA,"Fumarate reductase flavoprotein subunit","Fumarate reductase flavoprotein subunit","CDS","1.3.5.4","COG1053",864.45242433503,0.0394630418355037,0.101280310925099,0.389641791924281,0.696801444309705,0.725237091485579,"Not significant","Fumarate reductase flavoprotein subunit","AENJPLPP_02018"
"AENJPLPP_00070",NA,"hypothetical protein","hypothetical protein","CDS","","",89.96018574995,-0.0862373678244915,0.222700273636989,-0.387235122867708,0.698582150251356,0.726823251511058,"Not significant","hypothetical protein","AENJPLPP_00070"
"AENJPLPP_00023",NA,"hypothetical protein","hypothetical protein","CDS","","",13.0834820983887,0.188328678675266,0.505132123261054,0.372830532850386,0.709274576700519,0.737676828302413,"Not significant","hypothetical protein","AENJPLPP_00023"
"AENJPLPP_00270","licR_1","putative licABCH operon regulator","licR_1","CDS","","COG1762",35.7475751462498,-0.116129989396688,0.317125660016402,-0.366195499256294,0.714219200374815,0.742546660397026,"Not significant","licR_1
(AENJPLPP_00270)","AENJPLPP_00270"
"AENJPLPP_01131",NA,"hypothetical protein","hypothetical protein","CDS","","",526.455670588816,0.0344910868583855,0.0950601723289492,0.362834255539023,0.7167287009283,0.744882141089581,"Not significant","hypothetical protein","AENJPLPP_01131"
"AENJPLPP_02318","manZ_5","PTS system mannose-specific EIID component","manZ_5","CDS","","COG3716",12.2557712181588,-0.187101680875,0.525455198005744,-0.356075421054174,0.721784083650407,0.749860822317175,"Not significant","manZ_5
(AENJPLPP_02318)","AENJPLPP_02318"
"AENJPLPP_02731",NA,"hypothetical protein","hypothetical protein","CDS","","",9.33721946514756,-0.207686263134975,0.592700960753377,-0.350406489760007,0.726033656639859,0.753999002915422,"Not significant","hypothetical protein","AENJPLPP_02731"
"AENJPLPP_01165","bmr3","Multidrug resistance protein 3","bmr3","CDS","","",85.9120111625279,0.0683082145967823,0.197768836930347,0.345394227204967,0.729798016483324,0.757630430753315,"Not significant","bmr3
(AENJPLPP_01165)","AENJPLPP_01165"
"AENJPLPP_02008","tsaE","tRNA threonylcarbamoyladenosine biosynthesis protein TsaE","tsaE","CDS","","COG0802",405.368463268233,-0.0439966978925886,0.127796909828477,-0.344270436207252,0.730642915404731,0.758229506418913,"Not significant","tsaE
(AENJPLPP_02008)","AENJPLPP_02008"
"AENJPLPP_01466",NA,"hypothetical protein","hypothetical protein","CDS","","",6877.47153674281,-0.0212558657879774,0.0630526506607022,-0.337112961394107,0.73603174696785,0.763541911200434,"Not significant","hypothetical protein","AENJPLPP_01466"
"AENJPLPP_02116",NA,"hypothetical protein","hypothetical protein","CDS","","",113.324964521671,-0.0592252000299741,0.177262420395606,-0.334110297590419,0.738296329796426,0.765610589616733,"Not significant","hypothetical protein","AENJPLPP_02116"
"AENJPLPP_02045","glnR","HTH-type transcriptional regulator GlnR","glnR","CDS","","COG0789",8425.4618782817,0.0263418715356565,0.0798248040777633,0.32999606876573,0.741402932566554,0.768550604941748,"Not significant","glnR
(AENJPLPP_02045)","AENJPLPP_02045"
"AENJPLPP_00754",NA,"hypothetical protein","hypothetical protein","CDS","","",12.6349146603649,0.166807503498999,0.508131702926162,0.328276119239185,0.742702898681398,0.769616363897159,"Not significant","hypothetical protein","AENJPLPP_00754"
"AENJPLPP_00598","araQ_1","L-arabinose transport system permease protein AraQ","araQ_1","CDS","","COG0395",23.1050561931778,0.12029168948507,0.375057526152097,0.320728637868444,0.748416043002252,0.775252769022823,"Not significant","araQ_1
(AENJPLPP_00598)","AENJPLPP_00598"
"AENJPLPP_00542",NA,"putative metallo-hydrolase","putative metallo-hydrolase","CDS","3.-.-.-","",1581.41613142524,-0.0280536423879452,0.0877063889754498,-0.319858595430234,0.749075526275216,0.775652090301806,"Not significant","putative metallo-hydrolase","AENJPLPP_00542"
"AENJPLPP_00036",NA,"hypothetical protein","hypothetical protein","CDS","","",989.227923748396,0.0285646992370344,0.0896223655521597,0.318722888656737,0.74993665651108,0.776259844454431,"Not significant","hypothetical protein","AENJPLPP_00036"
"AENJPLPP_01275",NA,"Putative acetyltransferase","Putative acetyltransferase","CDS","2.3.1.-","",70.2866651361902,-0.068182280917892,0.216088996050911,-0.315528704209575,0.752360260480121,0.778483880635681,"Not significant","Putative acetyltransferase","AENJPLPP_01275"
"AENJPLPP_02885","araQ_7","L-arabinose transport system permease protein AraQ","araQ_7","CDS","","COG0395",20.2086791566902,-0.126353502491864,0.40342864394134,-0.313199135434311,0.75412937523324,0.78002932454706,"Not significant","araQ_7
(AENJPLPP_02885)","AENJPLPP_02885"
"AENJPLPP_01740",NA,"hypothetical protein","hypothetical protein","CDS","","",130.734117287808,0.0533722493675009,0.170967203173706,0.312178291372489,0.754905029251578,0.780546434554863,"Not significant","hypothetical protein","AENJPLPP_01740"
"AENJPLPP_02943","manZ_7","PTS system mannose-specific EIID component","manZ_7","CDS","","COG3716",53.9763526444901,0.0728702044484844,0.24538620058441,0.296961297232432,0.766496057282285,0.792241817512285,"Not significant","manZ_7
(AENJPLPP_02943)","AENJPLPP_02943"
"AENJPLPP_01849","mntB","Manganese transport system membrane protein MntB","mntB","CDS","","",688.389998485109,0.024441710773755,0.0839874358128208,0.291016275675176,0.77103887178717,0.796355726387989,"Not significant","mntB
(AENJPLPP_01849)","AENJPLPP_01849"
"AENJPLPP_02574","brnQ_2","Branched-chain amino acid transport system 2 carrier protein","brnQ_2","CDS","","COG1114",184.254610503995,-0.0417662808217366,0.143499915031616,-0.291054394091694,0.77100971885774,0.796355726387989,"Not significant","brnQ_2
(AENJPLPP_02574)","AENJPLPP_02574"
"AENJPLPP_00769","ulaG","putative L-ascorbate-6-phosphate lactonase UlaG","ulaG","CDS","3.1.1.-","COG2220",7.62689564287792,0.195721696688423,0.694108895152992,0.281975491245194,0.777962303226669,0.802920627209151,"Not significant","ulaG
(AENJPLPP_00769)","AENJPLPP_00769"
"AENJPLPP_03180",NA,"hypothetical protein","hypothetical protein","CDS","","",285.184703655127,-0.036635281224902,0.129774701759437,-0.282299097807311,0.77771417730144,0.802920627209151,"Not significant","hypothetical protein","AENJPLPP_03180"
"AENJPLPP_00298","uxuA_1","Mannonate dehydratase","uxuA_1","CDS","4.2.1.8","COG1312",16.4008173404159,-0.12257130851664,0.437485416429538,-0.280172330124703,0.779345294238502,0.80405485713892,"Not significant","uxuA_1
(AENJPLPP_00298)","AENJPLPP_00298"
"AENJPLPP_03151",NA,"hypothetical protein","hypothetical protein","CDS","","",61.5347892894975,0.0655504007264594,0.235591664555581,0.278237351266707,0.780830164247356,0.805293331506108,"Not significant","hypothetical protein","AENJPLPP_03151"
"AENJPLPP_01521",NA,"putative protein","putative protein","CDS","","",37772.3320767232,0.0141091347008279,0.0515627153808722,0.273630560311062,0.784368546266704,0.808647980510211,"Not significant","putative protein","AENJPLPP_01521"
"AENJPLPP_01965",NA,"hypothetical protein","hypothetical protein","CDS","","",1398.7567955022,0.0216676099515037,0.0795638276139834,0.272329909222411,0.785368360738264,0.809383993174382,"Not significant","hypothetical protein","AENJPLPP_01965"
"AENJPLPP_02658",NA,"hypothetical protein","hypothetical protein","CDS","","",56.5884497311039,0.0653439396923955,0.241310280739755,0.270788047206604,0.786554053488944,0.810310962673653,"Not significant","hypothetical protein","AENJPLPP_02658"
"AENJPLPP_02228","araR_2","Arabinose metabolism transcriptional repressor","araR_2","CDS","","COG1609",844.850934295288,-0.0212713421591953,0.0794663932771927,-0.26767720645125,0.788947796366921,0.812481342857313,"Not significant","araR_2
(AENJPLPP_02228)","AENJPLPP_02228"
"AENJPLPP_00857",NA,"Lytic chitin monooxygenase","Lytic chitin monooxygenase","CDS","1.14.99.53","COG3397",574.755433620959,0.0321257491384946,0.120188269213053,0.267295213990864,0.789241871437422,0.812488632014306,"Not significant","Lytic chitin monooxygenase","AENJPLPP_00857"
"AENJPLPP_01882",NA,"hypothetical protein","hypothetical protein","CDS","","",26.6722530450789,-0.0936540274904139,0.354119170036282,-0.264470368776755,0.791417494481626,0.814432179890034,"Not significant","hypothetical protein","AENJPLPP_01882"
"AENJPLPP_01004",NA,"hypothetical protein","hypothetical protein","CDS","","",11802.9640482722,0.0161790497483742,0.0612910971762026,0.263970633481432,0.791802547467302,0.814532344433114,"Not significant","hypothetical protein","AENJPLPP_01004"
"AENJPLPP_02608","lacD2","Tagatose 1,6-diphosphate aldolase 2","lacD2","CDS","4.1.2.40","COG3684",18.0096656526426,-0.109629135514856,0.421501273705743,-0.260092062239865,0.794792760696779,0.817311407748849,"Not significant","lacD2
(AENJPLPP_02608)","AENJPLPP_02608"
"AENJPLPP_00123","argR_1","Arginine repressor","argR_1","CDS","","",1493.56267396465,-0.0179322113037573,0.0697892751350753,-0.256947951802766,0.797218952736124,0.819508662017417,"Not significant","argR_1
(AENJPLPP_00123)","AENJPLPP_00123"
"AENJPLPP_03176",NA,"hypothetical protein","hypothetical protein","CDS","","",205.510740080604,-0.0339789309046047,0.135031653609295,-0.251636782905143,0.801321824613355,0.823427254257861,"Not significant","hypothetical protein","AENJPLPP_03176"
"AENJPLPP_00251","trmK","tRNA (adenine(22)-N(1))-methyltransferase","trmK","CDS","2.1.1.217","COG2384",417.393617574228,-0.0273826997914634,0.110070624277383,-0.248773911942733,0.803535672050422,0.825402571688949,"Not significant","trmK
(AENJPLPP_00251)","AENJPLPP_00251"
"AENJPLPP_02995",NA,"hypothetical protein","hypothetical protein","CDS","","",15.5529089827378,0.114305958064649,0.470018856749047,0.243194408954703,0.807854797879106,0.829538241855549,"Not significant","hypothetical protein","AENJPLPP_02995"
"AENJPLPP_00009",NA,"hypothetical protein","hypothetical protein","CDS","","",118.218929907022,0.0430898142390278,0.179135024676261,0.240543770359266,0.809908735278949,0.831345768518747,"Not significant","hypothetical protein","AENJPLPP_00009"
"AENJPLPP_00282","spxA_1","Regulatory protein Spx","spxA_1","CDS","","COG1393",9.18287738780305,0.137272038331916,0.577883996042941,0.237542550532435,0.812235913086847,0.833432355907526,"Not significant","spxA_1
(AENJPLPP_00282)","AENJPLPP_00282"
"AENJPLPP_01026",NA,"Lactate 2-monooxygenase","Lactate 2-monooxygenase","CDS","1.13.12.4","COG1304",1236.76887003691,-0.0180224877602936,0.0761929205357228,-0.236537563248331,0.813015562837437,0.833930093620574,"Not significant","Lactate 2-monooxygenase","AENJPLPP_01026"
"AENJPLPP_01011","nrdE2","Ribonucleoside-diphosphate reductase subunit alpha 2","nrdE2","CDS","1.17.4.1","COG0209",15165.3682531104,-0.0130093206007377,0.0559797487109326,-0.232393336881789,0.816232523679671,0.836926575348479,"Not significant","nrdE2
(AENJPLPP_01011)","AENJPLPP_01011"
"AENJPLPP_00614",NA,"hypothetical protein","hypothetical protein","CDS","","",17.2613103970031,-0.10284004004343,0.444571813629367,-0.231323797169846,0.817063260517886,0.837475050878398,"Not significant","hypothetical protein","AENJPLPP_00614"
"AENJPLPP_00071",NA,"hypothetical protein","hypothetical protein","CDS","","",13.1801981618871,-0.113634795468881,0.494222313509931,-0.229926477139114,0.818148901665251,0.838284307135116,"Not significant","hypothetical protein","AENJPLPP_00071"
"AENJPLPP_02712","gmuE_4","Putative fructokinase","gmuE_4","CDS","2.7.1.4","COG1940",28.1484340596342,0.0773586270489161,0.33786851214933,0.228960747353472,0.818899424813985,0.838749736486394,"Not significant","gmuE_4
(AENJPLPP_02712)","AENJPLPP_02712"
"AENJPLPP_00027",NA,"IS30 family transposase IS1252","IS30 family transposase IS1252","CDS","","COG2826",8.7843930203488,0.132729868634987,0.598231456425388,0.221870426921525,0.824414752675972,0.844093368833879,"Not significant","IS30 family transposase IS1252","AENJPLPP_00027"
"AENJPLPP_02726",NA,"hypothetical protein","hypothetical protein","CDS","","",63.1855455905575,0.0506462173730438,0.230944582126946,0.219300305322619,0.826416124077185,0.845836604216381,"Not significant","hypothetical protein","AENJPLPP_02726"
"AENJPLPP_00083",NA,"hypothetical protein","hypothetical protein","CDS","","",12.3029954954515,0.111160330874058,0.514994541891367,0.215847590278941,0.829106550906131,0.848283572683505,"Not significant","hypothetical protein","AENJPLPP_00083"
"AENJPLPP_03000",NA,"hypothetical protein","hypothetical protein","CDS","","",18.3368153451958,0.087631660424924,0.412436054932268,0.212473326172503,0.83173778533797,0.85066823348692,"Not significant","hypothetical protein","AENJPLPP_03000"
"AENJPLPP_01665",NA,"hypothetical protein","hypothetical protein","CDS","","",28.8186565149285,0.0699691282509528,0.344173493395989,0.203296098024753,0.838903605176163,0.857377655687263,"Not significant","hypothetical protein","AENJPLPP_01665"
"AENJPLPP_02232","araA","L-arabinose isomerase","araA","CDS","5.3.1.4","",41.682047439191,0.0582209292367169,0.286295921243718,0.203359268912373,0.838854233291299,0.857377655687263,"Not significant","araA
(AENJPLPP_02232)","AENJPLPP_02232"
"AENJPLPP_00061",NA,"hypothetical protein","hypothetical protein","CDS","","",68.6643819149367,-0.043242755602715,0.218403061906047,-0.197995189377506,0.843048827547526,0.861303222947328,"Not significant","hypothetical protein","AENJPLPP_00061"
"AENJPLPP_00302",NA,"hypothetical protein","hypothetical protein","CDS","","",21.1104142948522,0.0790763415500295,0.410113908619589,0.192815556575963,0.847103419719158,0.865133398710295,"Not significant","hypothetical protein","AENJPLPP_00302"
"AENJPLPP_01143",NA,"hypothetical protein","hypothetical protein","CDS","","",21.3072435491847,0.0739622378271832,0.396787440150772,0.186402668892642,0.852128999636415,0.869952108896751,"Not significant","hypothetical protein","AENJPLPP_01143"
"AENJPLPP_02680",NA,"hypothetical protein","hypothetical protein","CDS","","",15.7691886803129,0.0849385509950296,0.468669487898482,0.181233370612401,0.856184402325866,0.873777232510644,"Not significant","hypothetical protein","AENJPLPP_02680"
"AENJPLPP_01701",NA,"hypothetical protein","hypothetical protein","CDS","","",201.91588089955,0.0280318777907125,0.155202547120454,0.180614805045414,0.856669934261804,0.873833037886112,"Not significant","hypothetical protein","AENJPLPP_01701"
"AENJPLPP_03145",NA,"hypothetical protein","hypothetical protein","CDS","","",14.5640129189545,0.0869538185168337,0.482066447336776,0.180377246741022,0.856856415814852,0.873833037886112,"Not significant","hypothetical protein","AENJPLPP_03145"
"AENJPLPP_02221","abfA_1","Intracellular exo-alpha-(1->5)-L-arabinofuranosidase","abfA_1","CDS","3.2.1.55","",46.8338238607766,-0.0456486397301486,0.267026294017447,-0.170951852880698,0.864261624021229,0.88106757565866,"Not significant","abfA_1
(AENJPLPP_02221)","AENJPLPP_02221"
"AENJPLPP_01590",NA,"hypothetical protein","hypothetical protein","CDS","","",95.6755254842627,0.0315712847241044,0.190406130647364,0.165810232143077,0.868306293506431,0.88487225230983,"Not significant","hypothetical protein","AENJPLPP_01590"
"AENJPLPP_01639","rhaM","L-rhamnose mutarotase","rhaM","CDS","5.1.3.32","COG3254",16.9602117732809,-0.0678745452298503,0.439144202763885,-0.15456095014499,0.877167457234844,0.893580810158994,"Not significant","rhaM
(AENJPLPP_01639)","AENJPLPP_01639"
"AENJPLPP_01238","ispE","4-diphosphocytidyl-2-C-methyl-D-erythritol kinase","ispE","CDS","2.7.1.148","COG1947",3921.73266863528,-0.0092377537744777,0.06037179548245,-0.153014395226379,0.878386923225056,0.894501215701487,"Not significant","ispE
(AENJPLPP_01238)","AENJPLPP_01238"
"AENJPLPP_01446",NA,"hypothetical protein","hypothetical protein","CDS","","",49.1738782753629,-0.0387723886972623,0.257013108434056,-0.150857631089312,0.880088023386805,0.895911252861576,"Not significant","hypothetical protein","AENJPLPP_01446"
"AENJPLPP_02620",NA,"hypothetical protein","hypothetical protein","CDS","","",84.0871926272394,-0.0372782301978001,0.249477918316457,-0.149424968948608,0.881218310529705,0.896739409457079,"Not significant","hypothetical protein","AENJPLPP_02620"
"AENJPLPP_02824",NA,"hypothetical protein","hypothetical protein","CDS","","",8.41481235115676,0.0900467243820357,0.617569462180484,0.14580825299247,0.884072760592139,0.899320871446765,"Not significant","hypothetical protein","AENJPLPP_02824"
"AENJPLPP_02225",NA,"hypothetical protein","hypothetical protein","CDS","","",16.7890454428425,0.0640429902929858,0.454376960766477,0.140946825703824,0.887911949794413,0.902901842624994,"Not significant","hypothetical protein","AENJPLPP_02225"
"AENJPLPP_00081",NA,"hypothetical protein","hypothetical protein","CDS","","",17.5025680094588,-0.0600279060610118,0.453449693157726,-0.132380519750693,0.894683322049723,0.909404399776497,"Not significant","hypothetical protein","AENJPLPP_00081"
"AENJPLPP_02015",NA,"hypothetical protein","hypothetical protein","CDS","","",123.850465819203,0.0232778909247244,0.176288092522051,0.132044601491237,0.894949013697393,0.909404399776497,"Not significant","hypothetical protein","AENJPLPP_02015"
"AENJPLPP_00200","gatB","Aspartyl/glutamyl-tRNA(Asn/Gln) amidotransferase subunit B","gatB","CDS","6.3.5.-","COG0064",8155.51452905729,0.00937512246958899,0.0718405123157321,0.130499103742276,0.896171563189611,0.91031994811259,"Not significant","gatB
(AENJPLPP_00200)","AENJPLPP_00200"
"AENJPLPP_01200","tilS","tRNA(Ile)-lysidine synthase","tilS","CDS","6.3.4.19","",2313.49111232447,-0.00977790802189984,0.0758459174032008,-0.128918053293758,0.897422491412744,0.911263656093787,"Not significant","tilS
(AENJPLPP_01200)","AENJPLPP_01200"
"AENJPLPP_00578",NA,"hypothetical protein","hypothetical protein","CDS","","",41.9987282023917,0.0355023356157006,0.27988511228117,0.12684610241089,0.899062205971954,0.912601328471353,"Not significant","hypothetical protein","AENJPLPP_00578"
"AENJPLPP_02727",NA,"hypothetical protein","hypothetical protein","CDS","","",65.6635676635845,0.0277930256785974,0.23626212410107,0.117636399758719,0.906355762337841,0.919674968881157,"Not significant","hypothetical protein","AENJPLPP_02727"
"AENJPLPP_00731","gmuC_1","PTS system oligo-beta-mannoside-specific EIIC component","gmuC_1","CDS","","COG1455",39.7275910909,-0.0317495473499034,0.284917274990597,-0.11143426579154,0.911271989087515,0.924332139414818,"Not significant","gmuC_1
(AENJPLPP_00731)","AENJPLPP_00731"
"AENJPLPP_01957","bglH_1","Aryl-phospho-beta-D-glucosidase BglH","bglH_1","CDS","3.2.1.86","COG2723",324.074955485834,0.0123513816434362,0.113143575216867,0.109165559067421,0.913071176893625,0.925493913994219,"Not significant","bglH_1
(AENJPLPP_01957)","AENJPLPP_01957"
"AENJPLPP_02251","mtlR","Transcriptional regulator MtlR","mtlR","CDS","","",208.437800258362,-0.0146932791351926,0.134152483372986,-0.109526702493763,0.912784743640352,0.925493913994219,"Not significant","mtlR
(AENJPLPP_02251)","AENJPLPP_02251"
"AENJPLPP_00370",NA,"hypothetical protein","hypothetical protein","CDS","","",770.946136373004,0.0089015810837426,0.0826701144810765,0.107675925449217,0.914252767170244,0.92635990832461,"Not significant","hypothetical protein","AENJPLPP_00370"
"AENJPLPP_03147",NA,"hypothetical protein","hypothetical protein","CDS","","",7.00518651294278,0.0663632966248394,0.702077486832555,0.0945241769882688,0.92469277796502,0.936602953280491,"Not significant","hypothetical protein","AENJPLPP_03147"
"AENJPLPP_02882",NA,"hypothetical protein","hypothetical protein","CDS","","",262.618487118619,0.0107421679204733,0.123431481014051,0.087029401512653,0.930648141738305,0.942297886001839,"Not significant","hypothetical protein","AENJPLPP_02882"
"AENJPLPP_02933",NA,"hypothetical protein","hypothetical protein","CDS","","",188.852670633452,0.0117876874011059,0.137182309644555,0.0859271682452959,0.931524314242297,0.942847813235589,"Not significant","hypothetical protein","AENJPLPP_02933"
"AENJPLPP_00848",NA,"hypothetical protein","hypothetical protein","CDS","","",51.2856344597837,-0.0203209328710015,0.257136684955411,-0.0790277469530466,0.937010553200149,0.948061785600293,"Not significant","hypothetical protein","AENJPLPP_00848"
"AENJPLPP_00063",NA,"hypothetical protein","hypothetical protein","CDS","","",82.9099077437623,0.015177018501555,0.203240475660657,0.0746751770395161,0.940473158367929,0.950631462651394,"Not significant","hypothetical protein","AENJPLPP_00063"
"AENJPLPP_00510","glnQ_1","Glutamine transport ATP-binding protein GlnQ","glnQ_1","CDS","3.6.3.-","COG1126",4029.40078292381,-0.00449935042201561,0.0600552062767765,-0.0749202392425304,0.940278173225212,0.950631462651394,"Not significant","glnQ_1
(AENJPLPP_00510)","AENJPLPP_00510"
"AENJPLPP_01987",NA,"hypothetical protein","hypothetical protein","CDS","","",92.3959996422315,0.0140906552644832,0.188961355681767,0.0745689784752258,0.940557656971584,0.950631462651394,"Not significant","hypothetical protein","AENJPLPP_01987"
"AENJPLPP_02153",NA,"hypothetical protein","hypothetical protein","CDS","","",437.600147929645,-0.00706591540612172,0.098379421107656,-0.0718231041265178,0.942742685867228,0.952499837148509,"Not significant","hypothetical protein","AENJPLPP_02153"
"AENJPLPP_01303",NA,"hypothetical protein","hypothetical protein","CDS","","",111.391807328023,0.0116993543381456,0.181456657273389,0.0644746492850847,0.948592292042939,0.958068062352323,"Not significant","hypothetical protein","AENJPLPP_01303"
"AENJPLPP_01850","ssaB_2","Manganese ABC transporter substrate-binding lipoprotein","ssaB_2","CDS","","COG0803",2389.70014642954,0.00504018602763085,0.0790718994812254,0.063741810437064,0.949175812504227,0.958315522539039,"Not significant","ssaB_2
(AENJPLPP_01850)","AENJPLPP_01850"
"AENJPLPP_02223","melD","Melibiose/raffinose/stachyose import permease protein MelD","melD","CDS","","COG1175",48.5230610168878,-0.0163332210881995,0.259061555954282,-0.0630476452904569,0.949728564304796,0.958531752423129,"Not significant","melD
(AENJPLPP_02223)","AENJPLPP_02223"
"AENJPLPP_00461",NA,"putative epimerase/dehydratase","putative epimerase/dehydratase","CDS","","",32.6591676181859,0.0170852120213864,0.311092276257754,0.0549200778203525,0.95620213623022,0.964721399739042,"Not significant","putative epimerase/dehydratase","AENJPLPP_00461"
"AENJPLPP_00221","lacG_1","Lactose transport system permease protein LacG","lacG_1","CDS","","",22.6659660098532,-0.0187547921651207,0.390545888492126,-0.0480219936190642,0.961698714452725,0.969399871363324,"Not significant","lacG_1
(AENJPLPP_00221)","AENJPLPP_00221"
"AENJPLPP_01770","mapP","Maltose 6'-phosphate phosphatase","mapP","CDS","3.1.3.90","",85.2750159157347,-0.00948003168948542,0.198279794248428,-0.0478113855494915,0.961866562578445,0.969399871363324,"Not significant","mapP
(AENJPLPP_01770)","AENJPLPP_01770"
"AENJPLPP_03161",NA,"hypothetical protein","hypothetical protein","CDS","","",8.75601282627144,0.0287146641849502,0.59469631530467,0.0482845839901318,0.961489440417093,0.969399871363324,"Not significant","hypothetical protein","AENJPLPP_03161"
"AENJPLPP_01007",NA,"hypothetical protein","hypothetical protein","CDS","","",30.6029201955125,-0.0156820054394991,0.336615739395731,-0.0465872613908379,0.962842184944706,0.970037802696962,"Not significant","hypothetical protein","AENJPLPP_01007"
"AENJPLPP_01895","pepO","Neutral endopeptidase","pepO","CDS","3.4.24.-","COG3590",6738.07525285978,-0.00251621500796834,0.057056770321744,-0.0441002004456151,0.964824533009156,0.971689168605094,"Not significant","pepO
(AENJPLPP_01895)","AENJPLPP_01895"
"AENJPLPP_02417",NA,"hypothetical protein","hypothetical protein","CDS","","",822.180828400706,-0.00350005606545934,0.0828497601465048,-0.0422458201359923,0.966302735956569,0.972485974224333,"Not significant","hypothetical protein","AENJPLPP_02417"
"AENJPLPP_02837",NA,"IS200/IS605 family transposase ISAac3","IS200/IS605 family transposase ISAac3","CDS","","",42.0943787468847,-0.0118297884723669,0.279654642815838,-0.0423014198986754,0.966258413385568,0.972485974224333,"Not significant","IS200/IS605 family transposase ISAac3","AENJPLPP_02837"
"AENJPLPP_02572","rpsU","30S ribosomal protein S21","rpsU","CDS","","COG0828",46840.4177396671,-0.00254724969388594,0.0626911403561265,-0.0406317332786724,0.96758948554053,0.973434908871798,"Not significant","rpsU
(AENJPLPP_02572)","AENJPLPP_02572"
"AENJPLPP_02314","dgaR_4","Transcriptional regulatory protein DagR","dgaR_4","CDS","","",118.97193538252,0.00589914884344338,0.169383702709256,0.0348271335971982,0.972217584269986,0.977743510148607,"Not significant","dgaR_4
(AENJPLPP_02314)","AENJPLPP_02314"
"AENJPLPP_00767","ulaA_2","Ascorbate-specific PTS system EIIC component","ulaA_2","CDS","","COG3037",15.545867273106,0.0152229999345669,0.456764426958955,0.0333279017280713,0.973413103753192,0.977903653912451,"Not significant","ulaA_2
(AENJPLPP_00767)","AENJPLPP_00767"
"AENJPLPP_02508","atpA","ATP synthase subunit alpha","atpA","CDS","7.1.2.2","COG0056",18112.872980462,-0.00186847455587777,0.0549557201943028,-0.0339996373311376,0.972877439902999,0.977903653912451,"Not significant","atpA
(AENJPLPP_02508)","AENJPLPP_02508"
"AENJPLPP_02684",NA,"hypothetical protein","hypothetical protein","CDS","","",35.3560498934048,0.0101218973778359,0.300683250247405,0.0336629904376365,0.973145891587297,0.977903653912451,"Not significant","hypothetical protein","AENJPLPP_02684"
"AENJPLPP_02017",NA,"hypothetical protein","hypothetical protein","CDS","","",408.613441377869,0.00286894016889555,0.100268008837939,0.028612717078411,0.977173469475839,0.981333129509081,"Not significant","hypothetical protein","AENJPLPP_02017"
"AENJPLPP_01119","uxaA","Altronate dehydratase","uxaA","CDS","4.2.1.7","COG2721",142.517816356328,0.00456072569302815,0.162697912731809,0.0280318635712681,0.977636737671715,0.981450214308023,"Not significant","uxaA
(AENJPLPP_01119)","AENJPLPP_01119"
"AENJPLPP_00252",NA,"GTP cyclohydrolase 1 type 2","GTP cyclohydrolase 1 type 2","CDS","","COG0327",10.9966012708055,0.0132325537547894,0.537995561296573,0.0245960277495577,0.980377187739228,0.983852470219693,"Not significant","GTP cyclohydrolase 1 type 2","AENJPLPP_00252"
"AENJPLPP_02323","gtaB_1","UTP--glucose-1-phosphate uridylyltransferase","gtaB_1","CDS","2.7.7.9","COG1210",3045.18622859396,-0.00147927201024391,0.0733802738451301,-0.0201589873235677,0.983916544605702,0.98705447830572,"Not significant","gtaB_1
(AENJPLPP_02323)","AENJPLPP_02323"
"AENJPLPP_00868",NA,"hypothetical protein","hypothetical protein","CDS","","",24.5464757184991,-0.00657286658380598,0.35991949999875,-0.0182620463293287,0.985429805055339,0.988222379777422,"Not significant","hypothetical protein","AENJPLPP_00868"
"AENJPLPP_00560",NA,"hypothetical protein","hypothetical protein","CDS","","",4168.9961520303,-0.000875409435015656,0.0593496684610791,-0.0147500307535794,0.988231604920587,0.990292832744136,"Not significant","hypothetical protein","AENJPLPP_00560"
"AENJPLPP_00575","xylG","Xylose import ATP-binding protein XylG","xylG","CDS","7.5.2.10","COG1129",9.29279668272246,-0.00814753101849093,0.575724455899975,-0.014151788993842,0.988708882939894,0.990292832744136,"Not significant","xylG
(AENJPLPP_00575)","AENJPLPP_00575"
"AENJPLPP_02659",NA,"hypothetical protein","hypothetical protein","CDS","","",219.799102767797,-0.00189825716627249,0.130292804818171,-0.0145691634232726,0.988375900665112,0.990292832744136,"Not significant","hypothetical protein","AENJPLPP_02659"
"AENJPLPP_02907",NA,"hypothetical protein","hypothetical protein","CDS","","",262.291116040179,-0.00168019495793,0.120701643535215,-0.0139202326390842,0.988893619981517,0.990292832744136,"Not significant","hypothetical protein","AENJPLPP_02907"
"AENJPLPP_02838",NA,"hypothetical protein","hypothetical protein","CDS","","",10.34196139443,0.0047943851779112,0.561268365196085,0.00854205487999707,0.993184509177801,0.994238099534072,"Not significant","hypothetical protein","AENJPLPP_02838"
"AENJPLPP_00607",NA,"hypothetical protein","hypothetical protein","CDS","","",243.130080517787,-0.000841759003745128,0.127751121579527,-0.00658905372678956,0.994742733802375,0.995445980697958,"Not significant","hypothetical protein","AENJPLPP_00607"
"AENJPLPP_01147",NA,"hypothetical protein","hypothetical protein","CDS","","",252.86733267455,0.000739736516837866,0.122477180796435,0.00603979053099988,0.995180973683782,0.995532627738088,"Not significant","hypothetical protein","AENJPLPP_01147"
"AENJPLPP_00737","gatC_2","PTS system galactitol-specific EIIC component","gatC_2","CDS","","COG3775",24.6009334515366,-0.00150006008592418,0.356827377234319,-0.00420388171319919,0.996645797565191,0.996645797565191,"Not significant","gatC_2
(AENJPLPP_00737)","AENJPLPP_00737"
