gene_id	serum_1	serum_2	serum_3	BHI_1	BHI_2	BHI_3
AENJPLPP_00001	135	148	151	136	140	139
AENJPLPP_00003	720	905	849	1673	1633	1467
AENJPLPP_00004	157	216	165	444	413	341
AENJPLPP_00005	1091	1224	1202	1351	1233	1225
AENJPLPP_00006	954	1079	1009	926	841	767
AENJPLPP_00007	515	601	523	438	484	504
AENJPLPP_00008	55	57	67	101	87	82
AENJPLPP_00009	89	115	134	117	136	121
AENJPLPP_00010	12219	14155	13465	9335	9692	8911
AENJPLPP_00011	996	1215	1038	1632	1495	1420
AENJPLPP_00012	798	943	862	662	703	638
AENJPLPP_00013	878	1070	971	716	704	585
AENJPLPP_00014	1297	1515	1320	1210	1010	1022
AENJPLPP_00015	6373	7790	6814	4880	4702	4168
AENJPLPP_00016	18837	22245	19911	20069	22906	21170
AENJPLPP_00017	5	2	6	6	7	12
AENJPLPP_00018	66	77	79	35	29	34
AENJPLPP_00019	0	0	0	0	0	0
AENJPLPP_00020	4	4	5	2	15	10
AENJPLPP_00021	174	231	179	215	274	297
AENJPLPP_00022	6978	7175	6739	672	806	839
AENJPLPP_00023	13	13	13	7	16	16
AENJPLPP_00024	8557	8256	7156	1191	1357	985
AENJPLPP_00025	1052	1203	1115	2467	2396	2171
AENJPLPP_00026	657	810	728	718	743	764
AENJPLPP_00027	8	12	6	8	11	8
AENJPLPP_00028	240	283	242	111	120	118
AENJPLPP_00029	469	552	517	175	189	151
AENJPLPP_00030	0	1	0	0	0	1
AENJPLPP_00031	50	60	55	42	47	38
AENJPLPP_00032	11393	13392	11710	5506	5272	4934
AENJPLPP_00034	228	231	222	543	544	529
AENJPLPP_00035	3032	3093	3126	1948	2073	1810
AENJPLPP_00036	868	1054	890	958	1193	995
AENJPLPP_00037	214	217	227	229	233	212
AENJPLPP_00038	942	951	916	1158	1231	1042
AENJPLPP_00039	1851	1987	1644	269	292	283
AENJPLPP_00040	1100	1287	1185	381	369	335
AENJPLPP_00041	1124	1188	1251	381	251	232
AENJPLPP_00042	38	43	44	25	20	26
AENJPLPP_00043	2288	2519	2314	534	565	517
AENJPLPP_00044	4967	5480	5258	1215	1196	1125
AENJPLPP_00045	1304	1638	1562	349	413	344
AENJPLPP_00046	1528	1971	1687	449	487	443
AENJPLPP_00047	1973	2153	2056	477	497	389
AENJPLPP_00048	282	299	328	88	59	75
AENJPLPP_00049	77	103	90	31	24	22
AENJPLPP_00050	125	132	122	52	46	29
AENJPLPP_00051	862	875	866	346	370	294
AENJPLPP_00052	211	252	220	93	81	85
AENJPLPP_00053	181	231	231	78	106	89
AENJPLPP_00054	0	0	0	0	0	0
AENJPLPP_00055	0	0	0	0	0	0
AENJPLPP_00056	1189	1503	1402	409	401	390
AENJPLPP_00057	4	8	7	2	2	0
AENJPLPP_00058	1263	1608	1557	831	956	864
AENJPLPP_00059	1859	1996	2006	491	455	435
AENJPLPP_00060	875	1047	843	908	883	772
AENJPLPP_00061	63	69	58	80	77	67
AENJPLPP_00062	67	47	54	62	46	42
AENJPLPP_00063	63	85	87	83	97	85
AENJPLPP_00064	103	116	127	128	109	93
AENJPLPP_00065	361	385	377	304	303	268
AENJPLPP_00066	217	285	268	241	300	235
AENJPLPP_00067	190	258	267	257	263	233
AENJPLPP_00068	678	789	747	670	693	612
AENJPLPP_00069	15	12	19	17	14	7
AENJPLPP_00070	69	75	101	73	123	101
AENJPLPP_00071	7	16	13	13	15	16
AENJPLPP_00072	74	73	95	83	92	76
AENJPLPP_00073	133	157	147	155	127	118
AENJPLPP_00074	197	262	280	204	183	163
AENJPLPP_00075	292	356	332	526	338	342
AENJPLPP_00076	56	81	77	116	84	84
AENJPLPP_00077	495	601	583	611	601	516
AENJPLPP_00078	0	0	0	0	0	0
AENJPLPP_00079	0	0	0	0	0	0
AENJPLPP_00080	0	0	0	0	0	0
AENJPLPP_00081	7	21	21	21	24	13
AENJPLPP_00082	16	15	15	15	6	9
AENJPLPP_00083	10	13	13	18	8	12
AENJPLPP_00084	23	22	20	20	16	16
AENJPLPP_00085	163	195	163	229	260	206
AENJPLPP_00086	2	14	9	11	26	21
AENJPLPP_00087	0	0	0	1	0	1
AENJPLPP_00088	19	25	19	57	60	58
AENJPLPP_00089	9	10	8	6	8	6
AENJPLPP_00090	33	34	36	74	82	68
AENJPLPP_00091	1	2	1	4	1	2
AENJPLPP_00092	6209	7246	6874	17228	18511	15784
AENJPLPP_00093	2149	1940	1864	335	315	300
AENJPLPP_00094	195	257	225	1602	2021	2062
AENJPLPP_00095	260	337	293	2285	2166	1980
AENJPLPP_00096	6202	7510	7026	571	565	525
AENJPLPP_00097	400	484	396	327	334	302
AENJPLPP_00098	159	194	205	107	103	112
AENJPLPP_00099	252	312	261	196	209	191
AENJPLPP_00100	286	343	319	744	671	621
AENJPLPP_00101	271	327	280	698	581	550
AENJPLPP_00102	278	359	317	1580	1322	1083
AENJPLPP_00103	1506	1878	1552	8355	7063	6353
AENJPLPP_00104	939	1122	884	1893	1570	1633
AENJPLPP_00105	327	365	304	178	187	151
AENJPLPP_00106	1534	1741	1609	713	639	626
AENJPLPP_00107	5001	6494	5188	1020	1211	1309
AENJPLPP_00108	4244	4471	4603	5449	5437	4777
AENJPLPP_00109	5316	5440	5594	7482	7739	6238
AENJPLPP_00110	1156	1272	1251	2155	2182	1806
AENJPLPP_00111	266	283	245	1288	1366	1334
AENJPLPP_00112	187	211	192	780	741	820
AENJPLPP_00113	371	462	384	2275	2131	1754
AENJPLPP_00114	1114	1302	1118	5266	4989	4457
AENJPLPP_00115	228	265	260	760	710	619
AENJPLPP_00116	3513	3864	4269	7047	7863	6717
AENJPLPP_00117	1003	1105	1143	4398	3914	3386
AENJPLPP_00118	185	219	197	1242	1018	999
AENJPLPP_00119	100438	117835	110517	14942	15642	13202
AENJPLPP_00120	17	28	28	42	41	36
AENJPLPP_00121	1	1	0	1	0	0
AENJPLPP_00122	23	44	48	65	50	55
AENJPLPP_00123	1316	1449	1403	1598	1668	1557
AENJPLPP_00124	6436	7575	6615	51660	56093	52892
AENJPLPP_00125	11170	12395	11322	64014	60646	53781
AENJPLPP_00126	2245	2780	2431	8154	7458	6297
AENJPLPP_00127	3333	3833	3407	4740	3892	3757
AENJPLPP_00128	1131	1304	1178	3304	3402	3095
AENJPLPP_00129	412	534	482	1019	1049	1085
AENJPLPP_00130	2956	3501	3058	5849	5050	4754
AENJPLPP_00131	8385	9135	8338	15722	13637	12019
AENJPLPP_00132	7276	8359	7511	12206	11903	10784
AENJPLPP_00133	1224	1433	1301	5777	6314	5918
AENJPLPP_00134	3882	4320	3994	15136	15378	14249
AENJPLPP_00135	731	975	877	3014	2703	2601
AENJPLPP_00136	1339	1448	1480	5490	4643	4019
AENJPLPP_00137	9655	10732	10180	24140	22240	21307
AENJPLPP_00138	4726	5675	5384	7614	8419	6650
AENJPLPP_00139	903	1051	978	225	227	186
AENJPLPP_00140	3805	4097	3872	800	757	687
AENJPLPP_00141	1668	1921	1719	347	378	333
AENJPLPP_00142	283	338	347	1064	873	787
AENJPLPP_00143	345	418	450	1750	1622	1516
AENJPLPP_00144	5272	6181	5387	1097	1023	1024
AENJPLPP_00145	4362	4837	4432	642	564	558
AENJPLPP_00146	396	435	404	66	69	76
AENJPLPP_00147	381	438	407	96	133	108
AENJPLPP_00148	49	41	47	65	72	68
AENJPLPP_00149	288	363	331	257	302	256
AENJPLPP_00150	521	570	593	549	639	550
AENJPLPP_00151	1631	1550	1751	190	189	163
AENJPLPP_00152	52	69	86	141	108	108
AENJPLPP_00153	814	989	847	1009	844	719
AENJPLPP_00154	1275	1449	1419	6930	7434	6742
AENJPLPP_00155	1367	1402	1350	7065	6936	6487
AENJPLPP_00156	12067	13588	12485	38043	40125	35445
AENJPLPP_00157	1917	2140	1991	8393	6765	6084
AENJPLPP_00158	1	5	2	12	11	11
AENJPLPP_00159	9061	10645	9418	21203	19928	18095
AENJPLPP_00160	12177	13584	13315	30403	30856	29287
AENJPLPP_00161	3985	4415	4123	2626	2587	2322
AENJPLPP_00162	7044	8234	7528	4627	4285	3836
AENJPLPP_00163	2889	3423	3058	8668	8373	7978
AENJPLPP_00164	3532	3965	3494	8907	9429	8017
AENJPLPP_00165	3373	3550	3374	2830	2826	2499
AENJPLPP_00166	5174	5781	5266	4738	4927	4376
AENJPLPP_00167	2407	2971	2682	2331	2447	2316
AENJPLPP_00168	43	41	56	31	33	35
AENJPLPP_00169	60	71	66	40	44	46
AENJPLPP_00170	328	419	333	142	129	141
AENJPLPP_00171	10	9	11	8	4	3
AENJPLPP_00172	149	162	153	129	114	103
AENJPLPP_00173	204	203	246	30	21	30
AENJPLPP_00174	227	280	237	32	29	25
AENJPLPP_00175	112	112	123	34	40	26
AENJPLPP_00176	2345	2536	2427	1531	1523	1264
AENJPLPP_00177	4935	5517	5075	7775	6656	6301
AENJPLPP_00178	4813	5910	5427	3401	2713	2572
AENJPLPP_00179	12434	12994	12060	8938	7679	6974
AENJPLPP_00180	13282	15446	14424	11070	9496	8361
AENJPLPP_00181	7141	8363	8725	20913	20932	19248
AENJPLPP_00182	819	949	821	852	733	748
AENJPLPP_00183	4647	5216	4860	2896	2613	2369
AENJPLPP_00184	1614	2124	1890	1086	1024	957
AENJPLPP_00185	370	386	372	975	965	909
AENJPLPP_00186	8416	9915	9117	45715	46988	42088
AENJPLPP_00187	18753	21860	21449	25784	25612	22197
AENJPLPP_00188	2190	2496	2275	4965	4676	4247
AENJPLPP_00189	4743	5148	4892	793	694	649
AENJPLPP_00190	1413	1479	1378	51	54	42
AENJPLPP_00191	246	207	250	17	18	18
AENJPLPP_00192	213	257	247	12050	12506	10120
AENJPLPP_00193	197	281	292	17774	22216	16760
AENJPLPP_00194	306	372	337	17504	17799	16691
AENJPLPP_00195	1071	1305	1145	1874	1876	1684
AENJPLPP_00196	3520	3952	3731	6082	5923	5321
AENJPLPP_00197	3075	3408	3137	5935	4960	4602
AENJPLPP_00198	1226	1628	1417	3322	2580	2299
AENJPLPP_00199	2764	3529	3147	5765	4888	4656
AENJPLPP_00200	7252	8240	7501	9960	8296	7880
AENJPLPP_00201	12738	14481	14050	18563	16095	13780
AENJPLPP_00202	906	973	930	5673	5551	4873
AENJPLPP_00203	25	26	28	103	95	124
AENJPLPP_00204	521	617	588	1546	1373	1409
AENJPLPP_00205	518	615	625	340	286	242
AENJPLPP_00206	105	107	105	169	210	155
AENJPLPP_00207	88	87	76	89	71	62
AENJPLPP_00208	117	131	113	92	80	83
AENJPLPP_00209	512	593	555	2141	2089	1855
AENJPLPP_00210	754	960	864	2442	2171	2036
AENJPLPP_00211	1238	1400	1204	3707	3490	2959
AENJPLPP_00212	1066	1271	1181	3074	3048	2767
AENJPLPP_00213	1221	1473	1242	4209	3675	3436
AENJPLPP_00214	239	278	254	791	855	792
AENJPLPP_00215	719	848	743	2325	2674	2236
AENJPLPP_00216	176	209	212	409	410	423
AENJPLPP_00217	49	56	47	39	43	37
AENJPLPP_00218	83	92	107	43	68	59
AENJPLPP_00219	49	46	49	110	121	110
AENJPLPP_00220	36	31	41	71	71	75
AENJPLPP_00221	13	29	22	22	21	30
AENJPLPP_00222	65	67	77	45	51	43
AENJPLPP_00223	79	84	79	89	85	80
AENJPLPP_00224	27	32	28	34	25	26
AENJPLPP_00225	571	758	671	867	884	812
AENJPLPP_00226	359	405	385	596	546	531
AENJPLPP_00227	771	839	762	1316	1421	1207
AENJPLPP_00228	523	552	478	1081	1104	933
AENJPLPP_00229	579	627	654	1515	1538	1360
AENJPLPP_00230	7739	8833	7933	34822	34023	31009
AENJPLPP_00231	74	94	69	777	720	708
AENJPLPP_00232	0	0	0	1	0	0
AENJPLPP_00233	1476	1769	1376	1364	1264	1100
AENJPLPP_00234	2108	2283	2136	1111	946	841
AENJPLPP_00235	2663	2939	2834	3906	3908	3409
AENJPLPP_00236	1300	1517	1365	1926	2129	1703
AENJPLPP_00237	1072	1308	1134	1914	1719	1525
AENJPLPP_00238	5278	6203	5470	14013	14529	13398
AENJPLPP_00239	3016	3760	3228	2475	2792	2481
AENJPLPP_00240	10498	12800	11656	6909	7238	6019
AENJPLPP_00241	4849	5786	5010	5634	5721	5046
AENJPLPP_00242	2819	2923	2686	2044	1898	1733
AENJPLPP_00243	787	821	710	586	501	456
AENJPLPP_00244	11246	12134	10285	2260	2211	2138
AENJPLPP_00245	2195	2566	2263	1051	1033	986
AENJPLPP_00246	6122	7298	6576	3641	4071	3732
AENJPLPP_00247	285	390	358	250	258	270
AENJPLPP_00248	6859	7735	7336	3865	3780	3395
AENJPLPP_00249	5621	6379	5975	2709	2941	2365
AENJPLPP_00250	0	0	0	0	0	1
AENJPLPP_00251	405	415	339	454	465	433
AENJPLPP_00252	9	10	12	14	8	13
AENJPLPP_00253	275	329	289	340	337	305
AENJPLPP_00254	1103	1237	1196	926	987	861
AENJPLPP_00255	593	686	731	2452	2527	2088
AENJPLPP_00256	187	219	187	541	503	473
AENJPLPP_00257	353	461	415	1105	1173	1034
AENJPLPP_00258	2067	2189	2200	3571	3499	3249
AENJPLPP_00259	722	944	862	654	721	651
AENJPLPP_00260	1592	1552	1534	1041	956	875
AENJPLPP_00261	2211	2594	2188	1583	1553	1466
AENJPLPP_00262	4366	5040	4530	7953	7929	7033
AENJPLPP_00263	21	30	26	87	80	94
AENJPLPP_00264	3	6	1	2	2	1
AENJPLPP_00265	4	6	2	4	11	8
AENJPLPP_00266	1848	2088	1996	527	617	496
AENJPLPP_00267	282	311	272	185	227	191
AENJPLPP_00268	8523	9782	9047	460	390	381
AENJPLPP_00269	10	6	10	31	15	21
AENJPLPP_00270	33	31	32	51	27	41
AENJPLPP_00271	3	9	4	5	6	5
AENJPLPP_00272	9	7	1	11	15	9
AENJPLPP_00273	24	28	25	37	33	29
AENJPLPP_00274	0	0	0	0	0	0
AENJPLPP_00275	27	21	24	26	20	18
AENJPLPP_00276	40	45	37	45	65	52
AENJPLPP_00277	206	281	260	1446	1647	1533
AENJPLPP_00278	2439	2672	2581	723	495	391
AENJPLPP_00279	158	202	169	61	55	48
AENJPLPP_00280	153	164	164	56	59	62
AENJPLPP_00281	622	732	684	295	333	314
AENJPLPP_00282	9	10	8	9	9	10
AENJPLPP_00283	34	40	33	227	276	252
AENJPLPP_00284	54	41	52	56	56	70
AENJPLPP_00285	113	126	127	97	92	85
AENJPLPP_00286	414	407	442	320	274	261
AENJPLPP_00287	158	182	186	358	358	351
AENJPLPP_00288	17	21	17	13	6	4
AENJPLPP_00289	9	13	16	2	3	1
AENJPLPP_00290	3	5	1	0	0	0
AENJPLPP_00291	2	1	0	3	1	4
AENJPLPP_00292	1	3	0	2	2	0
AENJPLPP_00293	2	2	2	3	4	3
AENJPLPP_00294	2	3	1	2	3	4
AENJPLPP_00295	1	1	1	1	4	2
AENJPLPP_00296	1	0	0	5	0	1
AENJPLPP_00297	2	5	2	6	2	3
AENJPLPP_00298	16	15	13	21	19	15
AENJPLPP_00299	7	7	12	18	19	21
AENJPLPP_00300	274	365	306	243	273	310
AENJPLPP_00301	8282	12115	10338	15630	19248	18432
AENJPLPP_00302	10	30	22	23	19	24
AENJPLPP_00303	268	319	303	173	187	169
AENJPLPP_00304	307	366	376	302	282	276
AENJPLPP_00305	215	260	225	160	191	197
AENJPLPP_00306	286	255	257	198	154	174
AENJPLPP_00308	2245	2320	2236	70	86	85
AENJPLPP_00309	1621	1744	1704	102	100	79
AENJPLPP_00310	6790	7262	7102	52	52	44
AENJPLPP_00311	4386	4576	4470	43	41	35
AENJPLPP_00312	428	474	401	9	4	6
AENJPLPP_00313	6799	6717	6306	65	57	57
AENJPLPP_00314	19692	17884	18051	170	147	99
AENJPLPP_00315	5438	5372	5233	575	459	489
AENJPLPP_00316	28871	28215	26634	1764	1689	1471
AENJPLPP_00317	2650	2824	2772	242	278	266
AENJPLPP_00318	21	22	24	145	206	167
AENJPLPP_00319	14	31	27	61	69	64
AENJPLPP_00320	89	81	76	151	132	133
AENJPLPP_00321	33	52	27	35	25	34
AENJPLPP_00322	13051	12680	12351	1759	1598	1482
AENJPLPP_00323	5017	4684	4792	668	535	403
AENJPLPP_00324	10218	11587	10266	1276	1522	1321
AENJPLPP_00325	1201	1193	1166	161	146	168
AENJPLPP_00326	0	0	0	0	1	0
AENJPLPP_00327	98	117	96	80	55	78
AENJPLPP_00328	162	213	178	100	111	118
AENJPLPP_00329	12	28	27	65	78	65
AENJPLPP_00330	30	29	18	48	55	44
AENJPLPP_00331	542	616	580	5691	5665	4770
AENJPLPP_00332	92	103	89	376	393	322
AENJPLPP_00333	129	123	107	706	604	493
AENJPLPP_00334	1022	1097	1064	3877	4148	3518
AENJPLPP_00335	47	67	60	237	277	306
AENJPLPP_00336	723	869	811	1056	967	889
AENJPLPP_00337	212	237	233	200	207	194
AENJPLPP_00338	6063	6673	6388	5235	4491	4084
AENJPLPP_00339	77951	88817	78927	60335	59035	53143
AENJPLPP_00340	480	598	563	529	569	521
AENJPLPP_00341	133	172	156	201	223	214
AENJPLPP_00342	807	964	886	579	634	595
AENJPLPP_00343	120	110	124	330	318	291
AENJPLPP_00344	687	801	689	19324	21847	18078
AENJPLPP_00345	135	196	195	5927	6761	5778
AENJPLPP_00346	122	144	174	191	238	190
AENJPLPP_00347	72	60	70	263	330	278
AENJPLPP_00348	30	35	35	118	131	106
AENJPLPP_00349	96	99	71	401	406	362
AENJPLPP_00350	76	98	73	128	151	157
AENJPLPP_00351	66	88	90	167	170	140
AENJPLPP_00352	155	175	149	992	890	824
AENJPLPP_00353	658	773	697	1136	1201	1024
AENJPLPP_00354	255	267	237	106	137	95
AENJPLPP_00355	87	95	79	70	78	60
AENJPLPP_00356	521	727	629	191	203	199
AENJPLPP_00357	66	73	93	24	17	18
AENJPLPP_00358	903	952	1234	91	73	64
AENJPLPP_00359	95	114	124	84	74	75
AENJPLPP_00360	21	15	19	24	33	33
AENJPLPP_00361	8	14	11	39	42	36
AENJPLPP_00362	1178	1357	1328	7250	7921	7226
AENJPLPP_00363	2259	2459	2273	2976	2869	2682
AENJPLPP_00364	5385	6297	5859	6675	6629	5654
AENJPLPP_00365	4183	4492	3557	2284	2087	1987
AENJPLPP_00366	1679	2011	1497	777	751	661
AENJPLPP_00367	961	1196	995	441	351	278
AENJPLPP_00368	129	178	150	288	330	312
AENJPLPP_00369	813	896	841	999	961	891
AENJPLPP_00370	699	761	711	823	843	800
AENJPLPP_00371	43	57	47	967	983	897
AENJPLPP_00372	349	423	368	3586	3796	3575
AENJPLPP_00373	481	626	545	5791	5900	5568
AENJPLPP_00374	232	309	262	2036	1994	2151
AENJPLPP_00375	1857	2111	2033	2053	2215	2001
AENJPLPP_00376	3613	3969	3475	3205	3376	3279
AENJPLPP_00377	172	200	212	629	725	625
AENJPLPP_00378	236	283	300	968	993	814
AENJPLPP_00379	371	428	350	1129	1057	1051
AENJPLPP_00380	410	479	454	3063	3882	3358
AENJPLPP_00381	38	43	45	443	384	411
AENJPLPP_00382	1001	1200	1051	7057	6905	6878
AENJPLPP_00383	564	650	535	4381	4573	4035
AENJPLPP_00384	939	1046	1002	1749	1989	1494
AENJPLPP_00385	4782	5333	4831	5060	5363	4890
AENJPLPP_00386	4447	4978	4615	2281	2314	2029
AENJPLPP_00387	2973	3703	3228	882	812	741
AENJPLPP_00388	3932	4593	4404	1428	1361	1204
AENJPLPP_00389	3031	4088	3543	1900	2237	1846
AENJPLPP_00390	4086	4618	4305	1594	1469	1396
AENJPLPP_00391	1228	1500	1347	368	378	321
AENJPLPP_00392	21357	21993	20892	524	532	438
AENJPLPP_00393	557	597	543	346	356	322
AENJPLPP_00394	345	467	452	288	300	294
AENJPLPP_00395	21	22	21	241	271	195
AENJPLPP_00396	1	0	1	21	22	24
AENJPLPP_00397	5	4	2	41	44	28
AENJPLPP_00398	291	319	294	243	260	226
AENJPLPP_00399	12	15	16	71	63	76
AENJPLPP_00400	2	4	1	10	6	15
AENJPLPP_00401	3	8	6	11	13	9
AENJPLPP_00402	70	67	73	169	151	140
AENJPLPP_00403	26	27	16	43	37	42
AENJPLPP_00404	24	15	14	22	22	34
AENJPLPP_00405	55	71	58	101	134	122
AENJPLPP_00406	159	222	186	313	299	258
AENJPLPP_00407	93	113	108	502	594	593
AENJPLPP_00408	792	1037	808	3512	3466	3156
AENJPLPP_00409	1345	1487	1437	4426	4116	4038
AENJPLPP_00410	4040	4015	4684	187	188	149
AENJPLPP_00411	93	116	155	21	24	12
AENJPLPP_00412	130	104	140	57	61	53
AENJPLPP_00413	78	80	69	164	154	135
AENJPLPP_00414	9	16	18	35	37	36
AENJPLPP_00415	2	4	3	5	5	8
AENJPLPP_00416	0	0	0	1	0	0
AENJPLPP_00417	5828	7518	6565	4614	4594	4268
AENJPLPP_00418	101	142	132	46	52	48
AENJPLPP_00419	494	629	548	301	310	310
AENJPLPP_00420	189	252	185	1005	741	694
AENJPLPP_00421	1639	1842	1676	7069	6201	5830
AENJPLPP_00422	2581	2565	2585	2119	1831	1637
AENJPLPP_00423	2713	3564	3130	4897	4786	3977
AENJPLPP_00424	421	567	541	908	863	743
AENJPLPP_00425	3871	4416	4327	865	1025	900
AENJPLPP_00426	2441	2823	2780	545	511	472
AENJPLPP_00427	7404	8776	8316	1120	1148	1083
AENJPLPP_00428	567	725	616	577	640	566
AENJPLPP_00429	4	3	4	1	2	2
AENJPLPP_00430	9005	10102	9763	7240	6887	6167
AENJPLPP_00431	3947	3956	3682	4195	4153	3798
AENJPLPP_00432	2280	2293	2227	2441	2432	2139
AENJPLPP_00433	1384	1624	1443	1440	1617	1265
AENJPLPP_00434	1868	2111	2596	1103	1025	900
AENJPLPP_00435	1374	1674	2029	1032	1000	919
AENJPLPP_00436	1019	1207	1374	596	544	508
AENJPLPP_00437	547	493	710	312	251	210
AENJPLPP_00438	1028	1039	1288	350	410	376
AENJPLPP_00439	7525	8367	10878	3446	3381	3105
AENJPLPP_00440	2391	2868	3895	1035	1071	944
AENJPLPP_00441	1711	1897	2618	750	796	706
AENJPLPP_00442	1277	1483	2054	628	656	615
AENJPLPP_00443	1347	1624	2193	865	843	778
AENJPLPP_00444	1213	1373	1870	523	568	474
AENJPLPP_00445	4530	4953	4603	4048	4616	3992
AENJPLPP_00446	1634	1875	1755	1356	1284	1111
AENJPLPP_00447	844	944	831	561	700	671
AENJPLPP_00448	1904	2046	2100	1750	1548	1286
AENJPLPP_00449	20286	25005	21261	2183	1937	1842
AENJPLPP_00450	3374	3799	3351	1739	1761	1657
AENJPLPP_00451	1364	1631	1504	1763	1698	1427
AENJPLPP_00452	395	402	388	547	493	423
AENJPLPP_00453	1497	1798	1660	1835	1852	1625
AENJPLPP_00454	1696	2092	1952	1647	1744	1523
AENJPLPP_00455	4598	5535	5029	25071	25362	23207
AENJPLPP_00456	264	272	265	199	199	199
AENJPLPP_00457	5865	6745	6181	13052	12723	11462
AENJPLPP_00458	1864	2253	2085	2220	2369	2134
AENJPLPP_00459	59	90	83	34	46	42
AENJPLPP_00460	50	44	44	107	124	71
AENJPLPP_00461	31	30	31	34	35	35
AENJPLPP_00462	45	58	48	59	80	70
AENJPLPP_00463	25	24	19	18	26	13
AENJPLPP_00464	793	874	807	1154	1055	951
AENJPLPP_00465	7406	8290	7449	7786	7899	7113
AENJPLPP_00466	4949	5660	5147	8757	8609	7791
AENJPLPP_00467	4178	5139	4806	5756	7229	6639
AENJPLPP_00468	392	456	478	888	925	750
AENJPLPP_00469	252	350	314	1010	983	993
AENJPLPP_00470	4985	6034	5414	12793	12055	10546
AENJPLPP_00471	0	0	0	0	0	0
AENJPLPP_00472	21	26	22	103	126	107
AENJPLPP_00473	2162	2374	2245	2041	1776	1561
AENJPLPP_00474	1033	1217	1043	1601	1724	1508
AENJPLPP_00475	350	434	358	306	312	284
AENJPLPP_00476	179	206	152	121	146	124
AENJPLPP_00477	4389	4647	4375	971	932	742
AENJPLPP_00478	8249	8757	8737	5980	5984	5107
AENJPLPP_00479	1046	1189	1005	1528	1516	1637
AENJPLPP_00480	12453	13980	12949	4628	4667	3777
AENJPLPP_00481	242	274	309	1038	927	899
AENJPLPP_00482	205	287	261	215	257	265
AENJPLPP_00483	67583	75646	72858	32789	29042	26389
AENJPLPP_00484	1155	1558	1211	1299	1647	1733
AENJPLPP_00485	1965	2384	2054	2717	2521	2435
AENJPLPP_00486	3159	3721	3681	363	327	359
AENJPLPP_00487	1187	1432	1315	8065	7107	6757
AENJPLPP_00488	3995	4474	4249	19332	18318	16033
AENJPLPP_00489	1874	1815	1675	1184	1060	995
AENJPLPP_00490	1463	1744	1609	1662	1567	1359
AENJPLPP_00491	1021	1149	1133	2261	2165	1953
AENJPLPP_00492	8591	9649	8910	4833	4228	3859
AENJPLPP_00493	4450	5103	4850	15499	12317	11108
AENJPLPP_00494	26363	29441	27771	4407	4638	4089
AENJPLPP_00495	576	665	559	3169	2999	2716
AENJPLPP_00496	27	19	29	22	22	22
AENJPLPP_00497	719	851	742	978	1034	865
AENJPLPP_00498	678	807	748	4097	3519	2946
AENJPLPP_00499	726	889	737	9131	8560	7890
AENJPLPP_00500	853	1147	935	13268	15294	13233
AENJPLPP_00501	3680	3986	3847	5609	5899	5310
AENJPLPP_00502	325	390	405	1077	1105	1106
AENJPLPP_00503	993	1076	979	2018	1989	1850
AENJPLPP_00504	219	271	197	370	367	355
AENJPLPP_00505	2109	2369	2115	4479	4383	3931
AENJPLPP_00506	394	477	389	1332	1512	1322
AENJPLPP_00507	898	1072	1053	1455	1354	1300
AENJPLPP_00508	491	603	540	989	863	849
AENJPLPP_00509	4504	4682	4564	7115	6169	5362
AENJPLPP_00510	3426	4010	3878	4270	4584	4106
AENJPLPP_00511	1109	1341	1264	4989	4560	4332
AENJPLPP_00512	3497	4002	3550	15783	15242	13554
AENJPLPP_00513	752	871	741	6548	6695	5949
AENJPLPP_00514	4937	5922	5137	3613	3540	3418
AENJPLPP_00515	10745	11803	11292	9282	9422	8524
AENJPLPP_00516	6544	7477	7051	5343	5468	4691
AENJPLPP_00517	2372	2890	2605	2213	2526	2296
AENJPLPP_00518	1	0	1	1	2	2
AENJPLPP_00519	969	1251	1111	2178	2147	2300
AENJPLPP_00520	1868	2372	2073	4524	5054	4376
AENJPLPP_00521	87	115	111	478	653	575
AENJPLPP_00522	863	967	928	459	485	467
AENJPLPP_00523	514	586	600	366	417	351
AENJPLPP_00524	315	327	351	536	516	479
AENJPLPP_00525	4578	5007	4692	1002	846	791
AENJPLPP_00527	580	629	668	953	744	615
AENJPLPP_00528	24242	30906	25177	175	133	119
AENJPLPP_00529	1201	1334	1220	702	562	429
AENJPLPP_00530	2266	2588	2412	1313	1255	1129
AENJPLPP_00531	51	62	57	34	51	52
AENJPLPP_00532	1745	2017	1806	210	185	176
AENJPLPP_00533	679	736	721	72	70	57
AENJPLPP_00534	1600	1499	1529	246	279	217
AENJPLPP_00535	3621	5003	4452	1581	1837	1605
AENJPLPP_00537	234	287	250	191	176	166
AENJPLPP_00538	6407	8301	7426	2838	2767	2491
AENJPLPP_00539	587	698	570	1409	1273	1139
AENJPLPP_00540	1357	1638	1428	1735	1820	1637
AENJPLPP_00541	2772	3159	3063	2469	2417	2228
AENJPLPP_00542	1283	1713	1422	1536	1878	1708
AENJPLPP_00543	1117	1351	1223	846	763	743
AENJPLPP_00544	383	548	453	1475	1650	1711
AENJPLPP_00545	931	1049	962	5124	5631	4933
AENJPLPP_00546	271	331	336	704	764	714
AENJPLPP_00547	289	305	311	966	872	815
AENJPLPP_00548	1419	2059	1935	10545	11432	10557
AENJPLPP_00549	1657	1853	1653	1389	1345	1260
AENJPLPP_00550	903	1090	920	373	406	362
AENJPLPP_00551	368	491	441	668	598	569
AENJPLPP_00552	149	183	166	334	320	292
AENJPLPP_00553	93	104	86	186	157	174
AENJPLPP_00554	34	34	42	81	67	73
AENJPLPP_00555	2053	2363	2267	3252	3158	2819
AENJPLPP_00556	621	758	653	814	820	774
AENJPLPP_00557	758	881	815	1370	1446	1247
AENJPLPP_00558	2582	3008	2826	2500	2565	2163
AENJPLPP_00559	1868	2226	2006	2068	1867	1717
AENJPLPP_00560	3766	4147	3790	4558	4620	4215
AENJPLPP_00561	16456	19322	16941	26255	22669	21020
AENJPLPP_00562	4172	4700	4236	7035	6900	6081
AENJPLPP_00563	883	1118	1012	1349	1374	1149
AENJPLPP_00564	1741	1927	1899	3565	3473	3204
AENJPLPP_00565	7406	8579	7685	26208	26798	24669
AENJPLPP_00566	701	811	767	1593	1410	1218
AENJPLPP_00567	338	404	322	502	473	499
AENJPLPP_00568	4402	4996	4096	11759	10931	9591
AENJPLPP_00569	5031	5490	4882	13939	13465	12181
AENJPLPP_00570	1531	1701	1561	5625	5778	4837
AENJPLPP_00571	1975	2305	2098	8817	9561	8153
AENJPLPP_00572	499	589	542	555	455	448
AENJPLPP_00573	2331	3058	2512	3226	2684	2640
AENJPLPP_00574	11	27	22	20	13	13
AENJPLPP_00575	9	9	8	12	10	8
AENJPLPP_00576	3	3	1	11	3	11
AENJPLPP_00577	21	20	29	37	38	36
AENJPLPP_00578	39	36	44	40	50	43
AENJPLPP_00579	34	35	28	86	78	74
AENJPLPP_00580	51526	61462	69327	1326	1282	1060
AENJPLPP_00581	63975	73372	81699	376	213	217
AENJPLPP_00582	56040	61935	68670	322	191	162
AENJPLPP_00583	13646	14209	15793	83	48	56
AENJPLPP_00584	38604	45437	48194	206	127	119
AENJPLPP_00585	42215	48166	51386	181	109	81
AENJPLPP_00586	95687	108704	110320	404	192	158
AENJPLPP_00587	27305	30442	30723	103	35	40
AENJPLPP_00588	6488	7085	6952	18	12	6
AENJPLPP_00589	32470	37874	35968	126	64	50
AENJPLPP_00590	1729	2178	2012	263	305	279
AENJPLPP_00591	45527	56109	48481	4305	4618	3872
AENJPLPP_00592	15927	18139	16442	1743	1736	1682
AENJPLPP_00593	5250	6775	5338	140	126	128
AENJPLPP_00594	11108	14227	12064	6113	6814	6102
AENJPLPP_00595	7278	8368	7641	3240	3106	3014
AENJPLPP_00596	65	68	60	69	70	45
AENJPLPP_00597	13	18	20	6	20	18
AENJPLPP_00598	26	18	23	25	25	21
AENJPLPP_00599	13	20	24	14	19	21
AENJPLPP_00600	21	18	20	24	32	30
AENJPLPP_00601	3682	3854	3643	2161	2087	1916
AENJPLPP_00602	3224	3462	3182	2344	2097	1951
AENJPLPP_00603	5726	6301	5860	4356	3967	3629
AENJPLPP_00604	1643	1548	1465	1178	961	1000
AENJPLPP_00605	1436	1623	1461	1539	1532	1430
AENJPLPP_00606	754	877	754	367	396	374
AENJPLPP_00607	221	238	223	263	247	269
AENJPLPP_00608	4447	4694	4590	2219	2235	1963
AENJPLPP_00609	1323	1432	1289	583	455	461
AENJPLPP_00610	809	981	902	69	57	68
AENJPLPP_00611	463	481	476	49	46	34
AENJPLPP_00612	345	339	347	56	47	50
AENJPLPP_00613	102	148	124	55	71	59
AENJPLPP_00614	10	17	20	16	16	25
AENJPLPP_00615	4789	5426	5127	8229	8627	7493
AENJPLPP_00616	2592	2817	2550	3534	3372	3222
AENJPLPP_00617	3228	3618	3565	4712	4583	4281
AENJPLPP_00618	81	103	81	84	78	95
AENJPLPP_00620	175	249	192	493	514	444
AENJPLPP_00621	212	275	241	374	380	405
AENJPLPP_00622	13	28	19	19	28	12
AENJPLPP_00623	198	287	270	382	437	414
AENJPLPP_00624	134	168	154	73	74	67
AENJPLPP_00625	1285	1677	1425	425	438	370
AENJPLPP_00626	823	913	863	796	779	705
AENJPLPP_00627	3692	4649	4428	2597	2870	2516
AENJPLPP_00628	1139	1174	1090	384	349	349
AENJPLPP_00629	657	759	676	258	277	218
AENJPLPP_00630	1113	1206	1183	526	532	461
AENJPLPP_00631	844	991	938	345	300	321
AENJPLPP_00632	2613	3028	2561	1923	1946	1696
AENJPLPP_00633	214	182	138	152	108	86
AENJPLPP_00634	1382	1589	1393	1109	1067	959
AENJPLPP_00635	1785	2208	1788	1971	1972	1728
AENJPLPP_00636	22	24	31	73	103	107
AENJPLPP_00637	280	368	339	2322	2624	2318
AENJPLPP_00638	7104	8250	7065	3008	2918	3072
AENJPLPP_00639	1186	1341	1227	731	712	672
AENJPLPP_00640	1081	1112	1146	87	87	65
AENJPLPP_00641	656	655	613	42	49	52
AENJPLPP_00642	904	906	903	549	537	539
AENJPLPP_00643	504	690	620	74	82	89
AENJPLPP_00644	469	544	441	1504	1497	1444
AENJPLPP_00645	3173	3640	3284	8202	8364	7612
AENJPLPP_00646	694	707	765	1808	1931	1690
AENJPLPP_00647	2648	3057	3066	5879	6909	6473
AENJPLPP_00648	11335	12369	11180	19936	18945	17226
AENJPLPP_00649	5163	6023	5397	14492	13276	11383
AENJPLPP_00650	1376	1376	1211	1358	1230	1143
AENJPLPP_00651	1228	1510	1383	2775	2819	2581
AENJPLPP_00652	1709	2069	1720	3313	3664	3522
AENJPLPP_00653	2027	2577	2465	5658	6469	5050
AENJPLPP_00654	4058	4455	3740	10631	10009	8934
AENJPLPP_00655	700	820	751	4313	3960	3139
AENJPLPP_00656	514	579	534	2614	2632	2548
AENJPLPP_00657	2043	2426	2317	7338	7596	6889
AENJPLPP_00658	2036	2331	2121	12934	12917	11087
AENJPLPP_00659	112	121	109	475	557	502
AENJPLPP_00660	842	1061	850	1779	1885	1621
AENJPLPP_00661	897	1036	900	2279	2309	2029
AENJPLPP_00662	2974	3365	3078	107	102	101
AENJPLPP_00663	6809	8453	8154	281	312	276
AENJPLPP_00664	3250	3526	3585	3406	3137	3001
AENJPLPP_00665	356	491	448	436	471	436
AENJPLPP_00666	1900	2168	2064	1882	1933	1783
AENJPLPP_00667	1534	1918	1656	1644	1769	1618
AENJPLPP_00668	3119	3553	3225	3759	3426	3080
AENJPLPP_00669	5043	5615	5223	10430	10301	9399
AENJPLPP_00670	2282	2960	2673	714	647	582
AENJPLPP_00671	865	1021	951	1239	1065	1168
AENJPLPP_00672	1357	1619	1448	1923	2160	1920
AENJPLPP_00673	2593	3301	2946	4974	5161	4657
AENJPLPP_00674	1121	1323	1157	6107	5413	5136
AENJPLPP_00675	237	292	253	1539	1605	1487
AENJPLPP_00676	2131	2350	2286	2056	2065	1717
AENJPLPP_00677	3055	3422	3030	3392	3358	3088
AENJPLPP_00678	667	656	609	1055	1054	956
AENJPLPP_00679	217	246	217	385	355	317
AENJPLPP_00680	2740	3189	2858	2824	2503	2147
AENJPLPP_00681	5518	5981	5607	5979	5614	4850
AENJPLPP_00682	1178	1276	1277	837	697	647
AENJPLPP_00683	21687	28581	26080	24112	27907	27705
AENJPLPP_00684	3476	3954	3651	13504	12196	11574
AENJPLPP_00685	26153	27834	25098	23080	21865	20681
AENJPLPP_00686	652	795	785	4379	4011	3557
AENJPLPP_00687	2289	2572	2592	8393	8105	7150
AENJPLPP_00688	665	647	679	383	411	354
AENJPLPP_00689	68	77	75	71	48	54
AENJPLPP_00690	827	1088	931	734	728	761
AENJPLPP_00691	231	276	260	470	443	418
AENJPLPP_00692	11627	13178	12384	9499	9074	8369
AENJPLPP_00693	8450	10319	9713	12236	13452	11869
AENJPLPP_00694	1098	1448	1150	1116	843	827
AENJPLPP_00695	2751	3049	2858	4413	4160	3719
AENJPLPP_00696	1539	1772	1609	2751	2346	1889
AENJPLPP_00697	1990	2224	2096	3229	2889	2520
AENJPLPP_00698	671	663	602	1026	909	853
AENJPLPP_00699	2579	2903	2675	4306	3806	3535
AENJPLPP_00700	0	1	0	9	5	5
AENJPLPP_00701	892	1112	897	2295	1870	1839
AENJPLPP_00702	1459	1695	1555	2553	2936	2495
AENJPLPP_00703	2689	3087	2894	8576	8312	8132
AENJPLPP_00704	2	0	3	3	0	2
AENJPLPP_00705	12185	13836	12791	16083	13245	12520
AENJPLPP_00706	5193	5899	5473	9657	8003	7360
AENJPLPP_00707	1982	2327	2196	9131	8478	7805
AENJPLPP_00708	966	1119	1024	934	729	782
AENJPLPP_00709	320	298	297	167	176	159
AENJPLPP_00710	171	190	187	522	566	465
AENJPLPP_00711	1542	1728	1633	2802	2985	2750
AENJPLPP_00712	33939	39405	33263	6107	5355	4696
AENJPLPP_00713	2189	2552	2352	1348	1532	1305
AENJPLPP_00714	813	875	820	3566	3235	2807
AENJPLPP_00715	10251	11911	10519	2539	2490	2060
AENJPLPP_00716	755	808	662	153	137	141
AENJPLPP_00717	1944	2517	2038	8966	9188	9176
AENJPLPP_00718	3976	4645	4104	9048	8126	7212
AENJPLPP_00719	1668	1948	1799	5655	5617	5015
AENJPLPP_00720	1793	2154	1945	5401	5475	4844
AENJPLPP_00721	178	212	205	490	517	465
AENJPLPP_00722	10821	12578	11408	17074	16541	15641
AENJPLPP_00723	2020	2443	2240	5018	5575	4674
AENJPLPP_00724	868	934	887	2078	1946	1758
AENJPLPP_00725	13	6	8	25	27	37
AENJPLPP_00726	27	25	31	101	119	99
AENJPLPP_00727	345	367	336	797	722	781
AENJPLPP_00728	36	76	53	233	249	214
AENJPLPP_00729	2444	2520	2778	1251	1238	957
AENJPLPP_00730	217	270	224	513	463	423
AENJPLPP_00731	39	36	35	48	43	38
AENJPLPP_00732	543	564	564	847	874	723
AENJPLPP_00733	57	70	87	132	169	171
AENJPLPP_00734	25	28	28	55	59	48
AENJPLPP_00735	31	19	16	21	22	23
AENJPLPP_00736	6	2	1	6	6	4
AENJPLPP_00737	21	22	26	27	27	25
AENJPLPP_00738	10	12	3	1	1	3
AENJPLPP_00739	6	3	3	1	3	3
AENJPLPP_00740	26	50	35	95	109	132
AENJPLPP_00741	122	156	160	247	274	237
AENJPLPP_00742	39	49	28	95	88	81
AENJPLPP_00743	367	473	373	404	446	377
AENJPLPP_00744	776	728	762	181	195	179
AENJPLPP_00745	88	74	72	176	174	163
AENJPLPP_00746	248	321	301	354	404	366
AENJPLPP_00747	819	885	980	125	134	103
AENJPLPP_00748	3142	3090	3266	500	476	373
AENJPLPP_00749	125	121	119	150	128	108
AENJPLPP_00750	135	157	133	151	163	139
AENJPLPP_00751	116	103	97	141	138	114
AENJPLPP_00752	34	47	28	53	47	43
AENJPLPP_00753	54	63	76	76	58	49
AENJPLPP_00754	17	10	10	12	13	13
AENJPLPP_00755	29	34	31	41	45	34
AENJPLPP_00756	1	5	0	3	1	0
AENJPLPP_00757	22	20	13	11	25	10
AENJPLPP_00758	349	382	345	227	208	208
AENJPLPP_00759	0	6	3	1	1	2
AENJPLPP_00760	153	162	158	45	58	39
AENJPLPP_00761	183	198	189	89	85	66
AENJPLPP_00762	96	114	126	185	189	177
AENJPLPP_00763	37	38	34	21	18	27
AENJPLPP_00764	21	24	12	9	7	17
AENJPLPP_00765	29	14	21	17	11	17
AENJPLPP_00766	6	9	5	5	8	6
AENJPLPP_00767	15	17	12	17	22	11
AENJPLPP_00768	4	4	2	3	3	3
AENJPLPP_00769	5	7	11	15	3	5
AENJPLPP_00770	91	80	65	93	81	65
AENJPLPP_00771	632	764	674	1719	1613	1503
AENJPLPP_00772	518	604	531	283	257	257
AENJPLPP_00773	4	6	9	5	3	2
AENJPLPP_00774	31	46	52	46	49	27
AENJPLPP_00775	28	38	32	9	9	9
AENJPLPP_00776	61	58	68	26	27	18
AENJPLPP_00777	25	27	29	13	9	6
AENJPLPP_00778	3	1	0	1	0	1
AENJPLPP_00779	59	52	60	54	55	44
AENJPLPP_00796	8380	9685	9195	10602	9655	8757
AENJPLPP_00797	3874	4444	4188	5049	4271	4089
AENJPLPP_00798	11390	12663	11463	23784	22318	20245
AENJPLPP_00799	992	1038	1082	2335	2188	2252
AENJPLPP_00800	4755	5753	5138	23573	22633	22881
AENJPLPP_00801	392	427	399	220	264	231
AENJPLPP_00802	22408	27777	23590	79970	68616	67049
AENJPLPP_00803	20029	22699	20291	68617	62306	59251
AENJPLPP_00804	7362	7993	7227	4530	4573	4264
AENJPLPP_00805	915	1151	1113	661	716	654
AENJPLPP_00806	2730	3144	3050	3204	3115	2753
AENJPLPP_00807	0	0	0	0	0	2
AENJPLPP_00808	23292	28282	25070	1684	1459	1274
AENJPLPP_00809	2667	3153	2862	3046	2765	2700
AENJPLPP_00810	0	0	0	3	0	1
AENJPLPP_00811	7821	9236	8353	8076	7889	7268
AENJPLPP_00812	1042	1153	1089	959	885	882
AENJPLPP_00813	4131	4787	4097	18122	18184	16390
AENJPLPP_00814	947	1117	921	1425	1441	1427
AENJPLPP_00815	545	591	586	1538	1473	1293
AENJPLPP_00816	3573	4130	3731	5105	5353	4831
AENJPLPP_00817	943	1223	1034	486	565	496
AENJPLPP_00818	0	0	0	0	0	0
AENJPLPP_00819	2595	2837	2733	16546	16323	14720
AENJPLPP_00820	862	927	869	9049	8839	7876
AENJPLPP_00821	2089	2383	2195	14831	14539	13433
AENJPLPP_00822	1106	1339	1193	8125	8563	7801
AENJPLPP_00823	1881	2203	1945	12359	12877	11207
AENJPLPP_00824	1616	1883	1740	14387	12152	10773
AENJPLPP_00825	315	343	305	2473	2558	2445
AENJPLPP_00826	2021	2257	2107	19785	19686	17310
AENJPLPP_00827	836	1027	862	13389	14306	12469
AENJPLPP_00828	882	1048	786	32254	30506	27681
AENJPLPP_00829	834	1018	774	30335	29617	26753
AENJPLPP_00830	1277	1546	1272	58376	60999	53148
AENJPLPP_00831	381	406	301	19293	16333	15092
AENJPLPP_00832	514	540	445	24498	21009	18568
AENJPLPP_00833	889	1087	859	45618	39916	37044
AENJPLPP_00834	705	847	671	39002	40225	34494
AENJPLPP_00835	541	702	618	38995	35831	30804
AENJPLPP_00836	421	486	355	23682	25690	25125
AENJPLPP_00837	1344	1719	1451	42358	37076	34514
AENJPLPP_00838	728	979	771	21748	21115	19343
AENJPLPP_00839	472	554	512	458	461	446
AENJPLPP_00840	6019	7231	6609	6206	5886	6007
AENJPLPP_00841	4360	5349	4960	3233	3588	3001
AENJPLPP_00842	3336	3619	3347	3161	3022	2815
AENJPLPP_00843	3247	3577	3360	3036	3207	2882
AENJPLPP_00844	53384	62321	57705	103354	104925	96398
AENJPLPP_00845	8927	11037	9942	22156	24518	25027
AENJPLPP_00846	11878	13001	11894	12643	12652	11256
AENJPLPP_00847	40564	40153	39845	2408	2413	1921
AENJPLPP_00848	43	50	50	52	49	64
AENJPLPP_00849	1973	2182	2051	8618	8900	7761
AENJPLPP_00850	4765	5503	5047	10987	10162	9639
AENJPLPP_00851	3281	3788	3596	3212	3374	3200
AENJPLPP_00852	289	407	358	766	682	697
AENJPLPP_00853	7511	8676	7767	10791	10823	9780
AENJPLPP_00854	1548	1761	1724	2117	2083	1838
AENJPLPP_00855	554	603	526	620	647	580
AENJPLPP_00856	1451	1762	1619	3610	3877	3485
AENJPLPP_00857	497	591	547	497	755	574
AENJPLPP_00858	3292	3604	3756	793	880	801
AENJPLPP_00859	7809	8725	7955	8019	7856	7159
AENJPLPP_00860	16976	17176	16449	9675	10382	8474
AENJPLPP_00861	16085	19571	17213	10103	10762	9429
AENJPLPP_00862	336	382	370	1051	979	910
AENJPLPP_00863	488	559	549	311	298	247
AENJPLPP_00864	288	381	354	710	803	733
AENJPLPP_00865	890	861	880	641	606	532
AENJPLPP_00866	0	4	1	0	1	0
AENJPLPP_00867	0	0	0	0	0	0
AENJPLPP_00868	20	26	23	22	31	26
AENJPLPP_00869	2438	2940	2747	1931	1893	1638
AENJPLPP_00870	5806	6145	6004	5511	5359	4764
AENJPLPP_00871	1094	1236	1128	3293	3095	2599
AENJPLPP_00872	1512	1627	1584	4795	4736	4248
AENJPLPP_00873	1191	1553	1474	5318	5369	4571
AENJPLPP_00874	3495	3971	3659	20303	20823	19564
AENJPLPP_00875	3119	3572	3301	10795	11281	10102
AENJPLPP_00876	153	161	137	897	955	964
AENJPLPP_00877	0	0	0	1	2	1
AENJPLPP_00878	6274	7575	6684	11609	12877	11270
AENJPLPP_00879	2667	3377	2889	7775	8216	6900
AENJPLPP_00880	2533	2797	2587	7376	6737	5711
AENJPLPP_00881	1418	1725	1502	4748	5028	4598
AENJPLPP_00882	303	410	314	1180	1164	1007
AENJPLPP_00883	280	305	280	814	851	877
AENJPLPP_00884	1095	1275	1189	4000	3759	3254
AENJPLPP_00885	1407	1738	1485	4766	4972	4488
AENJPLPP_00886	1204	1384	1298	4311	4726	3855
AENJPLPP_00887	488	607	523	1604	1588	1391
AENJPLPP_00888	300	398	326	1081	997	1019
AENJPLPP_00889	1055	1395	1203	2649	2543	2344
AENJPLPP_00890	200	237	192	458	509	462
AENJPLPP_00891	1839	2038	1856	7181	7481	6732
AENJPLPP_00892	1	1	0	1	1	0
AENJPLPP_00893	4195	4752	4368	21023	20883	19208
AENJPLPP_00894	1477	1701	1563	7447	7416	7311
AENJPLPP_00895	999	1185	1138	5540	5600	5164
AENJPLPP_00896	240	346	282	2317	2564	2470
AENJPLPP_00897	2107	2343	2110	7424	7148	6388
AENJPLPP_00898	5681	6931	6174	13755	14199	12706
AENJPLPP_00899	3002	3539	3198	7632	7908	7059
AENJPLPP_00900	9939	11644	10522	21599	19962	18008
AENJPLPP_00901	1782	2037	1944	4353	4086	3913
AENJPLPP_00902	2434	3157	2792	8109	8575	7311
AENJPLPP_00903	1664	1935	1782	4214	3981	3710
AENJPLPP_00904	1175	1282	1082	2347	2281	2031
AENJPLPP_00905	1692	1745	1646	3632	2974	2722
AENJPLPP_00906	1374	1544	1510	3586	2647	2465
AENJPLPP_00907	1664	1910	1677	3876	3753	3163
AENJPLPP_00908	4965	5106	4914	8926	8793	7894
AENJPLPP_00909	1869	2401	2197	5748	5338	4846
AENJPLPP_00910	949	1031	958	354	336	306
AENJPLPP_00911	7703	8756	8363	4266	4521	4102
AENJPLPP_00912	19	22	18	31	40	46
AENJPLPP_00913	0	0	0	0	0	0
AENJPLPP_00914	1	0	0	1	2	0
AENJPLPP_00915	2	0	0	1	0	3
AENJPLPP_00916	0	0	0	0	0	0
AENJPLPP_00917	0	0	0	0	0	0
AENJPLPP_00918	0	0	0	0	0	0
AENJPLPP_00920	21	33	35	6	7	4
AENJPLPP_00921	0	0	0	0	0	0
AENJPLPP_00922	0	0	0	0	0	0
AENJPLPP_00923	0	0	0	0	0	0
AENJPLPP_00924	78	82	67	19	17	13
AENJPLPP_00925	0	0	0	0	0	0
AENJPLPP_00926	0	0	0	0	0	0
AENJPLPP_00927	0	0	0	0	0	0
AENJPLPP_00928	371	506	438	24	21	17
AENJPLPP_00929	317	403	342	27	31	40
AENJPLPP_00930	1522	1860	1773	93	81	79
AENJPLPP_00931	19	34	26	2	0	1
AENJPLPP_00932	263	290	237	2	5	6
AENJPLPP_00933	320	389	386	8	5	6
AENJPLPP_00934	212	270	216	4	5	6
AENJPLPP_00935	318	360	351	9	3	6
AENJPLPP_00936	216	248	199	4	4	3
AENJPLPP_00937	223	311	289	7	5	5
AENJPLPP_00938	89	109	74	3	5	2
AENJPLPP_00939	831	983	882	18	15	17
AENJPLPP_00940	244	258	231	6	2	1
AENJPLPP_00941	635	736	633	72	50	55
AENJPLPP_00942	204	228	231	14	22	15
AENJPLPP_00943	795	903	905	41	42	27
AENJPLPP_00944	35	48	46	1	4	3
AENJPLPP_00945	77	81	84	5	2	2
AENJPLPP_00946	940	959	975	66	46	47
AENJPLPP_00947	399	449	470	27	24	21
AENJPLPP_00948	210	235	231	15	19	13
AENJPLPP_00949	114	109	92	4	7	1
AENJPLPP_00950	292	385	342	403	414	451
AENJPLPP_00951	576	733	680	85	70	66
AENJPLPP_00952	27	32	39	11	20	22
AENJPLPP_00953	0	0	0	0	0	0
AENJPLPP_00954	0	0	0	0	0	0
AENJPLPP_00955	0	0	0	0	0	0
AENJPLPP_00956	0	0	0	0	0	0
AENJPLPP_00957	211	256	205	32	26	23
AENJPLPP_00958	129	139	114	13	17	8
AENJPLPP_00959	262	314	256	23	28	31
AENJPLPP_00960	80	122	87	11	11	7
AENJPLPP_00961	336	417	401	29	30	28
AENJPLPP_00962	50	28	31	8	4	3
AENJPLPP_00963	280	267	244	21	26	20
AENJPLPP_00964	99	120	117	15	10	13
AENJPLPP_00965	62	90	78	4	2	3
AENJPLPP_00966	4887	5396	4897	252	258	207
AENJPLPP_00967	2191	2724	2527	124	129	114
AENJPLPP_00968	1350	1785	1591	85	71	92
AENJPLPP_00969	0	0	1	0	0	0
AENJPLPP_00970	513	689	612	26	24	22
AENJPLPP_00971	35	35	40	0	2	2
AENJPLPP_00972	112	140	155	5	12	8
AENJPLPP_00973	1278	1314	1233	57	38	22
AENJPLPP_00974	1797	2034	1654	70	59	79
AENJPLPP_00975	453	537	519	19	22	13
AENJPLPP_00976	960	1112	840	38	35	35
AENJPLPP_00977	5592	6219	6035	195	193	169
AENJPLPP_00978	4259	4642	4519	1037	999	963
AENJPLPP_00979	2287	2557	2526	53	72	66
AENJPLPP_00980	2942	3381	3293	292	227	218
AENJPLPP_00981	1217	1795	1356	29	38	25
AENJPLPP_00982	621	771	717	898	895	882
AENJPLPP_00983	337	398	329	444	473	384
AENJPLPP_00984	406	497	417	193	196	169
AENJPLPP_00985	659	753	696	1059	1215	1115
AENJPLPP_00986	25892	30162	27518	25127	26929	23984
AENJPLPP_00987	818	874	789	2999	3308	3019
AENJPLPP_00988	3163	3106	2979	1628	1714	1664
AENJPLPP_00989	418	473	453	190	168	162
AENJPLPP_00990	956	1093	960	426	502	481
AENJPLPP_00991	1841	2213	2069	6184	6247	5318
AENJPLPP_00992	1705	1932	1833	4236	3977	3475
AENJPLPP_00993	2570	2966	2742	5173	5541	4923
AENJPLPP_00994	3440	3923	3401	5755	5613	5042
AENJPLPP_00995	2737	3211	2861	3564	3913	3635
AENJPLPP_00996	2645	2850	2649	13002	11033	9738
AENJPLPP_00997	526	595	588	4455	4138	3741
AENJPLPP_00999	118	119	117	183	169	127
AENJPLPP_01000	0	0	0	0	0	0
AENJPLPP_01001	24	31	34	28	30	26
AENJPLPP_01002	29	47	33	28	40	27
AENJPLPP_01003	37	50	53	23	28	30
AENJPLPP_01004	10249	11724	11388	13760	12823	11174
AENJPLPP_01005	3144	3589	3372	5804	4945	4549
AENJPLPP_01006	276	283	299	540	549	510
AENJPLPP_01007	28	21	36	38	35	26
AENJPLPP_01008	1636	1887	2034	326	350	294
AENJPLPP_01009	409	545	487	67	75	63
AENJPLPP_01010	5397	6381	6045	3735	4315	3905
AENJPLPP_01011	13475	15071	13861	16107	17005	15781
AENJPLPP_01012	7712	8991	8057	9298	9184	8564
AENJPLPP_01013	737	823	717	924	970	909
AENJPLPP_01014	606	753	650	462	436	393
AENJPLPP_01015	470	472	441	859	939	895
AENJPLPP_01016	380	445	425	2759	2835	2459
AENJPLPP_01017	27	22	17	54	55	56
AENJPLPP_01018	233	267	247	511	454	432
AENJPLPP_01019	117	139	148	126	114	111
AENJPLPP_01020	9088	10652	9993	97643	99281	91637
AENJPLPP_01021	23744	24312	25979	225826	220701	176543
AENJPLPP_01022	6541	7560	7114	46385	51590	43843
AENJPLPP_01023	7256	8621	8100	54838	60487	52822
AENJPLPP_01024	1376	1566	1542	1338	1154	1077
AENJPLPP_01025	1756	2158	1797	1486	1496	1407
AENJPLPP_01026	1065	1198	1190	1424	1283	1287
AENJPLPP_01027	1160	1336	1183	802	682	707
AENJPLPP_01028	1379	1696	1581	5559	5376	5137
AENJPLPP_01029	82	152	132	109	83	103
AENJPLPP_01030	303	316	340	623	552	498
AENJPLPP_01031	3480	4523	3918	1669	1759	1691
AENJPLPP_01032	489	660	593	1451	1339	1505
AENJPLPP_01033	264	305	282	1140	1242	1125
AENJPLPP_01034	149	182	149	200	198	177
AENJPLPP_01035	176	236	188	142	156	143
AENJPLPP_01036	117	134	125	47	45	50
AENJPLPP_01037	258	332	296	331	418	317
AENJPLPP_01038	237	281	235	185	202	176
AENJPLPP_01039	560	649	610	796	676	659
AENJPLPP_01040	2158	2542	2167	4996	4411	4120
AENJPLPP_01041	862	971	886	1837	1876	1734
AENJPLPP_01042	401	431	395	1570	1173	992
AENJPLPP_01043	220	278	269	695	635	590
AENJPLPP_01044	467	516	518	1946	1963	1825
AENJPLPP_01045	1844	2001	1904	5998	4958	4991
AENJPLPP_01046	2008	2482	2168	5143	4969	4452
AENJPLPP_01047	1605	1838	1591	1495	1396	1219
AENJPLPP_01048	985	1107	936	902	846	823
AENJPLPP_01049	502	632	534	984	958	864
AENJPLPP_01050	2896	3112	3030	6513	6967	6857
AENJPLPP_01051	0	0	0	0	0	0
AENJPLPP_01052	0	0	0	0	0	0
AENJPLPP_01053	10841	12733	11724	8810	9564	8756
AENJPLPP_01054	323	349	331	591	642	591
AENJPLPP_01055	10253	12411	11431	4791	5585	4936
AENJPLPP_01056	24026	26233	24298	5983	6437	6078
AENJPLPP_01057	171	194	187	663	759	721
AENJPLPP_01058	4774	5345	4992	11356	10530	8991
AENJPLPP_01059	1087	1142	1040	2129	2165	2023
AENJPLPP_01060	2393	2673	2681	4604	4670	4223
AENJPLPP_01061	290	372	325	886	857	835
AENJPLPP_01062	1126	1297	1095	1699	1688	1522
AENJPLPP_01063	282	338	289	491	514	450
AENJPLPP_01064	230	264	283	470	465	361
AENJPLPP_01065	17300	20332	18559	15935	15717	14360
AENJPLPP_01066	5103	6079	5376	9058	8463	7307
AENJPLPP_01067	7134	8853	7639	19744	19792	16932
AENJPLPP_01068	1791	2214	1823	8702	8006	7171
AENJPLPP_01069	6936	7304	6777	1838	2132	1761
AENJPLPP_01070	3173	3506	3313	1228	1308	1119
AENJPLPP_01071	3662	4059	3871	3090	2910	2746
AENJPLPP_01072	39917	45517	43500	31762	32063	27759
AENJPLPP_01073	604	827	687	1244	1265	1215
AENJPLPP_01074	685	871	740	1379	1276	1137
AENJPLPP_01075	234	231	184	662	584	530
AENJPLPP_01076	158	179	172	1146	1000	946
AENJPLPP_01077	802	929	909	1192	1325	1176
AENJPLPP_01078	777	950	934	173	170	187
AENJPLPP_01079	12910	13686	12389	2718	3104	2762
AENJPLPP_01080	1470	1938	1841	587	464	484
AENJPLPP_01081	458	527	520	894	852	759
AENJPLPP_01082	1343	1570	1361	9253	8941	8097
AENJPLPP_01083	581	699	612	7775	8613	7775
AENJPLPP_01084	5	8	5	13	18	23
AENJPLPP_01085	18	24	17	40	33	21
AENJPLPP_01086	6	7	10	17	16	18
AENJPLPP_01087	12	7	11	16	9	19
AENJPLPP_01088	1	1	6	5	7	5
AENJPLPP_01089	25	26	30	24	47	39
AENJPLPP_01090	18	26	26	46	36	45
AENJPLPP_01091	3874	4548	4192	606	705	659
AENJPLPP_01092	295	365	316	933	819	969
AENJPLPP_01093	1096	1278	1243	2931	2752	2749
AENJPLPP_01094	1563	1625	1538	1411	1342	1326
AENJPLPP_01095	864	940	940	941	778	710
AENJPLPP_01096	3154	3765	3603	987	1171	1016
AENJPLPP_01097	4517	4811	4507	1522	1416	1365
AENJPLPP_01098	14795	16478	15101	7778	8396	7303
AENJPLPP_01099	4089	4493	4150	3468	3264	2981
AENJPLPP_01100	6138	6728	6256	4430	3921	3615
AENJPLPP_01101	1394	1583	1475	761	677	642
AENJPLPP_01102	198	212	204	484	479	475
AENJPLPP_01103	92	107	92	241	210	174
AENJPLPP_01104	22	18	20	42	23	31
AENJPLPP_01105	81	76	75	178	139	131
AENJPLPP_01106	4	0	1	5	9	8
AENJPLPP_01107	24	26	17	33	48	37
AENJPLPP_01108	14	17	14	32	33	27
AENJPLPP_01109	19	19	28	41	45	50
AENJPLPP_01110	22	15	9	23	39	25
AENJPLPP_01111	38	47	37	51	50	50
AENJPLPP_01112	7	7	8	5	5	8
AENJPLPP_01113	7	10	15	17	23	13
AENJPLPP_01114	9	10	8	14	17	12
AENJPLPP_01115	28	16	18	7	22	15
AENJPLPP_01116	60	67	60	91	103	84
AENJPLPP_01117	310	379	394	536	614	539
AENJPLPP_01118	161	157	188	75	76	64
AENJPLPP_01119	120	133	148	175	140	142
AENJPLPP_01120	112	115	115	190	195	171
AENJPLPP_01121	74	79	84	159	184	142
AENJPLPP_01122	133	138	136	300	303	269
AENJPLPP_01123	127	147	126	373	339	349
AENJPLPP_01124	4250	5201	4512	7436	9353	8736
AENJPLPP_01125	3230	3752	3373	5238	4986	4466
AENJPLPP_01126	519	550	524	1457	1319	1178
AENJPLPP_01127	184	191	186	331	319	321
AENJPLPP_01128	123	156	136	311	315	237
AENJPLPP_01129	61	59	62	186	229	180
AENJPLPP_01130	415	474	448	546	526	522
AENJPLPP_01131	486	502	506	550	582	537
AENJPLPP_01132	219	246	249	316	385	326
AENJPLPP_01133	147	188	156	285	274	269
AENJPLPP_01134	19	27	28	62	66	69
AENJPLPP_01135	90	86	87	115	129	93
AENJPLPP_01136	16	16	27	23	20	16
AENJPLPP_01137	13	10	13	16	20	18
AENJPLPP_01138	1097	1239	1100	3071	2810	2734
AENJPLPP_01139	436	566	525	1526	1536	1512
AENJPLPP_01140	190	229	229	92	105	84
AENJPLPP_01141	2013	2619	2445	3984	4326	3976
AENJPLPP_01142	110	118	110	174	197	195
AENJPLPP_01143	21	19	21	19	18	29
AENJPLPP_01144	14	16	13	10	4	8
AENJPLPP_01145	746	817	1127	68	63	62
AENJPLPP_01146	386	400	496	8	6	9
AENJPLPP_01147	231	250	229	269	278	264
AENJPLPP_01148	117	153	134	860	809	802
AENJPLPP_01149	881	1057	944	1242	1187	1065
AENJPLPP_01150	1096	1361	1137	1761	1599	1437
AENJPLPP_01151	86	54	60	144	149	113
AENJPLPP_01152	1018	1154	1022	1524	1542	1342
AENJPLPP_01153	1706	2044	1874	46304	48036	39091
AENJPLPP_01154	1585	1731	1499	35571	32517	30032
AENJPLPP_01155	440	497	450	1134	1030	964
AENJPLPP_01156	6295	7467	6730	23685	23537	20918
AENJPLPP_01157	35556	42724	40230	8527	8430	7730
AENJPLPP_01158	366	441	452	1325	1366	1354
AENJPLPP_01159	1919	2166	2011	5972	4969	4632
AENJPLPP_01160	1931	2204	2025	4797	5293	3856
AENJPLPP_01161	1438	1853	1620	6314	6623	5874
AENJPLPP_01162	905	1097	987	5575	5307	4690
AENJPLPP_01163	538	549	442	478	488	496
AENJPLPP_01164	321	420	389	1535	1765	1546
AENJPLPP_01165	78	87	82	98	82	89
AENJPLPP_01166	0	0	1	0	0	0
AENJPLPP_01167	3370	4463	4023	8493	8389	7895
AENJPLPP_01194	0	0	0	0	0	0
AENJPLPP_01195	14682	17416	16224	38809	41714	36445
AENJPLPP_01196	1487	1602	1425	3207	3192	2948
AENJPLPP_01197	942	1147	1040	3680	3432	2872
AENJPLPP_01198	27851	31349	29633	33955	26405	24324
AENJPLPP_01199	3887	4379	4035	6623	6287	5305
AENJPLPP_01200	2064	2254	2155	2767	2315	2370
AENJPLPP_01201	7184	8841	8157	8224	9207	8315
AENJPLPP_01202	3343	3675	3507	3796	3778	3707
AENJPLPP_01203	422	379	423	1112	1078	896
AENJPLPP_01204	907	1064	924	2575	2306	2351
AENJPLPP_01205	4892	5549	5130	11084	10693	9374
AENJPLPP_01206	269	293	276	799	759	697
AENJPLPP_01207	18783	22378	20437	76644	86457	78765
AENJPLPP_01208	3272	3871	3777	4500	4599	4319
AENJPLPP_01209	1620	1653	1631	2490	2052	1877
AENJPLPP_01210	125	134	145	350	340	315
AENJPLPP_01211	3317	3847	3454	2548	2706	2415
AENJPLPP_01212	227854	268428	244596	70312	73025	66948
AENJPLPP_01213	854	1178	1033	1219	1095	1326
AENJPLPP_01214	5411	6065	5464	5749	5403	4878
AENJPLPP_01215	4622	4835	4674	3694	3296	2974
AENJPLPP_01216	1605	1842	1719	1134	1197	1133
AENJPLPP_01217	5895	6526	5730	4074	4061	3595
AENJPLPP_01218	13220	14874	13940	20103	20215	18509
AENJPLPP_01219	3961	4572	4161	7429	7453	6432
AENJPLPP_01220	4106	4740	4402	7316	6743	6150
AENJPLPP_01221	2201	2436	2309	4370	4129	3615
AENJPLPP_01222	1533	1637	1501	2190	1990	1744
AENJPLPP_01223	3986	4510	4234	5514	4980	4623
AENJPLPP_01224	9502	10635	9879	5590	5504	4444
AENJPLPP_01225	16547	18362	15878	11482	10469	9286
AENJPLPP_01226	554	611	545	979	844	807
AENJPLPP_01227	1220	1368	1255	2070	2012	1720
AENJPLPP_01228	339	355	325	586	415	382
AENJPLPP_01229	600	641	642	847	823	719
AENJPLPP_01230	6635	7324	7317	3280	3157	2897
AENJPLPP_01231	1533	1804	1634	875	692	602
AENJPLPP_01232	5433	6478	5502	9501	9278	9120
AENJPLPP_01233	7292	8767	7774	13785	14722	12905
AENJPLPP_01234	1981	2318	1987	4031	4235	3672
AENJPLPP_01235	245	280	309	693	617	693
AENJPLPP_01236	361	461	400	898	880	871
AENJPLPP_01237	445	540	507	1733	1969	1816
AENJPLPP_01238	3424	3844	3715	4501	4304	3842
AENJPLPP_01239	4797	5573	5210	5487	5520	4863
AENJPLPP_01240	1246	1488	1382	1473	1989	1584
AENJPLPP_01241	27609	30768	29950	22540	21299	20414
AENJPLPP_01242	13830	16425	15391	16319	14944	13835
AENJPLPP_01243	1269	1462	1318	3410	3253	3063
AENJPLPP_01244	2573	2912	2629	4212	4395	4135
AENJPLPP_01245	3793	4128	3850	6103	5484	5191
AENJPLPP_01246	1925	2410	2100	2886	2870	2644
AENJPLPP_01247	1031	1223	1076	1761	1634	1499
AENJPLPP_01248	2167	2299	2271	2440	2387	2035
AENJPLPP_01249	1306	1512	1364	1212	1090	1014
AENJPLPP_01250	5418	6528	5494	3456	3254	3083
AENJPLPP_01251	11	10	8	87	102	88
AENJPLPP_01252	1046	1087	1106	3139	2717	2456
AENJPLPP_01253	1678	1857	1787	3852	4966	4004
AENJPLPP_01254	498	626	543	1763	1985	1730
AENJPLPP_01255	1705	2015	1787	6361	6752	5881
AENJPLPP_01256	867	916	833	2353	2197	2051
AENJPLPP_01257	11960	13681	12102	19064	20790	18579
AENJPLPP_01258	3836	4245	4173	3941	3908	3470
AENJPLPP_01259	4443	4996	4601	6774	5912	5149
AENJPLPP_01260	1483	1852	1640	2208	2087	1796
AENJPLPP_01261	1231	1404	1284	1732	1696	1614
AENJPLPP_01262	3408	3910	3339	4985	4870	4491
AENJPLPP_01263	1200	1405	1247	2121	2304	1988
AENJPLPP_01264	781	931	886	591	421	412
AENJPLPP_01265	7	5	6	30	29	30
AENJPLPP_01266	1	0	1	5	2	2
AENJPLPP_01267	1529	1786	1708	958	894	828
AENJPLPP_01268	59	70	59	383	395	445
AENJPLPP_01269	430	481	483	296	318	286
AENJPLPP_01270	121	110	132	378	434	419
AENJPLPP_01271	75	103	95	390	418	370
AENJPLPP_01272	88	97	86	686	700	636
AENJPLPP_01273	5096	5730	5413	17442	17128	15768
AENJPLPP_01274	1770	1980	1936	522	435	459
AENJPLPP_01275	62	73	58	76	81	74
AENJPLPP_01276	213	219	226	335	372	358
AENJPLPP_01277	197	195	186	1220	1344	1158
AENJPLPP_01278	213	293	242	1647	1741	1570
AENJPLPP_01279	13	14	14	9	8	15
AENJPLPP_01280	146	165	173	136	139	128
AENJPLPP_01281	370	398	429	389	390	362
AENJPLPP_01282	1278	1416	1191	215	208	178
AENJPLPP_01283	247	254	237	210	223	178
AENJPLPP_01284	104	143	141	76	74	96
AENJPLPP_01285	3	4	2	4	2	7
AENJPLPP_01286	139	139	120	538	486	599
AENJPLPP_01287	71	106	132	547	499	420
AENJPLPP_01288	901	996	984	1050	1108	953
AENJPLPP_01289	692	685	667	3560	3688	3230
AENJPLPP_01290	397	467	433	627	566	576
AENJPLPP_01291	993	1080	961	3067	2937	2608
AENJPLPP_01292	61	84	68	30	30	38
AENJPLPP_01293	2072	2588	2287	858	858	763
AENJPLPP_01294	870	1060	918	1381	1291	1094
AENJPLPP_01295	410	462	439	644	559	491
AENJPLPP_01296	174	215	216	86	87	67
AENJPLPP_01297	670	895	755	327	298	276
AENJPLPP_01298	1	2	1	6	7	4
AENJPLPP_01299	70	90	98	130	150	137
AENJPLPP_01300	7	13	12	4	6	5
AENJPLPP_01301	13	9	10	7	6	5
AENJPLPP_01302	5	8	8	6	4	10
AENJPLPP_01303	111	103	99	109	136	111
AENJPLPP_01304	0	0	0	0	0	0
AENJPLPP_01305	43	36	41	64	52	47
AENJPLPP_01306	2552	2993	2748	1450	1344	1226
AENJPLPP_01307	183	244	229	111	124	100
AENJPLPP_01308	8	6	8	6	4	3
AENJPLPP_01309	12	14	15	8	7	4
AENJPLPP_01310	4	8	9	2	0	4
AENJPLPP_01311	9	9	20	7	16	8
AENJPLPP_01312	2	0	3	5	4	7
AENJPLPP_01313	0	0	0	0	0	0
AENJPLPP_01314	6	15	10	33	24	23
AENJPLPP_01315	1	0	0	1	1	0
AENJPLPP_01316	11	20	15	18	24	18
AENJPLPP_01317	36	22	35	43	39	41
AENJPLPP_01318	13	12	12	44	38	53
AENJPLPP_01319	43	44	56	121	134	138
AENJPLPP_01320	346	399	324	942	1015	925
AENJPLPP_01321	244	274	214	669	715	624
AENJPLPP_01322	42	49	54	131	155	138
AENJPLPP_01323	42	58	62	201	237	202
AENJPLPP_01324	38	49	41	122	101	98
AENJPLPP_01325	1048	1264	1069	2564	2654	2535
AENJPLPP_01326	54	72	43	85	118	86
AENJPLPP_01327	100	111	99	220	222	186
AENJPLPP_01328	14	25	18	11	17	10
AENJPLPP_01329	20	33	25	7	8	5
AENJPLPP_01330	28	42	47	121	126	124
AENJPLPP_01331	4	7	8	26	27	50
AENJPLPP_01332	48	49	38	153	185	147
AENJPLPP_01333	308	323	324	1073	1001	898
AENJPLPP_01334	8	8	14	24	27	32
AENJPLPP_01335	59	55	69	37	34	40
AENJPLPP_01336	953	1088	1024	860	812	759
AENJPLPP_01337	637	743	688	535	581	466
AENJPLPP_01338	34	47	53	36	35	40
AENJPLPP_01339	270	295	258	226	236	215
AENJPLPP_01340	21	22	17	23	14	15
AENJPLPP_01341	81	125	80	98	94	90
AENJPLPP_01342	305	386	330	314	300	308
AENJPLPP_01343	149	206	192	127	109	149
AENJPLPP_01344	66	78	49	54	47	52
AENJPLPP_01345	25	35	22	22	12	12
AENJPLPP_01346	17	32	27	18	24	23
AENJPLPP_01347	15	20	14	27	37	25
AENJPLPP_01348	200	258	246	193	243	201
AENJPLPP_01349	22	23	20	10	18	12
AENJPLPP_01350	63	58	55	42	44	27
AENJPLPP_01351	767	847	777	532	545	511
AENJPLPP_01352	416	504	483	299	246	239
AENJPLPP_01353	96	163	123	70	73	76
AENJPLPP_01354	3	1	2	1	1	0
AENJPLPP_01355	515	603	521	424	446	402
AENJPLPP_01356	348	405	330	219	218	232
AENJPLPP_01357	3501	4345	3827	36105	34189	35828
AENJPLPP_01358	2997	3422	3271	58281	59843	59724
AENJPLPP_01359	16002	19126	17599	19372	23389	20428
AENJPLPP_01360	854	948	928	1160	1161	1068
AENJPLPP_01361	58	64	46	123	81	115
AENJPLPP_01362	1770	1747	1544	190	164	153
AENJPLPP_01363	20	22	18	44	55	63
AENJPLPP_01364	45	34	34	145	120	144
AENJPLPP_01365	43	44	47	68	87	78
AENJPLPP_01366	11	11	12	16	21	16
AENJPLPP_01367	4	4	4	7	9	7
AENJPLPP_01368	4	6	4	13	18	5
AENJPLPP_01369	7	9	6	20	20	18
AENJPLPP_01370	14	16	10	28	33	34
AENJPLPP_01371	7	12	16	16	19	14
AENJPLPP_01372	10	16	16	34	41	30
AENJPLPP_01373	1233	1370	1252	1370	1475	1238
AENJPLPP_01374	27440	30931	28769	74936	68784	65425
AENJPLPP_01375	29319	32566	30269	75590	71000	67062
AENJPLPP_01376	344	448	364	527	515	484
AENJPLPP_01377	131	186	145	227	228	197
AENJPLPP_01378	336	403	354	375	402	300
AENJPLPP_01379	2287	2663	2350	2023	2226	1935
AENJPLPP_01380	2584	2682	2482	1822	1763	1434
AENJPLPP_01381	2498	2817	2545	11722	11855	10372
AENJPLPP_01382	1092	1278	1213	1986	2171	2079
AENJPLPP_01383	366	414	382	888	777	801
AENJPLPP_01384	339	408	377	854	917	798
AENJPLPP_01385	2636	3122	3610	7165	6766	6192
AENJPLPP_01386	6357	7331	7982	8530	7551	7155
AENJPLPP_01387	1056	1181	1182	1627	1630	1425
AENJPLPP_01388	64	59	81	271	280	271
AENJPLPP_01389	3678	4045	3894	8190	7980	7397
AENJPLPP_01390	2175	2281	2460	6607	6414	5768
AENJPLPP_01391	972	1052	1060	4601	5517	4700
AENJPLPP_01392	15441	18189	17272	10019	10736	9527
AENJPLPP_01393	1060	1121	1088	714	777	847
AENJPLPP_01403	1901	2030	2003	2804	2406	2140
AENJPLPP_01404	1830	2024	1829	1613	1440	1416
AENJPLPP_01405	2382	2822	2411	5635	5188	4876
AENJPLPP_01406	29337	33620	30919	16791	15502	14344
AENJPLPP_01407	3259	3745	3480	6924	7101	6647
AENJPLPP_01408	5448	6426	6159	11684	10998	9819
AENJPLPP_01409	561	591	542	1066	860	898
AENJPLPP_01410	1965	2268	2129	4913	4140	4076
AENJPLPP_01411	1186	1388	1222	3825	3935	3461
AENJPLPP_01412	661	717	636	2177	2277	2143
AENJPLPP_01413	2864	3278	3092	9287	9525	8715
AENJPLPP_01414	313	345	309	1191	1236	1119
AENJPLPP_01415	832	921	819	3307	2700	2500
AENJPLPP_01416	19	32	21	132	167	120
AENJPLPP_01417	3924	4461	3920	6284	6123	5715
AENJPLPP_01418	1932	2282	1932	6676	6929	6298
AENJPLPP_01419	453	496	438	2117	1698	1641
AENJPLPP_01420	205	311	253	1109	1306	1470
AENJPLPP_01421	6749	7924	7411	10998	10848	9742
AENJPLPP_01422	3799	4616	4069	5343	5695	5144
AENJPLPP_01423	699	923	820	1176	1189	1198
AENJPLPP_01424	3794	4251	3804	7443	6877	6586
AENJPLPP_01425	9132	10289	9123	19068	17710	16230
AENJPLPP_01426	20674	23290	21587	42954	40656	34718
AENJPLPP_01427	3212	3889	3655	14042	12693	12829
AENJPLPP_01428	14717	14735	14790	38422	34009	31026
AENJPLPP_01429	3109	3992	3836	10632	12770	13094
AENJPLPP_01430	3	0	1	4	3	1
AENJPLPP_01431	4128	4477	4560	5308	5068	4440
AENJPLPP_01432	1935	2194	1961	2919	2826	2509
AENJPLPP_01433	1895	2272	1985	4425	4334	3893
AENJPLPP_01434	30485	35597	32095	12179	11832	10506
AENJPLPP_01435	2555	2828	2595	6635	5525	4841
AENJPLPP_01436	2235	2532	2401	11400	11527	10620
AENJPLPP_01437	2676	3171	3097	1905	2336	1942
AENJPLPP_01438	2931	3177	3196	1275	1407	1285
AENJPLPP_01439	742	957	838	1181	1124	1103
AENJPLPP_01440	326	507	442	568	744	672
AENJPLPP_01441	140	159	164	703	733	667
AENJPLPP_01442	1	2	6	13	14	8
AENJPLPP_01443	82	140	123	291	330	295
AENJPLPP_01444	418	448	460	1292	1404	1200
AENJPLPP_01445	417	494	387	1232	1408	1274
AENJPLPP_01446	48	48	40	56	55	49
AENJPLPP_01447	66	64	75	111	127	92
AENJPLPP_01448	4	5	2	7	10	6
AENJPLPP_01449	94	81	107	154	136	111
AENJPLPP_01450	574	663	641	535	610	480
AENJPLPP_01451	401	469	417	524	574	498
AENJPLPP_01452	28	17	24	42	59	41
AENJPLPP_01453	10	19	8	18	32	21
AENJPLPP_01454	23	31	32	55	40	36
AENJPLPP_01455	67	97	98	148	112	150
AENJPLPP_01456	22922	26017	23982	53341	56195	50479
AENJPLPP_01457	2919	3500	3254	5136	4780	4708
AENJPLPP_01458	1047	1188	1013	1835	1753	1492
AENJPLPP_01459	650	695	694	985	1041	1010
AENJPLPP_01460	2180	2498	2080	11309	10013	9385
AENJPLPP_01461	3322	3827	3238	9238	8189	7701
AENJPLPP_01462	1348	1434	1383	4324	3023	2949
AENJPLPP_01463	54866	63589	57917	38973	34335	31005
AENJPLPP_01464	17134	20291	17352	20914	18011	16490
AENJPLPP_01465	8276	10108	9021	11269	9775	9040
AENJPLPP_01466	5922	7071	6216	8158	7301	6809
AENJPLPP_01467	5948	7388	6494	9921	9775	9478
AENJPLPP_01468	6011	7158	6069	8045	7924	7559
AENJPLPP_01469	8130	9018	8143	7206	6612	6173
AENJPLPP_01470	17488	23039	20634	65442	81325	68458
AENJPLPP_01471	3153	3819	3450	6497	7153	6425
AENJPLPP_01472	1467	1947	1784	3367	3546	2945
AENJPLPP_01473	10239	11598	11182	62872	63735	60037
AENJPLPP_01474	12101	13796	13347	63808	59505	57527
AENJPLPP_01475	38788	42627	40827	151575	144347	140317
AENJPLPP_01476	101585	122754	117098	369880	377291	348053
AENJPLPP_01477	1470	1833	1804	11966	11355	11545
AENJPLPP_01478	11169	12263	11280	69225	55091	48770
AENJPLPP_01479	5744	6731	6213	29769	33194	31998
AENJPLPP_01480	3625	3810	3529	16243	16868	15526
AENJPLPP_01481	9820	11897	10803	54244	60615	55701
AENJPLPP_01482	3891	4572	3924	29597	30275	26513
AENJPLPP_01483	4225	5096	4606	31682	28258	26461
AENJPLPP_01484	14298	16021	14331	97914	80173	78621
AENJPLPP_01485	5999	7133	6849	45230	38296	34549
AENJPLPP_01486	1967	2169	1900	11239	14759	14453
AENJPLPP_01487	8052	9486	8807	59528	65549	52787
AENJPLPP_01488	4448	5228	4741	34307	32778	31888
AENJPLPP_01489	10229	10856	9848	73675	69939	61763
AENJPLPP_01490	4984	6074	5533	40453	37553	37058
AENJPLPP_01491	2680	3544	3103	26105	24503	21042
AENJPLPP_01492	4162	5628	4979	34510	37647	37595
AENJPLPP_01493	7449	8487	8224	48458	47586	42883
AENJPLPP_01494	5849	6798	6511	48666	45406	40658
AENJPLPP_01495	9248	9773	9787	64887	63497	55909
AENJPLPP_01496	1712	2105	1858	13547	13820	12249
AENJPLPP_01497	5947	7043	5964	54484	45228	47020
AENJPLPP_01498	19765	22252	20491	169611	159270	142414
AENJPLPP_01499	5111	5928	5840	51891	50593	46069
AENJPLPP_01500	2749	2904	2773	22823	17395	17579
AENJPLPP_01501	3203	3333	2898	21440	18771	19226
AENJPLPP_01502	4592	5490	5048	28818	30827	27715
AENJPLPP_01503	3106	4095	3562	24635	24081	22798
AENJPLPP_01504	12667	14649	13215	89165	71878	74643
AENJPLPP_01505	17541	18651	18433	106239	105052	91392
AENJPLPP_01506	2720	3001	2903	3017	2720	2432
AENJPLPP_01507	3374	3657	3350	3620	3345	3012
AENJPLPP_01508	1651	1963	1775	1552	1527	1384
AENJPLPP_01509	559	609	562	1319	1274	1052
AENJPLPP_01510	666	838	764	1415	1272	1155
AENJPLPP_01511	143	198	179	250	212	236
AENJPLPP_01512	130	157	146	158	169	131
AENJPLPP_01513	32	49	43	29	33	30
AENJPLPP_01514	499	574	478	65	80	76
AENJPLPP_01515	1276	1564	1414	55	53	44
AENJPLPP_01516	19	26	18	90	94	72
AENJPLPP_01517	18	21	15	55	34	40
AENJPLPP_01518	4507	5083	4637	4224	4276	3756
AENJPLPP_01519	4121	4414	4199	6618	7577	7469
AENJPLPP_01520	2046	2514	2285	2584	2534	2462
AENJPLPP_01521	33037	38506	35192	41393	42522	36910
AENJPLPP_01522	5474	6655	5669	7425	7069	6380
AENJPLPP_01523	6617	7267	6733	11807	11315	9855
AENJPLPP_01524	3175	3589	3157	9740	8741	9682
AENJPLPP_01525	68	104	62	27	26	41
AENJPLPP_01526	6104	6591	6351	2821	2325	2238
AENJPLPP_01527	6252	6938	6732	3872	3439	3234
AENJPLPP_01528	2980	3727	3438	1877	1766	1723
AENJPLPP_01529	2776	3212	3406	2019	1927	1763
AENJPLPP_01530	44122	53243	50543	13274	12873	12086
AENJPLPP_01531	1720	1958	1798	3009	3191	2790
AENJPLPP_01532	14680	16372	14716	16380	16245	14897
AENJPLPP_01533	1349	1714	1554	2542	2311	2032
AENJPLPP_01534	3051	3682	3371	4954	4411	4238
AENJPLPP_01535	5396	6133	5485	7486	7122	6393
AENJPLPP_01536	1678	2245	1975	589	629	640
AENJPLPP_01537	4189	5031	4830	90	85	85
AENJPLPP_01538	8465	8898	9510	208	190	144
AENJPLPP_01539	5261	5665	5985	143	165	109
AENJPLPP_01540	16300	18701	20279	373	354	292
AENJPLPP_01541	9	13	14	31	45	34
AENJPLPP_01542	50	54	62	92	89	83
AENJPLPP_01543	20	24	25	90	110	97
AENJPLPP_01544	5	6	4	14	16	13
AENJPLPP_01545	4411	4982	4362	2508	2945	2552
AENJPLPP_01546	3337	3786	3539	1701	1570	1514
AENJPLPP_01547	5	4	8	15	11	18
AENJPLPP_01548	16	15	22	62	65	54
AENJPLPP_01549	46	60	56	145	165	140
AENJPLPP_01550	1	1	2	3	5	0
AENJPLPP_01551	2728	3431	3233	18057	17178	16535
AENJPLPP_01552	184	209	235	401	361	310
AENJPLPP_01553	195	284	283	574	626	554
AENJPLPP_01554	1137	1217	1169	1830	1847	1690
AENJPLPP_01555	96	103	96	118	142	124
AENJPLPP_01556	1262	1464	1379	2323	2086	1963
AENJPLPP_01557	2478	2763	2678	1030	1067	1053
AENJPLPP_01558	25113	32392	28665	564	582	470
AENJPLPP_01559	8733	10008	9522	48080	54565	52853
AENJPLPP_01560	252	316	274	1166	1290	1170
AENJPLPP_01561	556	570	535	1913	1662	1568
AENJPLPP_01562	1119	1231	1214	2208	2234	2037
AENJPLPP_01563	490	540	518	1482	1331	1308
AENJPLPP_01564	283	319	292	638	623	578
AENJPLPP_01565	3555	4248	3831	8504	8635	7416
AENJPLPP_01566	3583	4048	3827	6839	6232	5485
AENJPLPP_01567	1180	1340	1332	2793	2648	2137
AENJPLPP_01568	397	393	409	2646	3150	2792
AENJPLPP_01569	573	725	613	1313	1270	1201
AENJPLPP_01570	2684	3076	2799	1338	1400	1211
AENJPLPP_01571	1819	2147	1952	2988	3347	3125
AENJPLPP_01572	3698	3976	3701	6096	5578	5039
AENJPLPP_01573	1428	1390	1349	2152	1979	1832
AENJPLPP_01574	3906	4059	3997	5085	4960	4654
AENJPLPP_01575	12324	13446	14253	5672	5935	4400
AENJPLPP_01576	72	124	74	31	60	61
AENJPLPP_01577	12076	14167	13077	2508	2693	2496
AENJPLPP_01578	1611	1997	1676	843	972	910
AENJPLPP_01579	1607	2331	1896	1202	1245	1312
AENJPLPP_01580	5609	5901	5494	4820	4775	4491
AENJPLPP_01581	8167	8966	8639	7870	7635	7087
AENJPLPP_01582	2423	2885	2628	1862	1778	1734
AENJPLPP_01583	695	701	710	902	888	932
AENJPLPP_01584	553	580	590	1067	1079	936
AENJPLPP_01585	1713	1848	1672	1922	1819	1649
AENJPLPP_01586	2100	2289	2233	1755	1743	1680
AENJPLPP_01587	403	524	487	1613	1639	1628
AENJPLPP_01588	9330	11742	11524	30137	28554	20428
AENJPLPP_01589	22987	25155	23452	22702	22459	20665
AENJPLPP_01590	77	90	105	102	107	95
AENJPLPP_01591	6878	8085	7468	7925	7791	6997
AENJPLPP_01592	910	995	914	1078	1060	961
AENJPLPP_01593	4815	5859	5478	3141	3049	2922
AENJPLPP_01594	2614	2824	2700	987	948	898
AENJPLPP_01595	9177	10473	9740	2648	2446	2183
AENJPLPP_01596	2150	2380	2150	2189	2451	2152
AENJPLPP_01597	816	894	838	846	888	808
AENJPLPP_01598	1740	1891	1701	5640	5764	5697
AENJPLPP_01599	1	4	2	8	7	9
AENJPLPP_01600	1	2	2	1	3	1
AENJPLPP_01601	3	10	3	15	21	15
AENJPLPP_01602	262	252	236	687	563	534
AENJPLPP_01603	435	539	520	876	911	818
AENJPLPP_01604	630	706	644	1430	1504	1333
AENJPLPP_01605	213	239	271	637	605	606
AENJPLPP_01606	1517	1677	1501	735	721	584
AENJPLPP_01607	77	94	80	60	50	51
AENJPLPP_01608	2539	3147	2817	7686	7413	6641
AENJPLPP_01609	1943	2246	1897	5303	5559	4782
AENJPLPP_01610	6425	7355	6977	29674	30486	28374
AENJPLPP_01611	479	540	563	474	478	420
AENJPLPP_01612	3362	3821	3596	2785	2942	2651
AENJPLPP_01613	777	938	860	632	697	679
AENJPLPP_01614	418	517	466	135	182	165
AENJPLPP_01615	3245	3535	3097	913	880	759
AENJPLPP_01616	5809	6860	6451	8419	8361	7282
AENJPLPP_01617	1421	1687	1555	6024	5222	4825
AENJPLPP_01618	579	793	612	435	514	477
AENJPLPP_01619	1181	1226	1129	666	726	727
AENJPLPP_01620	18	20	25	34	35	39
AENJPLPP_01621	30	28	36	50	49	51
AENJPLPP_01622	144	183	185	168	158	127
AENJPLPP_01623	644	704	677	472	501	428
AENJPLPP_01624	262	247	245	149	155	145
AENJPLPP_01625	1349	1552	1463	751	808	730
AENJPLPP_01626	5864	6643	5940	13249	13535	12124
AENJPLPP_01627	211	209	204	217	222	221
AENJPLPP_01628	3682	3982	4015	4063	4182	3622
AENJPLPP_01629	13631	14975	14894	8485	8038	6975
AENJPLPP_01630	373	490	374	1938	1947	1931
AENJPLPP_01631	9299	9525	9363	13581	14129	12065
AENJPLPP_01632	0	4	1	3	6	3
AENJPLPP_01633	87635	101232	105721	3417	3430	3021
AENJPLPP_01634	154	230	172	66	83	77
AENJPLPP_01635	473	780	707	781	1339	861
AENJPLPP_01636	102	96	98	91	99	78
AENJPLPP_01637	18	32	33	41	39	40
AENJPLPP_01638	22	24	26	27	24	16
AENJPLPP_01639	10	19	18	24	16	16
AENJPLPP_01640	31	44	38	27	40	28
AENJPLPP_01641	244	325	290	338	361	325
AENJPLPP_01642	1341	1386	1428	525	466	432
AENJPLPP_01643	895	884	1051	466	402	384
AENJPLPP_01644	443	504	518	358	415	355
AENJPLPP_01645	2	1	4	3	4	5
AENJPLPP_01646	348	392	352	602	649	635
AENJPLPP_01647	2468	2642	2530	5248	5143	4465
AENJPLPP_01648	1084	1355	1041	3286	3147	2783
AENJPLPP_01649	424	442	438	1678	1752	1605
AENJPLPP_01650	407	519	493	2748	2535	2224
AENJPLPP_01651	550	610	556	2339	2089	2094
AENJPLPP_01652	644	766	765	926	983	962
AENJPLPP_01653	333	424	377	559	623	526
AENJPLPP_01654	16909	19176	18594	61290	61597	54789
AENJPLPP_01655	2294	2764	2516	12545	12428	11783
AENJPLPP_01656	3566	4278	4327	22587	23342	20641
AENJPLPP_01657	52	55	63	98	94	91
AENJPLPP_01658	80	89	94	167	156	159
AENJPLPP_01659	8	8	10	10	17	12
AENJPLPP_01660	488	573	532	461	531	486
AENJPLPP_01661	1034	1217	1066	82	72	109
AENJPLPP_01662	838	939	756	370	324	259
AENJPLPP_01663	1170	1257	1075	604	497	482
AENJPLPP_01664	22512	24816	22769	17370	16249	14185
AENJPLPP_01665	29	35	19	26	31	33
AENJPLPP_01666	57	71	60	36	28	27
AENJPLPP_01667	2097	2495	2101	3715	3816	3803
AENJPLPP_01668	281	440	361	266	328	320
AENJPLPP_01669	6893	7472	7000	3473	3693	3312
AENJPLPP_01670	2777	2992	2652	1381	1351	1335
AENJPLPP_01671	7614	8083	7930	2822	2703	2398
AENJPLPP_01672	2558	3084	2810	8733	9291	8285
AENJPLPP_01673	6221	7140	6789	7299	7502	6679
AENJPLPP_01674	203	287	241	492	520	500
AENJPLPP_01675	12	16	14	18	21	17
AENJPLPP_01676	3	10	6	8	18	17
AENJPLPP_01677	865	1034	947	1358	1529	1369
AENJPLPP_01678	160	245	201	210	198	234
AENJPLPP_01679	1568	2030	1679	2213	2189	1987
AENJPLPP_01680	208	218	260	213	236	191
AENJPLPP_01681	104	149	106	146	175	155
AENJPLPP_01682	0	0	1	0	2	1
AENJPLPP_01683	80	104	84	60	61	69
AENJPLPP_01684	8	15	14	10	15	11
AENJPLPP_01685	0	0	2	1	0	0
AENJPLPP_01686	3	3	2	4	8	7
AENJPLPP_01687	7	10	8	5	5	8
AENJPLPP_01688	1	0	0	1	3	1
AENJPLPP_01689	17	18	18	20	22	32
AENJPLPP_01690	128	139	125	111	133	100
AENJPLPP_01691	361	451	417	581	525	527
AENJPLPP_01692	658	806	657	788	874	824
AENJPLPP_01693	2187	2517	2230	2028	1996	1788
AENJPLPP_01694	57	66	68	90	113	107
AENJPLPP_01695	25	30	21	25	24	27
AENJPLPP_01696	19	23	18	31	47	24
AENJPLPP_01697	95	88	95	110	142	104
AENJPLPP_01698	202	252	278	258	231	226
AENJPLPP_01699	2063	2279	2072	2335	2420	2307
AENJPLPP_01700	1588	2050	1905	891	1208	924
AENJPLPP_01701	188	205	179	229	171	239
AENJPLPP_01702	220	291	234	457	486	407
AENJPLPP_01703	3868	4849	4238	4506	4933	3916
AENJPLPP_01704	79	66	80	88	99	102
AENJPLPP_01705	36	58	58	86	61	69
AENJPLPP_01706	24	22	21	32	35	28
AENJPLPP_01707	90	82	85	150	103	97
AENJPLPP_01708	109	141	123	260	203	172
AENJPLPP_01709	137	155	143	221	161	162
AENJPLPP_01710	7	11	6	13	15	8
AENJPLPP_01711	65	75	72	70	56	41
AENJPLPP_01712	444	467	454	355	317	289
AENJPLPP_01713	444	524	502	254	235	206
AENJPLPP_01714	289	362	318	424	475	406
AENJPLPP_01715	1796	2216	2034	1223	1263	1215
AENJPLPP_01716	470	526	475	365	364	396
AENJPLPP_01717	49	69	53	165	195	147
AENJPLPP_01718	6	7	12	20	24	26
AENJPLPP_01719	6	6	6	13	16	11
AENJPLPP_01720	0	0	0	2	1	0
AENJPLPP_01721	125	131	110	497	491	454
AENJPLPP_01722	87	93	85	393	407	373
AENJPLPP_01723	471	474	445	1658	1496	1311
AENJPLPP_01724	78	118	98	64	57	59
AENJPLPP_01725	130	121	113	96	90	75
AENJPLPP_01726	539	650	589	1484	1656	1526
AENJPLPP_01727	579	653	593	4444	4503	4443
AENJPLPP_01728	178	160	201	243	265	249
AENJPLPP_01729	149	235	187	685	667	471
AENJPLPP_01730	1250	1449	1236	560	550	500
AENJPLPP_01731	1884	2350	1985	910	972	818
AENJPLPP_01732	1447	1565	1523	517	549	466
AENJPLPP_01733	1073	1150	1172	331	311	263
AENJPLPP_01734	325	341	338	220	240	202
AENJPLPP_01735	100	111	68	55	46	35
AENJPLPP_01736	13	13	13	13	7	14
AENJPLPP_01737	1080	1227	1150	2308	2256	1888
AENJPLPP_01738	643	781	748	712	678	722
AENJPLPP_01739	73	87	73	55	75	66
AENJPLPP_01740	120	115	138	127	158	127
AENJPLPP_01741	61	79	74	102	105	88
AENJPLPP_01742	372	457	436	341	328	304
AENJPLPP_01743	2121	2450	2255	1462	1569	1404
AENJPLPP_01744	1008	1000	902	604	496	529
AENJPLPP_01745	401	418	353	293	244	275
AENJPLPP_01746	1702	1956	1839	1054	974	856
AENJPLPP_01747	1716	2064	1855	1154	1200	1016
AENJPLPP_01748	1752	1992	1839	1178	1003	1066
AENJPLPP_01749	425	528	560	673	856	582
AENJPLPP_01750	1101	1219	1289	644	676	532
AENJPLPP_01751	615	621	618	194	219	159
AENJPLPP_01752	67	73	76	461	443	462
AENJPLPP_01753	445	533	506	184	209	189
AENJPLPP_01754	641	715	659	472	507	449
AENJPLPP_01755	30	48	35	140	140	111
AENJPLPP_01756	0	2	0	5	2	1
AENJPLPP_01757	3	2	3	1	2	3
AENJPLPP_01758	155	163	169	356	315	316
AENJPLPP_01759	791	914	776	1518	1636	1438
AENJPLPP_01760	6420	7801	7574	11594	11706	10913
AENJPLPP_01761	319	360	361	10965	11267	10174
AENJPLPP_01762	164	206	180	3688	3635	3574
AENJPLPP_01763	35	49	41	406	406	352
AENJPLPP_01764	29	44	23	371	309	273
AENJPLPP_01765	666	738	754	2623	2829	2734
AENJPLPP_01766	195	226	183	377	479	415
AENJPLPP_01767	56	34	45	68	72	58
AENJPLPP_01768	233	276	277	267	241	234
AENJPLPP_01769	738	845	865	537	519	434
AENJPLPP_01770	66	95	79	94	93	88
AENJPLPP_01771	3656	4106	3853	2386	2607	2350
AENJPLPP_01772	143	165	162	158	168	147
AENJPLPP_01773	521	577	527	474	444	412
AENJPLPP_01774	80	84	75	77	80	86
AENJPLPP_01775	56	64	50	182	192	162
AENJPLPP_01776	1117	1342	1254	415	474	455
AENJPLPP_01777	204	307	288	784	827	763
AENJPLPP_01778	77	110	84	1884	1862	1913
AENJPLPP_01779	251	264	269	3199	3106	2977
AENJPLPP_01780	82	81	76	103	105	103
AENJPLPP_01781	38	69	63	79	101	82
AENJPLPP_01782	128	128	126	160	193	179
AENJPLPP_01783	219	214	218	316	341	323
AENJPLPP_01784	146	159	145	194	206	173
AENJPLPP_01785	2826	3081	2975	2826	2730	2490
AENJPLPP_01786	334	409	361	279	265	281
AENJPLPP_01787	1588	1890	1724	978	929	837
AENJPLPP_01788	150	176	196	850	851	734
AENJPLPP_01789	19	22	20	252	245	230
AENJPLPP_01790	309	446	314	438	467	484
AENJPLPP_01791	429	507	497	630	619	633
AENJPLPP_01792	1091	1339	1275	2013	2192	1950
AENJPLPP_01793	664	794	711	1394	1236	1152
AENJPLPP_01794	1794	2209	1951	1188	1311	1120
AENJPLPP_01795	135	153	130	1256	1188	1235
AENJPLPP_01796	404	562	566	2774	2973	2752
AENJPLPP_01797	1901	2470	2293	7185	6988	6141
AENJPLPP_01798	260	301	292	628	663	602
AENJPLPP_01799	15124	17051	15964	8977	9114	8392
AENJPLPP_01800	125	148	193	25	30	19
AENJPLPP_01801	509	526	643	34	58	44
AENJPLPP_01802	2866	2997	3521	1336	1442	1131
AENJPLPP_01803	657	790	735	2010	2021	1847
AENJPLPP_01804	210	274	263	521	551	566
AENJPLPP_01805	79	105	103	180	199	189
AENJPLPP_01806	717	827	731	1148	1114	1028
AENJPLPP_01807	615	749	667	5402	5365	4687
AENJPLPP_01808	576	695	620	425	488	375
AENJPLPP_01809	71	105	100	416	355	322
AENJPLPP_01810	261	251	271	1128	780	866
AENJPLPP_01811	495	568	556	1474	1022	1259
AENJPLPP_01812	207	214	218	442	298	330
AENJPLPP_01813	2719	2813	3060	5059	3160	3811
AENJPLPP_01814	258	227	277	874	584	689
AENJPLPP_01815	799	970	867	4429	4088	4069
AENJPLPP_01816	568	849	759	1153	1321	1103
AENJPLPP_01817	2700	3003	2711	3251	3202	2883
AENJPLPP_01818	2460	2689	2435	285	251	214
AENJPLPP_01819	938	1103	1076	87	108	107
AENJPLPP_01820	1668	2019	1724	159	169	158
AENJPLPP_01821	4125	4646	4374	9236	9515	8604
AENJPLPP_01822	2239	2338	2454	9517	10594	9513
AENJPLPP_01823	1764	2017	1930	6914	8429	7153
AENJPLPP_01824	3960	4930	4237	10725	11918	10678
AENJPLPP_01825	5843	6728	6923	719	645	573
AENJPLPP_01826	4513	4733	4875	626	583	529
AENJPLPP_01827	3080	3246	3622	572	551	528
AENJPLPP_01828	2386	2399	2519	461	470	407
AENJPLPP_01829	2395	2525	2673	717	568	491
AENJPLPP_01830	4187	4255	4503	985	904	813
AENJPLPP_01831	6549	6506	6992	1729	1649	1346
AENJPLPP_01832	3342	3505	3758	914	783	763
AENJPLPP_01833	5307	5308	5741	1779	1590	1511
AENJPLPP_01834	4789	5307	5037	3264	3394	2851
AENJPLPP_01835	0	0	0	1	0	1
AENJPLPP_01836	3	1	2	20	18	16
AENJPLPP_01837	568	621	579	594	571	545
AENJPLPP_01838	370	369	340	529	581	495
AENJPLPP_01839	1331	1506	1434	1600	1634	1516
AENJPLPP_01840	183	198	214	313	298	283
AENJPLPP_01841	86	90	107	273	250	203
AENJPLPP_01842	24	48	38	1685	2040	1587
AENJPLPP_01843	241	251	243	279	286	246
AENJPLPP_01844	370	394	401	655	683	656
AENJPLPP_01845	63	94	94	203	185	172
AENJPLPP_01846	3613	3669	3620	2347	2214	2019
AENJPLPP_01847	2806	3431	3271	1951	1874	1910
AENJPLPP_01848	594	738	601	951	885	845
AENJPLPP_01849	592	717	645	757	765	672
AENJPLPP_01850	2032	2582	2133	2866	2640	2177
AENJPLPP_01851	2158	2261	2258	1924	1976	1738
AENJPLPP_01852	5916	6457	5709	4242	4119	3693
AENJPLPP_01853	3784	4999	4428	8739	9942	10195
AENJPLPP_01854	893	977	1053	524	529	469
AENJPLPP_01855	298	368	351	1404	1453	1337
AENJPLPP_01856	57	82	79	448	335	409
AENJPLPP_01857	738	845	794	787	732	582
AENJPLPP_01858	2335	2705	2663	989	1013	838
AENJPLPP_01859	3277	3599	3634	1505	1588	1284
AENJPLPP_01860	219	257	240	92	84	98
AENJPLPP_01861	9874	10485	8636	1367	1255	1060
AENJPLPP_01862	3567	3756	3297	252	215	188
AENJPLPP_01863	2770	2892	2530	160	146	156
AENJPLPP_01864	426	503	432	1302	1193	1208
AENJPLPP_01865	314	365	317	253	249	205
AENJPLPP_01866	317	305	331	83	57	69
AENJPLPP_01867	17	21	11	32	24	23
AENJPLPP_01868	314	391	355	845	872	688
AENJPLPP_01869	276	334	294	476	488	432
AENJPLPP_01870	14	32	34	22	31	22
AENJPLPP_01871	34	48	40	45	67	62
AENJPLPP_01872	1144	1096	1104	89	77	79
AENJPLPP_01873	664	708	705	239	216	203
AENJPLPP_01874	206	220	226	70	61	72
AENJPLPP_01875	107	113	93	54	61	51
AENJPLPP_01876	83	95	76	54	47	47
AENJPLPP_01877	104	137	107	96	83	63
AENJPLPP_01878	8	11	11	11	6	7
AENJPLPP_01879	58	73	72	105	85	91
AENJPLPP_01880	3	12	15	8	11	7
AENJPLPP_01881	2	3	3	7	4	3
AENJPLPP_01882	17	26	30	35	32	22
AENJPLPP_01883	0	5	5	13	10	12
AENJPLPP_01884	1836	2250	2020	2352	2648	2194
AENJPLPP_01885	1785	2118	1802	2344	2351	2056
AENJPLPP_01886	1636	2006	1811	10238	11522	11263
AENJPLPP_01887	1113	1332	1327	9247	7334	6916
AENJPLPP_01888	7525	8117	7640	5021	5020	4471
AENJPLPP_01889	3026	3674	3374	2535	2708	2407
AENJPLPP_01890	671	788	774	2352	1979	1660
AENJPLPP_01891	201	257	226	580	563	515
AENJPLPP_01892	1414	1448	1363	3214	3047	2757
AENJPLPP_01893	1237	1307	1250	2219	1788	1631
AENJPLPP_01894	95	81	98	160	166	174
AENJPLPP_01895	5767	6785	6383	7097	7636	6919
AENJPLPP_01896	2302	2612	2486	2240	1931	1782
AENJPLPP_01897	7774	8605	7717	8064	7009	6840
AENJPLPP_01898	934	1048	1036	3185	3212	2935
AENJPLPP_01899	988	1060	1012	1920	2149	1881
AENJPLPP_01900	499	505	477	441	421	382
AENJPLPP_01901	747	752	781	300	312	262
AENJPLPP_01902	5501	6850	6529	6129	6660	6036
AENJPLPP_01903	2345	2798	2782	106	111	100
AENJPLPP_01904	3128	3357	3588	132	120	118
AENJPLPP_01905	574	694	648	153	171	145
AENJPLPP_01906	795	1000	879	1025	1008	840
AENJPLPP_01907	1144	1138	1017	1410	1318	1263
AENJPLPP_01908	7087	7890	7175	6299	6012	5678
AENJPLPP_01909	556	636	552	2003	1769	1813
AENJPLPP_01910	1659	1798	1719	822	969	831
AENJPLPP_01911	172	202	186	1275	1445	1317
AENJPLPP_01912	60	79	64	141	192	168
AENJPLPP_01913	1381	1534	1492	1231	1349	1264
AENJPLPP_01914	4042	4176	4125	9686	8980	7580
AENJPLPP_01915	509	542	511	1294	1077	1049
AENJPLPP_01916	1439	1493	1343	2959	2758	2471
AENJPLPP_01917	356	402	401	2139	2413	2214
AENJPLPP_01918	667	692	661	2427	2236	1866
AENJPLPP_01919	2415	2683	2400	3480	3178	3076
AENJPLPP_01920	1555	1907	1601	2007	2139	1941
AENJPLPP_01921	6888	7485	6669	4654	4432	3950
AENJPLPP_01922	3680	4034	3548	2218	2144	2019
AENJPLPP_01923	2061	2362	2239	1811	1827	1497
AENJPLPP_01924	8892	11185	9517	6426	6260	5355
AENJPLPP_01925	1496	1832	1665	862	993	888
AENJPLPP_01926	343	389	306	418	452	424
AENJPLPP_01927	61	76	67	147	151	132
AENJPLPP_01928	312	323	358	506	542	467
AENJPLPP_01929	277	282	321	352	350	341
AENJPLPP_01930	3	2	3	12	7	10
AENJPLPP_01931	23	35	16	69	79	61
AENJPLPP_01932	5	8	8	21	25	19
AENJPLPP_01933	9	16	18	66	70	73
AENJPLPP_01934	1187	1356	1151	2174	2286	2002
AENJPLPP_01935	1549	1809	1491	2279	2197	2074
AENJPLPP_01936	7824	8488	7773	8180	8465	7531
AENJPLPP_01937	0	2	2	0	3	1
AENJPLPP_01938	227	238	226	298	297	303
AENJPLPP_01939	61	60	57	93	96	103
AENJPLPP_01940	29	26	25	48	67	52
AENJPLPP_01941	122	158	100	119	135	108
AENJPLPP_01942	1998	2426	2092	14805	16284	14313
AENJPLPP_01943	240	264	225	100	120	106
AENJPLPP_01944	2072	2384	2008	1396	1253	1056
AENJPLPP_01945	123	133	126	109	107	83
AENJPLPP_01946	31	33	34	6	22	11
AENJPLPP_01947	22	42	33	18	27	19
AENJPLPP_01948	129	144	157	118	144	121
AENJPLPP_01949	390	421	438	347	419	389
AENJPLPP_01950	105	135	123	273	229	283
AENJPLPP_01951	22	25	28	33	50	43
AENJPLPP_01952	832	958	881	537	570	541
AENJPLPP_01953	2817	3135	2857	1370	1485	1404
AENJPLPP_01954	3141	3481	3827	991	1099	788
AENJPLPP_01955	2	1	3	2	1	1
AENJPLPP_01956	255	287	285	160	144	121
AENJPLPP_01957	266	337	314	382	346	310
AENJPLPP_01958	776	1052	922	522	592	502
AENJPLPP_01959	960	1165	1041	640	572	522
AENJPLPP_01960	357	383	358	140	156	134
AENJPLPP_01961	93	126	130	4089	3761	3825
AENJPLPP_01962	239	275	267	5497	5504	5000
AENJPLPP_01963	421	481	419	7029	6555	6132
AENJPLPP_01964	534	601	501	715	805	711
AENJPLPP_01965	1260	1508	1197	1489	1491	1473
AENJPLPP_01966	265	243	264	650	639	643
AENJPLPP_01967	297	336	307	713	743	691
AENJPLPP_01968	272	347	275	1142	1080	1089
AENJPLPP_01969	1053	1231	1157	1670	1897	1657
AENJPLPP_01970	102	133	114	94	90	90
AENJPLPP_01971	4756	5163	4729	1042	955	896
AENJPLPP_01972	620	726	779	4052	3864	3621
AENJPLPP_01973	1441	1629	1532	6095	5371	4969
AENJPLPP_01974	780	915	880	1607	1476	1432
AENJPLPP_01975	44	57	46	116	88	100
AENJPLPP_01976	24	29	20	48	44	34
AENJPLPP_01977	76	72	65	126	137	148
AENJPLPP_01978	91	106	108	127	170	121
AENJPLPP_01979	1808	2221	1930	1760	1807	1578
AENJPLPP_01980	3149	3471	3078	674	712	673
AENJPLPP_01981	2328	2959	2605	198	158	154
AENJPLPP_01982	2043	2169	2105	648	667	523
AENJPLPP_01983	3648	4692	3912	5123	5152	4351
AENJPLPP_01984	813	956	862	597	570	499
AENJPLPP_01985	2370	2587	2621	848	804	751
AENJPLPP_01986	1294	1369	1261	1229	1227	1153
AENJPLPP_01987	80	93	88	101	97	97
AENJPLPP_01988	173	192	198	308	270	269
AENJPLPP_01989	549	629	620	892	716	661
AENJPLPP_01990	629	728	649	1649	1400	1306
AENJPLPP_01991	3775	4143	3852	5133	4869	4229
AENJPLPP_01992	901	1114	980	1044	1095	958
AENJPLPP_01993	1384	1747	1587	1739	1972	1778
AENJPLPP_01994	80	99	83	183	249	201
AENJPLPP_01995	1414	1676	1570	4546	4386	3880
AENJPLPP_01996	2558	2938	2719	4983	4698	4344
AENJPLPP_01997	1667	1878	1803	2700	2904	2747
AENJPLPP_01998	321	333	355	1789	1774	1597
AENJPLPP_01999	521	632	566	2638	2593	2433
AENJPLPP_02000	176	201	168	557	548	472
AENJPLPP_02001	519	587	520	1379	1161	1134
AENJPLPP_02002	856	983	993	1533	1739	1434
AENJPLPP_02003	3697	4084	3799	5433	5120	4615
AENJPLPP_02004	657	767	641	548	553	512
AENJPLPP_02005	2691	3181	2917	2808	2678	2478
AENJPLPP_02006	450	528	478	570	605	578
AENJPLPP_02007	1890	2103	1945	7334	7576	6780
AENJPLPP_02008	325	409	391	553	432	343
AENJPLPP_02009	884	1019	889	811	637	594
AENJPLPP_02010	1121	1300	1151	707	713	673
AENJPLPP_02011	1250	1413	1265	1076	1009	1029
AENJPLPP_02012	1072	1270	1050	642	649	587
AENJPLPP_02013	2185	2438	2215	6818	6243	5491
AENJPLPP_02014	62	48	67	38	35	28
AENJPLPP_02015	107	122	122	114	162	119
AENJPLPP_02016	1850	1962	1805	825	876	751
AENJPLPP_02017	350	420	381	452	457	403
AENJPLPP_02018	677	829	961	1010	922	811
AENJPLPP_02019	2976	3368	3118	1962	1931	1912
AENJPLPP_02020	1329	1499	1350	1030	930	882
AENJPLPP_02021	560	629	534	474	510	445
AENJPLPP_02022	741	893	851	791	721	718
AENJPLPP_02023	1251	1533	1340	1288	1251	1028
AENJPLPP_02024	1004	1227	1090	830	873	803
AENJPLPP_02025	111	127	96	641	580	549
AENJPLPP_02026	672	761	652	1596	1198	1111
AENJPLPP_02027	443	512	460	759	638	621
AENJPLPP_02028	559	676	619	1090	920	871
AENJPLPP_02029	1256	1730	1485	2479	2247	2024
AENJPLPP_02030	3269	3785	3402	8787	9303	8000
AENJPLPP_02031	4666	4600	4893	185	169	141
AENJPLPP_02032	1547	1702	1743	85	71	57
AENJPLPP_02033	1448	1684	1833	137	159	108
AENJPLPP_02034	274	292	332	144	131	116
AENJPLPP_02035	125	137	128	297	320	289
AENJPLPP_02036	66	87	60	265	236	243
AENJPLPP_02037	54	84	73	270	230	183
AENJPLPP_02038	272	288	287	456	580	534
AENJPLPP_02039	10	17	7	68	78	69
AENJPLPP_02040	55	62	73	183	214	176
AENJPLPP_02041	17	21	16	38	42	52
AENJPLPP_02042	346	422	354	580	536	504
AENJPLPP_02043	843	1038	925	1887	1913	1752
AENJPLPP_02044	1	2	3	4	3	5
AENJPLPP_02045	6830	7878	9195	9256	9219	8347
AENJPLPP_02046	39209	44982	48516	41196	41369	38085
AENJPLPP_02047	224	288	258	365	368	370
AENJPLPP_02048	1273	1431	1352	8138	7781	7137
AENJPLPP_02049	34927	45197	38256	206657	227173	198157
AENJPLPP_02050	3872	4258	4280	6103	5496	4550
AENJPLPP_02051	1992	2233	2155	3075	2815	2405
AENJPLPP_02052	5277	6227	5750	25099	31431	27913
AENJPLPP_02053	17	13	15	10	15	7
AENJPLPP_02054	32	45	29	31	24	19
AENJPLPP_02055	53	76	72	36	37	43
AENJPLPP_02056	134	149	166	83	73	71
AENJPLPP_02057	2400	3110	2601	514	470	392
AENJPLPP_02058	90	117	93	400	541	384
AENJPLPP_02059	2	1	4	45	56	37
AENJPLPP_02060	291	370	346	669	690	624
AENJPLPP_02061	6533	7170	6470	2887	2951	2659
AENJPLPP_02062	5515	6340	6050	2485	2292	2037
AENJPLPP_02063	8399	9970	8940	2974	3121	2800
AENJPLPP_02064	4381	4756	4450	8582	8404	7995
AENJPLPP_02065	748	933	878	1317	1522	1356
AENJPLPP_02066	3007	3285	2928	4857	4730	4361
AENJPLPP_02067	4032	4355	4124	5786	5742	5160
AENJPLPP_02068	1747	2047	1728	1573	1563	1596
AENJPLPP_02069	1692	1870	1749	3483	3622	3475
AENJPLPP_02070	4933	6358	5548	5814	5655	5533
AENJPLPP_02071	956	1078	949	816	893	978
AENJPLPP_02072	537	650	596	1356	1455	1285
AENJPLPP_02073	1950	2197	2026	1154	1119	960
AENJPLPP_02074	538	626	711	1598	1451	1408
AENJPLPP_02075	5699	6232	6536	8946	8319	7833
AENJPLPP_02076	1070	1240	1141	638	566	594
AENJPLPP_02077	5040	5679	5122	2867	2845	2754
AENJPLPP_02078	468	586	542	2668	3200	2678
AENJPLPP_02079	882	1225	975	3267	3278	3124
AENJPLPP_02080	335	428	334	1318	1554	1186
AENJPLPP_02081	814	1077	807	2067	2041	1993
AENJPLPP_02082	444	530	462	1285	1194	987
AENJPLPP_02083	4235	4992	4462	3564	3563	3265
AENJPLPP_02084	3404	4141	3609	2569	2261	2164
AENJPLPP_02085	2720	3000	2584	2334	2344	2272
AENJPLPP_02086	5501	6088	5470	4278	4119	3860
AENJPLPP_02087	507	559	535	1721	1896	1687
AENJPLPP_02088	61	73	59	184	228	199
AENJPLPP_02089	906	1126	975	2685	2843	2682
AENJPLPP_02091	50	60	51	200	217	222
AENJPLPP_02092	527	585	627	5377	5357	4525
AENJPLPP_02093	479	559	457	347	370	363
AENJPLPP_02094	10542	11777	10816	66284	74524	62893
AENJPLPP_02095	4434	4698	4439	22588	24930	21721
AENJPLPP_02096	16991	18106	16267	72267	65804	59338
AENJPLPP_02097	10661	12284	11749	7896	8279	7366
AENJPLPP_02098	11462	12130	10940	5513	5523	5059
AENJPLPP_02099	32976	35029	32630	12980	13411	11440
AENJPLPP_02100	7651	8707	8234	5607	5408	5168
AENJPLPP_02101	6247	7764	6811	5664	5513	5628
AENJPLPP_02102	649	727	655	412	412	451
AENJPLPP_02103	560	604	613	866	760	718
AENJPLPP_02104	9617	10889	10199	6734	6732	5754
AENJPLPP_02105	17916	19548	19196	10661	11796	9837
AENJPLPP_02106	4510	6176	5447	3353	4043	3697
AENJPLPP_02107	2664	3079	2886	1857	1780	1703
AENJPLPP_02108	4199	4546	4189	2770	2748	2637
AENJPLPP_02109	411	413	354	383	385	400
AENJPLPP_02110	2125	2489	2128	1986	1938	1857
AENJPLPP_02111	2658	2978	2578	2356	2486	2266
AENJPLPP_02112	1664	1887	1466	1746	1658	1560
AENJPLPP_02113	10293	11696	10576	9135	9063	8146
AENJPLPP_02114	109	122	111	86	67	76
AENJPLPP_02115	916	1019	1037	528	610	511
AENJPLPP_02116	84	116	113	126	118	127
AENJPLPP_02117	3629	4493	3870	3871	3422	3177
AENJPLPP_02118	7768	9368	9503	7352	7150	6269
AENJPLPP_02119	1639	1890	1758	968	1160	1047
AENJPLPP_02120	6342	7100	6845	14650	13079	11397
AENJPLPP_02121	2388	2853	2477	5311	5183	4672
AENJPLPP_02122	1602	1914	1591	4412	4451	3982
AENJPLPP_02123	1957	2229	1962	3852	3325	3151
AENJPLPP_02124	4986	5774	4917	7824	8220	7752
AENJPLPP_02125	14474	17359	15724	30036	28422	25150
AENJPLPP_02126	15204	16801	15625	21782	19598	19002
AENJPLPP_02127	5453	6025	5655	4656	4243	4121
AENJPLPP_02128	11516	13438	12202	10113	10150	8550
AENJPLPP_02129	17143	19968	18675	16336	15740	13562
AENJPLPP_02130	18668	19552	17181	18981	19419	16159
AENJPLPP_02131	2445	2969	2646	14223	14397	13379
AENJPLPP_02132	2910	3403	3199	6486	6476	5937
AENJPLPP_02133	559	629	550	1605	1785	1861
AENJPLPP_02134	308	344	319	352	307	296
AENJPLPP_02135	1305	1452	1338	1713	2018	1862
AENJPLPP_02136	1854	2214	2039	2388	2543	2428
AENJPLPP_02137	2693	3020	2788	3646	3700	3236
AENJPLPP_02138	3320	3996	3690	2271	2372	1960
AENJPLPP_02139	2837	2853	3452	86	82	68
AENJPLPP_02140	4401	5223	6246	131	157	99
AENJPLPP_02141	5822	6406	8722	201	189	153
AENJPLPP_02142	179	168	217	7	5	2
AENJPLPP_02143	57	42	53	2	1	1
AENJPLPP_02144	54	62	68	6	4	4
AENJPLPP_02145	451	553	525	335	302	244
AENJPLPP_02146	1210	1976	1525	265	306	330
AENJPLPP_02148	809	1024	877	576	639	581
AENJPLPP_02149	177	238	231	142	148	137
AENJPLPP_02150	613	796	697	693	723	666
AENJPLPP_02151	593	774	625	1184	1138	1028
AENJPLPP_02152	218	254	218	384	375	336
AENJPLPP_02153	391	432	403	471	486	451
AENJPLPP_02154	874	1078	996	1172	1358	1251
AENJPLPP_02155	1876	2283	2008	106	128	118
AENJPLPP_02156	171	254	182	12	17	16
AENJPLPP_02157	291	439	302	43	38	36
AENJPLPP_02158	118	121	126	13	6	11
AENJPLPP_02159	956	1249	1137	211	203	204
AENJPLPP_02160	974	1196	1069	149	139	122
AENJPLPP_02161	319	394	324	40	59	33
AENJPLPP_02162	0	0	0	0	0	0
AENJPLPP_02163	508	585	500	77	80	86
AENJPLPP_02164	144	158	198	25	27	11
AENJPLPP_02165	16	17	36	6	4	3
AENJPLPP_02166	43	43	36	7	7	6
AENJPLPP_02167	169	174	172	38	32	23
AENJPLPP_02168	59	85	57	13	15	9
AENJPLPP_02169	157	191	174	29	36	18
AENJPLPP_02170	72	87	66	20	13	18
AENJPLPP_02171	0	0	0	0	0	0
AENJPLPP_02172	1	0	1	0	0	0
AENJPLPP_02173	0	0	0	0	0	0
AENJPLPP_02174	0	0	0	0	0	0
AENJPLPP_02175	0	0	0	0	0	0
AENJPLPP_02176	0	0	0	0	0	0
AENJPLPP_02177	9	15	22	19	30	23
AENJPLPP_02178	63	80	80	6	5	3
AENJPLPP_02179	76	71	69	18	15	14
AENJPLPP_02180	56	82	93	24	30	13
AENJPLPP_02181	54	60	57	15	8	14
AENJPLPP_02182	422	537	479	98	117	107
AENJPLPP_02183	278	358	277	32	34	29
AENJPLPP_02184	208	198	163	3	2	5
AENJPLPP_02185	403	475	388	49	50	41
AENJPLPP_02186	340	355	348	13	17	18
AENJPLPP_02187	90	131	107	2	4	2
AENJPLPP_02188	41	42	32	2	0	1
AENJPLPP_02189	13	17	11	0	0	0
AENJPLPP_02190	129	168	149	5	6	9
AENJPLPP_02191	310	339	320	23	13	21
AENJPLPP_02192	51	65	62	2	1	2
AENJPLPP_02193	1001	1261	1092	84	74	96
AENJPLPP_02194	0	0	0	1	0	0
AENJPLPP_02195	71	81	74	14	11	8
AENJPLPP_02196	222	295	267	78	69	88
AENJPLPP_02197	410	447	443	155	211	147
AENJPLPP_02198	216	235	191	102	101	79
AENJPLPP_02199	0	0	0	0	0	0
AENJPLPP_02200	0	0	0	0	0	0
AENJPLPP_02201	0	0	0	0	0	0
AENJPLPP_02202	0	0	0	0	0	0
AENJPLPP_02203	0	0	0	0	0	0
AENJPLPP_02205	0	0	0	0	0	0
AENJPLPP_02206	0	0	0	0	0	0
AENJPLPP_02207	0	0	0	0	0	0
AENJPLPP_02208	0	0	0	0	0	0
AENJPLPP_02209	0	0	0	0	0	0
AENJPLPP_02210	0	0	0	0	0	0
AENJPLPP_02211	25	33	32	46	46	33
AENJPLPP_02212	84	65	84	71	80	87
AENJPLPP_02213	0	0	1	0	1	0
AENJPLPP_02214	35	56	30	31	22	27
AENJPLPP_02215	494	570	494	225	225	229
AENJPLPP_02216	482	556	459	432	492	417
AENJPLPP_02217	432	533	437	453	409	396
AENJPLPP_02218	3530	4390	3570	6086	5989	5545
AENJPLPP_02219	5262	6159	5291	5831	5262	4709
AENJPLPP_02220	372	420	410	340	293	269
AENJPLPP_02221	46	41	42	60	51	42
AENJPLPP_02222	26	36	34	40	29	27
AENJPLPP_02223	42	54	40	51	59	47
AENJPLPP_02224	35	39	39	37	35	25
AENJPLPP_02225	8	22	19	14	23	16
AENJPLPP_02226	213	225	220	199	184	151
AENJPLPP_02227	151	196	151	126	135	151
AENJPLPP_02228	698	859	804	951	923	860
AENJPLPP_02229	230	224	223	152	146	159
AENJPLPP_02230	18	27	22	47	35	40
AENJPLPP_02231	4	3	2	4	9	1
AENJPLPP_02232	33	43	44	54	47	31
AENJPLPP_02233	289	310	293	275	223	203
AENJPLPP_02234	1170	1330	1250	1733	966	923
AENJPLPP_02235	823	969	797	1400	1198	1262
AENJPLPP_02236	94	95	94	69	55	51
AENJPLPP_02237	1049	1119	1108	1102	948	876
AENJPLPP_02238	1247	1400	1265	784	973	791
AENJPLPP_02239	3037	3352	3239	1791	1666	1531
AENJPLPP_02240	1212	1571	1372	4116	4775	4075
AENJPLPP_02241	143	171	190	119	139	121
AENJPLPP_02242	137	137	162	526	503	486
AENJPLPP_02243	396	478	412	948	1008	1033
AENJPLPP_02244	22	28	25	39	23	34
AENJPLPP_02245	825	950	838	1595	1517	1295
AENJPLPP_02246	4360	4942	4603	2992	2904	2618
AENJPLPP_02247	565	684	594	628	605	551
AENJPLPP_02248	3719	4705	4093	4625	4656	4334
AENJPLPP_02249	92	115	108	51	57	56
AENJPLPP_02250	307	369	301	242	273	225
AENJPLPP_02251	181	226	177	231	229	213
AENJPLPP_02252	95	105	87	111	101	96
AENJPLPP_02253	12	18	15	50	66	57
AENJPLPP_02254	11	14	13	41	36	28
AENJPLPP_02255	23	33	46	4	8	12
AENJPLPP_02256	5	1	4	2	0	4
AENJPLPP_02257	17	21	13	37	31	37
AENJPLPP_02258	1049	1202	1100	1801	1845	1669
AENJPLPP_02259	1217	1464	1405	3343	3509	3323
AENJPLPP_02260	753	845	766	618	579	527
AENJPLPP_02261	639	677	590	425	441	412
AENJPLPP_02262	3188	3548	3224	2099	2110	1884
AENJPLPP_02263	3198	3515	3193	2362	2667	2355
AENJPLPP_02264	586	646	579	511	527	491
AENJPLPP_02265	80	109	84	70	81	94
AENJPLPP_02266	1708	2216	2137	1693	1757	1571
AENJPLPP_02267	31	21	26	46	37	37
AENJPLPP_02268	59	68	70	64	54	78
AENJPLPP_02269	652	781	678	2319	2507	2399
AENJPLPP_02270	2699	3112	2708	6851	6777	5870
AENJPLPP_02271	359	422	365	1711	1541	1509
AENJPLPP_02272	658	768	608	2912	2820	2623
AENJPLPP_02273	129	206	133	244	329	380
AENJPLPP_02274	7677	9316	8473	6219	5673	5105
AENJPLPP_02275	6911	7665	6974	1753	2064	1652
AENJPLPP_02276	4866	5753	5207	3535	3405	3029
AENJPLPP_02277	1317	1815	1565	367	412	390
AENJPLPP_02279	1766	2308	2074	498	555	519
AENJPLPP_02280	27	53	37	147	165	157
AENJPLPP_02281	375	520	465	271	329	227
AENJPLPP_02282	2483	2892	2518	7104	7354	6247
AENJPLPP_02283	390	490	451	310	284	281
AENJPLPP_02284	123	135	126	276	314	270
AENJPLPP_02285	103	158	102	230	241	241
AENJPLPP_02286	392	446	416	909	976	876
AENJPLPP_02287	2017	2097	2046	1881	1787	1524
AENJPLPP_02288	4735	5227	4731	7841	6950	6465
AENJPLPP_02289	1292	1422	1488	3669	3886	3474
AENJPLPP_02290	3807	4886	4445	472	451	427
AENJPLPP_02291	421	415	415	228	267	202
AENJPLPP_02292	130683	150215	134378	1200	965	817
AENJPLPP_02293	7112	7760	7204	92	96	95
AENJPLPP_02294	11193	14442	12873	134	113	99
AENJPLPP_02295	10088	12822	10807	158	145	157
AENJPLPP_02296	20900	25245	21728	432	386	376
AENJPLPP_02297	18609	21774	18162	415	373	346
AENJPLPP_02298	25344	30382	25767	611	575	485
AENJPLPP_02299	4088	5195	4676	2337	2367	2204
AENJPLPP_02300	229	442	403	205	354	300
AENJPLPP_02301	11360	12710	11529	21304	20551	18994
AENJPLPP_02302	543	659	645	533	495	545
AENJPLPP_02303	1253	1508	1338	2358	2028	2030
AENJPLPP_02304	616	643	621	1238	1435	1289
AENJPLPP_02305	707	698	607	1175	1088	1053
AENJPLPP_02306	1343	1534	1366	2744	2824	2529
AENJPLPP_02307	15661	20302	19268	474	444	325
AENJPLPP_02308	1933	2321	2326	480	509	475
AENJPLPP_02309	646	700	684	165	164	148
AENJPLPP_02310	162653	163676	167317	13587	13151	11333
AENJPLPP_02311	1937	2141	1933	2034	1953	1871
AENJPLPP_02312	1691	2008	1807	2193	2466	2267
AENJPLPP_02313	36	44	42	14	13	16
AENJPLPP_02314	98	126	112	129	139	114
AENJPLPP_02315	25	25	41	0	3	4
AENJPLPP_02316	27	36	50	12	6	5
AENJPLPP_02317	20	16	17	2	9	10
AENJPLPP_02318	11	8	13	10	21	11
AENJPLPP_02319	11	28	13	58	52	34
AENJPLPP_02320	45	44	25	68	76	63
AENJPLPP_02321	2098	2464	2174	3210	3151	2857
AENJPLPP_02322	4	12	5	2	3	4
AENJPLPP_02323	2797	2982	2761	3658	3222	2918
AENJPLPP_02324	469	505	510	724	707	635
AENJPLPP_02325	11	10	8	111	117	91
AENJPLPP_02326	6165	7249	6605	10600	10165	9002
AENJPLPP_02327	3606	4383	3748	6848	6000	5544
AENJPLPP_02328	16808	16584	15248	2607	2376	2584
AENJPLPP_02329	15	18	16	25	28	21
AENJPLPP_02330	16	8	17	28	39	24
AENJPLPP_02331	14218	15563	14763	13578	12916	11525
AENJPLPP_02332	78	72	82	91	100	92
AENJPLPP_02333	1296	1284	1304	1365	1329	1080
AENJPLPP_02334	1226	1309	1272	1324	1180	1044
AENJPLPP_02335	1839	2035	1776	1813	1768	1524
AENJPLPP_02336	2759	3220	2903	4681	4810	4433
AENJPLPP_02337	5559	6264	5843	5656	5750	5561
AENJPLPP_02338	24	32	43	162	129	159
AENJPLPP_02339	16	20	19	95	111	110
AENJPLPP_02340	479	555	452	2022	1920	1822
AENJPLPP_02341	4657	5744	4693	1056	936	1101
AENJPLPP_02342	280	401	337	242	282	262
AENJPLPP_02343	478	562	442	1059	1098	993
AENJPLPP_02344	117	122	142	47	31	60
AENJPLPP_02345	1104	1149	1147	1174	1103	973
AENJPLPP_02346	1631	1927	1658	2795	2717	2622
AENJPLPP_02347	2575	2873	2763	2900	2895	2714
AENJPLPP_02348	758	869	794	963	1007	981
AENJPLPP_02349	1051	1187	1023	510	497	438
AENJPLPP_02350	974	1117	1075	576	549	547
AENJPLPP_02351	3924	4359	4144	8305	7022	6147
AENJPLPP_02352	1095	1414	1166	1148	1203	1066
AENJPLPP_02353	469	564	477	958	875	889
AENJPLPP_02354	9581	11237	9532	2155	2054	1980
AENJPLPP_02356	1	6	0	3	0	0
AENJPLPP_02357	2	4	4	0	1	0
AENJPLPP_02358	724	937	764	120	129	137
AENJPLPP_02359	157	168	176	68	85	78
AENJPLPP_02362	584	629	555	168	147	147
AENJPLPP_02363	10018	12585	11205	2099	2123	1790
AENJPLPP_02364	637	674	650	414	363	323
AENJPLPP_02365	1054	1156	1163	1041	1015	927
AENJPLPP_02366	701	802	831	2118	1978	1813
AENJPLPP_02367	1739	2171	1837	838	826	784
AENJPLPP_02368	1945	2188	1992	1014	816	855
AENJPLPP_02369	1419	1726	1566	918	973	813
AENJPLPP_02370	19778	21630	20362	33135	33179	30961
AENJPLPP_02371	865	960	955	2710	2860	2491
AENJPLPP_02372	302	425	355	726	750	695
AENJPLPP_02373	1854	2047	1839	3265	3134	2657
AENJPLPP_02374	574	797	648	132	137	144
AENJPLPP_02375	8782	10076	8728	20087	20213	18016
AENJPLPP_02376	2443	2696	2296	2599	2736	2354
AENJPLPP_02377	1363	1586	1342	1075	1013	933
AENJPLPP_02378	81	106	99	370	350	313
AENJPLPP_02379	25316	31761	29611	38343	38764	34523
AENJPLPP_02380	8641	9509	9076	12578	13377	12023
AENJPLPP_02381	1121	1473	1337	2111	2664	2442
AENJPLPP_02382	1316	1565	1531	1974	1852	1893
AENJPLPP_02383	2130	2357	2323	3077	3203	2789
AENJPLPP_02384	727	804	810	603	517	504
AENJPLPP_02385	685	744	632	583	669	565
AENJPLPP_02386	1742	2040	1992	4351	4549	4128
AENJPLPP_02387	613	795	689	1271	1385	1375
AENJPLPP_02388	644	835	736	1076	1005	908
AENJPLPP_02389	1242	1382	1233	1259	1304	1143
AENJPLPP_02390	2600	2906	2571	1765	1709	1522
AENJPLPP_02391	25	15	19	18	13	9
AENJPLPP_02392	315	367	367	97	63	65
AENJPLPP_02393	696	812	779	404	415	343
AENJPLPP_02394	63	76	75	76	68	56
AENJPLPP_02395	31	21	28	24	11	18
AENJPLPP_02396	11	15	19	14	28	18
AENJPLPP_02397	14	15	16	29	26	22
AENJPLPP_02398	116	108	94	98	116	81
AENJPLPP_02399	119	116	108	99	95	104
AENJPLPP_02400	177	243	232	169	158	128
AENJPLPP_02401	4287	4852	4487	3193	3418	2860
AENJPLPP_02402	3315	3576	3394	3503	3634	3163
AENJPLPP_02403	304	420	346	77	75	94
AENJPLPP_02404	61	63	53	88	72	85
AENJPLPP_02405	79	81	76	103	141	116
AENJPLPP_02406	6	8	6	10	17	23
AENJPLPP_02407	131	184	141	187	196	166
AENJPLPP_02408	378	418	342	379	405	374
AENJPLPP_02409	325	411	355	204	215	239
AENJPLPP_02410	710	866	821	574	566	503
AENJPLPP_02412	988	1068	971	3341	3460	3038
AENJPLPP_02413	6446	6675	6220	2650	2552	2442
AENJPLPP_02414	11126	12111	11668	5218	4523	4035
AENJPLPP_02415	17134	19023	17860	7586	6957	5994
AENJPLPP_02416	1848	2289	2117	1596	1562	1504
AENJPLPP_02417	674	852	787	915	864	863
AENJPLPP_02418	2	3	5	10	14	4
AENJPLPP_02419	5	7	6	11	13	10
AENJPLPP_02420	0	2	0	2	0	2
AENJPLPP_02421	8	8	6	7	5	18
AENJPLPP_02422	1	1	1	9	4	4
AENJPLPP_02423	4	4	4	19	12	10
AENJPLPP_02424	22	24	40	71	62	49
AENJPLPP_02425	122	125	115	179	184	158
AENJPLPP_02426	27	30	27	65	61	67
AENJPLPP_02427	27	32	37	44	55	46
AENJPLPP_02428	1	1	1	3	3	4
AENJPLPP_02429	5	9	1	23	19	22
AENJPLPP_02430	0	1	5	5	7	2
AENJPLPP_02431	18	26	19	52	48	51
AENJPLPP_02432	108	120	105	323	307	281
AENJPLPP_02433	32	53	39	100	120	120
AENJPLPP_02434	3	5	3	4	6	7
AENJPLPP_02435	1691	2110	1922	2989	3001	2747
AENJPLPP_02436	216	296	247	205	205	163
AENJPLPP_02437	637	712	585	380	312	292
AENJPLPP_02438	34	47	39	40	38	36
AENJPLPP_02439	41	42	52	35	33	50
AENJPLPP_02440	375	473	386	194	232	190
AENJPLPP_02441	233	221	356	176	186	145
AENJPLPP_02442	11	17	13	6	7	5
AENJPLPP_02443	10	5	8	13	17	13
AENJPLPP_02444	2	5	7	9	10	8
AENJPLPP_02445	173	187	204	274	289	241
AENJPLPP_02446	538	645	593	425	467	424
AENJPLPP_02447	337	384	339	349	347	337
AENJPLPP_02448	323	326	327	516	465	393
AENJPLPP_02449	390	452	369	392	413	330
AENJPLPP_02450	412	461	429	885	800	758
AENJPLPP_02451	98	116	123	117	123	123
AENJPLPP_02452	498	563	508	711	684	607
AENJPLPP_02453	524	592	500	1270	1446	1344
AENJPLPP_02454	427	562	468	726	742	691
AENJPLPP_02455	10630	11794	10724	14078	13455	11878
AENJPLPP_02456	1798	2132	1970	2174	2107	1978
AENJPLPP_02457	2218	2456	2262	2227	2373	2051
AENJPLPP_02458	2661	3010	2704	2198	2045	1938
AENJPLPP_02459	5706	6717	6304	3277	3346	2983
AENJPLPP_02460	1801	1984	1992	2130	2146	1967
AENJPLPP_02461	1540	1664	1653	1185	1303	1199
AENJPLPP_02462	1333	1582	1382	1937	1677	1560
AENJPLPP_02463	6947	7723	6879	8343	8155	7234
AENJPLPP_02464	782	924	838	827	743	812
AENJPLPP_02465	1804	2002	1835	1843	1988	1791
AENJPLPP_02466	5545	5999	5650	5110	4545	4121
AENJPLPP_02467	1421	1570	1427	1418	1331	1216
AENJPLPP_02468	9229	10639	9784	11791	10593	9737
AENJPLPP_02469	12589	14114	12931	12708	11301	9985
AENJPLPP_02470	7128	7598	7122	6116	5469	5248
AENJPLPP_02471	5385	6162	5631	6623	5321	5256
AENJPLPP_02472	57	78	76	185	185	193
AENJPLPP_02473	24	28	35	169	153	133
AENJPLPP_02474	90	110	104	211	192	175
AENJPLPP_02475	4406	5956	5336	1814	1892	1820
AENJPLPP_02476	339	376	366	374	310	292
AENJPLPP_02477	1172	1331	1261	2359	2246	1871
AENJPLPP_02478	1459	1628	1572	1783	1778	1560
AENJPLPP_02479	158	193	207	425	420	376
AENJPLPP_02480	466	501	450	617	540	522
AENJPLPP_02481	7292	8325	7363	21570	18937	17915
AENJPLPP_02482	142	163	148	106	91	94
AENJPLPP_02483	355	429	370	275	331	257
AENJPLPP_02484	502	624	533	387	433	401
AENJPLPP_02486	2510	2887	2581	651	725	686
AENJPLPP_02487	1776	2227	2301	7806	7475	7220
AENJPLPP_02488	53200	65219	60923	152999	180528	170145
AENJPLPP_02489	33288	39090	36488	70728	66650	61755
AENJPLPP_02490	21144	22649	22036	73769	69746	59599
AENJPLPP_02491	46987	55096	50228	111986	111190	107250
AENJPLPP_02492	1	2	0	0	1	0
AENJPLPP_02493	0	0	0	0	0	0
AENJPLPP_02494	2	4	5	5	3	5
AENJPLPP_02495	2203	2435	2314	1329	1403	1240
AENJPLPP_02496	1472	1988	1776	3553	2668	2748
AENJPLPP_02497	5219	5638	5363	10626	8461	7866
AENJPLPP_02498	1463	1597	1418	1083	1056	973
AENJPLPP_02499	1599	1715	1528	789	942	796
AENJPLPP_02500	1993	2589	2273	1602	1795	1855
AENJPLPP_02501	1060	1130	1098	808	835	707
AENJPLPP_02502	8968	10113	9291	7789	7362	6352
AENJPLPP_02503	1113	1445	1241	1113	1226	1152
AENJPLPP_02504	4364	5274	4771	5863	5969	5819
AENJPLPP_02505	1404	1531	1411	1939	1929	1774
AENJPLPP_02506	3298	3567	3217	5390	4819	4695
AENJPLPP_02507	2443	2836	2255	3232	3318	3321
AENJPLPP_02508	16169	18464	16240	19775	20301	18152
AENJPLPP_02509	8385	10181	8434	13950	14721	11801
AENJPLPP_02510	13401	14942	13231	16640	17728	16411
AENJPLPP_02511	7498	7691	6973	7454	7156	6129
AENJPLPP_02512	1488	1601	1547	1344	1167	1262
AENJPLPP_02513	15046	16214	16048	16228	17062	15340
AENJPLPP_02514	789	785	855	857	695	669
AENJPLPP_02515	514	524	573	470	443	420
AENJPLPP_02516	420	485	461	427	325	321
AENJPLPP_02517	154	189	161	174	167	132
AENJPLPP_02518	149	182	171	646	526	587
AENJPLPP_02521	4483	6221	6029	1053	1267	1106
AENJPLPP_02522	881	1084	960	774	754	735
AENJPLPP_02523	637	710	626	476	554	506
AENJPLPP_02524	123	152	135	160	144	139
AENJPLPP_02525	435	574	596	418	426	403
AENJPLPP_02526	32	31	36	92	101	77
AENJPLPP_02527	37	37	42	97	114	110
AENJPLPP_02528	36893	43226	41169	8292	9142	7558
AENJPLPP_02529	18716	21248	19157	15905	15184	13576
AENJPLPP_02530	2234	2440	2211	3489	3101	2858
AENJPLPP_02531	4269	5097	4655	3848	3485	3140
AENJPLPP_02532	6125	6319	5758	3357	3401	3203
AENJPLPP_02533	1493	1770	1631	1335	1326	1219
AENJPLPP_02534	1380	1541	1307	1203	1170	1022
AENJPLPP_02535	2723	3215	2934	1499	1429	1299
AENJPLPP_02536	2104	2202	2008	942	846	783
AENJPLPP_02537	3901	4782	4199	2205	2207	2120
AENJPLPP_02538	3155	3602	3204	2122	1978	1853
AENJPLPP_02539	4622	5365	4871	2590	3199	2836
AENJPLPP_02540	170	221	206	257	243	237
AENJPLPP_02541	37	68	50	108	103	111
AENJPLPP_02542	9936	10964	10171	8413	8286	8044
AENJPLPP_02543	1864	2348	2332	1677	1674	1533
AENJPLPP_02544	226	245	240	165	161	164
AENJPLPP_02545	0	0	0	1	1	3
AENJPLPP_02546	2456	2462	2362	2271	2093	1736
AENJPLPP_02547	1247	1513	1421	1305	1407	1248
AENJPLPP_02548	6414	7304	6708	4681	4450	4021
AENJPLPP_02549	8123	8908	8185	5413	5465	4836
AENJPLPP_02550	1596	1855	1734	771	786	724
AENJPLPP_02551	15888	17690	16814	5966	5811	4941
AENJPLPP_02552	3794	4503	3889	4291	4220	4088
AENJPLPP_02553	9176	10611	9701	14612	14649	13457
AENJPLPP_02554	16844	19858	18379	9382	9662	8577
AENJPLPP_02555	481	561	457	3735	3790	3376
AENJPLPP_02556	1	0	0	1	1	1
AENJPLPP_02557	369	451	452	458	528	508
AENJPLPP_02558	2273	2617	2485	4118	5301	4220
AENJPLPP_02559	1256	1351	1388	1845	1622	1576
AENJPLPP_02560	3044	3482	3286	1033	971	899
AENJPLPP_02561	2940	3458	3166	1040	1030	929
AENJPLPP_02562	50	37	47	28	20	18
AENJPLPP_02563	78	92	114	129	142	105
AENJPLPP_02564	75	95	86	96	134	112
AENJPLPP_02565	830	982	867	237	218	187
AENJPLPP_02566	749	821	710	350	366	307
AENJPLPP_02567	3020	3249	3213	4651	4334	4048
AENJPLPP_02568	8159	8590	8380	14831	13669	11619
AENJPLPP_02569	214	266	228	458	452	465
AENJPLPP_02570	487	590	576	631	667	640
AENJPLPP_02571	225	203	243	688	621	555
AENJPLPP_02572	38922	49847	43150	48168	53150	49107
AENJPLPP_02573	32716	33118	32244	33584	34341	32477
AENJPLPP_02574	145	174	192	204	215	182
AENJPLPP_02575	3015	3274	2888	2646	2485	2170
AENJPLPP_02576	9544	10264	9246	8317	8462	7300
AENJPLPP_02577	1644	1905	1772	1365	1399	1286
AENJPLPP_02578	894	908	896	925	790	770
AENJPLPP_02579	5639	6378	5666	6755	6452	5520
AENJPLPP_02580	640	783	653	1015	1019	868
AENJPLPP_02581	254	285	290	3116	3158	2814
AENJPLPP_02582	2572	3116	2594	13128	13165	11828
AENJPLPP_02583	374	444	382	1297	1290	1234
AENJPLPP_02584	1270	1578	1349	3408	3521	2912
AENJPLPP_02585	926	1120	1016	2121	2202	1965
AENJPLPP_02586	762	831	817	1665	1430	1308
AENJPLPP_02587	357	412	338	1232	1309	1121
AENJPLPP_02588	780	888	828	2365	2232	2035
AENJPLPP_02589	516	614	542	1435	1154	1037
AENJPLPP_02590	468	540	453	1070	1083	885
AENJPLPP_02591	1358	1597	1307	2894	2699	2531
AENJPLPP_02592	760	812	732	1598	1709	1426
AENJPLPP_02593	455	472	404	1526	1550	1303
AENJPLPP_02594	157	194	167	700	789	618
AENJPLPP_02595	348	412	377	1336	1278	1102
AENJPLPP_02596	264	296	230	787	718	685
AENJPLPP_02597	400	540	429	1189	1235	1028
AENJPLPP_02598	278	370	323	696	595	552
AENJPLPP_02599	226	241	230	690	544	503
AENJPLPP_02600	467	584	553	933	866	814
AENJPLPP_02601	4	16	15	14	13	19
AENJPLPP_02602	340	385	324	807	744	674
AENJPLPP_02603	738	783	736	1260	1600	1268
AENJPLPP_02604	29	48	44	16	10	11
AENJPLPP_02605	40	55	71	13	9	11
AENJPLPP_02606	25	28	30	17	23	14
AENJPLPP_02607	6	6	6	4	5	8
AENJPLPP_02608	14	22	13	18	21	21
AENJPLPP_02609	1187	1366	1283	6014	6100	5990
AENJPLPP_02610	2532	2890	2589	443	346	321
AENJPLPP_02611	1060	1237	965	905	721	670
AENJPLPP_02612	7845	8765	8389	2917	2762	2590
AENJPLPP_02613	5202	6001	5535	5302	5279	4652
AENJPLPP_02614	237	239	244	660	533	536
AENJPLPP_02615	1484	1760	1603	1255	1354	1172
AENJPLPP_02616	2759	3484	3055	7744	7685	7084
AENJPLPP_02617	51	72	59	28	49	42
AENJPLPP_02618	10591	11659	10715	2155	2002	1579
AENJPLPP_02619	23	40	33	41	49	46
AENJPLPP_02620	81	58	92	113	60	99
AENJPLPP_02621	8268	10304	9797	16045	13642	15591
AENJPLPP_02622	1898	2134	1960	3344	3398	3095
AENJPLPP_02623	1068	1153	1064	1799	1348	1316
AENJPLPP_02624	4063	4320	3949	7110	6479	5929
AENJPLPP_02625	5230	6557	5477	9206	9331	8817
AENJPLPP_02626	464	537	530	485	455	405
AENJPLPP_02627	344	387	400	323	289	295
AENJPLPP_02628	118	156	141	107	80	84
AENJPLPP_02629	1487	1662	1525	1149	1056	990
AENJPLPP_02630	3229	4264	3536	8850	9538	9166
AENJPLPP_02631	2	1	0	2	0	3
AENJPLPP_02632	95	114	95	26	32	30
AENJPLPP_02633	242	275	274	402	423	331
AENJPLPP_02634	140	136	125	129	133	96
AENJPLPP_02635	1661	1807	1756	1667	1825	1533
AENJPLPP_02636	2953	3522	3177	2026	2276	2037
AENJPLPP_02637	43	53	55	39	29	43
AENJPLPP_02638	153	140	124	89	91	91
AENJPLPP_02639	39	37	31	12	12	14
AENJPLPP_02640	13	16	16	4	7	7
AENJPLPP_02641	117	89	99	24	32	36
AENJPLPP_02642	39	49	69	40	31	34
AENJPLPP_02643	20	24	25	16	24	20
AENJPLPP_02644	1818	2380	2064	2021	2097	1903
AENJPLPP_02645	57	77	79	110	100	94
AENJPLPP_02646	59	72	78	98	156	115
AENJPLPP_02647	0	1	0	0	3	1
AENJPLPP_02648	0	0	0	0	0	1
AENJPLPP_02649	1	4	0	2	2	1
AENJPLPP_02650	0	0	0	1	0	0
AENJPLPP_02651	7	2	0	3	1	5
AENJPLPP_02652	74	84	69	275	305	269
AENJPLPP_02653	433	549	428	111	103	93
AENJPLPP_02654	8	19	4	9	37	28
AENJPLPP_02655	3505	4179	3765	3369	3228	2895
AENJPLPP_02656	5	9	3	12	20	11
AENJPLPP_02657	9	14	8	17	28	20
AENJPLPP_02658	54	52	56	57	58	62
AENJPLPP_02659	183	221	214	226	250	230
AENJPLPP_02660	128	173	149	552	492	583
AENJPLPP_02661	723	889	781	305	246	254
AENJPLPP_02662	1	1	0	0	0	0
AENJPLPP_02663	53	85	50	68	93	79
AENJPLPP_02664	306	352	285	940	924	816
AENJPLPP_02665	5791	6349	5866	2762	2584	2475
AENJPLPP_02666	1646	1964	1714	881	982	841
AENJPLPP_02667	1461	1810	1684	1696	1401	1280
AENJPLPP_02668	763	869	843	853	800	713
AENJPLPP_02669	5355	6717	5881	5468	5170	4701
AENJPLPP_02670	288	327	318	481	454	378
AENJPLPP_02671	281	358	340	462	439	382
AENJPLPP_02672	754	851	798	630	620	527
AENJPLPP_02673	4124	4415	4306	17660	20622	22746
AENJPLPP_02674	448	639	549	4468	3466	3619
AENJPLPP_02675	336	342	320	396	450	377
AENJPLPP_02676	634	732	641	1020	1277	1260
AENJPLPP_02677	2098	2301	2137	2951	2777	2554
AENJPLPP_02678	3870	5367	4384	15687	19912	18573
AENJPLPP_02679	65	87	69	298	248	241
AENJPLPP_02680	11	20	15	21	9	19
AENJPLPP_02681	0	0	0	2	0	1
AENJPLPP_02682	3	2	0	1	1	0
AENJPLPP_02683	1	1	1	0	0	0
AENJPLPP_02684	29	39	32	40	34	39
AENJPLPP_02685	1	0	0	0	0	0
AENJPLPP_02686	19	40	29	58	34	36
AENJPLPP_02687	6	3	2	9	11	10
AENJPLPP_02688	0	0	1	0	1	0
AENJPLPP_02689	4	3	2	1	3	2
AENJPLPP_02690	0	0	0	1	1	0
AENJPLPP_02691	0	0	0	0	0	0
AENJPLPP_02692	5	2	3	4	9	10
AENJPLPP_02693	1675	1909	1701	1045	968	958
AENJPLPP_02694	786	866	778	391	343	332
AENJPLPP_02695	5	7	3	9	16	14
AENJPLPP_02696	21	20	20	43	64	51
AENJPLPP_02697	1	2	0	0	0	0
AENJPLPP_02698	13	21	10	32	37	43
AENJPLPP_02699	5	3	6	19	7	7
AENJPLPP_02700	5	7	6	17	15	11
AENJPLPP_02701	18	19	17	41	74	55
AENJPLPP_02702	54	64	59	127	138	134
AENJPLPP_02703	36	56	40	56	54	54
AENJPLPP_02704	31	40	42	72	84	50
AENJPLPP_02705	48	64	73	711	755	734
AENJPLPP_02706	101	121	116	494	493	423
AENJPLPP_02707	217	226	247	1106	1055	973
AENJPLPP_02708	1609	1635	1477	3101	2671	2511
AENJPLPP_02709	98	127	102	156	165	137
AENJPLPP_02710	30	37	34	31	44	25
AENJPLPP_02711	9	6	7	17	12	10
AENJPLPP_02712	26	25	30	35	27	26
AENJPLPP_02713	11	21	18	38	33	28
AENJPLPP_02714	2	2	5	7	4	2
AENJPLPP_02715	15	12	13	12	14	10
AENJPLPP_02716	25	26	27	17	16	13
AENJPLPP_02717	8	14	16	10	11	8
AENJPLPP_02718	10	6	12	13	22	9
AENJPLPP_02719	36	59	38	61	63	44
AENJPLPP_02720	26	30	34	45	37	38
AENJPLPP_02721	0	1	0	0	0	1
AENJPLPP_02722	0	0	0	0	0	0
AENJPLPP_02723	1370	1709	1586	520	633	593
AENJPLPP_02724	7	7	6	9	11	5
AENJPLPP_02725	3	2	3	1	2	1
AENJPLPP_02726	51	65	65	72	58	69
AENJPLPP_02727	69	72	45	71	76	62
AENJPLPP_02728	1061	1246	1169	725	740	672
AENJPLPP_02729	134	160	165	65	74	74
AENJPLPP_02730	43	41	43	73	70	67
AENJPLPP_02731	11	6	7	14	8	10
AENJPLPP_02732	11	15	7	18	22	26
AENJPLPP_02733	7	12	14	12	20	20
AENJPLPP_02734	41	44	39	63	56	51
AENJPLPP_02735	41	54	47	76	54	69
AENJPLPP_02736	0	0	0	1	0	1
AENJPLPP_02737	286	356	321	839	844	824
AENJPLPP_02738	30	37	45	67	81	64
AENJPLPP_02739	198	233	174	325	219	204
AENJPLPP_02740	129	154	138	144	123	115
AENJPLPP_02741	324	386	393	311	364	258
AENJPLPP_02742	315	331	304	311	315	267
AENJPLPP_02743	0	0	0	0	0	0
AENJPLPP_02744	8	10	13	21	20	22
AENJPLPP_02745	4	8	2	9	9	9
AENJPLPP_02746	20	18	25	10	20	11
AENJPLPP_02747	327	416	347	2819	2874	2412
AENJPLPP_02748	71	106	88	628	443	399
AENJPLPP_02749	495	549	500	2222	2315	1996
AENJPLPP_02750	985	1180	1083	977	1005	939
AENJPLPP_02751	3212	2974	3307	196	162	141
AENJPLPP_02752	33	54	46	11	21	16
AENJPLPP_02753	4	3	2	1	2	4
AENJPLPP_02754	1	1	0	0	0	0
AENJPLPP_02756	0	0	0	0	4	4
AENJPLPP_02757	0	1	3	3	3	3
AENJPLPP_02758	200	220	196	342	413	358
AENJPLPP_02759	377	392	372	851	983	889
AENJPLPP_02760	402	417	404	154	116	130
AENJPLPP_02761	225	255	247	99	108	107
AENJPLPP_02762	63	91	87	33	34	33
AENJPLPP_02763	386	423	465	156	138	106
AENJPLPP_02764	298	379	387	182	200	191
AENJPLPP_02765	334	403	399	267	323	252
AENJPLPP_02766	198	257	212	61	55	52
AENJPLPP_02767	1696	1995	1903	428	449	383
AENJPLPP_02768	718	696	809	205	154	167
AENJPLPP_02769	824	925	844	165	171	139
AENJPLPP_02770	122	149	160	45	51	51
AENJPLPP_02771	1475	1827	1649	592	580	546
AENJPLPP_02772	900	1024	952	1083	1141	1161
AENJPLPP_02773	111	136	138	106	106	71
AENJPLPP_02774	109	121	105	39	26	35
AENJPLPP_02775	610	636	644	303	292	264
AENJPLPP_02776	520	632	501	175	222	179
AENJPLPP_02777	0	0	0	0	0	0
AENJPLPP_02778	145	175	163	82	80	62
AENJPLPP_02779	41	59	42	29	19	18
AENJPLPP_02780	0	0	0	0	0	0
AENJPLPP_02781	0	0	0	0	0	0
AENJPLPP_02782	0	0	0	0	0	0
AENJPLPP_02783	0	0	0	0	0	0
AENJPLPP_02784	54	63	46	38	29	36
AENJPLPP_02785	99	120	99	48	54	37
AENJPLPP_02786	137	138	152	71	69	59
AENJPLPP_02787	20	14	13	7	7	8
AENJPLPP_02788	210	238	233	135	127	105
AENJPLPP_02789	35	39	50	19	32	21
AENJPLPP_02790	35	49	28	13	27	23
AENJPLPP_02791	30	40	49	23	16	16
AENJPLPP_02792	273	280	257	110	110	94
AENJPLPP_02793	56	66	50	22	28	23
AENJPLPP_02794	67	82	71	44	45	27
AENJPLPP_02795	17	31	22	9	7	4
AENJPLPP_02796	317	429	381	144	162	144
AENJPLPP_02797	214	280	236	93	102	105
AENJPLPP_02798	197	263	237	127	103	90
AENJPLPP_02799	43	55	47	15	24	23
AENJPLPP_02800	768	844	772	439	401	399
AENJPLPP_02801	1267	1386	1247	791	804	706
AENJPLPP_02802	139	150	143	100	106	98
AENJPLPP_02803	748	745	740	395	304	289
AENJPLPP_02804	60	67	47	26	20	18
AENJPLPP_02805	6	5	10	5	8	2
AENJPLPP_02806	2	6	6	4	2	1
AENJPLPP_02807	3	2	4	1	1	0
AENJPLPP_02808	5	1	3	1	4	5
AENJPLPP_02809	28	34	24	13	13	8
AENJPLPP_02810	16	15	23	9	7	6
AENJPLPP_02811	17	22	26	12	14	14
AENJPLPP_02812	19	28	25	21	21	19
AENJPLPP_02813	10	27	14	59	53	58
AENJPLPP_02814	31	68	49	194	211	220
AENJPLPP_02815	4	4	6	3	5	1
AENJPLPP_02816	1118	1384	1283	1035	1090	932
AENJPLPP_02817	87	116	102	156	156	145
AENJPLPP_02818	277	359	374	918	774	699
AENJPLPP_02819	26	24	27	38	48	46
AENJPLPP_02820	111	130	114	294	293	286
AENJPLPP_02821	464	548	486	887	950	723
AENJPLPP_02822	270	317	252	506	443	361
AENJPLPP_02823	6093	7445	6608	3286	3522	3289
AENJPLPP_02824	11	6	7	10	7	9
AENJPLPP_02825	11	15	11	7	4	12
AENJPLPP_02826	123	124	102	189	224	190
AENJPLPP_02827	247	269	238	199	246	205
AENJPLPP_02828	269	360	361	35	53	40
AENJPLPP_02829	2	0	1	1	0	0
AENJPLPP_02830	150	176	156	1031	957	841
AENJPLPP_02831	155	169	177	191	249	163
AENJPLPP_02832	174	214	224	4679	5340	4835
AENJPLPP_02833	955	1150	1063	8502	9177	8109
AENJPLPP_02834	354	492	393	2946	2863	2662
AENJPLPP_02835	256	348	309	186	203	224
AENJPLPP_02836	133	184	176	136	124	127
AENJPLPP_02837	35	42	41	40	56	40
AENJPLPP_02838	11	11	7	14	7	12
AENJPLPP_02839	2	0	1	0	2	2
AENJPLPP_02840	87	101	74	147	120	123
AENJPLPP_02841	251	294	279	616	588	545
AENJPLPP_02842	73	94	60	321	304	315
AENJPLPP_02843	206	280	220	529	447	445
AENJPLPP_02844	0	0	0	0	0	0
AENJPLPP_02845	76	132	101	147	156	147
AENJPLPP_02846	0	2	0	0	0	0
AENJPLPP_02847	1886	2008	1853	1078	1206	1035
AENJPLPP_02848	605	727	673	945	1094	919
AENJPLPP_02849	27	38	30	62	92	75
AENJPLPP_02850	319	389	336	660	685	686
AENJPLPP_02851	327	447	379	307	368	289
AENJPLPP_02852	865	928	858	543	518	458
AENJPLPP_02853	1617	1890	1737	1299	1368	1226
AENJPLPP_02854	404	453	368	502	592	505
AENJPLPP_02855	48	47	32	16	25	16
AENJPLPP_02856	0	2	0	2	2	1
AENJPLPP_02857	14	12	8	19	16	21
AENJPLPP_02858	3	7	4	4	4	3
AENJPLPP_02859	296	364	346	493	484	459
AENJPLPP_02860	57	65	67	34	44	34
AENJPLPP_02861	73	98	83	103	115	98
AENJPLPP_02862	425	585	501	501	503	426
AENJPLPP_02863	211	255	200	151	154	149
AENJPLPP_02864	22	35	29	18	19	9
AENJPLPP_02865	5	3	8	4	3	4
AENJPLPP_02866	0	1	1	1	0	0
AENJPLPP_02867	1	1	0	2	0	0
AENJPLPP_02868	158	181	153	238	244	240
AENJPLPP_02869	103	127	102	176	171	144
AENJPLPP_02870	3	3	2	4	8	3
AENJPLPP_02871	65	113	63	195	163	182
AENJPLPP_02872	1583	1974	1769	4140	4807	4274
AENJPLPP_02873	2374	2920	2586	7270	6604	5654
AENJPLPP_02874	31	41	30	55	74	72
AENJPLPP_02875	344	437	351	902	848	790
AENJPLPP_02876	577	734	681	1688	1572	1482
AENJPLPP_02877	52	75	61	188	212	191
AENJPLPP_02878	174	192	178	476	432	457
AENJPLPP_02879	150	165	159	619	611	618
AENJPLPP_02880	118	121	128	272	270	249
AENJPLPP_02881	197	212	222	272	318	256
AENJPLPP_02882	217	271	254	264	289	286
AENJPLPP_02883	33	37	33	57	51	45
AENJPLPP_02884	62	98	92	83	73	89
AENJPLPP_02885	13	27	15	24	23	21
AENJPLPP_02886	13	16	20	18	16	14
AENJPLPP_02887	629	712	866	161	139	119
AENJPLPP_02888	191	173	237	148	154	140
AENJPLPP_02889	14	15	20	23	33	21
AENJPLPP_02890	231	258	242	149	135	117
AENJPLPP_02891	123	125	121	59	47	71
AENJPLPP_02892	117	156	138	40	48	54
AENJPLPP_02893	180	160	150	55	55	52
AENJPLPP_02894	337	375	351	145	148	145
AENJPLPP_02895	993	1156	1000	342	358	324
AENJPLPP_02896	643	838	743	233	246	241
AENJPLPP_02897	195	222	217	88	79	74
AENJPLPP_02898	213	190	190	190	135	162
AENJPLPP_02899	26	28	38	7	8	0
AENJPLPP_02900	2	4	5	4	1	1
AENJPLPP_02901	8	17	16	35	39	33
AENJPLPP_02902	60	99	90	43	52	47
AENJPLPP_02903	0	0	1	2	2	2
AENJPLPP_02904	22	25	24	43	34	26
AENJPLPP_02905	1527	1717	1532	2552	2554	2364
AENJPLPP_02906	205	202	188	352	278	264
AENJPLPP_02907	240	259	237	283	300	260
AENJPLPP_02908	125	151	150	131	125	83
AENJPLPP_02909	20	29	40	16	26	23
AENJPLPP_02910	448	507	445	509	505	485
AENJPLPP_02911	329	421	334	513	534	524
AENJPLPP_02912	7	11	4	37	61	74
AENJPLPP_02913	394	438	402	611	626	585
AENJPLPP_02914	50	56	60	133	182	161
AENJPLPP_02915	569	643	611	689	671	637
AENJPLPP_02916	83	126	92	219	175	169
AENJPLPP_02917	133	177	153	118	140	97
AENJPLPP_02918	0	0	0	1	0	0
AENJPLPP_02919	464	486	408	434	355	379
AENJPLPP_02920	16	18	17	20	36	29
AENJPLPP_02921	779	921	793	743	770	683
AENJPLPP_02922	33	64	60	26	29	24
AENJPLPP_02923	45	55	49	10	10	12
AENJPLPP_02924	268	308	284	66	63	69
AENJPLPP_02925	215	245	181	50	53	35
AENJPLPP_02926	2849	3168	2747	222	180	192
AENJPLPP_02927	10397	11938	9942	581	585	474
AENJPLPP_02928	34746	38893	33940	1072	1032	872
AENJPLPP_02929	45	50	60	84	106	102
AENJPLPP_02930	63	90	74	36	36	30
AENJPLPP_02931	8	4	6	8	28	19
AENJPLPP_02932	3	4	8	3	5	5
AENJPLPP_02933	168	192	173	212	202	190
AENJPLPP_02934	273	371	316	253	241	252
AENJPLPP_02935	308	367	299	284	283	257
AENJPLPP_02936	495	591	583	465	493	507
AENJPLPP_02937	304	372	318	250	246	244
AENJPLPP_02938	7	7	15	11	25	22
AENJPLPP_02939	2010	2348	2169	2195	2256	1846
AENJPLPP_02940	2591	2870	2753	2317	2336	2067
AENJPLPP_02941	14491	15831	14973	2005	2189	1875
AENJPLPP_02942	108	123	110	18	30	31
AENJPLPP_02943	53	50	52	60	59	50
AENJPLPP_02944	65	78	72	46	33	42
AENJPLPP_02945	0	0	0	0	0	1
AENJPLPP_02946	10	6	9	3	11	6
AENJPLPP_02947	17	20	16	14	12	11
AENJPLPP_02948	113	111	100	143	134	117
AENJPLPP_02949	357	403	376	309	284	305
AENJPLPP_02950	153	172	148	63	61	64
AENJPLPP_02951	17	25	25	11	15	13
AENJPLPP_02952	116	129	120	142	151	166
AENJPLPP_02953	66	72	69	65	53	41
AENJPLPP_02954	352	387	349	334	340	300
AENJPLPP_02955	4	6	8	3	6	12
AENJPLPP_02956	389	419	453	220	215	207
AENJPLPP_02957	165	193	191	41	42	41
AENJPLPP_02958	335	346	399	42	51	38
AENJPLPP_02959	852	840	1001	76	56	56
AENJPLPP_02960	340	413	398	17	12	7
AENJPLPP_02961	922	1019	1057	59	75	58
AENJPLPP_02962	125	164	169	193	221	181
AENJPLPP_02963	18	21	24	6	11	3
AENJPLPP_02964	0	0	1	0	0	0
AENJPLPP_02965	296	347	355	452	450	383
AENJPLPP_02966	66	101	91	88	78	104
AENJPLPP_02967	5	8	5	5	7	9
AENJPLPP_02968	1030	1304	1106	366	320	341
AENJPLPP_02969	1	2	2	1	1	1
AENJPLPP_02970	55	58	49	117	90	111
AENJPLPP_02971	25	27	35	84	59	52
AENJPLPP_02972	95	92	120	232	147	159
AENJPLPP_02973	32	47	46	82	72	80
AENJPLPP_02974	118	151	185	263	227	224
AENJPLPP_02975	53	69	79	178	165	148
AENJPLPP_02976	23	25	39	64	62	59
AENJPLPP_02977	8	4	1	11	9	12
AENJPLPP_02978	17	26	34	58	34	42
AENJPLPP_02979	11	15	18	35	33	40
AENJPLPP_02980	30	38	50	74	60	58
AENJPLPP_02981	26	29	31	61	63	47
AENJPLPP_02982	1029	1308	1152	2522	2747	2289
AENJPLPP_02983	6	7	9	38	39	42
AENJPLPP_02984	222	282	246	411	440	458
AENJPLPP_02985	138	135	141	373	395	404
AENJPLPP_02986	4	8	5	14	11	17
AENJPLPP_02987	163	198	142	207	169	172
AENJPLPP_02988	16	17	8	18	24	20
AENJPLPP_02989	253	299	263	334	281	209
AENJPLPP_02990	980	1210	1052	993	831	727
AENJPLPP_02991	186	239	236	221	235	211
AENJPLPP_02992	6425	7482	7163	1292	1516	1131
AENJPLPP_02993	7342	10450	8774	2387	2899	2481
AENJPLPP_02994	42	63	48	73	67	61
AENJPLPP_02995	7	18	21	17	14	17
AENJPLPP_02996	472	603	509	481	538	523
AENJPLPP_02997	85	120	106	93	108	90
AENJPLPP_02998	31	40	29	28	25	23
AENJPLPP_02999	13	15	12	9	6	7
AENJPLPP_03000	18	19	16	17	21	19
AENJPLPP_03001	598	665	595	207	218	213
AENJPLPP_03002	312	344	304	398	343	314
AENJPLPP_03003	422	441	403	481	605	479
AENJPLPP_03004	142	157	134	320	286	276
AENJPLPP_03005	6	3	4	4	5	6
AENJPLPP_03006	67	90	85	159	154	152
AENJPLPP_03007	38	47	47	105	97	106
AENJPLPP_03008	44	55	36	81	54	71
AENJPLPP_03009	0	0	0	0	0	0
AENJPLPP_03010	0	1	1	0	0	0
AENJPLPP_03011	3	5	7	15	5	8
AENJPLPP_03012	45	49	38	97	80	73
AENJPLPP_03013	0	0	0	0	0	0
AENJPLPP_03014	31	49	43	69	83	79
AENJPLPP_03015	34	36	38	70	65	56
AENJPLPP_03016	6	8	18	32	23	29
AENJPLPP_03017	209	213	197	37	39	28
AENJPLPP_03018	109	89	99	26	22	24
AENJPLPP_03019	7	10	15	1	4	3
AENJPLPP_03020	13	17	16	16	15	13
AENJPLPP_03021	9	13	12	28	27	27
AENJPLPP_03022	17	31	10	33	32	29
AENJPLPP_03023	15	14	18	38	33	33
AENJPLPP_03024	15	43	37	95	66	75
AENJPLPP_03025	19	24	24	51	36	42
AENJPLPP_03026	0	0	0	0	0	0
AENJPLPP_03027	0	0	0	0	0	0
AENJPLPP_03028	0	0	0	0	0	0
AENJPLPP_03029	0	0	0	0	0	0
AENJPLPP_03030	0	0	0	0	0	0
AENJPLPP_03031	0	0	0	0	0	0
AENJPLPP_03032	0	0	0	0	0	0
AENJPLPP_03033	0	0	0	0	0	0
AENJPLPP_03034	0	0	0	0	0	0
AENJPLPP_03035	1	0	0	0	0	0
AENJPLPP_03036	0	0	0	0	0	0
AENJPLPP_03037	0	0	0	0	0	0
AENJPLPP_03038	0	0	0	0	0	0
AENJPLPP_03039	0	0	1	1	0	1
AENJPLPP_03040	0	0	0	0	0	0
AENJPLPP_03041	0	0	0	0	0	0
AENJPLPP_03042	0	0	0	0	0	0
AENJPLPP_03043	2	1	2	1	1	1
AENJPLPP_03044	198	227	208	109	128	137
AENJPLPP_03045	0	0	0	0	0	0
AENJPLPP_03046	0	0	0	0	0	0
AENJPLPP_03047	1083	1518	1233	610	522	460
AENJPLPP_03048	393	485	484	193	181	202
AENJPLPP_03049	776	822	823	609	585	547
AENJPLPP_03050	10114	12995	12214	4688	4748	3995
AENJPLPP_03051	18	9	24	58	50	47
AENJPLPP_03052	212	334	246	357	332	303
AENJPLPP_03053	54	77	55	80	78	75
AENJPLPP_03054	690	738	708	595	565	513
AENJPLPP_03055	0	1	0	0	1	0
AENJPLPP_03056	88	111	100	22	25	27
AENJPLPP_03057	335	397	390	348	293	262
AENJPLPP_03058	434	524	502	446	403	362
AENJPLPP_03059	127278	162432	146538	27968	26106	22657
AENJPLPP_03060	31340	36230	31661	5921	5886	5327
AENJPLPP_03061	1913	2326	2013	1383	1341	1166
AENJPLPP_03062	537	709	587	307	255	250
AENJPLPP_03063	663	814	786	283	200	184
AENJPLPP_03064	290	405	333	206	189	193
AENJPLPP_03065	2667	3115	2900	1920	2080	1731
AENJPLPP_03066	30	49	46	18	22	17
AENJPLPP_03067	638	645	630	348	284	257
AENJPLPP_03068	249	302	250	474	521	482
AENJPLPP_03069	0	0	0	0	0	0
AENJPLPP_03070	431	500	464	615	715	569
AENJPLPP_03071	840	977	896	1159	1154	1028
AENJPLPP_03072	782	1009	820	264	258	347
AENJPLPP_03073	88	93	74	62	38	51
AENJPLPP_03074	626	766	668	374	402	314
AENJPLPP_03075	207	207	193	189	195	196
AENJPLPP_03076	0	0	0	0	0	0
AENJPLPP_03077	17	23	26	3	5	6
AENJPLPP_03078	885	1083	1064	834	862	699
AENJPLPP_03079	1819	2095	1955	1701	1742	1680
AENJPLPP_03080	80	103	74	180	157	176
AENJPLPP_03081	0	0	0	0	0	0
AENJPLPP_03082	0	0	0	0	0	0
AENJPLPP_03083	1	2	0	0	0	0
AENJPLPP_03084	0	0	0	0	0	0
AENJPLPP_03085	6	6	2	0	1	0
AENJPLPP_03086	2	4	1	2	1	1
AENJPLPP_03087	0	0	0	0	0	0
AENJPLPP_03088	0	0	0	0	0	0
AENJPLPP_03089	0	0	0	0	0	0
AENJPLPP_03090	0	0	0	0	0	0
AENJPLPP_03091	0	0	0	0	0	0
AENJPLPP_03092	0	0	0	0	0	0
AENJPLPP_03093	0	0	0	0	0	0
AENJPLPP_03094	0	0	0	0	0	0
AENJPLPP_03095	27	42	40	89	80	74
AENJPLPP_03096	41	56	56	142	139	118
AENJPLPP_03097	0	1	3	0	1	1
AENJPLPP_03098	2	0	1	0	2	1
AENJPLPP_03099	5	14	11	26	24	26
AENJPLPP_03100	47	38	41	135	97	96
AENJPLPP_03101	18	17	24	37	24	18
AENJPLPP_03102	1	0	3	5	4	2
AENJPLPP_03103	15	27	31	63	57	58
AENJPLPP_03104	2	4	5	16	14	14
AENJPLPP_03105	8	9	11	29	27	34
AENJPLPP_03106	23	22	24	100	62	72
AENJPLPP_03107	4	9	5	38	34	26
AENJPLPP_03108	0	0	0	0	0	0
AENJPLPP_03109	32	63	45	76	71	61
AENJPLPP_03110	1	1	7	13	6	4
AENJPLPP_03111	1	7	2	0	2	0
AENJPLPP_03112	0	0	0	0	0	0
AENJPLPP_03113	0	0	0	0	0	0
AENJPLPP_03114	0	0	0	0	0	0
AENJPLPP_03115	2554	2580	2195	409	460	405
AENJPLPP_03116	6	18	4	2	2	3
AENJPLPP_03117	0	0	0	0	0	0
AENJPLPP_03118	594	690	625	361	310	305
AENJPLPP_03119	56	68	50	59	57	50
AENJPLPP_03120	580	696	690	572	480	508
AENJPLPP_03121	107	137	140	153	134	113
AENJPLPP_03122	5	10	4	8	6	6
AENJPLPP_03123	10	20	15	11	9	13
AENJPLPP_03124	1195	1273	1120	809	864	809
AENJPLPP_03125	1216	1377	1301	690	684	631
AENJPLPP_03126	722	813	764	1661	1915	1569
AENJPLPP_03127	8	6	7	0	2	0
AENJPLPP_03128	8	9	2	1	3	1
AENJPLPP_03129	0	0	0	0	0	0
AENJPLPP_03130	0	0	0	0	0	0
AENJPLPP_03131	0	0	0	0	0	0
AENJPLPP_03132	2	2	1	1	1	0
AENJPLPP_03133	4347	5413	4900	777	666	642
AENJPLPP_03134	1	6	4	1	2	2
AENJPLPP_03135	0	0	0	0	0	0
AENJPLPP_03136	164	278	242	99	103	84
AENJPLPP_03137	267	352	293	156	147	153
AENJPLPP_03138	48	65	46	18	16	19
AENJPLPP_03139	41	43	46	48	57	64
AENJPLPP_03140	9	17	16	9	9	17
AENJPLPP_03141	29	34	31	27	14	32
AENJPLPP_03142	13	32	32	13	27	18
AENJPLPP_03143	44	34	54	46	36	40
AENJPLPP_03144	8	10	8	6	9	9
AENJPLPP_03145	11	11	20	12	14	19
AENJPLPP_03146	13	21	18	16	11	19
AENJPLPP_03147	5	3	12	10	6	6
AENJPLPP_03148	14	18	22	11	6	10
AENJPLPP_03149	17	12	19	33	29	27
AENJPLPP_03150	3	3	1	1	1	3
AENJPLPP_03151	63	56	57	59	75	59
AENJPLPP_03152	46	36	38	33	44	36
AENJPLPP_03153	47	66	47	49	35	33
AENJPLPP_03154	1	3	3	0	1	1
AENJPLPP_03155	44	75	57	65	39	58
AENJPLPP_03156	432	454	459	412	395	386
AENJPLPP_03157	1	3	2	11	6	2
AENJPLPP_03158	10	6	3	18	20	16
AENJPLPP_03159	5	8	8	21	6	15
AENJPLPP_03160	18	26	16	26	33	19
AENJPLPP_03161	7	10	8	12	9	7
AENJPLPP_03162	9	16	22	7	15	6
AENJPLPP_03163	2	2	1	2	0	0
AENJPLPP_03164	36	32	45	61	45	49
AENJPLPP_03165	25	47	38	34	47	32
AENJPLPP_03166	119	110	106	113	92	86
AENJPLPP_03167	5	8	8	5	8	13
AENJPLPP_03168	38	53	29	23	22	17
AENJPLPP_03169	0	0	0	0	0	0
AENJPLPP_03170	0	0	0	0	0	0
AENJPLPP_03171	0	0	0	0	0	0
AENJPLPP_03172	0	0	0	0	0	0
AENJPLPP_03173	0	0	0	0	0	0
AENJPLPP_03174	250	364	319	178	246	309
AENJPLPP_03175	0	0	0	0	0	0
AENJPLPP_03176	173	203	195	208	237	222
AENJPLPP_03177	0	0	0	0	1	0
AENJPLPP_03178	321	412	367	382	458	356
AENJPLPP_03179	814	949	867	928	979	792
AENJPLPP_03180	207	317	272	306	296	324
AENJPLPP_03181	56	76	57	97	94	68
AENJPLPP_03182	0	0	0	0	0	0
AENJPLPP_03183	0	0	0	1	1	1
AENJPLPP_03184	0	0	0	0	1	0
AENJPLPP_03185	0	0	2	0	1	1
AENJPLPP_03186	0	0	0	0	0	0
AENJPLPP_03187	2	2	0	1	0	2
AENJPLPP_03188	0	0	0	0	0	0
AENJPLPP_03189	0	2	0	0	0	1
