"gene_id","gene_symbol","product","serum_1","serum_2","serum_3","BHI_1","BHI_2","BHI_3"
"AENJPLPP_00001",NA,"hypothetical protein",156.133349692258,146.535833254097,161.0659452016,123.648453680586,126.818078222674,137.871325861485
"AENJPLPP_00003",NA,"Putative phosphatase",832.711198358711,896.046818209175,905.59594355072,1521.0578162325,1479.24229812591,1455.08802186186
"AENJPLPP_00004",NA,"hypothetical protein",181.577302975441,213.863107992466,175.999211644133,403.675834074854,374.113330756889,338.231094379615
"AENJPLPP_00005","srrA_1","Transcriptional regulatory protein SrrA",1261.78877417966,1211.89094529064,1282.12759028029,1228.30191854758,1116.90493177541,1215.05305165697
"AENJPLPP_00006",NA,"hypothetical protein",1103.34233782529,1068.32543298088,1076.26184575109,841.900500795753,761.814312751922,760.771992343592
"AENJPLPP_00007","phoR_1","Alkaline phosphatase synthesis sensor protein PhoR",595.619815492689,595.054295849408,557.864167817464,398.220755236004,438.428213284103,499.907541253155
"AENJPLPP_00008",NA,"hypothetical protein",63.6098832079571,56.4360979424563,71.4663465464055,91.8271604539645,78.8083771812333,81.3341634578546
"AENJPLPP_00009",NA,"hypothetical protein",102.932356463785,113.862302866359,142.932693092811,106.374037357563,123.194704559169,120.017485102444
"AENJPLPP_00010","ltaS1_1","Lipoteichoic acid synthase 1",14131.802962146,14014.9643223767,14362.60233205,8487.19349344315,8779.43438667257,8838.64305576759
"AENJPLPP_00011","rlmI","Ribosomal RNA large subunit methyltransferase I",1151.91715772955,1202.97998245762,1107.19504052491,1483.78144416703,1354.23590673499,1408.46965987992
"AENJPLPP_00012","aroD","3-dehydroquinate dehydratase",922.921578180905,933.670883504146,919.4625481045,601.877031886381,636.807921361,632.819466903796
"AENJPLPP_00013","ybaK_1","Cys-tRNA(Pro)/Cys-tRNA(Cys) deacylase YbaK",1015.44504466521,1059.41447014786,1035.7286939785,650.972741436025,637.713764776876,580.249824668841
"AENJPLPP_00014","baiN","3-dehydro-bile acid delta(4,6)-reductase",1500.03670037673,1500.0120768916,1407.99369315306,1100.10756583462,914.901850035008,1013.70140309668
"AENJPLPP_00015","gdh","NADP-specific glutamate dehydrogenase",7370.65064880565,7712.93338546903,7268.23410995831,4436.79745559749,4259.2757414501,4134.15601576022
"AENJPLPP_00016","pgi","Glucose-6-phosphate isomerase",21785.8067270598,22024.9298022797,21238.3048669475,18246.3295361447,20749.2492840613,20998.1004927169
"AENJPLPP_00018",NA,"hypothetical protein",76.3318598495485,76.2382375713884,84.2662892114333,31.8212932266214,26.2694590604111,33.7239214337446
"AENJPLPP_00020",NA,"IS982 family transposase ISEfm1",4.62617332421506,3.96042792578641,5.3333094437616,1.81835961294979,13.5876512381437,9.91880042168959
"AENJPLPP_00021",NA,"IS30 family transposase IS1062",201.238539603355,228.714712714165,190.932478086665,195.473658392103,248.201095950091,294.588372524181
"AENJPLPP_00022",NA,"hypothetical protein",8070.35936409318,7104.01759187937,7188.23446830189,610.96882995113,730.109793196254,832.187355379757
"AENJPLPP_00023",NA,"hypothetical protein",15.035063303699,12.8713907588058,13.8666045537802,6.36425864532427,14.4934946540199,15.8700806747033
"AENJPLPP_00024",NA,"hypothetical protein",9896.54128382707,8174.32323882315,7633.03247591161,1082.8331495116,1229.22951534406,977.001841536425
"AENJPLPP_00025",NA,"hypothetical protein",1216.68358426856,1191.09869868026,1189.32800595884,2242.94658257357,2170.40082443948,2153.37157154881
"AENJPLPP_00026",NA,"hypothetical protein",759.848968502324,801.986654971748,776.529855011689,652.791101048975,673.04165799605,757.796352217085
"AENJPLPP_00027",NA,"IS30 family transposase IS1252",9.25234664843012,11.8812837773592,6.39997133251392,7.27343845179917,9.96427757463869,7.93504033735167
"AENJPLPP_00028",NA,"hypothetical protein",277.570399452904,280.200275749388,258.132177078062,100.918958518713,108.701209905149,117.041844975937
"AENJPLPP_00029",NA,"hypothetical protein",542.418822264216,546.539053758524,551.46419648495,159.106466133107,171.20440560061,149.773886367513
"AENJPLPP_00031",NA,"hypothetical protein",57.8271665526883,59.4064188867961,58.6664038813776,38.1855518719456,42.5746405461835,37.6914416024204
"AENJPLPP_00032",NA,"hypothetical protein",13176.4981706955,13259.5126955329,12490.6107172897,5005.94401445078,4775.60648849956,4893.93612806164
"AENJPLPP_00034","xerC_1","Tyrosine recombinase XerC",263.691879480259,228.714712714165,236.798939303015,493.684634915868,492.778818236677,524.704542307379
"AENJPLPP_00035",NA,"hypothetical protein",3506.63937975502,3062.40089361434,3334.38506423975,1771.0822630131,1877.81340111146,1795.30287632582
"AENJPLPP_00036",NA,"hypothetical protein",1003.87961135467,1043.57275844472,949.329080989565,870.99425460295,1080.67119514036,986.920641958114
"AENJPLPP_00037",NA,"hypothetical protein",247.500272845506,214.853214973913,242.132248746777,208.202175682751,211.061515899165,210.278568939819
"AENJPLPP_00038",NA,"hypothetical protein",1089.46381785265,941.591739355719,977.062290097126,1052.83021589793,1115.09324494366,1033.53900394006
"AENJPLPP_00039",NA,"hypothetical protein",2140.76170578052,1967.3425721344,1753.59214510881,244.569367941747,264.506277435864,280.702051933815
"AENJPLPP_00040",NA,"hypothetical protein",1272.19766415914,1274.26768512178,1263.9943381715,346.397506266935,334.256220458334,332.279814126601
"AENJPLPP_00041",NA,"hypothetical protein",1299.95470410443,1176.24709395856,1334.39402282915,346.397506266935,227.366697384938,230.116169783198
"AENJPLPP_00042",NA,"hypothetical protein",43.9486465800431,42.5746002022039,46.9331231051021,22.7294951618724,18.1168683175249,25.7888810963929
"AENJPLPP_00043",NA,"hypothetical protein",2646.17114145102,2494.07948626399,2468.25561057287,485.502016657594,511.801529970078,512.801981801352
"AENJPLPP_00044",NA,"hypothetical protein",5744.55072534405,5425.78625832738,5608.5082110597,1104.653464867,1083.38872538799,1115.86504744008
"AENJPLPP_00045",NA,"hypothetical protein",1508.13250369411,1621.79523560953,1666.12587023112,317.303752459739,374.113330756889,341.206734506122
"AENJPLPP_00046",NA,"hypothetical protein",1767.19820985015,1951.50086043125,1799.45860632516,408.221733107228,441.145743531731,439.402858680849
"AENJPLPP_00047",NA,"hypothetical protein",2281.85999216908,2131.70033105453,2193.05684327477,433.678767688525,450.204177690494,385.841336403725
"AENJPLPP_00048",NA,"hypothetical protein",326.145219357162,296.041987452534,349.865099510761,80.0078229697908,53.4447615366985,74.3910031626719
"AENJPLPP_00049",NA,"hypothetical protein",89.0538364911399,101.981019089,95.9995699877088,28.1845740007218,21.7402419810299,21.8213609277171
"AENJPLPP_00050",NA,"hypothetical protein",144.567916381721,130.694121550951,130.132750427783,47.2773499366946,41.6687971303073,28.7645212228998
"AENJPLPP_00051",NA,"hypothetical protein",996.940351368346,866.343608765777,923.72919565951,314.576213040314,335.162063874211,291.612732397674
"AENJPLPP_00052",NA,"hypothetical protein",244.030642852345,249.506959324544,234.665615525511,84.5537220021653,73.3733166859759,84.3098035843615
"AENJPLPP_00053",NA,"hypothetical protein",209.334342920732,228.714712714165,246.398896301786,70.9160249050419,96.019402082882,88.2773237530374
"AENJPLPP_00056",NA,"hypothetical protein",1375.13002062293,1488.13079311424,1495.45996803075,371.854540848232,363.243209766374,386.833216445894
"AENJPLPP_00058",NA,"hypothetical protein",1460.71422712091,1592.09202616614,1660.79256078736,755.528419180638,865.98630557769,856.984356433981
"AENJPLPP_00059",NA,"hypothetical protein",2150.01405242895,1976.25353496742,2139.72374883715,446.407284979174,412.158754223692,431.467818343497
"AENJPLPP_00060","yjcQ","putative protein YjcQ",1011.97541467204,1036.64200957459,899.195972218206,825.535264279205,799.859736218724,765.731392554436
"AENJPLPP_00061",NA,"hypothetical protein",72.8622298563872,68.3173817198155,61.8663895476346,72.7343845179917,69.7499430224709,66.4559628253203
"AENJPLPP_00062",NA,"hypothetical protein",77.4884031806023,46.5350281279903,57.5997419926253,56.3691480014435,41.6687971303073,41.6589617710963
"AENJPLPP_00063",NA,"hypothetical protein",72.8622298563872,84.1590934229612,92.7995843214519,75.4619239374164,87.8668113399958,84.3098035843615
"AENJPLPP_00064",NA,"hypothetical protein",119.123963098538,114.852409847806,135.466059871545,116.375015228787,98.7369323305107,92.2448439217132
"AENJPLPP_00065",NA,"hypothetical protein",417.512142510409,381.191187856942,402.131532059625,276.390661168368,274.470555010502,265.823851301281
"AENJPLPP_00066",NA,"hypothetical protein",250.969902838667,282.180489712282,285.865386185622,219.11233336045,271.753024762874,233.091809909705
"AENJPLPP_00067",NA,"hypothetical protein",219.743232900215,255.447601213223,284.79872429687,233.659210264048,238.236818375452,231.108049825367
"AENJPLPP_00068",NA,"hypothetical protein",784.136378454453,781.194408361369,796.796430897983,609.15047033818,627.749487202238,607.030585807403
"AENJPLPP_00069",NA,"hypothetical protein",17.3481499658065,11.8812837773592,20.2665758862941,15.4560567100732,12.6818078222674,6.94316029518271
"AENJPLPP_00070",NA,"hypothetical protein",79.8014898427098,74.2580236084952,107.732850763984,66.3701258726674,111.418740152778,100.179884259065
"AENJPLPP_00071",NA,"hypothetical protein",8.09580331737636,15.8417117031456,13.8666045537802,11.8193374841736,13.5876512381437,15.8700806747033
"AENJPLPP_00072",NA,"hypothetical protein",85.5842064979786,72.277809645602,101.33287943147,75.4619239374164,83.3375942606146,75.3828832048409
"AENJPLPP_00073",NA,"hypothetical protein",153.820263030151,155.446796087117,156.799297646591,140.922870003609,115.042113816283,117.041844975937
"AENJPLPP_00074",NA,"hypothetical protein",227.839036217592,259.40802913901,298.66532885065,185.472680520879,165.769345105353,161.67644687354
"AENJPLPP_00075",NA,"hypothetical protein",337.7106526677,352.47808539499,354.13174706577,478.228578205795,306.175074566171,339.222974421784
"AENJPLPP_00076",NA,"hypothetical protein",64.7664265390109,80.1986654971748,82.1329654339287,105.464857551088,76.0908469336046,83.3179235421926
"AENJPLPP_00077",NA,"hypothetical protein",572.488948871614,595.054295849408,621.863881142603,555.508861756161,544.411892941623,511.810101759183
"AENJPLPP_00081",NA,"hypothetical protein",8.09580331737636,20.7922466103786,22.3998996637987,19.0927759359728,21.7402419810299,12.8944405481965
"AENJPLPP_00082",NA,"hypothetical protein",18.5046932968602,14.851604721699,15.9999283312848,13.6376970971234,5.43506049525747,8.92692037952063
"AENJPLPP_00083",NA,"hypothetical protein",11.5654333105377,12.8713907588058,13.8666045537802,16.3652365165481,7.24674732700996,11.9025605060275
"AENJPLPP_00084",NA,"hypothetical protein",26.6004966142366,21.7823535918252,21.3332377750464,18.1835961294979,14.4934946540199,15.8700806747033
"AENJPLPP_00085",NA,"hypothetical protein",188.516562961764,193.070861382087,173.865887866628,208.202175682751,235.519288127824,204.327288686806
"AENJPLPP_00086",NA,"IS3 family transposase ISEnfa3",2.31308666210753,13.8614977402524,9.59995699877088,10.0009778712239,23.5519288127824,20.8294808855481
"AENJPLPP_00088","cbh_1","Choloylglycine hydrolase",21.9743232900215,24.7526745361651,20.2665758862941,51.8232489690691,54.3506049525747,57.5290424457996
"AENJPLPP_00090","cbh_2","Choloylglycine hydrolase",38.1659299247743,33.6636373691845,38.3998279950835,67.2793056791423,74.2791601018521,67.4478428674892
"AENJPLPP_00092","asnB","Asparagine synthetase [glutamine-hydrolyzing] 1",7180.97754251283,7174.31518756208,7332.23382328345,15663.3497059495,16768.0674712852,15655.8345855948
"AENJPLPP_00093",NA,"hypothetical protein",2485.41161843454,1920.80754400641,1988.25776063433,304.57523516909,285.340676001017,297.564012650688
"AENJPLPP_00094","rpmGA_1","50S ribosomal protein L33 1",225.525949555484,254.457494231777,239.998924969272,1456.50604997278,1830.70954348589,2045.25664695239
"AENJPLPP_00095","folA_1","Dihydrofolate reductase",300.701266073979,333.666052747505,312.53193340443,2077.47585779514,1962.05683878795,1963.92248349454
"AENJPLPP_00096","yfiY","putative siderophore-binding lipoprotein YfiY",7172.88173919545,7435.70343066398,7494.3664303738,519.141669497165,511.801529970078,520.737022138703
"AENJPLPP_00097","fepC","Ferric enterobactin transport ATP-binding protein FepC",462.617332421506,479.211779020155,422.398107945919,297.301796717291,302.551700902666,299.547772735026
"AENJPLPP_00098","feuB","Iron-uptake system permease protein FeuB",183.890389637549,192.080754400641,218.665687194226,97.2822392928139,93.3018718352532,111.090564722923
"AENJPLPP_00099","feuC","Iron-uptake system permease protein FeuC",291.448919425549,308.91337821134,278.398752964356,178.19924206908,189.321273918135,189.449088054271
"AENJPLPP_00100","yqgN","putative protein YqgN",330.771392681377,339.606694636185,340.26514251199,676.429776017323,607.82093205296,615.957506186924
"AENJPLPP_00101","gluP","Rhomboid protease GluP",313.42324271557,323.764982933039,298.66532885065,634.607504919477,526.295024624098,545.534023192927
"AENJPLPP_00102","yqgQ","putative protein YqgQ",321.519046032947,355.44840633933,338.131818734486,1436.50409423034,1197.5249957884,1074.20608566898
"AENJPLPP_00103","glcK","Glucokinase",1741.75425656697,1859.42091115672,1655.4592513436,7596.19728309775,6397.97204633392,6301.4139078994
"AENJPLPP_00104","yibN","putative protein YibN",1085.99418785949,1110.90003318309,942.929109657051,1721.07737365698,1422.1741629257,1619.74010886191
"AENJPLPP_00105",NA,"hypothetical protein",378.189669254581,361.38904822801,324.265214180705,161.834005552531,169.392718768858,149.773886367513
"AENJPLPP_00106",NA,"hypothetical protein",1774.13746983648,1723.77625469853,1716.25897900248,648.245202016601,578.833942744921,620.916906397768
"AENJPLPP_00107",NA,"hypothetical protein",5783.87319859988,6429.75473751423,5533.84187884704,927.363402604394,1096.97637662613,1298.37097519917
"AENJPLPP_00108","galE","UDP-glucose 4-epimerase",4908.36989699218,4426.76831404776,4909.84467392693,4954.12076548171,4925.07065211914,4738.21096144112
"AENJPLPP_00109","galT","Galactose-1-phosphate uridylyltransferase",6148.18434788182,5386.18197906952,5966.90660568048,6802.48331204517,7010.32219546626,6187.34770304997
"AENJPLPP_00110","melR_1","HTH-type transcriptional repressor MelR",1336.96409069815,1259.41608040008,1334.39402282915,1959.2824829534,1976.55033344197,1791.33535615714
"AENJPLPP_00111","tsaB","tRNA threonylcarbamoyladenosine biosynthesis protein TsaB",307.640526060302,280.200275749388,261.332162744319,1171.02359073967,1237.38210608695,1323.16797625339
"AENJPLPP_00112",NA,"hypothetical protein",216.273602907054,208.912573085233,204.799082640446,709.160249050419,671.229971164298,813.341634578546
"AENJPLPP_00113","rimI","[Ribosomal protein S18]-alanine N-acetyltransferase",429.077575820947,457.42942542833,409.598165280891,2068.38405973039,1930.35231923228,1739.75759396435
"AENJPLPP_00114","tsaD","tRNA N6-adenosine threonylcarbamoyltransferase",1288.38927079389,1289.11928984348,1192.52799162509,4787.7408608968,4519.25280180659,4420.80934794705
"AENJPLPP_00115",NA,"hypothetical protein",263.691879480259,262.37835008335,277.332091075603,690.976652920921,643.148825272134,613.973746102586
"AENJPLPP_00116","arcA","Arginine deiminase",4062.93672199188,3825.77337630967,4553.57960308366,6406.99009622859,7122.64677903492,6662.4582432489
"AENJPLPP_00117","arcB","Ornithine carbamoyltransferase, catabolic",1160.01296104693,1094.0682144985,1219.1945388439,3998.57278887659,3545.47112973962,3358.5058227841
"AENJPLPP_00118","arcC1","Carbamate kinase 1",213.960516244947,216.833428936806,210.132392084207,1129.20131964182,922.148597362017,990.88816212679
"AENJPLPP_00119","argS","Arginine--tRNA ligase",116160.899084378,116669.25615876,117884.27195924,13584.9646683479,14169.2027111362,13094.8003167146
"AENJPLPP_00120","phnX_1","Phosphonoacetaldehyde hydrolase",19.661236627914,27.7229954805049,29.866532885065,38.1855518719456,37.139580050926,35.7076815180825
"AENJPLPP_00122","phnW","2-aminoethylphosphonate--pyruvate transaminase",26.6004966142366,43.5647071836505,51.1997706601114,59.0966874208682,45.2921707938123,54.5534023192927
"AENJPLPP_00123","argR_1","Arginine repressor",1522.01102366676,1434.66501611613,1496.52662991951,1452.86933074688,1510.94681768158,1544.35722565707
"AENJPLPP_00124","rpsB","30S ribosomal protein S2",7443.51287866203,7500.06038445801,7055.9683940966,46968.2288024931,50811.4747267462,52462.5191904006
"AENJPLPP_00125","tsf","Elongation factor Ts",12918.5890078706,12272.3760350306,12076.7459044538,58200.236131684,54935.7797992308,53344.3005478888
"AENJPLPP_00126","pyrH","Uridylate kinase",2596.4397782157,2752.49740842155,2593.05505155689,7413.4521419963,6755.78019560504,6245.86862553793
"AENJPLPP_00127","frr","Ribosome-recycling factor",3854.7589224022,3795.08005988483,3634.11705497916,4309.51228269101,3525.54257459035,3726.49331842878
"AENJPLPP_00128","uppS","Ditrans,polycis-undecaprenyl-diphosphate synthase ((2E,6E)-farnesyl-diphosphate specific)",1308.05050742181,1291.09950380637,1256.52770495023,3003.93008059306,3081.67930081099,3069.86873051293
"AENJPLPP_00129",NA,"hypothetical protein",476.495852394151,528.717128092485,514.131030378618,926.454222797919,950.229743254181,1076.18984575332
"AENJPLPP_00130","rasP","Regulator of sigma-W protease RasP",3418.74208659493,3466.36454204455,3261.8520558046,5317.79268807167,4574.50925017504,4715.39772047123
"AENJPLPP_00131","proS","Proline--tRNA ligase",9697.61583088582,9044.62727551471,8893.82682841685,14294.1249173983,12352.9866623044,11921.4062268287
"AENJPLPP_00132","polC_1","DNA polymerase III PolC-type",8415.0092767472,8276.30425791215,8011.69744641868,11097.4487178326,10782.2541791749,10696.4343747501
"AENJPLPP_00133","rimP","Ribosome maturation factor RimP",1415.60903720981,1418.82330441298,1387.72711726677,5252.33174200547,5719.49532784261,5869.9460895559
"AENJPLPP_00134","nusA","Transcription termination/antitermination protein NusA",4489.70121115072,4277.26215984932,4260.24758367677,13761.345550804,13930.0600493449,14133.2987208655
"AENJPLPP_00135",NA,"hypothetical protein",845.433175000303,965.354306910437,935.462476435785,2740.26793671534,2448.49475311349,2579.87998968146
"AENJPLPP_00136","rplGA","putative ribosomal protein YlxQ",1548.61152028099,1433.67490913468,1578.65959535343,4991.39713754718,4205.83097991341,3986.36588947705
"AENJPLPP_00137","infB","Translation initiation factor IF-2",11166.4258613241,10625.8281248849,10858.6180274986,21947.600528304,20145.9575690877,21133.988058494
"AENJPLPP_00138","rbfA","Ribosome-binding factor A",5465.8237825601,5618.85711970947,5742.90760904249,6922.49504649986,7626.29571826211,6596.00228042358
"AENJPLPP_00139",NA,"phosphoketolase",1044.35862794155,1040.60243750038,1043.19532719977,204.565456456852,205.626455403908,184.489687843426
"AENJPLPP_00140","xpkA_1","Xylulose-5-phosphate phosphoketolase",4400.64737465958,4056.46830298673,4130.11483324898,727.343845179917,685.723465818318,681.421588970075
"AENJPLPP_00141","xpkA_2","Xylulose-5-phosphate phosphoketolase",1929.11427619768,1901.99551135892,1833.59178676524,315.485392846789,342.408811201221,330.296054042263
"AENJPLPP_00142","truB","tRNA pseudouridine synthase B",327.301762688216,334.656159728952,370.131675397055,967.367314089289,790.801302059962,780.609593186971
"AENJPLPP_00143","ribF","Bifunctional riboflavin kinase/FMN adenylyltransferase",399.007449213549,413.86471824468,479.997849938544,1591.06466133107,1469.27802055127,1503.69014392814
"AENJPLPP_00144","gdhIV","Glucose 1-dehydrogenase 4",6097.29644131545,6119.85125232145,5746.10759470875,997.370247702961,926.677814441399,1015.68516318101
"AENJPLPP_00145","glcU_1","Glucose uptake protein GlcU",5044.84201005653,4789.14746925721,4727.44549095028,583.693435756883,510.895686554202,553.469063530279
"AENJPLPP_00146",NA,"hypothetical protein",457.991159097291,430.696536929272,430.931403055937,60.0058672273431,62.5031956954609,75.3828832048409
"AENJPLPP_00147","fra","Intracellular iron chaperone frataxin",440.643009131485,433.666857873612,434.131388722194,87.28126142159,120.477174311541,107.123044554248
"AENJPLPP_00148",NA,"hypothetical protein",56.6706232216345,40.5943862393107,50.1331087713591,59.0966874208682,65.2207259430896,67.4478428674892
"AENJPLPP_00149","mccF","Microcin C7 self-immunity protein MccF",333.084479343484,359.408834265117,353.065085177018,233.659210264048,273.564711594626,253.921290795253
"AENJPLPP_00150",NA,"hypothetical protein",602.559075479012,564.360979424563,632.530500030126,499.139713754718,578.833942744921,545.534023192927
"AENJPLPP_00151","ydeA","putative protease YdeA",1886.32217294869,1534.66582124223,1867.72496720531,172.74416323023,171.20440560061,161.67644687354
"AENJPLPP_00152",NA,"hypothetical protein",60.1402532147958,68.3173817198155,91.7329224326996,128.19435271296,97.8310889146345,107.123044554248
"AENJPLPP_00153","hemW","Heme chaperone HemW",941.426271477765,979.21580465069,903.462619773215,917.36242473317,764.531842999551,713.161750319481
"AENJPLPP_00154","hrcA","Heat-inducible transcription repressor HrcA",1474.59274709355,1434.66501611613,1513.59322013954,6300.61605887103,6734.03995362401,6687.25524430312
"AENJPLPP_00155","grpE","Protein GrpE",1580.9947335505,1388.12998798814,1439.99354981563,6423.35533274514,6282.92993251764,6434.32583355004
"AENJPLPP_00156","dnaK","Chaperone protein DnaK",13956.0083758258,13453.5736638964,13317.2736810727,34587.9273777245,36346.9670620343,35157.1880946787
"AENJPLPP_00157","dnaJ","Chaperone protein DnaJ",2217.09356563007,2118.82894029573,2123.72382050587,7630.7461157438,6128.0307084028,6034.59817655595
"AENJPLPP_00158",NA,"hypothetical protein",1.15654333105377,4.95053490723301,2.13332377750464,10.9101576776988,9.96427757463869,10.9106804638585
"AENJPLPP_00159","artM_1","Arginine transport ATP-binding protein ArtM",10479.4391226782,10539.6888174991,10045.8216682694,19277.3394366872,18051.6475915818,17948.0693630473
"AENJPLPP_00160","mltF_1","Membrane-bound lytic murein transglycosylase F",14083.2281422417,13449.6132359706,14202.6030487371,27641.7936562563,27950.7044402774,29049.1907950023
"AENJPLPP_00161","uvrB","UvrABC system protein B",4608.82517424926,4371.32232308675,4397.84696732582,2387.50617180308,2343.41691687185,2303.14545791632
"AENJPLPP_00162","uvrA","UvrABC system protein A",8146.69122394272,8152.54088523132,8029.83069852747,4206.77496455934,3881.53903702971,3804.85184176013
"AENJPLPP_00163",NA,"D-aspartate ligase",3341.25368341433,3389.13619749172,3261.8520558046,7880.7705625244,7584.6269211318,7913.21897642395
"AENJPLPP_00164",NA,"Aspartate racemase",4084.9110452819,3925.77418143578,3726.91663930061,8098.0645362719,8541.19756829712,7951.90229806854
"AENJPLPP_00165","yvcJ","Nucleotide-binding protein YvcJ",3901.02065564435,3514.87978413544,3598.91721265033,2572.97885232395,2559.91349326627,2478.70822538023
"AENJPLPP_00166",NA,"Putative gluconeogenesis factor",5983.95519487218,5723.80845974281,5617.04150616972,4307.69392307806,4463.09051002226,4340.46706453136
"AENJPLPP_00167","whiA","putative cell division protein WhiA",2783.79979784641,2941.60784187785,2860.78718563372,2119.29812889298,2216.59883864917,2297.19417766331
"AENJPLPP_00168",NA,"hypothetical protein",49.7313632353119,40.5943862393107,59.7330657701299,28.1845740007218,29.8928327239161,34.7158014759136
"AENJPLPP_00169",NA,"hypothetical protein",69.3925998632259,70.2975956827087,70.3996846576532,36.3671922589958,39.8571102985548,45.6264819397721
"AENJPLPP_00170",NA,"hypothetical protein",379.346212585635,414.854825226126,355.198408954523,129.103532519435,116.853800648036,139.855085945823
"AENJPLPP_00171",NA,"IS30 family transposase IS1252",11.5654333105377,8.91096283301942,11.7332807762755,7.27343845179917,3.62337366350498,2.97564012650688
"AENJPLPP_00172",NA,"hypothetical protein",172.324956327011,160.39733099435,163.199268979105,117.284195035262,103.266149409892,102.163644343403
"AENJPLPP_00173",NA,"hypothetical protein",235.934839534968,200.99171723366,262.398824633071,27.2753941942469,19.0227117334011,29.7564012650688
"AENJPLPP_00174",NA,"hypothetical protein",262.535336149205,277.229954805049,252.7988676343,29.0937538071967,26.2694590604111,24.797001054224
"AENJPLPP_00175",NA,"hypothetical protein",129.532853078022,110.891981922019,131.199412316535,30.9121134201465,36.2337366350498,25.7888810963929
"AENJPLPP_00176",NA,"hypothetical protein",2712.09411132108,2510.91130494858,2588.78840400188,1391.95428371307,1379.59952237952,1253.73637330156
"AENJPLPP_00177",NA,"Pyruvate:ferredoxin oxidoreductase",5707.54133875033,5462.4202166409,5413.30908541803,7068.87299534231,6029.29377607229,6249.83614570661
"AENJPLPP_00178","cdaA","Cyclic di-AMP synthase CdaA",5566.44305236177,5851.53226034942,5788.77407025884,3092.12052182112,2457.55318727225,2551.11546845856
"AENJPLPP_00179",NA,"hypothetical protein",14380.4597783225,12865.4501169171,12863.942378353,8126.24911027262,6955.97159051369,6917.37141408632
"AENJPLPP_00180","glmM","Phosphoglucosamine mutase",15361.2085230561,15293.1924354242,15385.5310833635,10064.6204576771,8601.88907716082,8293.10903257467
"AENJPLPP_00181","glmS","Glutamine--fructose-6-phosphate aminotransferase [isomerizing]",8258.87592705494,8280.26468583793,9306.624979364,19013.6772928095,18961.1143811216,19091.7070516681
"AENJPLPP_00182",NA,"hypothetical protein",947.208988133034,939.611525392825,875.729410665655,774.621195116611,663.983223837288,741.926271542381
"AENJPLPP_00183","sppA","Putative signal peptide peptidase SppA",5374.45685940685,5164.39801522548,5183.97677933628,2632.9847195513,2366.96884568463,2349.76381989826
"AENJPLPP_00184",NA,"hypothetical protein",1866.66093632078,2102.98722859258,2015.99096974189,987.369269831737,927.583657857275,949.229200355694
"AENJPLPP_00185",NA,"hypothetical protein",427.921032489893,382.181294838388,396.798222615863,886.450311313023,874.138896320576,901.618958331584
"AENJPLPP_00186","tig","Trigger factor",9733.46867414849,9816.91072104306,9724.7564397549,41563.1548529999,42563.770425193,41746.2472148071
"AENJPLPP_00187","clpX","ATP-dependent Clp protease ATP-binding subunit ClpX",21688.6570872513,21643.7386144227,22878.8308518485,23442.2921301487,23200.4615674224,22016.7612960244
"AENJPLPP_00188","engB","putative GTP-binding protein EngB",2532.82989500775,2471.30702569072,2426.65579691153,4514.07773914786,4235.72381263732,4212.51453909157
"AENJPLPP_00189",NA,"hypothetical protein",5485.48501918801,5097.07074048711,5218.10995977635,720.979586534592,628.655330618114,643.730147367654
"AENJPLPP_00190",NA,"hypothetical protein",1634.19572677897,1464.36822555952,1469.8600827007,46.3681701302197,48.9155444573172,41.6589617710963
"AENJPLPP_00191",NA,"hypothetical protein",284.509659439226,204.952145159447,266.66547218808,15.4560567100732,16.3051814857724,17.8538407590413
"AENJPLPP_00192","glcR","HTH-type transcriptional repressor GlcR",246.343729514452,254.457494231777,263.465486521823,10955.6166680225,11328.4777589483,10037.8260267499
"AENJPLPP_00193","lacC_1","Tagatose-6-phosphate kinase",227.839036217592,278.220061786495,311.465271515678,16159.7618802848,20124.2173271067,16623.9095067518
"AENJPLPP_00194","fruA_1","PTS system fructose-specific EIIABC component",353.902259302452,368.319797098136,359.465056509532,15914.2833325366,16123.1069591813,16555.4697838421
"AENJPLPP_00195","clcA","H(+)/Cl(-) exchange transporter ClcA",1238.65790755858,1292.08961078782,1221.32786262141,1703.80295733395,1699.36224818384,1670.32599101253
"AENJPLPP_00196","pcrA","ATP-dependent DNA helicase PcrA",4071.03252530925,3912.90279067697,3979.71550693491,5529.63158298032,5365.310552235,5277.79370438103
"AENJPLPP_00197","ligA_1","DNA ligase",3556.37074299033,3374.28459277002,3346.11834501603,5395.98215142851,4492.98334274618,4564.63195406155
"AENJPLPP_00198","gatC_1","Glutamyl-tRNA(Gln) amidotransferase subunit C",1417.92212387192,1611.89416579507,1511.45989636204,3020.2953171096,2337.07601296071,2280.33221694644
"AENJPLPP_00199","gatA_1","Glutamyl-tRNA(Gln) amidotransferase subunit A",3196.68576703261,3494.08753752506,3356.78496390355,5241.42158432777,4427.76261680309,4618.19347633867
"AENJPLPP_00200","gatB","Aspartyl/glutamyl-tRNA(Asn/Gln) amidotransferase subunit B",8387.25223680191,8158.48152712,8001.03082753116,9055.43087248996,7514.87697810933,7816.0147322914
"AENJPLPP_00201","dagK_1","Diacylglycerol kinase",14732.0489509629,14337.7391983282,14986.5995369701,16877.1047475935,14579.5497785282,13668.1069810883
"AENJPLPP_00202",NA,"putative RNA methyltransferase",1047.82825793471,963.374092947544,991.995556539658,5157.77704213208,5028.33680152904,4833.43144548934
"AENJPLPP_00203",NA,"hypothetical protein",28.9135832763441,25.7427815176117,29.866532885065,93.6455200669143,86.0551245082433,122.993125228951
"AENJPLPP_00204","aes_1","Acetyl esterase",602.559075479012,610.896007552554,627.197190586364,1405.59198081019,1243.72300999808,1397.55897941606
"AENJPLPP_00205","melR_2","HTH-type transcriptional repressor MelR",599.089445485851,608.91579358966,666.6636804702,309.121134201465,259.071216940606,240.034970204888
"AENJPLPP_00206","melA","Alpha-galactosidase Mel36A",121.437049760645,105.941447014786,111.999498318994,153.651387294257,190.227117334011,153.741406536189
"AENJPLPP_00207","lacL","Beta-galactosidase large subunit",101.775813132731,86.1393073858544,81.0663035451764,80.9170027762657,64.3148825272134,61.4965626144755
"AENJPLPP_00208","lacM","Beta-galactosidase small subunit",135.315569733291,129.704014569505,120.532793429012,83.6445421956904,72.4674732700996,82.3260435000236
"AENJPLPP_00209","aroF","Phospho-2-dehydro-3-deoxyheptonate aldolase",592.150185499528,587.133439997835,591.997348257538,1946.55396566275,1892.30689576548,1839.93747822342
"AENJPLPP_00210","aroB","3-dehydroquinate synthase",872.033671614539,950.502702188738,921.595871882005,2220.2170874117,1966.58605586733,2019.467765856
"AENJPLPP_00211","aroC","Chorismate synthase",1431.80064384456,1386.14977402524,1284.26091405779,3370.32954260244,3161.3935214081,2934.97304477795
"AENJPLPP_00212",NA,"hypothetical protein",1232.87519090331,1258.42597341863,1259.72769061649,2794.81872510383,2761.01073159079,2744.53207668151
"AENJPLPP_00213","aroA","3-phosphoshikimate 1-carboxyvinyltransferase",1412.13940721665,1458.42758367085,1324.79406583038,3826.73780545284,3328.9745533452,3408.09982489254
"AENJPLPP_00214","aroK","Shikimate kinase",276.41385612185,275.249740842155,270.932119743089,719.161226921643,774.496120574189,785.568993397816
"AENJPLPP_00215","pheA","Bifunctional chorismate mutase/prephenate dehydratase",831.554655027657,839.610720266719,792.529783342974,2113.84305005413,2422.22529405308,2217.84377428979
"AENJPLPP_00216",NA,"hypothetical protein",203.551626265463,206.93235912234,226.132320415492,371.854540848232,371.39580050926,419.56525783747
"AENJPLPP_00217","rhaR_1","HTH-type transcriptional activator RhaR",56.6706232216345,55.4459909610097,50.1331087713591,35.4580124525209,38.9512668826785,36.6995615602515
"AENJPLPP_00218","cheB","Protein-glutamate methylesterase/protein-glutamine glutaminase",95.9930964774625,91.0898422930874,114.132822096498,39.0947316784205,61.5973522795847,58.5209224879686
"AENJPLPP_00219","lacE_1","Lactose-binding protein",56.6706232216345,45.5449211465437,52.2664325488637,100.009778712239,109.607053321026,109.106804638585
"AENJPLPP_00220","lacF_1","Lactose transport system permease protein LacF",41.6355599179356,30.6933164248447,43.7331374388451,64.5517662597176,64.3148825272134,74.3910031626719
"AENJPLPP_00221","lacG_1","Lactose transport system permease protein LacG",15.035063303699,28.7131024619515,23.466561552551,20.0019557424477,19.0227117334011,29.7564012650688
"AENJPLPP_00222","umpB_1","Na(+), Li(+), K(+)/H(+) antiporter subunit B",75.1753165184948,66.3371677569223,82.1329654339287,40.9130912913703,46.1980142096885,42.6508418132652
"AENJPLPP_00223","umpB_2","Na(+), Li(+), K(+)/H(+) antiporter subunit B",91.3669231532475,83.1689864415146,84.2662892114333,80.9170027762657,76.9966903494808,79.3504033735167
"AENJPLPP_00224",NA,"hypothetical protein",31.2266699384517,31.6834234062913,29.866532885065,30.9121134201465,22.6460853969061,25.7888810963929
"AENJPLPP_00225",NA,"hypothetical protein",660.3862420317,750.501091936524,715.730127352807,788.258892213735,800.765579634601,805.406594241195
"AENJPLPP_00226",NA,"hypothetical protein",415.199055848302,400.993327485874,410.664827169643,541.871164659038,494.59050506843,526.688302391717
"AENJPLPP_00227","gpmA_1","2,3-bisphosphoglycerate-dependent phosphoglycerate mutase",891.694908242453,830.699757433699,812.796359229268,1196.48062532096,1287.20349396014,1197.19921089793
"AENJPLPP_00228","gph_1","Phosphoglycolate phosphatase",604.872162141119,546.539053758524,509.864382823609,982.823370799362,1000.05113112737,925.424079343639
"AENJPLPP_00229",NA,"hypothetical protein",669.63858868013,620.79707736702,697.596875244018,1377.40740680947,1393.18717361766,1348.95685734978
"AENJPLPP_00230","tcyP","L-cystine uptake protein TcyP",8950.48883902509,8745.61496711784,8461.82876347216,31659.4592210688,30819.5105383575,30757.2082276172
"AENJPLPP_00231",NA,"hypothetical protein",85.5842064979786,93.0700562559806,73.5996703239101,706.432709630994,652.207259430896,702.251069855623
"AENJPLPP_00233",NA,"hypothetical protein",1707.05795663536,1751.49925017904,1467.72675892319,1240.12125603176,1144.98607766757,1091.06804638585
"AENJPLPP_00234","pphA","Serine/threonine-protein phosphatase 1",2437.99334186134,2260.41423864259,2278.38979437496,1010.09876499361,856.927871418928,834.171115464095
"AENJPLPP_00235","yhgF","Protein YhgF",3079.87489059618,2909.92441847156,3022.91979272408,3551.25632409094,3540.03606924437,3381.31906375398
"AENJPLPP_00236",NA,"Protein SprT-like protein",1503.5063303699,1501.9922908545,1455.99347814692,1751.08030727065,1928.54063240053,1689.17171181374
"AENJPLPP_00237","ydcF","Protein YdcF",1239.81445088964,1295.05993173216,1209.59458184513,1740.17014959295,1557.14483189127,1512.61706430766
"AENJPLPP_00238","murC","UDP-N-acetylmuramate--L-alanine ligase",6104.23570130177,6141.63360591327,5834.64053147519,12740.3366281327,13160.998989266,13289.2088049797
"AENJPLPP_00239",NA,"hypothetical protein",3488.13468645816,3722.80225023922,3443.18457689249,2250.22002102537,2529.11481712648,2460.85438462119
"AENJPLPP_00240","ybhL","Inner membrane protein YbhL",12141.3918894024,12673.3693625165,12433.010975297,6281.52328293506,6556.49464411226,5970.12597381496
"AENJPLPP_00241","polA","DNA polymerase I",5608.07861227971,5728.75899465004,5343.97606264913,5122.31902967956,5182.330182228,5005.02669278457
"AENJPLPP_00242","mutM","Formamidopyrimidine-DNA glycosylase",3260.29565024057,2894.08270676842,2865.05383318873,1858.36352443469,1719.29080333311,1718.92811307881
"AENJPLPP_00243","coaE","Dephospho-CoA kinase",910.199601539313,812.87783176766,757.329941014147,532.779366594289,453.827551353999,452.297299229045
"AENJPLPP_00244",NA,"hypothetical protein",13006.4863010306,12013.9581128731,10970.6175258176,2054.74636263326,2002.81979250238,2120.63953015723
"AENJPLPP_00245","nrdR","Transcriptional repressor NrdR",2538.61261166302,2540.61451439198,2413.8558542465,955.547976605116,935.736248600161,977.993721578594
"AENJPLPP_00246","dnaB","Replication initiation and membrane attachment protein",7080.35827271115,7225.8007505973,7014.36858043526,3310.3236753751,3687.68854603219,3701.69631737455
"AENJPLPP_00247","dnaI_1","Primosomal protein DnaI",329.614849350323,386.141722764175,381.864956173331,227.294951618724,233.707601296071,267.807611385619
"AENJPLPP_00248","dnaI_2","Primosomal protein DnaI",7932.73070769778,7658.47750148947,7825.03161588702,3513.97995202547,3424.08811201221,3367.43274316362
"AENJPLPP_00249",NA,"hypothetical protein",6500.93006385322,6315.89243464788,6373.30478529511,2462.96809574049,2664.08548609204,2345.79629972959
"AENJPLPP_00251","trmK","tRNA (adenine(22)-N(1))-methyltransferase",468.400049076775,410.89439730034,361.598380287037,412.767632139603,421.217188382454,429.484058259159
"AENJPLPP_00252",NA,"GTP cyclohydrolase 1 type 2",10.4088899794839,9.90106981446602,12.7999426650278,12.7285172906485,7.24674732700996,12.8944405481965
"AENJPLPP_00253",NA,"GTP cyclohydrolase 1 type 2",318.049416039786,325.745196895932,308.265285849421,309.121134201465,305.269231150295,302.523412861533
"AENJPLPP_00254","pepT","Peptidase T",1275.6672941523,1224.76233604945,1275.72761894778,841.900500795753,894.067451469854,854.008716307474
"AENJPLPP_00255","dagK_2","Diacylglycerol kinase",685.830195314883,679.213389272369,779.729840677946,2229.30888547644,2289.06631191927,2071.04552804879
"AENJPLPP_00256",NA,"hypothetical protein",216.273602907054,216.833428936806,199.465773196684,491.866275302919,455.639238185751,469.159259945918
"AENJPLPP_00257",NA,"hypothetical protein",408.259795861979,456.439318446884,442.664683832213,1004.64368615476,1062.55432682284,1025.6039636027
"AENJPLPP_00258","clpB","Chaperone protein ClpB",2390.57506528813,2167.34418238661,2346.65615525511,3246.68108892185,3169.54611215098,3222.61825700695
"AENJPLPP_00259",NA,"hypothetical protein",835.024285020819,934.660990485592,919.4625481045,594.603593434582,653.113102846773,645.713907451992
"AENJPLPP_00260",NA,"hypothetical protein",1841.21698303759,1536.64603520513,1636.25933734606,946.456178540367,865.98630557769,867.895036897839
"AENJPLPP_00261","eis_1","N-acetyltransferase Eis",2557.11730495988,2568.33750987249,2333.85621259008,1439.23163364976,1406.77482485581,1454.09614181969
"AENJPLPP_00262","lepA","Elongation factor 4",5049.46818338074,4990.13918649087,4831.97835604801,7230.70700089485,7182.43244448275,6975.89233657429
"AENJPLPP_00263","xerC_2","Tyrosine recombinase XerC",24.2874099521291,29.7032094433981,27.7332091075603,79.0986431633159,72.4674732700996,93.2367239638821
"AENJPLPP_00266",NA,"hypothetical protein",2137.29207578736,2067.34337726051,2129.05712994963,479.13775801227,558.905387595643,491.972500915804
"AENJPLPP_00267",NA,"hypothetical protein",326.145219357162,307.923271229893,290.132033740631,168.198264197856,205.626455403908,189.449088054271
"AENJPLPP_00268",NA,"hypothetical protein",9857.21881057124,9685.22649251066,9650.09010754224,418.222710978452,353.278932191736,377.906296066373
"AENJPLPP_00269","fabG_1","3-oxoacyl-[acyl-carrier-protein] reductase FabG",11.5654333105377,5.94064188867961,10.6666188875232,28.1845740007218,13.5876512381437,20.8294808855481
"AENJPLPP_00270","licR_1","putative licABCH operon regulator",38.1659299247743,30.6933164248447,34.1331804400743,46.3681701302197,24.4577722286586,40.6670817289273
"AENJPLPP_00272","srlA","PTS system glucitol/sorbitol-specific EIIC component",10.4088899794839,6.93074887012621,1.06666188875232,10.0009778712239,13.5876512381437,8.92692037952063
"AENJPLPP_00273","srlE","PTS system glucitol/sorbitol-specific EIIB component",27.7570399452904,27.7229954805049,26.666547218808,33.6396528395711,29.8928327239161,28.7645212228998
"AENJPLPP_00275","srlB","PTS system glucitol/sorbitol-specific EIIA component",31.2266699384517,20.7922466103786,25.5998853300557,23.6386749683473,18.1168683175249,17.8538407590413
"AENJPLPP_00276","fsaA","Fructose-6-phosphate aldolase 1",46.2617332421506,44.5548141650971,39.4664898838359,40.9130912913703,58.8798220319559,51.5777621927859
"AENJPLPP_00277","prsA_1","Foldase protein PrsA",238.247926197076,278.220061786495,277.332091075603,1314.6740001627,1491.92410594818,1520.55210464501
"AENJPLPP_00278",NA,"hypothetical protein",2820.80918444013,2645.56585442532,2753.05433486974,657.33700008135,448.392490858741,387.825096488063
"AENJPLPP_00279",NA,"hypothetical protein",182.733846306495,200.001610252214,180.265859199142,55.4599681949686,49.8213878731935,47.61024202411
"AENJPLPP_00280",NA,"hypothetical protein",176.951129651226,162.377544957243,174.932549755381,50.9140691625942,53.4447615366985,61.4965626144755
"AENJPLPP_00281",NA,"hypothetical protein",719.369951915442,724.758310418913,729.596731906587,268.208042910094,301.64585748679,311.450333241053
"AENJPLPP_00282","spxA_1","Regulatory protein Spx",10.4088899794839,9.90106981446602,8.53329511001856,8.18261825827406,8.15259074288621,9.91880042168959
"AENJPLPP_00283","sttH","Streptothricin hydrolase",39.322473255828,39.6042792578641,35.1998423288266,206.383816069801,250.012782781844,249.953770626578
"AENJPLPP_00284",NA,"hypothetical protein",62.4533398769033,40.5943862393107,55.4664182151207,50.9140691625942,50.7272312890697,69.4316029518271
"AENJPLPP_00285","aes_2","Acetyl esterase",130.689396409075,124.753479662272,135.466059871545,88.1904412280649,83.3375942606146,84.3098035843615
"AENJPLPP_00286",NA,"hypothetical protein",478.808939056259,402.973541448767,471.464554828526,290.937538071967,248.201095950091,258.880691006098
"AENJPLPP_00287","murR_1","HTH-type transcriptional regulator MurR",182.733846306495,180.199470623282,198.399111307932,325.486370718013,324.291942883696,348.149894801305
"AENJPLPP_00288",NA,"6-phosphogluconate dehydrogenase, NAD(+)-dependent, decarboxylating",19.661236627914,20.7922466103786,18.1332521087894,11.8193374841736,5.43506049525747,3.96752016867584
"AENJPLPP_00289","fldH","Phenyllactate dehydrogenase",10.4088899794839,12.8713907588058,17.0665902200371,1.81835961294979,2.71753024762874,0.991880042168959
"AENJPLPP_00298","uxuA_1","Mannonate dehydratase",18.5046932968602,14.851604721699,13.8666045537802,19.0927759359728,17.2110249016487,14.8782006325344
"AENJPLPP_00299","ppaX","Pyrophosphatase PpaX",8.09580331737636,6.93074887012621,12.7999426650278,16.3652365165481,17.2110249016487,20.8294808855481
"AENJPLPP_00300",NA,"hypothetical protein",316.892872708732,361.38904822801,326.39853795821,220.9306929734,247.295252534215,307.482813072377
"AENJPLPP_00301","cspL","Cold shock protein 2",9578.49186778729,11995.1460802256,11027.1506059215,14210.4803752026,17435.674068786,18282.3329372583
"AENJPLPP_00302",NA,"hypothetical protein",11.5654333105377,29.7032094433981,23.466561552551,20.9111355489226,17.2110249016487,23.805121012055
"AENJPLPP_00303",NA,"hypothetical protein",309.953612722409,315.844127081466,323.198552291953,157.288106520157,169.392718768858,167.627727126554
"AENJPLPP_00304",NA,"hypothetical protein",355.058802633506,362.379155209456,401.064870170872,274.572301555419,255.447843277101,273.758891638633
"AENJPLPP_00305",NA,"hypothetical protein",248.65681617656,257.427815176117,239.998924969272,145.468769035983,173.016092432363,195.400368307285
"AENJPLPP_00306",NA,"hypothetical protein",330.771392681377,252.477280268884,274.132105409346,180.017601682029,139.499886044942,172.587127337399
"AENJPLPP_00308",NA,"hypothetical protein",2596.4397782157,2297.04819695612,2385.05598325019,63.6425864532427,77.9025337653571,84.3098035843615
"AENJPLPP_00309","yidA_1","Sugar phosphatase YidA",1874.75673963815,1726.74657564287,1817.59185843395,92.7363402604394,90.5843415876245,78.3585233313478
"AENJPLPP_00310","gspA_1","General stress protein A",7852.92921785507,7190.15689926522,7575.43273391898,47.2773499366946,47.1038576255647,43.6427218554342
"AENJPLPP_00311","gspA_2","General stress protein A",5072.59905000182,4530.72954709965,4767.97864272287,39.0947316784205,37.139580050926,34.7158014759136
"AENJPLPP_00312",NA,"hypothetical protein",495.000545691012,469.310709205689,427.731417389681,8.18261825827406,3.62337366350498,5.95128025301375
"AENJPLPP_00313",NA,"hypothetical protein",7863.33810783455,6650.54859437683,6726.36987047213,59.0966874208682,51.633074704946,56.5371624036307
"AENJPLPP_00314","yghA","putative oxidoreductase YghA",22774.6512751108,17707.073256191,19254.3137538681,154.560567100732,133.158982133808,98.1961241747269
"AENJPLPP_00315",NA,"hypothetical protein",6289.28263427038,5318.85470433115,5581.84166384089,522.778388723065,415.782127887197,485.029340620621
"AENJPLPP_00316",NA,"hypothetical protein",33390.5625108533,27935.8684815159,28409.4727450293,1603.79317862172,1529.96952941498,1459.05554203054
"AENJPLPP_00317",NA,"hypothetical protein",3064.83982729248,2796.0621156052,2956.78675562143,220.021513166925,251.824469613596,263.840091216943
"AENJPLPP_00318",NA,"hypothetical protein",24.2874099521291,21.7823535918252,25.5998853300557,131.83107193886,186.603743670506,165.643967042216
"AENJPLPP_00319",NA,"hypothetical protein",16.1916066347527,30.6933164248447,28.7998709963127,55.4599681949686,62.5031956954609,63.4803226988134
"AENJPLPP_00320",NA,"hypothetical protein",102.932356463785,80.1986654971748,81.0663035451764,137.286150777709,119.571330895664,131.920045608472
"AENJPLPP_00321",NA,"hypothetical protein",38.1659299247743,51.4855630352233,28.7998709963127,31.8212932266214,22.6460853969061,33.7239214337446
"AENJPLPP_00322",NA,"hypothetical protein",15094.0470135827,12554.5565247429,13174.3409879799,1599.24727958934,1447.53777857024,1469.9662224944
"AENJPLPP_00323",NA,"hypothetical protein",5802.37789189674,4637.66110109588,5111.44377090112,607.33211072523,484.626227493791,399.72765699409
"AENJPLPP_00324",NA,"Stress response regulator gls24",11817.5597567074,11472.3695940218,10950.3509499313,1160.11343306197,1378.69367896364,1310.27353570519
"AENJPLPP_00325",NA,"hypothetical protein",1389.00854059557,1181.1976288658,1243.72776228521,146.377948842458,132.253138717932,166.635847084385
"AENJPLPP_00327","amt","Ammonia channel",113.341246443269,115.842516829252,102.399541320223,72.7343845179917,49.8213878731935,77.3666432891788
"AENJPLPP_00328","gadC_1","Glutamate/gamma-aminobutyrate antiporter",187.36001963071,210.892787048126,189.865816197913,90.9179806474896,100.548619162263,117.041844975937
"AENJPLPP_00329","glsA","Glutaminase",13.8785199726452,27.7229954805049,28.7998709963127,59.0966874208682,70.6557864383471,64.4722027409823
"AENJPLPP_00330",NA,"hypothetical protein",34.696299931613,28.7131024619515,19.1999139975418,43.640630710795,49.8213878731935,43.6427218554342
"AENJPLPP_00331","dxs","1-deoxy-D-xylulose-5-phosphate synthase",626.846485431141,609.905900571107,618.663895476346,5174.14227864863,5131.60295093893,4731.26780114593
"AENJPLPP_00332",NA,"hypothetical protein",106.401986456946,101.981019089,94.9329080989565,341.851607234561,355.996462439364,319.385373578405
"AENJPLPP_00333","nanE_1","Putative N-acetylmannosamine-6-phosphate 2-epimerase",149.194089705936,121.783158717932,114.132822096498,641.880943371276,547.129423189252,488.996860789297
"AENJPLPP_00334",NA,"hypothetical protein",1181.98728433695,1086.14735864692,1134.92824963247,3524.89010970317,3757.43848905466,3489.4339883504
"AENJPLPP_00335",NA,"hypothetical protein",54.357536559527,66.3371677569223,63.9997133251392,215.47561413455,250.91862619772,303.515292903701
"AENJPLPP_00336","ftsW_1","putative peptidoglycan glycosyltransferase FtsW",836.180828351872,860.402966877097,865.062791778132,960.09387563749,875.950583152329,881.781357488205
"AENJPLPP_00337","msrR","Regulatory protein MsrR",245.187186183398,234.655354602845,248.532220079291,181.835961294979,187.509587086383,192.424728180778
"AENJPLPP_00338",NA,"hypothetical protein",7012.12221617898,6606.98388719318,6813.83614534982,4759.55628689608,4068.14278070022,4050.83809221803
"AENJPLPP_00339","pbp","Beta-lactam-inducible penicillin-binding protein",90153.7091989721,87938.3317711429,84188.4228935544,54855.3636236628,53476.4660562541,52711.481080985
"AENJPLPP_00340","napA_1","Na(+)/H(+) antiporter",555.140798905807,592.083974905068,600.530643367556,480.95611762522,515.424903633583,516.769501970028
"AENJPLPP_00341","napA_2","Na(+)/H(+) antiporter",153.820263030151,170.298400808816,166.399254645362,182.745141101454,202.003081740403,212.262329024157
"AENJPLPP_00342",NA,"hypothetical protein",933.330468160389,954.463130114524,945.062433434556,526.415107948965,574.304725665539,590.168625090531
"AENJPLPP_00343",NA,"hypothetical protein",138.785199726452,108.911767959126,132.266074205288,300.029336136716,288.058206248646,288.637092271167
"AENJPLPP_00344","ahpF","NADH dehydrogenase",794.545268433937,793.075692138728,734.930041350349,17568.9905803209,19789.9611066483,17931.2074023304
"AENJPLPP_00345","ahpC","Alkyl hydroperoxide reductase C",156.133349692258,194.060968363534,207.999068306702,5388.70871297671,6124.40733473929,5731.08288365225
"AENJPLPP_00346","rspR_1","HTH-type transcriptional repressor RspR",141.098286388559,142.575405328311,185.599168642904,173.653343036705,215.590732978546,188.457208012102
"AENJPLPP_00347","uxuA_2","Mannonate dehydratase",83.2711198358711,59.4064188867961,74.6663322126624,239.114289102898,298.928327239161,275.742651722971
"AENJPLPP_00348","uxuA_3","Mannonate dehydratase",34.696299931613,34.6537443506311,37.3331661063312,107.283217164038,118.665487479788,105.13928446991
"AENJPLPP_00349",NA,"hypothetical protein",111.028159781161,98.0205911632136,75.7329941014147,364.581102396433,367.772426845755,359.060575265163
"AENJPLPP_00350",NA,"hypothetical protein",87.8972931600862,97.030484181767,77.8663178789194,116.375015228787,136.782355797313,155.725166620527
"AENJPLPP_00351",NA,"hypothetical protein",76.3318598495485,87.129414367301,95.9995699877088,151.833027681308,153.993380698962,138.863205903654
"AENJPLPP_00352",NA,"hypothetical protein",179.264216313334,173.268721753155,158.932621424096,901.906368023097,806.200640129858,817.309154747222
"AENJPLPP_00353","ohrR","Organic hydroperoxide resistance transcriptional regulator",761.005511833378,765.352696658223,743.463336460367,1032.82826015548,1087.91794246737,1015.68516318101
"AENJPLPP_00354","ohrA","Organic hydroperoxide resistance protein OhrA",294.91854941871,264.358564046243,252.7988676343,96.373059486339,124.100547975046,94.2286040060511
"AENJPLPP_00355",NA,"hypothetical protein",100.619269801678,94.0601632374272,84.2662892114333,63.6425864532427,70.6557864383471,59.5128025301375
"AENJPLPP_00356",NA,"hypothetical protein",602.559075479012,719.80777551168,670.93032802521,173.653343036705,183.886213422878,197.384128391623
"AENJPLPP_00357","bbmA","Intracellular maltogenic amylase",76.3318598495485,72.277809645602,99.1995556539658,21.8203153553975,15.3993380698962,17.8538407590413
"AENJPLPP_00358","mdxE","Maltodextrin-binding protein MdxE",1044.35862794155,942.581846337165,1316.26077072036,82.7353623892155,66.1265693589659,63.4803226988134
"AENJPLPP_00359",NA,"hypothetical protein",109.871616450108,112.872195884913,132.266074205288,76.3711037438913,67.0324127748421,74.3910031626719
"AENJPLPP_00360","malG","Maltose/maltodextrin transport system permease protein MalG",24.2874099521291,14.851604721699,20.2665758862941,21.8203153553975,29.8928327239161,32.7320413915756
"AENJPLPP_00361",NA,"hypothetical protein",9.25234664843012,13.8614977402524,11.7332807762755,35.4580124525209,38.0454234668023,35.7076815180825
"AENJPLPP_00362","cfa","Cyclopropane-fatty-acyl-phospholipid synthase",1362.40804398134,1343.57517382304,1416.52698826308,6591.55359694299,7175.18569715574,7167.3251847129
"AENJPLPP_00363",NA,"hypothetical protein",2612.63138485046,2434.67306737719,2424.52247313402,2705.71910406929,2598.86476014895,2660.22227309715
"AENJPLPP_00364","pyrDA","Dihydroorotate dehydrogenase A (fumarate)",6227.98583772453,6234.70366216925,6249.57200619985,6068.77520821993,6004.83600384363,5608.08975842329
"AENJPLPP_00365","nylA","6-aminohexanoate-cyclic-dimer hydrolase",4837.8207537979,4447.56056065814,3794.116338292,2076.56667798866,1890.49520893372,1970.86564378972
"AENJPLPP_00366","yckB","putative ABC transporter extracellular-binding protein YckB",1941.83625283927,1991.10513968912,1596.79284746222,706.432709630994,680.28840532306,655.632707873682
"AENJPLPP_00367","yecS_1","L-cystine transport system permease protein YecS",1111.43814114267,1184.16794981014,1061.32857930856,400.948294655429,317.951038972562,275.742651722971
"AENJPLPP_00368",NA,"hypothetical protein",149.194089705936,176.239042697495,159.999283312848,261.84378426477,298.928327239161,309.466573156715
"AENJPLPP_00369",NA,"hypothetical protein",940.269728146711,887.135855376156,897.062648440702,908.270626668421,870.515522657072,883.765117572542
"AENJPLPP_00370",NA,"hypothetical protein",808.423788406582,753.471412880864,758.3966029029,748.254980728839,763.625999583675,793.504033735167
"AENJPLPP_00371","gmk_1","Guanylate kinase",49.7313632353119,56.4360979424563,50.1331087713591,879.176872861224,890.444077806349,889.716397825556
"AENJPLPP_00372","nupC","Nucleoside permease NupC",403.633622537764,418.815253151913,392.531575060854,3260.31878601898,3438.58160666623,3545.97115075403
"AENJPLPP_00373",NA,"hypothetical protein",556.297342236861,619.806970385573,581.330729370015,5265.06025929612,5344.47615366985,5522.78807479676
"AENJPLPP_00374",NA,"hypothetical protein",268.318052804474,305.943057267,279.465414853108,1851.09008598289,1806.25177125723,2133.53397070543
"AENJPLPP_00375",NA,"hypothetical protein",2147.70096576684,2090.11583783378,2168.52361983347,1866.54614269296,2006.44316616588,1984.75196438009
"AENJPLPP_00376",NA,"hypothetical protein",4178.59105509725,3929.73460936156,3706.65006341431,2913.92127975204,3058.1273719982,3252.37465827202
"AENJPLPP_00377",NA,"hypothetical protein",198.925452941248,198.02139628932,226.132320415492,571.874098272709,656.736476510278,619.925026355599
"AENJPLPP_00378",NA,"hypothetical protein",272.944226128689,280.200275749388,319.998566625696,880.086052667699,899.502511965111,807.390354325533
"AENJPLPP_00379",NA,"hypothetical protein",429.077575820947,423.765788059146,373.331661063312,1026.46400151016,957.476490581191,1042.46592431958
"AENJPLPP_00380","ygaZ_1","Inner membrane protein YgaZ",474.182765732044,474.261244112922,484.264497493554,2784.81774723261,3516.48414043158,3330.73318160336
"AENJPLPP_00381",NA,"hypothetical protein",43.9486465800431,42.5746002022039,47.9997849938544,402.766654268379,347.843871696478,407.662697331442
"AENJPLPP_00382","murJ_1","Lipid II flippase MurJ",1157.69987438482,1188.12837773592,1121.06164507869,6416.08189429334,6254.84878662547,6822.1509300381
"AENJPLPP_00383","degV","Protein DegV",652.290438714324,643.569537940291,570.664110482491,3983.11673216652,4142.42194080207,4002.23597015175
"AENJPLPP_00384",NA,"hypothetical protein",1085.99418785949,1035.65190259315,1068.79521252983,1590.15548152459,1801.72255417785,1481.86878300042
"AENJPLPP_00385",NA,"hypothetical protein",5530.59020909911,5280.24053205473,5153.04358456246,4600.44982076297,4858.0382393443,4850.29340620621
"AENJPLPP_00386","malL_1","Oligo-1,6-glucosidase",5143.1481931961,4928.75255364119,4922.64461659196,2073.83913856924,2096.12166433763,2012.52460556082
"AENJPLPP_00387",NA,"hypothetical protein",3438.40332322284,3666.36615229677,3443.18457689249,801.896589310858,735.544853691511,734.983111247199
"AENJPLPP_00388","hmpT","Thiamine precursor transporter HmpT",4547.52837770341,4547.56136578424,4697.57895806522,1298.30876364615,1232.85288900757,1194.22357077143
"AENJPLPP_00389","pdxK","Pyridoxine kinase",3505.48283642396,4047.55734015371,3779.18307184947,1727.4416323023,2026.37172131516,1831.0105578439
"AENJPLPP_00390","menE","2-succinylbenzoate--CoA ligase",4725.63605068569,4572.31404032041,4591.97943107874,1449.23261152098,1330.6839779222,1384.66453886787
"AENJPLPP_00391","xerC_3","Tyrosine recombinase XerC",1420.23521053402,1485.1604721699,1436.79356414938,334.578168782762,342.408811201221,318.393493536236
"AENJPLPP_00392","ysnF","Stress response protein YsnF",24700.2959213153,21775.4228429551,22284.7001798135,476.410218592845,481.908697246162,434.443458470004
"AENJPLPP_00393","sasA_1","Adaptive-response sensory-kinase SasA",644.194635396947,591.093867923621,579.19740559251,314.576213040314,322.480256051943,319.385373578405
"AENJPLPP_00394","mprA","Response regulator MprA",399.007449213549,462.379960335563,482.131173716049,261.84378426477,271.753024762874,291.612732397674
"AENJPLPP_00395",NA,"putative ABC transporter permease",24.2874099521291,21.7823535918252,22.3998996637987,219.11233336045,245.483565702462,193.416608222947
"AENJPLPP_00396","lolD_1","Lipoprotein-releasing system ATP-binding protein LolD",1.15654333105377,0,1.06666188875232,19.0927759359728,19.9285551492774,23.805121012055
"AENJPLPP_00397","hrtA_1","Putative hemin import ATP-binding protein HrtA",5.78271665526883,3.96042792578641,2.13332377750464,37.2763720654707,39.8571102985548,27.7726411807309
"AENJPLPP_00398",NA,"hypothetical protein",336.554109336646,315.844127081466,313.598595293182,220.9306929734,235.519288127824,224.164889530185
"AENJPLPP_00399",NA,"hypothetical protein",13.8785199726452,14.851604721699,17.0665902200371,64.5517662597176,57.0681352002034,75.3828832048409
"AENJPLPP_00400",NA,"hypothetical protein",2.31308666210753,3.96042792578641,1.06666188875232,9.09179806474896,5.43506049525747,14.8782006325344
"AENJPLPP_00401",NA,"hypothetical protein",3.4696299931613,7.92085585157282,6.39997133251392,10.0009778712239,11.7759644063912,8.92692037952063
"AENJPLPP_00402",NA,"hypothetical protein",80.9580331737636,66.3371677569223,77.8663178789194,153.651387294257,136.782355797313,138.863205903654
"AENJPLPP_00403",NA,"hypothetical protein",30.0701266073979,26.7328884990583,17.0665902200371,39.0947316784205,33.5162063874211,41.6589617710963
"AENJPLPP_00404",NA,"hypothetical protein",27.7570399452904,14.851604721699,14.9332664425325,20.0019557424477,19.9285551492774,33.7239214337446
"AENJPLPP_00405",NA,"hypothetical protein",63.6098832079571,70.2975956827087,61.8663895476346,91.8271604539645,121.383017727417,121.009365144613
"AENJPLPP_00406",NA,"hypothetical protein",183.890389637549,219.803749881146,198.399111307932,284.573279426642,270.847181346997,255.905050879591
"AENJPLPP_00407","ybbH_1","putative HTH-type transcriptional regulator YbbH",107.558529788,111.882088903466,115.199483985251,456.408262850398,538.07098903049,588.184865006193
"AENJPLPP_00408","yhhX","putative oxidoreductase YhhX",915.982318194582,1026.74093976013,861.862806111875,3193.03948033983,3139.65327942707,3130.37341308523
"AENJPLPP_00409",NA,"hypothetical protein",1555.55078026731,1472.2890814111,1532.79313413708,4024.02982345789,3728.45149974662,4005.21161027826
"AENJPLPP_00410",NA,"hypothetical protein",4672.43505745721,3975.27953050811,4996.24428691587,170.016623810806,170.298562184734,147.790126283175
"AENJPLPP_00411",NA,"hypothetical protein",107.558529788,114.852409847806,165.33259275661,19.0927759359728,21.7402419810299,11.9025605060275
"AENJPLPP_00412","ulaA_1","Ascorbate-specific PTS system EIIC component",150.35063303699,102.971126070447,149.332664425325,51.8232489690691,55.2564483684509,52.5696422349548
"AENJPLPP_00413",NA,"hypothetical protein",90.2103798221937,79.2085585157282,73.5996703239101,149.105488261883,139.499886044942,133.903805692809
"AENJPLPP_00414",NA,"hypothetical protein",10.4088899794839,15.8417117031456,19.1999139975418,31.8212932266214,33.5162063874211,35.7076815180825
"AENJPLPP_00417","ldh_1","L-lactate dehydrogenase",6740.33453338134,7443.62428651555,7002.63529965898,4194.95562707517,4161.44465253547,4233.34401997712
"AENJPLPP_00418",NA,"hypothetical protein",116.81087643643,140.595191365417,140.799369315306,41.8222710978452,47.1038576255647,47.61024202411
"AENJPLPP_00419",NA,"hypothetical protein",571.33240554056,622.777291329913,584.530715036272,273.663121748944,280.811458921636,307.482813072377
"AENJPLPP_00420",NA,"hypothetical protein",218.586689569162,249.506959324544,197.332449419179,913.72570550727,671.229971164298,688.364749265258
"AENJPLPP_00421","topB_1","DNA topoisomerase 3",1895.57451959712,1823.77705982464,1787.72532554889,6426.99205197104,5617.1350218486,5782.66064584503
"AENJPLPP_00422",NA,"hypothetical protein",2985.03833744977,2539.62440741053,2757.32098242475,1926.5520099203,1658.5992944694,1623.70762903059
"AENJPLPP_00423","tagU_1","Polyisoprenyl-teichoic acid--peptidoglycan teichoic acid transferase TagU",3137.70205714887,3528.74128187569,3338.65171179476,4452.25351230756,4335.36658838371,3944.70692770595
"AENJPLPP_00424","aroE","Shikimate dehydrogenase (NADP(+))",486.904742373635,561.390658480223,577.064081815005,825.535264279205,781.742867901199,736.966871331536
"AENJPLPP_00425","cmpD","Bicarbonate transport ATP-binding protein CmpD",4476.97923450913,4372.31243006819,4615.44599263129,786.440532600785,928.489501273151,892.692037952063
"AENJPLPP_00426",NA,"hypothetical protein",2823.12227110224,2795.07200862376,2965.32005073145,495.502994528818,462.885985512761,468.167379903749
"AENJPLPP_00427",NA,"hypothetical protein",8563.04682312208,8689.17886917538,8870.3602668643,1018.28138325188,1039.90824142593,1074.20608566898
"AENJPLPP_00428",NA,"hypothetical protein",655.760068707485,717.827561548787,657.063723471429,524.596748336015,579.739786160797,561.404103867631
"AENJPLPP_00430","rqcH","Rqc2 RqcH",10414.6726961392,10002.0607265736,10413.8200198889,6582.46179887825,6238.5436051397,6116.92422005597
"AENJPLPP_00431","hdfR_1","HTH-type transcriptional regulator HdfR",4564.87652766921,3916.86321860276,3927.44907438604,3814.00928816219,3761.96770613405,3767.16040015771
"AENJPLPP_00432","cah","Carbonic anhydrase",2636.91879480259,2270.31530845706,2375.45602625142,2219.30790760522,2203.01118741103,2121.6314101994
"AENJPLPP_00433","yfbR","5'-deoxynucleotidase YfbR",1600.65597017841,1607.93373786928,1539.1931054696,1309.21892132385,1464.74880347189,1254.72825334373
"AENJPLPP_00434","pyrE","Orotate phosphoribosyltransferase",2160.42294240843,2090.11583783378,2769.05426320102,1002.82532654181,928.489501273151,892.692037952063
"AENJPLPP_00435","pyrF","Orotidine 5'-phosphate decarboxylase",1589.09053686787,1657.43908694161,2164.25697227846,938.273560282092,905.843415876245,911.537758753273
"AENJPLPP_00436","pyrDB","Dihydroorotate dehydrogenase B (NAD(+)), catalytic subunit",1178.51765434379,1195.05912660605,1465.59343514569,541.871164659038,492.778818236677,503.875061421831
"AENJPLPP_00437","pyrK_1","Dihydroorotate dehydrogenase B (NAD(+)), electron transfer subunit",632.62920208641,488.122741853175,757.329941014147,283.664099620167,227.366697384938,208.294808855481
"AENJPLPP_00438","pyrK_2","Dihydroorotate dehydrogenase B (NAD(+)), electron transfer subunit",1188.92654432327,1028.72115372302,1373.86051271299,318.212932266214,371.39580050926,372.946895855529
"AENJPLPP_00439","carB","Carbamoyl-phosphate synthase large chain",8702.98856617959,8284.22511376372,11603.1480258477,3133.03361311249,3062.65658907758,3079.78753093462
"AENJPLPP_00440","carA","Carbamoyl-phosphate synthase small chain",2765.29510454955,2839.62682278885,4154.64805669029,941.001099701517,970.158298403459,936.334759807497
"AENJPLPP_00441","pyrC","Dihydroorotase",1978.84563943299,1878.2329438042,2792.52082475358,681.884854856172,721.051359037491,700.267309771285
"AENJPLPP_00442","pyrB","Aspartate carbamoyltransferase",1476.90583375566,1468.32865348531,2190.92351949727,570.964918466235,594.233280814817,610.00622593391
"AENJPLPP_00443","pyrP","Uracil permease",1557.86386692942,1607.93373786928,2339.18952203384,786.440532600785,763.625999583675,771.68267280745
"AENJPLPP_00444","pyrR","Bifunctional protein pyrR",1402.88706056822,1359.41688552618,1994.65773196684,475.50103878637,514.519060217707,470.151139988087
"AENJPLPP_00445","rluD_1","Ribosomal large subunit pseudouridine synthase D",5239.14128967356,4903.99987910502,4909.84467392693,3680.35985661038,4181.37320768475,3959.58512833848
"AENJPLPP_00446","lspA","Lipoprotein signal peptidase",1889.79180294185,1856.45059021238,1871.99161476032,1232.84781757996,1163.1029459851,1101.97872684971
"AENJPLPP_00447",NA,"hypothetical protein",976.122571409378,934.660990485592,886.396029553178,510.049871432417,634.090391113372,665.551508295371
"AENJPLPP_00448",NA,"hypothetical protein",2202.05850232637,2025.75888403975,2239.98996637987,1591.06466133107,1402.24560777643,1275.55773422928
"AENJPLPP_00449","fhs1","Formate--tetrahydrofolate ligase 1",23461.6380137567,24757.6250710723,22678.2984167631,1984.7395175347,1754.61869655229,1827.04303767522
"AENJPLPP_00450",NA,"hypothetical protein",3902.1771989754,3761.41642251564,3574.38398920903,1581.06368345984,1595.19025535807,1643.54522987397
"AENJPLPP_00451",NA,"hypothetical protein",1577.52510355734,1614.86448673941,1604.25948068349,1602.88399881524,1538.12212015786,1415.4128201751
"AENJPLPP_00452","rnhA","14.7 kDa ribonuclease H-like protein",456.834615766237,398.023006541534,413.8648128359,497.321354141768,446.580804026989,419.56525783747
"AENJPLPP_00453","fieF","Ferrous-iron efflux pump FieF",1731.34536658749,1780.21235264099,1770.65873532885,1668.34494488143,1677.62200620281,1611.80506852456
"AENJPLPP_00454","panT_1","Pantothenate transporter PanT",1961.49748946719,2071.30380518629,2082.12400684453,1497.41914126415,1579.79091728817,1510.63330422332
"AENJPLPP_00455","alaS","Alanine--tRNA ligase",5317.78623618521,5480.24214230694,5364.24263853542,22794.0469281321,22974.0007134533,23018.560138615
"AENJPLPP_00456",NA,"Acetyltransferase",305.327439398194,269.309098953476,282.665400519365,180.926781488504,180.262839759373,197.384128391623
"AENJPLPP_00457","cshB","DEAD-box ATP-dependent RNA helicase CshB",6783.12663663033,6678.27158985733,6593.03713437809,11866.6148341103,11525.0457801935,11368.9290433406
"AENJPLPP_00458",NA,"hypothetical protein",2155.79676908422,2230.71102919919,2223.99003804859,2018.37917037427,2145.94305221082,2116.67200998856
"AENJPLPP_00459",NA,"hypothetical protein",68.2360565321722,89.1096283301942,88.5329367664426,30.9121134201465,41.6687971303073,41.6589617710963
"AENJPLPP_00460","steT_1","Serine/threonine exchanger SteT",57.8271665526883,43.5647071836505,46.9331231051021,97.2822392928139,112.324583568654,70.4234829939961
"AENJPLPP_00461",NA,"putative epimerase/dehydratase",35.8528432626667,29.7032094433981,33.0665185513219,30.9121134201465,31.7045195556686,34.7158014759136
"AENJPLPP_00462",NA,"Putative pyridoxal phosphate-dependent acyltransferase",52.0444498974194,57.4262049239029,51.1997706601114,53.6416085820189,72.4674732700996,69.4316029518271
"AENJPLPP_00463",NA,"hypothetical protein",28.9135832763441,23.7625675547185,20.2665758862941,16.3652365165481,23.5519288127824,12.8944405481965
"AENJPLPP_00464","yedJ","putative protein YedJ",917.138861525636,865.35350178433,860.796144223123,1049.19349667203,955.664803749439,943.27792010268
"AENJPLPP_00465","ypwA","Carboxypeptidase 1",8565.35990978419,8207.98687619233,7945.56440931604,7078.87397321354,7155.25714200646,7055.24273994781
"AENJPLPP_00466","rlmL","Ribosomal RNA large subunit methyltransferase L",5723.73294538509,5604.00551498777,5490.10874140819,7961.68756530066,7798.40596727859,7727.73740853836
"AENJPLPP_00467","gpsB","Cell cycle protein GpsB",4832.03803714263,5088.15977765409,5126.37703734365,5233.2389660695,6548.34205336938,6585.09159995972
"AENJPLPP_00468",NA,"hypothetical protein",453.364985773076,451.488783539651,509.864382823609,807.351668149708,837.905159685527,743.910031626719
"AENJPLPP_00469","recU","Holliday junction resolvase RecU",291.448919425549,346.537443506311,334.931833068229,918.271604539645,890.444077806349,984.936881873776
"AENJPLPP_00470","ponA_1","Penicillin-binding protein 1A",5765.36850530302,5974.3055260488,5774.90746570506,11631.1372642333,10919.9423783881,10460.3669247138
"AENJPLPP_00472",NA,"hypothetical protein",24.2874099521291,25.7427815176117,23.466561552551,93.6455200669143,114.136270400407,106.131164512079
"AENJPLPP_00473","nth","Endonuclease III",2500.44668173824,2350.51397395423,2394.65594024896,1855.63598501526,1608.77790659621,1548.32474582574
"AENJPLPP_00474","dnaD","DNA replication protein DnaD",1194.70926097854,1204.96019642051,1112.52834996867,1455.59687016631,1561.67404897065,1495.75510359079
"AENJPLPP_00475","tetA","Tetracycline resistance protein, class C",404.790165868818,429.706429947825,381.864956173331,278.209020781318,282.623145753388,281.693931975984
"AENJPLPP_00476",NA,"hypothetical protein",207.021256258624,203.962038178,162.132607090353,110.010756583462,132.253138717932,122.993125228951
"AENJPLPP_00477",NA,"hypothetical protein",5076.06867999498,4601.02714278236,4666.6457632914,882.813592087124,844.24606359666,735.974991289368
"AENJPLPP_00478","nox_1","NADH oxidase",9540.32593786251,8670.3668365279,9319.42492202902,5436.89524271988,5420.56700060345,5065.53137535687
"AENJPLPP_00479","perR","Peroxide operon regulator",1209.74432428224,1177.23720094001,1071.99519819608,1389.22674429364,1373.25861846839,1623.70762903059
"AENJPLPP_00480","cysK","Cysteine synthase",14402.4341016125,13841.6956006235,13812.2047974538,4207.68414436582,4227.57122189444,3746.33091927216
"AENJPLPP_00481",NA,"Autolysin",279.883486115011,271.289312916369,329.598523624467,943.728639120942,839.716846517279,891.700157909894
"AENJPLPP_00482",NA,"IS30 family transposase IS1252",237.091382866022,284.160703675175,278.398752964356,195.473658392103,232.801757880195,262.848211174774
"AENJPLPP_00483","tkt","Transketolase",78162.6679426066,74897.6327185097,77714.8518907166,29811.0966745054,26307.5044838779,26174.7224327967
"AENJPLPP_00484",NA,"hypothetical protein",1335.8075473671,1542.58667709381,1291.72754727906,1181.02456861089,1491.92410594818,1718.92811307881
"AENJPLPP_00485","lexA","LexA repressor",2272.60764552065,2360.4150437687,2190.92351949727,2470.24153419229,2283.63125142401,2415.22790268142
"AENJPLPP_00486",NA,"hypothetical protein",3653.52038279885,3684.18807796281,3926.38241249729,330.032269750387,296.210796991532,356.084935138656
"AENJPLPP_00487","apt","Adenine phosphoribosyltransferase",1372.81693396082,1417.83319743153,1402.6603837093,7332.53513922003,6437.82915663247,6702.13344493566
"AENJPLPP_00488",NA,"hypothetical protein",4620.39060755979,4429.7386349921,4532.24636530861,17576.2640187727,16593.2396920211,15902.8127160949
"AENJPLPP_00489",NA,"hypothetical protein",2167.36220239476,1797.04417132558,1786.65866366014,1076.46889086628,960.19402082882,986.920641958114
"AENJPLPP_00490","hcaB","3-phenylpropionate-dihydrodiol/cinnamic acid-dihydrodiol dehydrogenase",1692.02289333166,1726.74657564287,1716.25897900248,1511.05683836128,1419.45663267808,1347.96497730762
"AENJPLPP_00491","rnz","Ribonuclease Z",1180.83074100589,1137.63292168215,1208.52791995638,2055.65554243974,1961.15099537207,1937.14172235598
"AENJPLPP_00492",NA,"hypothetical protein",9935.8637570829,9553.54226397826,9503.95742878317,4394.06600469317,3829.90596232476,3827.66508273001
"AENJPLPP_00493","obg","GTPase Obg",5146.61782318926,5052.51592632201,5173.31016044875,14091.3778205544,11157.2733533477,11017.8035084128
"AENJPLPP_00494","gap_1","Glyceraldehyde-3-phosphate dehydrogenase",30489.9518365704,29149.7396407694,29622.2673125407,4006.75540713487,4201.30176283402,4055.79749242887
"AENJPLPP_00495","menH_1","2-succinyl-6-hydroxy-2,4-cyclohexadiene-1-carboxylate synthase",666.168958686969,658.42114266199,596.263995812547,2881.19080671894,2716.62440421286,2693.94619453089
"AENJPLPP_00496",NA,"IS30 family transposase IS6770",31.2266699384517,18.8120326474854,30.9331947738173,20.0019557424477,19.9285551492774,21.8213609277171
"AENJPLPP_00497",NA,"hypothetical protein",831.554655027657,842.581041211058,791.463121454222,889.177850732448,936.642092016037,857.97623647615
"AENJPLPP_00498",NA,"hypothetical protein",784.136378454453,799.016334027408,797.863092786736,3724.90966712765,3187.66298046851,2922.07860422975
"AENJPLPP_00499","fabZ_1","3-hydroxyacyl-[acyl-carrier-protein] dehydratase FabZ",839.650458345034,880.205106506029,786.12981201046,8301.72081292227,7754.01963990066,7825.93353271309
"AENJPLPP_00500","fabI","Enoyl-[acyl-carrier-protein] reductase [NADH] FabI",986.531461388862,1135.65270771925,997.32886598342,12062.9976723089,13853.9692024113,13125.5485980218
"AENJPLPP_00501","ilvE","Branched-chain-amino-acid aminotransferase",4256.07945827786,3946.56642804616,4103.44828603018,5099.58953451769,5343.57031025397,5266.88302391717
"AENJPLPP_00502","ykuT","putative MscS family protein YkuT",375.876582592474,386.141722764175,431.99806494469,979.186651573463,1000.95697454325,1097.01932663887
"AENJPLPP_00503",NA,"hypothetical protein",1148.44752773639,1065.35511203654,1044.26198908852,1834.72484946634,1801.72255417785,1834.97807801257
"AENJPLPP_00504",NA,"hypothetical protein",253.282989500775,268.318991972029,210.132392084207,336.396528395711,332.444533626582,352.11741496998
"AENJPLPP_00505","rph","Ribonuclease PH",2439.14988519239,2345.563439047,2255.98989471116,4072.21635320106,3970.31169178558,3899.08044576618
"AENJPLPP_00506","murI","Glutamate racemase",455.678072435184,472.281030150029,414.931474724653,1211.02750222456,1369.63524480488,1311.26541574736
"AENJPLPP_00507","glnP","putative glutamine ABC transporter permease protein GlnP",1038.57591128628,1061.39468411076,1123.19496885619,1322.85661842097,1226.51198509644,1289.44405481965
"AENJPLPP_00508","glnM","putative glutamine ABC transporter permease protein GlnM",567.862775547399,597.034509812301,575.997419926253,899.178828603672,781.742867901199,842.106155801446
"AENJPLPP_00509","glnH","ABC transporter glutamine-binding protein GlnH",5209.07116306616,4635.68088713299,4868.24486026559,6468.81432306888,5588.14803254056,5318.46078610996
"AENJPLPP_00510","glnQ_1","Glutamine transport ATP-binding protein GlnQ",3962.3174521902,3970.32899560087,4136.5148045815,3882.19777364781,4152.38621837671,4072.65945314575
"AENJPLPP_00511","trpS2","Tryptophan--tRNA ligase 2",1282.60655413863,1327.73346211989,1348.26062738293,4535.89805450326,4130.64597639568,4296.82434267593
"AENJPLPP_00512","pheT","Phenylalanine--tRNA ligase beta subunit",4044.43202869502,3962.4081397493,3786.64970507074,14349.5848855933,13806.8653447857,13443.9420915581
"AENJPLPP_00513","pheS","Phenylalanine--tRNA ligase alpha subunit",869.720584952432,862.38318083999,790.39645956547,5953.30937279762,6064.62166929146,5900.69437086314
"AENJPLPP_00514","yodB","HTH-type transcriptional regulator YodB",5709.85442541244,5863.41354412678,5479.44212252067,3284.8666407938,3206.68569220191,3390.2459841335
"AENJPLPP_00515","addA","ATP-dependent helicase/nuclease subunit A",12427.0580921727,11686.2327020142,12044.7460477912,8439.00696369998,8534.85666438598,8454.78547944821
"AENJPLPP_00516","addB_1","ATP-dependent helicase/deoxyribonuclease subunit B",7568.41955841584,7403.02990027624,7521.03297759261,4857.74770599537,4953.15179801131,4652.90927781459
"AENJPLPP_00517","addB_2","ATP-dependent helicase/deoxyribonuclease subunit B",2743.32078125953,2861.40917638068,2778.65422019979,2012.01491172894,2288.16046850339,2277.35657681993
"AENJPLPP_00519","dtpT_1","Di-/tripeptide transporter",1120.6904877911,1238.6238337897,1185.06135840383,1980.19361850232,1944.8458138863,2281.32409698861
"AENJPLPP_00520","dtpT_2","Di-/tripeptide transporter",2160.42294240843,2348.53375999134,2211.19009538356,4113.12944449243,4578.13262383854,4340.46706453136
"AENJPLPP_00521",NA,"hypothetical protein",100.619269801678,113.862302866359,118.399469651508,434.587947495,591.515750567188,570.331024247151
"AENJPLPP_00522",NA,"hypothetical protein",998.0968946994,957.433451058864,989.862232762153,417.313531171977,439.334056699979,463.207979692904
"AENJPLPP_00523",NA,"hypothetical protein",594.463272161635,580.202691127709,639.997133251392,332.759809169812,377.736704420394,348.149894801305
"AENJPLPP_00524",NA,"hypothetical protein",364.311149281936,323.764982933039,374.398322952064,487.320376270544,467.415202592142,475.110540198931
"AENJPLPP_00525",NA,"hypothetical protein",5294.65536956414,4957.46565610314,5004.77758202589,910.998166087846,766.343529831303,784.577113355647
"AENJPLPP_00527",NA,"hypothetical protein",670.795132011184,622.777291329913,712.53014168655,866.448355570576,673.947501411926,610.00622593391
"AENJPLPP_00528",NA,"hypothetical protein",28036.9234314054,30600.2463685887,26855.3463731172,159.106466133107,120.477174311541,118.033725018106
"AENJPLPP_00529",NA,"hypothetical protein",1389.00854059557,1320.80271324977,1301.32750427783,638.244224145377,509.08399972245,425.516538090483
"AENJPLPP_00530",NA,"hypothetical protein",2620.72718816783,2562.39686798381,2572.7884756706,1193.75308590154,1136.83348692469,1119.83256760875
"AENJPLPP_00531",NA,"hypothetical protein",58.983709883742,61.3866328496893,60.7997276588823,30.9121134201465,46.1980142096885,51.5777621927859
"AENJPLPP_00532",NA,"hypothetical protein",2018.16811268882,1997.0457815778,1926.39137108669,190.927759359728,167.581031937105,174.570887421737
"AENJPLPP_00533",NA,"hypothetical protein",785.292921785507,728.718738344699,769.063221790423,65.4609460661925,63.4090391113372,56.5371624036307
"AENJPLPP_00534",NA,"Putative universal stress protein",1850.46932968602,1484.17036518846,1630.9260279023,223.658232392824,252.730313029472,215.237969150664
"AENJPLPP_00535",NA,"hypothetical protein",4187.84340174568,4953.50522817735,4748.77872872533,1437.41327403681,1664.03435496466,1591.96746768118
"AENJPLPP_00537",NA,"hypothetical protein",270.631139466581,284.160703675175,266.66547218808,173.653343036705,159.428441194219,164.652087000047
"AENJPLPP_00538",NA,"hypothetical protein",7409.97312206148,8218.87805298824,7921.03118587473,2580.25229077575,2506.46873172957,2470.77318504288
"AENJPLPP_00539",NA,"hypothetical protein",678.89093532856,691.094673049728,607.997276588823,1281.03434732313,1153.13866841046,1129.75136803044
"AENJPLPP_00540",NA,"hypothetical protein",1569.42930023996,1621.79523560953,1523.19317713831,1577.42696423394,1648.63501689477,1623.70762903059
"AENJPLPP_00541","dinG_1","3'-5' exonuclease DinG",3205.93811368104,3127.74795438982,3267.18536524836,2244.76494218652,2189.42353617288,2209.90873395244
"AENJPLPP_00542",NA,"putative metallo-hydrolase",1483.84509374198,1696.05325921803,1516.7932058058,1396.50018274544,1701.17393501559,1694.13111202458
"AENJPLPP_00543","gpmA_2","2,3-bisphosphoglycerate-dependent phosphoglycerate mutase",1291.85890078706,1337.63453193436,1304.52748994409,769.166116277762,691.158526313575,736.966871331536
"AENJPLPP_00544","uppP","Undecaprenyl-diphosphatase",442.956095793592,542.578625832738,483.197835604801,1341.04021455047,1494.6416361958,1697.10675215109
"AENJPLPP_00545","zosA","Zinc-transporting ATPase",1076.74184121106,1038.62222353749,1026.12873697973,4658.63732837737,5100.80427479914,4892.94424801947
"AENJPLPP_00546",NA,"hypothetical protein",313.42324271557,327.725410858825,358.39839462078,640.062583758327,692.064369729451,708.202350108637
"AENJPLPP_00547",NA,"hypothetical protein",334.241022674538,301.982629341214,331.731847401972,878.267693054749,789.895458644086,808.382234367702
"AENJPLPP_00548","rpsT","30S ribosomal protein S20",1641.13498676529,2038.63027479855,2063.99075473574,9587.30105927778,10355.6019302972,10471.2776051777
"AENJPLPP_00549","yqeN","putative protein YqeN",1916.39229955609,1834.66823662055,1763.19210210759,1262.85075119363,1218.35939435355,1249.76885313289
"AENJPLPP_00550","comEC","ComE operon protein 3",1044.35862794155,1079.2166097768,981.328937652135,339.124067815136,367.772426845755,359.060575265163
"AENJPLPP_00551","tadA_1","tRNA-specific adenosine deaminase",425.607945827786,486.142527890282,470.397892939773,607.33211072523,541.694362693995,564.379743994138
"AENJPLPP_00552",NA,"hypothetical protein",172.324956327011,181.189577604728,177.065873532885,303.666055362615,289.869893080398,289.628972313336
"AENJPLPP_00553",NA,"hypothetical protein",107.558529788,102.971126070447,91.7329224326996,169.107444004331,142.21741629257,172.587127337399
"AENJPLPP_00554",NA,"hypothetical protein",39.322473255828,33.6636373691845,44.7997993275975,73.6435643244666,60.6915088637084,72.407243078334
"AENJPLPP_00555","ylbL","putative protein YlbL",2374.38345865338,2339.62279715832,2418.12250180151,2956.65273065636,2860.65350733718,2796.1098388743
"AENJPLPP_00556","coaD","Phosphopantetheine adenylyltransferase",718.213408584388,750.501091936524,696.530213355265,740.072362470565,742.791601018521,767.715152638774
"AENJPLPP_00557","rsmD","Ribosomal RNA small subunit methyltransferase D",876.659844938754,872.284250654457,869.329439333141,1245.57633487061,1309.84957935705,1236.87441258469
"AENJPLPP_00558",NA,"hypothetical protein",2986.19488078082,2978.24180019138,3014.38649761406,2272.94951618724,2323.48836172257,2145.43653121146
"AENJPLPP_00559",NA,"hypothetical protein",2160.42294240843,2203.97814070014,2139.72374883715,1880.18383979008,1691.20965744095,1703.0580324041
"AENJPLPP_00560",NA,"hypothetical protein",4355.54218474848,4105.97365205906,4042.64855837129,4144.04155791257,4184.99658134825,4180.77437774216
"AENJPLPP_00561","pycA","Pyruvate carboxylase",19032.0770558208,19130.8470955112,18070.3190573531,23870.5158189984,20534.5643944986,20849.3184863915
"AENJPLPP_00562","ftsW_2","putative peptidoglycan glycosyltransferase FtsW",4825.09877715631,4653.50281279903,4518.37976075483,6396.07993855089,6250.31956954609,6031.62253642944
"AENJPLPP_00563",NA,"hypothetical protein",1021.22776132047,1106.9396052573,1079.46183141735,1226.48355893463,1244.62885341396,1139.67016845213
"AENJPLPP_00564","recQ_1","ATP-dependent DNA helicase RecQ",2013.54193936461,1907.9361532476,2025.59092674066,3241.226010083,3145.9941833382,3177.98365510934
"AENJPLPP_00565","typA","GTP-binding protein TypA/BipA",8565.35990978419,8494.1277938304,8197.29661506158,23827.7843680941,24274.7918586516,24468.688760266
"AENJPLPP_00566","cysQ","3'(2'),5'-bisphosphate nucleotidase CysQ",810.73687506869,802.976761953194,818.12966867303,1448.32343171451,1277.23921638551,1208.10989136179
"AENJPLPP_00567",NA,"hypothetical protein",390.911645896173,400.003220504427,343.465128178247,456.408262850398,428.463935709464,494.948141042311
"AENJPLPP_00568","pdhD","Dihydrolipoyl dehydrogenase",5091.10374329868,4946.57447930722,4369.0470963295,10691.0453443383,9901.77437894324,9513.12148444248
"AENJPLPP_00569",NA,"hypothetical protein",5818.56949853149,5435.68732814185,5207.44334088883,12673.0573224536,12197.1815947736,12082.0907936601
"AENJPLPP_00570","pdhB","Pyruvate dehydrogenase E1 component subunit beta",1770.66783984332,1684.17197544067,1665.05920834237,5114.13641142129,5233.96325693294,4797.72376397125
"AENJPLPP_00571","pdhA","Pyruvate dehydrogenase E1 component subunit alpha",2284.17307883119,2282.19659223442,2237.85664260237,8016.23835368916,8660.76889919278,8086.79798380352
"AENJPLPP_00572","norG","HTH-type transcriptional regulator NorG",577.115122195829,583.173012072049,578.130743703758,504.594792593567,412.158754223692,444.362258891694
"AENJPLPP_00573","guaC","GMP reductase",2695.90250468633,3027.74714926371,2679.45466454583,2933.01405568801,2431.28372821184,2618.56331132605
"AENJPLPP_00574","xylH","Xylose transport system permease protein XylH",12.7219766415914,26.7328884990583,23.466561552551,18.1835961294979,11.7759644063912,12.8944405481965
"AENJPLPP_00575","xylG","Xylose import ATP-binding protein XylG",10.4088899794839,8.91096283301942,8.53329511001856,10.9101576776988,9.05843415876245,7.93504033735167
"AENJPLPP_00576","chvE","Multiple sugar-binding periplasmic receptor ChvE",3.4696299931613,2.97032094433981,1.06666188875232,10.0009778712239,2.71753024762874,10.9106804638585
"AENJPLPP_00577","ytfQ","ABC transporter periplasmic-binding protein YtfQ",24.2874099521291,19.802139628932,30.9331947738173,33.6396528395711,34.4220498032973,35.7076815180825
"AENJPLPP_00578",NA,"hypothetical protein",45.1051899110969,35.6438513320777,46.9331231051021,36.3671922589958,45.2921707938123,42.6508418132652
"AENJPLPP_00579","rhaR_2","HTH-type transcriptional activator RhaR",39.322473255828,34.6537443506311,29.866532885065,78.189463356841,70.6557864383471,73.399123120503
"AENJPLPP_00580","ydhF","Oxidoreductase YdhF",59592.0516758763,60853.9552936711,73948.4687615321,1205.57242338571,1161.29125915335,1051.3928446991
"AENJPLPP_00581","purD","Phosphoribosylamine--glycine ligase",73989.8596041647,72646.1294427001,87145.2096491758,341.851607234561,192.94464758164,215.237969150664
"AENJPLPP_00582","purH","Bifunctional purine biosynthesis protein PurH",64812.688272253,61322.2758958953,73247.6719006218,292.755897684916,173.016092432363,160.684566831371
"AENJPLPP_00583","purN","Phosphoribosylglycinamide formyltransferase",15782.1902955597,14068.4300993748,16845.7912090654,75.4619239374164,43.4804839620598,55.5452823614617
"AENJPLPP_00584","purM","Phosphoribosylformylglycinamidine cyclo-ligase",44647.1987519996,44987.4909159893,51406.7030665293,187.291040133829,115.042113816283,118.033725018106
"AENJPLPP_00585","purF","Amidophosphoribosyltransferase",48823.4767204347,47689.492868357,54811.4878154267,164.561544971956,98.7369323305107,80.3422834156857
"AENJPLPP_00586","purL","Phosphoribosylformylglycinamidine synthase subunit PurL",110666.161718542,107628.589311171,117674.139567156,367.308641815858,173.921935848239,156.717046662696
"AENJPLPP_00587","purQ","Phosphoribosylformylglycinamidine synthase subunit PurQ",31579.4156544231,30140.8367291975,32771.0532081375,93.6455200669143,31.7045195556686,39.6752016867584
"AENJPLPP_00588","purS","Phosphoribosylformylglycinamidine synthase subunit PurS",7503.65313187683,7014.90796354918,7415.43345060613,16.3652365165481,10.8701209905149,5.95128025301375
"AENJPLPP_00589","purC","Phosphoribosylaminoimidazole-succinocarboxamide synthase",37552.9619593158,37499.3118153086,38365.6948146435,114.556655615837,57.9739786160797,49.594002108448
"AENJPLPP_00590",NA,"hypothetical protein",1999.66341939196,2156.4530055907,2146.12372016967,239.114289102898,276.282241842255,276.73453176514
"AENJPLPP_00591","purB","Adenylosuccinate lyase",52653.9482328848,55553.9126219874,51712.8350286013,3914.01906687443,4183.1848945165,3840.55952327821
"AENJPLPP_00592","purK","N5-carboxyaminoimidazole ribonucleotide synthase",18420.2656336933,17959.5505364599,17538.0547748657,1584.70040268574,1572.54416996116,1668.34223092819
"AENJPLPP_00593","purE","N5-carboxyaminoimidazole ribonucleotide mutase",6071.85248803227,6707.97479930073,5693.84116215989,127.285172906485,114.136270400407,126.960645397627
"AENJPLPP_00594",NA,"Nucleobase transporter PlUacP",12846.8833213452,14086.2520250408,12868.209025908,5557.81615698104,6172.41703578073,6052.45201731499
"AENJPLPP_00595","xpt","Xanthine phosphoribosyltransferase",8417.3223634093,8285.21522074517,8150.36349195648,2945.74257297866,2813.54964971162,2989.52644709724
"AENJPLPP_00596","yteT","Putative oxidoreductase YteT",75.1753165184948,67.3272747383689,63.9997133251392,62.7334066467678,63.4090391113372,44.6346018976032
"AENJPLPP_00597",NA,"hypothetical protein",15.035063303699,17.8219256660388,21.3332377750464,5.45507883884938,18.1168683175249,17.8538407590413
"AENJPLPP_00598","araQ_1","L-arabinose transport system permease protein AraQ",30.0701266073979,17.8219256660388,24.5332234413034,22.7294951618724,22.6460853969061,20.8294808855481
"AENJPLPP_00599","lacF_2","Lactose transport system permease protein LacF",15.035063303699,19.802139628932,25.5998853300557,12.7285172906485,17.2110249016487,20.8294808855481
"AENJPLPP_00600","yesO","Putative ABC transporter substrate-binding protein YesO",24.2874099521291,17.8219256660388,21.3332377750464,21.8203153553975,28.9869893080398,29.7564012650688
"AENJPLPP_00601",NA,"hypothetical protein",4258.39254493996,3815.8723064952,3885.8492607247,1964.73756179225,1890.49520893372,1900.44216079573
"AENJPLPP_00602","lytG","Exo-glucosaminidase LytG",3728.69569931734,3427.75036976814,3394.11813000988,2131.11746637716,1899.55364309249,1935.15796227164
"AENJPLPP_00603",NA,"hypothetical protein",6622.36711361386,6238.66409009504,6250.6386680886,3960.38723700465,3593.48083078106,3599.53267303115
"AENJPLPP_00604",NA,"hypothetical protein",1900.20069292134,1532.68560727934,1562.65966702215,1071.01381202743,870.515522657072,991.880042168959
"AENJPLPP_00605","iolU_1","scyllo-inositol 2-dehydrogenase (NADP(+)) IolU",1660.79622339321,1606.94363088784,1558.39301946714,1399.22772216486,1387.75211312241,1418.38846030161
"AENJPLPP_00606",NA,"hypothetical protein",872.033671614539,868.32382272867,804.26306411925,333.668988976287,358.713992686993,370.963135771191
"AENJPLPP_00607",NA,"hypothetical protein",255.596076162882,235.645461584291,237.865601191767,239.114289102898,223.743323721433,266.81573134345
"AENJPLPP_00608","yqiK","Inner membrane protein YqiK",5143.1481931961,4647.56217091035,4895.97806937315,2017.46999056779,2024.56003448341,1947.06052277767
"AENJPLPP_00609","yuaF","putative membrane protein YuaF",1530.10682698413,1417.83319743153,1374.92717460174,530.051827174864,412.158754223692,457.25669943989
"AENJPLPP_00610","dcuS_1","Sensor histidine kinase DcuS",935.643554822496,971.294948799117,962.129023654593,62.7334066467678,51.633074704946,67.4478428674892
"AENJPLPP_00611","dcuS_2","Sensor histidine kinase DcuS",535.479562277893,476.241458075816,507.731059046105,44.5498105172699,41.6687971303073,33.7239214337446
"AENJPLPP_00612","dcuR","Transcriptional regulatory protein DcuR",399.007449213549,335.646266710398,370.131675397055,50.9140691625942,42.5746405461835,49.594002108448
"AENJPLPP_00613","hgdH","(R)-2-hydroxyglutarate dehydrogenase",117.967419767484,146.535833254097,132.266074205288,50.0048893561193,64.3148825272134,58.5209224879686
"AENJPLPP_00614",NA,"hypothetical protein",11.5654333105377,16.8318186845922,21.3332377750464,14.5468769035983,14.4934946540199,24.797001054224
"AENJPLPP_00615","agaA_1","N-acetylgalactosamine-6-phosphate deacetylase",5538.68601241648,5372.32048132926,5468.77550363315,7481.64062748192,7814.71114876437,7432.15715597201
"AENJPLPP_00616",NA,"hypothetical protein",2997.76031409136,2789.13136673508,2719.98781631842,3213.04143608228,3054.5039983347,3195.83749586839
"AENJPLPP_00617","alaA","Glutamate-pyruvate aminotransferase AlaA",3733.32187264155,3582.20705887381,3802.64963340202,4284.05524810971,4151.48037496083,4246.23846052531
"AENJPLPP_00618",NA,"hypothetical protein",93.680009815355,101.981019089,86.399612988938,76.3711037438913,70.6557864383471,94.2286040060511
"AENJPLPP_00620",NA,"hypothetical protein",202.395082934409,246.536638380204,204.799082640446,448.225644592124,465.60351576039,440.394738723018
"AENJPLPP_00621",NA,"hypothetical protein",245.187186183398,272.279419897816,257.065515189309,340.033247621611,344.220498032973,401.711417078428
"AENJPLPP_00622",NA,"IS256 family transposase ISEf1",15.035063303699,27.7229954805049,20.2665758862941,17.274416323023,25.3636156445349,11.9025605060275
"AENJPLPP_00623",NA,"hypothetical protein",228.995579548646,284.160703675175,287.998709963127,347.30668607341,395.853572737919,410.638337457949
"AENJPLPP_00624","fosX","Fosfomycin resistance protein FosX",154.976806361205,166.337972883029,164.265930867857,66.3701258726674,67.0324127748421,66.4559628253203
"AENJPLPP_00625",NA,"hypothetical protein",1486.15818040409,1660.40940788595,1519.99319147206,386.401417751831,396.759416153795,366.995615602515
"AENJPLPP_00626","smc_1","Chromosome partition protein Smc",951.835161457249,903.967674060748,920.529209993253,723.707125954017,705.652020967595,699.275429729116
"AENJPLPP_00627",NA,"hypothetical protein",4269.9579782505,4603.00735674525,4723.17884339528,2361.1399574153,2599.77060356482,2495.5701860971
"AENJPLPP_00628","ycfH","putative metal-dependent hydrolase YcfH",1317.30285407024,1162.38559621831,1162.66145874003,349.12504568636,316.13935214081,346.166134716967
"AENJPLPP_00629","ssuB","Aliphatic sulfonates import ATP-binding protein SsuB",759.848968502324,751.491198917971,721.063436796569,234.568390070523,250.91862619772,216.229849192833
"AENJPLPP_00630","thiY","Formylaminopyrimidine-binding protein",1287.23272746284,1194.0690196246,1261.861014394,478.228578205795,481.908697246162,457.25669943989
"AENJPLPP_00631","ribX","Riboflavin transport system permease protein RibX",976.122571409378,981.196018613583,1000.52885164968,313.667033233839,271.753024762874,318.393493536236
"AENJPLPP_00632","garB","Glutathione amide reductase",3022.04772404349,2998.04393982031,2731.72109709469,1748.35276785122,1762.77128729517,1682.22855151855
"AENJPLPP_00633",NA,"hypothetical protein",247.500272845506,180.199470623282,147.19934064782,138.195330584184,97.8310889146345,85.3016836265305
"AENJPLPP_00634","opuCA_1","Carnitine transport ATP-binding protein OpuCA",1598.3428835163,1573.27999351865,1485.86001103198,1008.28040538066,966.534924739953,951.212960440032
"AENJPLPP_00635",NA,"hypothetical protein",2064.42984593097,2186.1562150341,1907.19145708915,1791.99339856202,1786.32321610796,1713.96871286796
"AENJPLPP_00636",NA,"hypothetical protein",25.4439532831828,23.7625675547185,33.0665185513219,66.3701258726674,93.3018718352532,106.131164512079
"AENJPLPP_00637",NA,"hypothetical protein",323.832132695054,364.35936917235,361.598380287037,2111.11551063471,2376.93312325927,2299.17793774765
"AENJPLPP_00638",NA,"hypothetical protein",8216.08382380595,8168.38259693447,7535.96624403514,2734.81285787649,2643.25108752688,3047.05548954304
"AENJPLPP_00639","exuR_1","putative HTH-type transcriptional repressor ExuR",1371.66039062977,1327.73346211989,1308.7941374991,664.610438533149,644.960512103886,666.54338833754
"AENJPLPP_00640",NA,"hypothetical protein",1250.22334086912,1100.99896336862,1222.39452451016,79.0986431633159,78.8083771812333,64.4722027409823
"AENJPLPP_00641",NA,"hypothetical protein",758.69242517127,648.520072847524,653.863737805172,38.1855518719456,44.386327377936,51.5777621927859
"AENJPLPP_00642",NA,"hypothetical protein",1045.5151712726,897.036925190622,963.195685543345,499.139713754718,486.437914325544,534.623342729069
"AENJPLPP_00643",NA,"hypothetical protein",582.897838851098,683.173817198155,661.330371026439,67.2793056791423,74.2791601018521,88.2773237530374
"AENJPLPP_00644",NA,"hypothetical protein",542.418822264216,538.618197906952,470.397892939773,1367.40642893824,1356.04759356674,1432.27478089198
"AENJPLPP_00645","ppaC","putative manganese-dependent inorganic pyrophosphatase",3669.7119894336,3603.98941246563,3502.91764266262,7457.0927727071,7576.47433038891,7550.19088099012
"AENJPLPP_00646","pflA","Pyruvate formate-lyase-activating enzyme",802.641071751313,700.005635882748,815.996344895525,1643.79709010661,1749.18363605703,1676.27727126554
"AENJPLPP_00647","pflB","Formate acetyltransferase",3062.52674063037,3026.75704228226,3270.38535091461,5345.06808226591,6258.47216028898,6420.43951295967
"AENJPLPP_00648","parC","DNA topoisomerase 4 subunit A",13109.4186574944,12246.633253513,11925.2799162509,18125.4086218835,17161.2035137755,17086.1256064025
"AENJPLPP_00649","parE","DNA topoisomerase 4 subunit B",5971.23321823059,5963.41434925288,5756.77421359627,13175.8337554342,12025.977189173,11290.5705200093
"AENJPLPP_00650","yccU","putative protein YccU",1591.40362352998,1362.38720647052,1291.72754727906,1234.66617719291,1114.18740152778,1133.71888819912
"AENJPLPP_00651","plsY","Glycerol-3-phosphate acyltransferase",1420.23521053402,1495.06154198437,1475.19339214446,2522.97396296784,2553.57258935513,2560.04238883808
"AENJPLPP_00652","lacX","Protein LacX, plasmid",1976.53255277089,2048.53134461302,1834.65844865399,3012.11269885133,3319.01027577056,3493.40150851907
"AENJPLPP_00653","codY","GTP-sensing transcriptional pleiotropic repressor CodY",2344.31333204598,2551.50569118789,2629.32155577447,5144.13934503496,5859.90105730343,5008.99421295324
"AENJPLPP_00654","clpY","ATP-dependent protease ATPase subunit ClpY",4693.25283741618,4410.92660234461,3989.31546393368,9665.49052263462,9066.58674950534,8861.45629673748
"AENJPLPP_00655","hslV","ATP-dependent protease subunit HslV",809.580331737636,811.887724786214,801.063078452993,3921.29250532623,3587.13992686993,3113.51145236836
"AENJPLPP_00656","xerC_4","Tyrosine recombinase XerC",594.463272161635,573.271942257583,569.597448593739,2376.59601412538,2384.17987058628,2527.31034744651
"AENJPLPP_00657","trmFO","Methylenetetrahydrofolate--tRNA-(uracil-5-)-methyltransferase TrmFO",2362.81802534284,2401.99953698946,2471.45559623913,6671.56141991279,6880.78658699596,6833.06161050196
"AENJPLPP_00658","topA","DNA topoisomerase 1",2354.72222202547,2307.93937375203,2262.38986604367,11759.3316169463,11700.7794028735,10996.9740275272
"AENJPLPP_00659","dprA","DNA processing protein DprA",129.532853078022,119.802944755039,116.266145874003,431.860408075575,504.554782643069,497.923781168817
"AENJPLPP_00660","rnhB","Ribonuclease HII",973.809484747271,1050.50350731484,906.662605439472,1617.43087571884,1707.51483892672,1607.83754835588
"AENJPLPP_00661","rbgA","Ribosome biogenesis GTPase A",1037.41936795523,1025.75083277868,959.995699877088,2072.02077895629,2091.59244725825,2012.52460556082
"AENJPLPP_00662",NA,"hypothetical protein",3439.5598665539,3331.70999256782,3283.18529357964,97.2822392928139,92.396028419377,100.179884259065
"AENJPLPP_00663","folT_1","Folate transporter FolT",7874.90354114509,8369.37431416813,8697.56104088642,255.479525619446,282.623145753388,273.758891638633
"AENJPLPP_00664","sipV","Signal peptidase I V",3758.76582592474,3491.11721658072,3823.98287117707,3096.6664208535,2841.63079560378,2976.63200654905
"AENJPLPP_00665",NA,"hypothetical protein",411.729425855141,486.142527890282,477.86452616104,396.402395623055,426.652248877711,432.459698385666
"AENJPLPP_00666","msrA_1","Peptide methionine sulfoxide reductase MsrA",2197.43232900215,2146.55193577623,2201.59013838479,1711.07639578575,1750.99532288878,1768.52211518725
"AENJPLPP_00667",NA,"hypothetical protein",1774.13746983648,1899.02519041458,1766.39208777384,1494.69160184473,1602.43700268508,1604.86190822938
"AENJPLPP_00668",NA,"hypothetical protein",3607.25864955669,3517.85010507978,3439.98459122623,3417.60689253913,3103.41954279202,3054.99052988039
"AENJPLPP_00669",NA,"DegV domain-containing protein",5832.44801850414,5559.45070082267,5571.17504495337,9482.74538153316,9331.0930269412,9322.68051634604
"AENJPLPP_00670",NA,"hypothetical protein",2639.23188146469,2930.71666508194,2851.18722863495,649.154381823076,586.080690071931,577.274184542334
"AENJPLPP_00671","folA_2","Dihydrofolate reductase",1000.40998136151,1010.89922805698,1014.39545620346,1126.4737802224,964.723237908201,1158.51588925334
"AENJPLPP_00672","thyA","Thymidylate synthase",1569.42930023996,1602.98320296205,1544.52641491336,1748.35276785122,1956.62177829269,1904.4096809644
"AENJPLPP_00673","ettA","Energy-dependent translational throttle protein EttA",2998.91685742241,3268.34314575523,3142.38592426434,4522.26035740613,4675.0578693373,4619.18535638084
"AENJPLPP_00674",NA,"hypothetical protein",1296.48507411127,1309.91153645385,1234.12780528643,5552.36107814219,4903.33041013811,5094.29589657977
"AENJPLPP_00675",NA,"hypothetical protein",274.100769459742,289.111238582408,269.865457854337,1399.22772216486,1453.87868248137,1474.92562270524
"AENJPLPP_00676",NA,"hypothetical protein",2464.59383847557,2326.75140639951,2438.3890776878,1869.27368211239,1870.56665378445,1703.0580324041
"AENJPLPP_00677","cca","CCA-adding enzyme",3533.23987636925,3388.14609051027,3231.98552291953,3083.93790356285,3041.82219051243,3062.92557021775
"AENJPLPP_00678","ypjD","putative protein YpjD",771.414401812862,649.510179828971,649.597090250163,959.184695831015,954.758960333562,948.237320313525
"AENJPLPP_00679",NA,"hypothetical protein",250.969902838667,243.566317435864,231.465629859254,350.034225492835,321.574412636067,314.42597336756
"AENJPLPP_00680",NA,"hypothetical protein",3168.92872708732,3157.45116383321,3048.51967805413,2567.52377348511,2267.32606993824,2129.56645053675
"AENJPLPP_00681","bepA","Beta-barrel assembly-enhancing protease",6381.80610075468,5921.82985603213,5980.77321023426,5435.9860629134,5085.40493672924,4810.61820451945
"AENJPLPP_00682",NA,"hypothetical protein",1362.40804398134,1263.37650832586,1362.12723193671,760.983498019488,631.372860865743,641.746387283316
"AENJPLPP_00683","hupA","DNA-binding protein HU 1",25081.955220563,28298.2476367253,27818.5420586605,21922.1434937227,25279.3722068584,27480.036568291
"AENJPLPP_00684","der","GTPase Der",4020.14461874289,3914.88300463986,3894.38255583472,12277.564106637,11047.6663000267,11480.0196080635
"AENJPLPP_00685","ypfD","30S ribosomal protein S1",30247.0777370491,27558.6377215847,26771.0800839057,20983.8699334406,19806.2662881341,20513.0711520962
"AENJPLPP_00686","cmk","Cytidylate kinase",754.066251847055,787.135050250049,837.329582670572,3981.29837255357,3633.33794107962,3528.11730999499
"AENJPLPP_00687",NA,"hypothetical protein",2647.32768478207,2546.55515628066,2764.78761564601,7630.7461157438,7341.86088567697,7091.94230150806
"AENJPLPP_00688","recQ_2","ATP-dependent DNA helicase RecQ",769.101315150754,640.599216995952,724.263422462826,348.215865879885,372.301643925137,351.125534927811
"AENJPLPP_00689",NA,"hypothetical protein",78.6449465116561,76.2382375713884,79.999641656424,64.5517662597176,43.4804839620598,53.5615222771238
"AENJPLPP_00690",NA,"hypothetical protein",956.461334781464,1077.2363958139,993.06221842841,667.337977952574,659.454006757906,754.820712090578
"AENJPLPP_00691",NA,"hypothetical protein",267.16150947342,273.269526879262,277.332091075603,427.314509043201,401.288633233177,414.605857626625
"AENJPLPP_00692",NA,"Putative dipeptidase",13447.1293101621,13047.6298015033,13209.5408303087,8636.29898170503,8219.62315566105,8301.04407291202
"AENJPLPP_00693",NA,"hypothetical protein",9772.79114740432,10216.9139415475,10360.4869254513,11124.7241120268,12185.4056303672,11772.6242205034
"AENJPLPP_00694","fmnP","Riboflavin transporter FmnP",1269.88457749703,1433.67490913468,1226.66117206517,1014.64466402598,763.625999583675,820.284794873729
"AENJPLPP_00695","rluB_1","Ribosomal large subunit pseudouridine synthase B",3181.65070372891,3018.83618643069,3048.51967805413,4012.21048597372,3768.30861004518,3688.80187682636
"AENJPLPP_00696","scpB","Segregation and condensation protein B",1779.92018649175,1754.46957112338,1716.25897900248,2501.15364761244,2125.10865364567,1873.66139965716
"AENJPLPP_00697","scpA","Segregation and condensation protein A",2301.52122879699,2201.99792673724,2235.72331882486,2935.74159510744,2616.98162846647,2499.53770626578
"AENJPLPP_00698","ribT","Protein RibT",776.040575137077,656.440928699097,642.130457028897,932.818481443243,823.411665031507,846.073675970122
"AENJPLPP_00699","xerD","Tyrosine recombinase XerD",2982.72525078766,2874.28056713949,2853.32055241246,3914.9282466809,3447.64004082499,3506.29594906727
"AENJPLPP_00701","fur","Ferric uptake regulation protein",1031.63665129996,1100.99896336862,956.795714210831,2086.56765585989,1693.92718768858,1824.06739754872
"AENJPLPP_00702","cvfB","Conserved virulence factor B",1687.39672000744,1678.23133355199,1658.65923700986,2321.13604593041,2659.55626901266,2474.74070521155
"AENJPLPP_00703","mapZ","Mid-cell-anchored protein Z",3109.94501720358,3056.46025172566,3086.91950604922,7797.12602032871,7529.37047276335,8065.96850291797
"AENJPLPP_00705","sigA","RNA polymerase sigma factor SigA",14092.4804888901,13699.1201952952,13643.6722190309,14622.3388275357,11997.8960432809,12418.3381279554
"AENJPLPP_00706","dnaG","DNA primase",6005.9295181622,5840.64108355351,5837.84051714145,8779.94939112807,7249.46485725759,7300.23711036354
"AENJPLPP_00707","ctpE_1","Calcium-transporting ATPase CtpE",2292.26888214856,2303.97894582624,2342.3895077001,8301.72081292227,7679.74047979881,7741.62372912873
"AENJPLPP_00708",NA,"hypothetical protein",1117.22085779794,1107.92971223875,1092.26177408238,849.173939247553,660.359850173783,775.650192976126
"AENJPLPP_00709",NA,"hypothetical protein",370.093865937205,295.051880471087,316.798580959439,151.833027681308,159.428441194219,157.708926704864
"AENJPLPP_00710","ydjP","AB hydrolase superfamily protein YdjP",197.768909610194,188.120326474854,199.465773196684,474.591858979896,512.707373385955,461.224219608566
"AENJPLPP_00711","mprF_1","Phosphatidylglycerol lysyltransferase",1783.38981648491,1710.90486393973,1741.85886433254,2547.52181774266,2703.94259639059,2727.67011596464
"AENJPLPP_00712","tuf_1","Elongation factor Tu",39251.9241126337,39015.1656039034,35480.3744055684,5552.36107814219,4850.79149201729,4657.86867802543
"AENJPLPP_00713",NA,"hypothetical protein",2531.67335167669,2526.75301665173,2508.78876234546,1225.57437912816,1387.75211312241,1294.40345503049
"AENJPLPP_00714",NA,"hypothetical protein",940.269728146711,866.343608765777,874.662748776903,3242.13518988948,2930.40345035965,2784.20727836827
"AENJPLPP_00715","yvgN","Glyoxal reductase",11855.7256866321,11793.1642560105,11220.2164077857,2308.40752863976,2255.55010553185,2043.27288686806
"AENJPLPP_00716",NA,"hypothetical protein",873.190214945593,800.006441008854,706.130170354036,139.104510390659,124.100547975046,139.855085945823
"AENJPLPP_00717",NA,"hypothetical protein",2248.32023556852,2492.0992723011,2173.85692927723,8151.70614485392,8322.88930507094,9101.49126694237
"AENJPLPP_00718","mvaA","3-hydroxy-3-methylglutaryl-coenzyme A reductase",4598.41628426977,4599.04692881947,4377.58039143952,8226.25888898486,7360.88359741037,7153.43886412253
"AENJPLPP_00719","thlA","Acetyl-CoA acetyltransferase",1929.11427619768,1928.72839985798,1918.92473786542,5141.41180561554,5088.12246697687,4974.27841147733
"AENJPLPP_00720","mvaS","Hydroxymethylglutaryl-CoA synthase",2073.6821925794,2132.69043803598,2074.65737362326,4910.48013477091,4959.49270192244,4804.66692426644
"AENJPLPP_00721",NA,"hypothetical protein",205.86471292757,209.90268006668,218.665687194226,445.498105172699,468.321046008019,461.224219608566
"AENJPLPP_00722",NA,"Calcium-transporting ATPase",12514.9553853328,12453.5656126354,12168.4788268865,15523.3360157524,14983.555942009,15513.9957395647
"AENJPLPP_00723","clsA_1","Major cardiolipin synthase ClsA",2336.21752872861,2418.83135567405,2389.3226308052,4562.26426889103,5050.07704351007,4636.04731709771
"AENJPLPP_00724","thiD","Hydroxymethylpyrimidine/phosphomethylpyrimidine kinase",1003.87961135467,924.759920671126,946.129095323308,1889.27563785483,1762.77128729517,1743.72511413303
"AENJPLPP_00725",NA,"hypothetical protein",15.035063303699,5.94064188867961,8.53329511001856,22.7294951618724,24.4577722286586,36.6995615602515
"AENJPLPP_00726","spxA_2","Regulatory protein Spx",31.2266699384517,24.7526745361651,33.0665185513219,91.8271604539645,107.795366489273,98.1961241747269
"AENJPLPP_00727",NA,"hypothetical protein",399.007449213549,363.369262190903,358.39839462078,724.616305760492,654.018946262649,774.658312933957
"AENJPLPP_00728",NA,"hypothetical protein",41.6355599179356,75.2481305899418,56.533080103873,211.838894908651,225.555010553185,212.262329024157
"AENJPLPP_00729",NA,"Putative universal stress protein",2826.5919010954,2495.06959324544,2963.18672695395,1137.38393790009,1121.43414885479,949.229200355694
"AENJPLPP_00730","gmuD_1","6-phospho-beta-glucosidase GmuD",250.969902838667,267.328884990583,238.93226308052,466.409240721622,419.405501550701,419.56525783747
"AENJPLPP_00731","gmuC_1","PTS system oligo-beta-mannoside-specific EIIC component",45.1051899110969,35.6438513320777,37.3331661063312,43.640630710795,38.9512668826785,37.6914416024204
"AENJPLPP_00732","gmuR","HTH-type transcriptional regulator GmuR",628.003028762195,558.420337535884,601.597305256309,770.075296084237,791.707145475838,717.129270488157
"AENJPLPP_00733","mhqA","Putative ring-cleaving dioxygenase MhqA",65.9229698700646,69.3074887012621,92.7995843214519,120.011734454686,153.087537283085,169.611487210892
"AENJPLPP_00734","mhqD","Putative hydrolase MhqD",28.9135832763441,27.7229954805049,29.866532885065,50.0048893561193,53.4447615366985,47.61024202411
"AENJPLPP_00735","mtnB","Methylthioribulose-1-phosphate dehydratase",35.8528432626667,18.8120326474854,17.0665902200371,19.0927759359728,19.9285551492774,22.8132409698861
"AENJPLPP_00737","gatC_2","PTS system galactitol-specific EIIC component",24.2874099521291,21.7823535918252,27.7332091075603,24.5478547748222,24.4577722286586,24.797001054224
"AENJPLPP_00738",NA,"hypothetical protein",11.5654333105377,11.8812837773592,3.19998566625696,0.909179806474896,0.905843415876245,2.97564012650688
"AENJPLPP_00740","lacR_1","Lactose phosphotransferase system repressor",30.0701266073979,49.5053490723301,37.3331661063312,86.3720816151151,98.7369323305107,130.928165566303
"AENJPLPP_00741","lacC_2","Tagatose-6-phosphate kinase",141.098286388559,154.45668910567,170.665902200371,224.567412199299,248.201095950091,235.075569994043
"AENJPLPP_00742",NA,"putative protein",45.1051899110969,48.5152420908835,29.866532885065,86.3720816151151,79.7142205971096,80.3422834156857
"AENJPLPP_00743",NA,"putative HTH-type transcriptional regulator",424.451402496732,468.320602224243,397.864884504616,367.308641815858,404.006163480805,373.938775897698
"AENJPLPP_00744",NA,"hypothetical protein",897.477624897722,720.797882493126,812.796359229268,164.561544971956,176.639466095868,177.546527548244
"AENJPLPP_00745","arsC","Arsenate reductase",101.775813132731,73.2679166270486,76.7996559901671,160.015645939582,157.616754362467,161.67644687354
"AENJPLPP_00746","manR_1","Transcriptional regulator ManR",286.822746101334,317.824341044359,321.065228514448,321.849651492113,365.960740014003,363.028095433839
"AENJPLPP_00747","manP_1","PTS system mannose-specific EIIBCA component",947.208988133034,876.244678580243,1045.32865097727,113.647475809362,121.383017727417,102.163644343403
"AENJPLPP_00748","manP_2","PTS system mannose-specific EIIBCA component",3633.85914617093,3059.43057267,3483.71772866508,454.589903237448,431.181465957093,369.971255729022
"AENJPLPP_00749","dgaF","2-dehydro-3-deoxy-phosphogluconate aldolase",144.567916381721,119.802944755039,126.932764761526,136.376970971234,115.947957232159,107.123044554248
"AENJPLPP_00750","dgaE","D-glucosaminate-6-phosphate ammonia lyase",156.133349692258,155.446796087117,141.866031204059,137.286150777709,147.652476787828,137.871325861485
"AENJPLPP_00751",NA,"Deacetylase",134.159026402237,101.981019089,103.466203208975,128.19435271296,125.006391390922,113.074324807261
"AENJPLPP_00752",NA,"hypothetical protein",39.322473255828,46.5350281279903,29.866532885065,48.1865297431695,42.5746405461835,42.6508418132652
"AENJPLPP_00753",NA,"hypothetical protein",62.4533398769033,62.3767398311359,81.0663035451764,69.0976652920921,52.5389181208222,48.602122066279
"AENJPLPP_00754",NA,"hypothetical protein",19.661236627914,9.90106981446602,10.6666188875232,10.9101576776988,11.7759644063912,12.8944405481965
"AENJPLPP_00755",NA,"hypothetical protein",33.5397566005592,33.6636373691845,33.0665185513219,37.2763720654707,40.762953714431,33.7239214337446
"AENJPLPP_00757",NA,"hypothetical protein",25.4439532831828,19.802139628932,13.8666045537802,10.0009778712239,22.6460853969061,9.91880042168959
"AENJPLPP_00758",NA,"hypothetical protein",403.633622537764,378.220866912602,367.998351619551,206.383816069801,188.415430502259,206.311048771143
"AENJPLPP_00760",NA,"hypothetical protein",176.951129651226,160.39733099435,168.532578422867,40.9130912913703,52.5389181208222,38.6833216445894
"AENJPLPP_00761",NA,"hypothetical protein",211.647429582839,196.041182326427,201.599096974189,80.9170027762657,76.9966903494808,65.4640827831513
"AENJPLPP_00762",NA,"hypothetical protein",111.028159781161,112.872195884913,134.399397982792,168.198264197856,171.20440560061,175.562767463906
"AENJPLPP_00763","araD","L-ribulose-5-phosphate 4-epimerase AraD",42.7921032489893,37.6240652949709,36.2665042175789,19.0927759359728,16.3051814857724,26.7807611385619
"AENJPLPP_00764","ulaE","L-ribulose-5-phosphate 3-epimerase UlaE",24.2874099521291,23.7625675547185,12.7999426650278,8.18261825827406,6.34090391113372,16.8619607168723
"AENJPLPP_00765","sgbH","3-keto-L-gulonate-6-phosphate decarboxylase SgbH",33.5397566005592,13.8614977402524,22.3998996637987,15.4560567100732,9.96427757463869,16.8619607168723
"AENJPLPP_00767","ulaA_2","Ascorbate-specific PTS system EIIC component",17.3481499658065,16.8318186845922,12.7999426650278,15.4560567100732,19.9285551492774,10.9106804638585
"AENJPLPP_00769","ulaG","putative L-ascorbate-6-phosphate lactonase UlaG",5.78271665526883,6.93074887012621,11.7332807762755,13.6376970971234,2.71753024762874,4.95940021084479
"AENJPLPP_00770","srlR","Glucitol operon repressor",105.245443125893,79.2085585157282,69.3330227689008,84.5537220021653,73.3733166859759,64.4722027409823
"AENJPLPP_00771",NA,"hypothetical protein",730.93538522598,756.441733825204,718.930113019064,1562.88008733035,1461.12542980838,1490.79570337995
"AENJPLPP_00772",NA,"hypothetical protein",599.089445485851,598.024616793748,566.397462927482,257.297885232396,232.801757880195,254.913170837422
"AENJPLPP_00774","licC_1","Lichenan permease IIC component",35.8528432626667,45.5449211465437,55.4664182151207,41.8222710978452,44.386327377936,26.7807611385619
"AENJPLPP_00775","ptsG_1","PTS system glucose-specific EIICBA component",32.3832132695054,37.6240652949709,34.1331804400743,8.18261825827406,8.15259074288621,8.92692037952063
"AENJPLPP_00776","malH","Maltose-6'-phosphate glucosidase MalH",70.5491431942797,57.4262049239029,72.5330084351578,23.6386749683473,24.4577722286586,17.8538407590413
"AENJPLPP_00777","gamP","Putative PTS system glucosamine-specific EIICBA component",28.9135832763441,26.7328884990583,30.9331947738173,11.8193374841736,8.15259074288621,5.95128025301375
"AENJPLPP_00779","licT_1","Transcription antiterminator LicT",68.2360565321722,51.4855630352233,63.9997133251392,49.0957095496444,49.8213878731935,43.6427218554342
"AENJPLPP_00796","sasA_2","Adaptive-response sensory-kinase SasA",9691.83311423055,9589.18611531034,9807.95606707759,9639.12430824684,8745.91818028515,8685.89352927357
"AENJPLPP_00797","arlR_1","Response regulator ArlR",4480.44886450229,4400.0354255487,4467.17999009472,4590.44884289175,3868.85722920744,4055.79749242887
"AENJPLPP_00798","gnd","6-phosphogluconate dehydrogenase, decarboxylating",13173.0285407024,12537.7247060583,12227.1452307679,21623.9325171989,20216.613355526,20080.6114537106
"AENJPLPP_00799","rpmF_1","50S ribosomal protein L32",1147.29098440534,1027.73104674157,1154.12816363001,2122.93484811888,1981.98539393722,2233.7138549645
"AENJPLPP_00800",NA,"hypothetical protein",5499.36353916065,5696.0854642623,5480.50878440942,21432.0955780327,20501.9540315271,22695.207244868
"AENJPLPP_00801","gltC_1","HTH-type transcriptional regulator GltC",453.364985773076,422.775681077699,425.598093612176,200.019557424477,239.142661791329,229.12428974103
"AENJPLPP_00802","pyk","Pyruvate kinase",25915.8229622528,27502.2016236423,25162.5539556672,72707.1091237974,62155.3518237644,66504.5649473865
"AENJPLPP_00803","pfkA","ATP-dependent 6-phosphofructokinase",23164.4063776759,22474.4383718564,21643.6363846733,62385.1907808879,56439.4798695853,58769.884378553
"AENJPLPP_00804","dnaE","DNA polymerase III subunit alpha",8514.47200321782,7913.92510270269,7708.76547001302,4118.58452333128,4142.42194080207,4229.37649980844
"AENJPLPP_00805",NA,"hypothetical protein",1058.2371479142,1139.61313564504,1187.19468218133,600.967852079906,648.583885767392,648.689547578499
"AENJPLPP_00806","sbnD_1","Staphyloferrin B transporter",3157.36329377678,3112.89634966812,3253.31876069458,2913.01209994557,2821.7022404545,2730.64575609114
"AENJPLPP_00808","pbuO","Guanine/hypoxanthine permease PbuO",26938.2072669043,28002.2056492728,26741.2135510207,1531.05879410372,1321.62554376344,1263.65517372325
"AENJPLPP_00809","yitU","5-amino-6-(5-phospho-D-ribitylamino)uracil phosphatase YitU",3084.50106392039,3121.80731250114,3052.78632560914,2769.36169052253,2504.65704489782,2678.07611385619
"AENJPLPP_00811","penA","Penicillin-binding protein 2B",9045.3253921715,9144.62808064082,8909.82675674813,7342.53611709126,7146.1987078477,7208.98414648399
"AENJPLPP_00812","ybbH_2","putative HTH-type transcriptional regulator YbbH",1205.11815095802,1141.59334960793,1161.59479685128,871.903434409425,801.671423050477,874.838197193022
"AENJPLPP_00813","thrS","Threonine--tRNA ligase",4777.68050058311,4739.64212018488,4370.11375821826,16476.1564529381,16471.8566742936,16256.9138911492
"AENJPLPP_00814",NA,"putative tautomerase",1095.24653450792,1105.94949827585,982.395599540887,1295.58122422673,1305.32036227767,1415.4128201751
"AENJPLPP_00815","ziaA","Zinc-transporting ATPase",630.316115424302,585.153226034942,625.06386680886,1398.31854235839,1334.30735158571,1282.50089452446
"AENJPLPP_00816","helD_1","DNA helicase IV",4132.3293218551,4089.14183337447,3979.71550693491,4641.36291205434,4848.97980518554,4791.77248371824
"AENJPLPP_00817",NA,"hypothetical protein",1090.6203611837,1210.90083830919,1102.9283929699,441.861385946799,511.801529970078,491.972500915804
"AENJPLPP_00819","yeeN","putative transcriptional regulatory protein YeeN",3001.22994408452,2808.93350636401,2915.18694196009,15043.2890779336,14786.0820773479,14600.4742207271
"AENJPLPP_00820","tmcAL","tRNA(Met) cytidine acetate ligase",996.940351368346,917.829171801,926.929181325767,8227.16806879133,8006.74995293013,7812.04721212272
"AENJPLPP_00821","COQ5_1","2-methoxy-6-polyprenyl-1,4-benzoquinol methylase, mitochondrial",2416.01901857132,2359.42493678725,2341.32284581134,13484.0457098292,13170.0574234247,13323.9246064556
"AENJPLPP_00822","rsfS","Ribosomal silencing factor RsfS",1279.13692414546,1325.753248157,1272.52763328152,7387.08592760853,7756.73717014829,7737.65620896005
"AENJPLPP_00823",NA,"hypothetical protein",2175.45800571213,2181.20568012686,2074.65737362326,11236.5532282232,11664.5456662384,11115.9996325875
"AENJPLPP_00824","nadD","Nicotinate-nucleotide adenylyltransferase",1868.97402298289,1864.37144606395,1855.99168642904,13080.3698757543,11007.8091897281,10685.5236942862
"AENJPLPP_00825",NA,"RNA-binding protein",364.311149281936,339.606694636185,325.331876069458,2248.40166141242,2317.14745781143,2425.1467031031
"AENJPLPP_00826","yqeH","putative protein YqeH",2337.37407205966,2234.67145712498,2247.45659960114,17988.1224711058,17832.4334849398,17169.4435299447
"AENJPLPP_00827",NA,"hypothetical protein",966.870224760948,1016.83986994566,919.4625481045,12173.0084288924,12958.9959075256,12367.7522458047
"AENJPLPP_00828","accA","Acetyl-coenzyme A carboxylase carboxyl transferase subunit alpha",1020.07121798942,1037.63211655604,838.396244559324,29324.6854780413,27633.6592447207,27456.231447279
"AENJPLPP_00829","accD","Acetyl-coenzyme A carboxylase carboxyl transferase subunit beta",964.55713809884,1007.92890711264,825.596301894296,27579.969429416,26828.3644480067,26535.7667681462
"AENJPLPP_00830","cfiB","2-oxoglutarate carboxylase small subunit",1476.90583375566,1530.70539331645,1356.79392249295,53074.2803827785,55255.5425250351,52716.4404811958
"AENJPLPP_00831","fabZ_2","3-hydroxyacyl-[acyl-carrier-protein] dehydratase FabZ",440.643009131485,401.98343446732,321.065228514448,17540.8060063202,14795.1405115067,14969.4535964139
"AENJPLPP_00832","accB","Biotin carboxyl carrier protein of acetyl-CoA carboxylase",594.463272161635,534.657769981165,474.664540494783,22273.086899022,19030.864324144,18417.2286229932
"AENJPLPP_00833","fabF","3-oxoacyl-[acyl-carrier-protein] synthase 2",1028.1670213068,1076.24628883246,916.262562438243,41474.9644117718,36157.6457881162,36743.2042821069
"AENJPLPP_00834","fabG_2","3-oxoacyl-[acyl-carrier-protein] reductase FabG",815.363048392905,838.620613285272,715.730127352807,35459.8308121339,36437.551403622,34213.9101745761
"AENJPLPP_00835","fabD","Malonyl CoA-acyl carrier protein transacylase",625.689942100087,695.055100975515,659.197047248934,35453.4665534886,32457.2754342617,30553.8728189726
"AENJPLPP_00836","acpA","Acyl carrier protein",486.904742373635,481.191992983049,378.664970507074,21531.1961769385,23271.1173538607,24920.9860594951
"AENJPLPP_00837","fabH","3-oxoacyl-[acyl-carrier-protein] synthase 3",1554.39423693626,1701.99390110671,1547.72640057962,38511.0382426636,33585.0504870277,34233.7477754194
"AENJPLPP_00838",NA,"hypothetical protein",841.963545007141,969.314734836223,822.396316228039,19772.842431216,19126.8837262269,19185.9356556742
"AENJPLPP_00839","uvrC_1","UvrABC system protein C",545.888452257377,548.519267721418,546.130887041188,416.404351365502,417.593814718949,442.378498807356
"AENJPLPP_00840","ykuJ","putative protein YkuJ",6961.23430961261,7159.46358284038,7049.56842276409,5642.3698789832,5331.79434584758,5958.22341330894
"AENJPLPP_00841","glxR","2-hydroxy-3-oxopropionate reductase",5042.52892339442,5296.08224375787,5290.64296821151,2939.37831433334,3250.16617616397,2976.63200654905
"AENJPLPP_00842",NA,"Alpha-monoglucosyldiacylglycerol synthase",3858.22855239536,3583.19716585525,3570.11734165402,2873.91736826715,2737.45880277801,2792.14231870562
"AENJPLPP_00843","dgs","Processive diacylglycerol alpha-glucosyltransferase",3755.29619593158,3541.6126726345,3583.9839462078,2760.26989245778,2905.03983471512,2858.59828153094
"AENJPLPP_00844","ptsI","Phosphoenolpyruvate-protein phosphotransferase",61740.9091849742,61704.4571907337,61551.7242904527,93967.3697184064,95045.620410815,95615.2523050033
"AENJPLPP_00845","ptsH","Phosphocarrier protein HPr",10324.462316317,10927.8107542261,10604.7524979756,20143.7877922578,22209.4688704538,24823.7818153625
"AENJPLPP_00846","clpE","ATP-dependent Clp protease ATP-binding subunit ClpE",13737.4216862566,12872.3808657873,12686.8765048201,11494.7602932621,11460.7308976663,11164.6017546538
"AENJPLPP_00847",NA,"hypothetical protein",46914.0236808649,39755.7656260254,42501.1429573362,2189.30497399155,2185.80016250938,1905.40156100657
"AENJPLPP_00848",NA,"hypothetical protein",49.7313632353119,49.5053490723301,53.333094437616,47.2773499366946,44.386327377936,63.4803226988134
"AENJPLPP_00849","prfC","Peptide chain release factor 3",2281.85999216908,2160.41343351649,2187.72353383101,7835.31157220065,8062.00640129858,7697.98100727329
"AENJPLPP_00850",NA,"hypothetical protein",5510.92897247119,5448.55871890065,5383.44255253296,9989.15853373968,9205.1807921344,9560.7317264666
"AENJPLPP_00851","yhhT","Putative transport protein YhhT",3794.6186691874,3750.52524571973,3835.71615195334,2920.28553839737,3056.31568516645,3174.01613494067
"AENJPLPP_00852",NA,"Acetyltransferase",334.241022674538,402.973541448767,381.864956173331,696.43173175977,617.785209627599,691.340389391764
"AENJPLPP_00853",NA,"hypothetical protein",8686.79695954483,8590.16817103072,8284.76288993927,9810.9592916706,9803.9432900286,9700.58681241242
"AENJPLPP_00854","mutY","Adenine DNA glycosylase",1790.32907647123,1743.57839432747,1838.925096209,1924.73365030735,1886.87183527022,1823.07551750655
"AENJPLPP_00855","recX","Regulatory protein RecX",640.725005403786,597.034509812301,561.064153483721,563.691480014435,586.080690071931,575.290424457996
"AENJPLPP_00856","rlmCD","23S rRNA (uracil-C(5))-methyltransferase RlmCD",1678.14437335901,1744.56850130891,1726.92559789001,3282.13910137437,3511.9549233522,3456.70194695882
"AENJPLPP_00857",NA,"Lytic chitin monooxygenase",574.802035533721,585.153226034942,583.464053147519,451.862363818023,683.911778986565,569.339144204983
"AENJPLPP_00858","crtK-2","Tryptophan-rich protein TspO",3807.340645829,3568.34556113355,4006.38205415372,720.979586534592,797.142205971096,794.495913777336
"AENJPLPP_00859","tagU_2","Polyisoprenyl-teichoic acid--peptidoglycan teichoic acid transferase TagU",9031.44687219885,8638.6834131216,8485.29532502471,7290.71286812219,7116.30587512378,7100.86922188758
"AENJPLPP_00860","cspD","Cold shock protein CspD",19633.4795879687,17006.0775133268,17545.5214080869,8796.31462764462,9404.46634362718,8405.19147733976
"AENJPLPP_00861","sodA","Superoxide dismutase [Mn]",18602.9994799998,19377.3837338914,18360.4510910937,9185.44358481587,9748.68684166015,9352.43691761111
"AENJPLPP_00862",NA,"hypothetical protein",388.598559234065,378.220866912602,394.664898838359,955.547976605116,886.820704142844,902.610838373753
"AENJPLPP_00863","czcD","Cadmium, cobalt and zinc/H(+)-K(+) antiporter",564.393145554238,553.469802628651,585.597376925024,282.754919813693,269.941337931121,244.994370415733
"AENJPLPP_00864",NA,"hypothetical protein",333.084479343484,377.230759931155,377.598308618321,645.517662597176,727.392262948625,727.048070909847
"AENJPLPP_00865","ghrB_1","Glyoxylate/hydroxypyruvate reductase B",1029.32356463785,852.482111025524,938.662462102042,582.784255950408,548.941110021005,527.680182433886
"AENJPLPP_00868",NA,"hypothetical protein",23.1308666210753,25.7427815176117,24.5332234413034,20.0019557424477,28.0811458921636,25.7888810963929
"AENJPLPP_00869",NA,"hypothetical protein",2819.65264110908,2910.91452545301,2930.12020840262,1755.62620630302,1714.76158625373,1624.69950907275
"AENJPLPP_00870","ktrA","Ktr system potassium uptake protein A",6714.89058009816,6084.20740098937,6404.23798006893,5010.48991348315,4854.4148656808,4725.31652089292
"AENJPLPP_00871","vraR","Response regulator protein VraR",1265.25840417282,1223.772229068,1203.19461051262,2993.92910272183,2803.58537213698,2577.89622959712
"AENJPLPP_00872","liaS","Sensor histidine kinase LiaS",1748.69351655329,1610.90405881362,1689.59243178368,4359.51717204713,4290.0744175899,4213.50641913374
"AENJPLPP_00873",NA,"hypothetical protein",1377.44310728503,1537.63614218657,1572.25962402092,4835.0182108335,4863.47329983956,4533.88367275431
"AENJPLPP_00874","greA","Transcription elongation factor GreA",4042.11894203291,3931.71482332446,3902.91585094474,18459.0776108598,18862.3774487911,19405.1411449935
"AENJPLPP_00875","mltG","Endolytic murein transglycosylase",3607.25864955669,3536.66213772726,3521.05089477141,9814.5960108965,10218.8195744999,10019.9721859908
"AENJPLPP_00876","pbpX_1","Putative penicillin-binding protein PbpX",176.951129651226,159.407224012903,146.132678759068,815.534286407982,865.080462161814,956.172360650876
"AENJPLPP_00878","wbgU_1","UDP-N-acetylglucosamine 4-epimerase",7256.15285903132,7500.06038445801,7129.56806442051,10554.6683733671,11664.5456662384,11178.4880752442
"AENJPLPP_00879",NA,"hypothetical protein",3084.50106392039,3343.59127634518,3081.58619660545,7068.87299534231,7442.40950483923,6843.97229096582
"AENJPLPP_00880","pglH_1","GalNAc-alpha-(1->4)-GalNAc-alpha-(1->3)-diNAcBac-PP-undecaprenol alpha-1,4-N-acetyl-D-galactosaminyltransferase",2929.52425755919,2769.32922710615,2759.45430620225,6706.11025255883,6102.66709275826,5664.62692082693
"AENJPLPP_00881",NA,"hypothetical protein",1639.97844343424,1707.93454299539,1602.12615690599,4316.78572114281,4554.58069502576,4560.66443389287
"AENJPLPP_00882",NA,"hypothetical protein",350.432629309291,405.943862393107,334.931833068229,1072.83217164038,1054.40173607995,998.823202464142
"AENJPLPP_00883","glyG","Glycosyltransferase GlyG",323.832132695054,301.982629341214,298.66532885065,740.072362470565,770.872746910685,869.878796982177
"AENJPLPP_00884","arnC_1","Undecaprenyl-phosphate 4-deoxy-4-formamido-L-arabinose transferase",1266.41494750387,1262.38640134442,1268.26098572651,3636.71922589958,3405.06540027881,3227.57765721779
"AENJPLPP_00885","rfbB","dTDP-glucose 4,6-dehydratase",1627.25646679265,1720.80593375419,1583.9929047972,4333.15095765935,4503.85346373669,4451.55762925429
"AENJPLPP_00886","ispD","2-C-methyl-D-erythritol 4-phosphate cytidylyltransferase",1392.47817058873,1370.3080623221,1384.52713160051,3919.47414571328,4281.01598343113,3823.69756256134
"AENJPLPP_00887",NA,"hypothetical protein",564.393145554238,600.994937738088,557.864167817464,1458.32440958573,1438.47934441148,1379.70513865702
"AENJPLPP_00888",NA,"hypothetical protein",346.96299931613,394.062578615748,347.731775733256,982.823370799362,903.125885628616,1010.72576297017
"AENJPLPP_00889","wbbD_1","UDP-Gal:alpha-D-GlcNAc-diphosphoundecaprenol beta-1,3-galactosyltransferase",1220.15321426172,1381.19923911801,1283.19425216904,2408.417307352,2303.55980657329,2324.96681884404
"AENJPLPP_00890","wbbD_2","UDP-Gal:alpha-D-GlcNAc-diphosphoundecaprenol beta-1,3-galactosyltransferase",231.308666210753,234.655354602845,204.799082640446,416.404351365502,461.074298681009,458.248579482059
"AENJPLPP_00891",NA,"hypothetical protein",2126.88318580787,2017.83802818818,1979.72446552431,6528.82019029623,6776.61459417019,6677.33644388143
"AENJPLPP_00893","arnC_2","Undecaprenyl-phosphate 4-deoxy-4-formamido-L-arabinose transferase",4851.69927377055,4704.98837583425,4659.17913007014,19113.6870715217,18916.7280537436,19052.0318499814
"AENJPLPP_00894",NA,"hypothetical protein",1708.21449996641,1684.17197544067,1667.19253211988,6770.66201881855,6717.73477213823,7251.63498829726
"AENJPLPP_00895","btuD_1","Vitamin B12 import ATP-binding protein BtuD",1155.38678772271,1173.27677301422,1213.86122940014,5036.85612787092,5072.72312890697,5122.0685377605
"AENJPLPP_00896","tagG","Teichoic acid translocation permease protein TagG",277.570399452904,342.577015580524,300.798652628154,2106.56961160233,2322.58251830669,2449.94370415733
"AENJPLPP_00897",NA,"hypothetical protein",2436.83679853028,2319.82065752939,2250.6565852674,6749.75088326963,6474.9687366834,6336.12970937531
"AENJPLPP_00898",NA,"hypothetical protein",6570.32266371644,6862.4314884064,6585.57050115683,12505.7682380622,12862.0706620268,12602.8278157988
"AENJPLPP_00899","rmlD","dTDP-4-dehydrorhamnose reductase",3471.9430798234,3503.98860733953,3411.18472022992,6938.8602830164,7163.40973274935,7001.68121767068
"AENJPLPP_00900","rmlB","dTDP-glucose 4,6-dehydratase",11494.8841673434,11528.8056919642,11223.4163934519,19637.3746400513,18082.4462677216,17861.7757993786
"AENJPLPP_00901","rfbC","dTDP-4-dehydrorhamnose 3,5-epimerase",2060.96021593781,2016.84792120673,2073.59071173451,3957.65969758522,3701.27619727034,3881.22660500714
"AENJPLPP_00902","rfbA","Glucose-1-phosphate thymidylyltransferase 1",2815.02646778487,3125.76774042692,2978.11999339648,7372.53905070493,7767.6072911388,7251.63498829726
"AENJPLPP_00903",NA,"hypothetical protein",1924.48810287347,1915.85700909918,1900.79148575663,3831.28370448521,3606.16263860333,3679.87495644684
"AENJPLPP_00904",NA,"hypothetical protein",1358.93841398817,1269.31715021454,1154.12816363001,2133.84500579658,2066.22883161372,2014.50836564516
"AENJPLPP_00905",NA,"hypothetical protein",1956.87131614297,1727.73668262432,1755.72546888632,3302.14105711682,2693.97831881595,2699.89747478391
"AENJPLPP_00906","tagO","putative undecaprenyl-phosphate N-acetylglucosaminyl 1-phosphate transferase",1589.09053686787,1528.72517935355,1610.659452016,3260.31878601898,2397.76752182442,2444.98430394648
"AENJPLPP_00907",NA,"hypothetical protein",1924.48810287347,1891.10433456301,1788.79198743764,3523.9809298967,3399.63033978355,3137.31657338042
"AENJPLPP_00908","map","Methionine aminopeptidase 1",5742.23763868195,5055.48624726635,5241.5765213289,8115.33895259492,7965.08115579982,7829.90105288176
"AENJPLPP_00909",NA,"Flavodoxin",2161.57948573949,2377.24686245329,2343.45616958885,5225.9655276177,4835.3921539474,4806.65068435078
"AENJPLPP_00910",NA,"hypothetical protein",1097.55962117002,1020.80029787145,1021.86208942472,321.849651492113,304.363387734418,303.515292903701
"AENJPLPP_00911","pepS","Aminopeptidase PepS",8908.85327910716,8669.37672954645,8920.49337563566,3878.56105442191,4095.3180831765,4068.69193297707
"AENJPLPP_00912",NA,"hypothetical protein",21.9743232900215,21.7823535918252,19.1999139975418,28.1845740007218,36.2337366350498,45.6264819397721
"AENJPLPP_00920",NA,"hypothetical protein",24.2874099521291,32.6735303877379,37.3331661063312,5.45507883884938,6.34090391113372,3.96752016867584
"AENJPLPP_00924",NA,"hypothetical protein",90.2103798221937,81.1887724786214,71.4663465464055,17.274416323023,15.3993380698962,12.8944405481965
"AENJPLPP_00928",NA,"hypothetical protein",429.077575820947,500.994132611981,467.197907273516,21.8203153553975,19.0227117334011,16.8619607168723
"AENJPLPP_00929",NA,"hypothetical protein",366.624235944044,399.013113522981,364.798365953294,24.5478547748222,28.0811458921636,39.6752016867584
"AENJPLPP_00930",NA,"hypothetical protein",1760.25894986383,1841.59898549068,1891.19152875786,84.5537220021653,73.3733166859759,78.3585233313478
"AENJPLPP_00931",NA,"hypothetical protein",21.9743232900215,33.6636373691845,27.7332091075603,1.81835961294979,0,0.991880042168959
"AENJPLPP_00932",NA,"hypothetical protein",304.17089606714,287.131024619515,252.7988676343,1.81835961294979,4.52921707938123,5.95128025301375
"AENJPLPP_00933",NA,"hypothetical protein",370.093865937205,385.151615782728,411.731489058396,7.27343845179917,4.52921707938123,5.95128025301375
"AENJPLPP_00934",NA,"hypothetical protein",245.187186183398,267.328884990583,230.398967970501,3.63671922589958,4.52921707938123,5.95128025301375
"AENJPLPP_00935",NA,"hypothetical protein",367.780779275097,356.438513320777,374.398322952064,8.18261825827406,2.71753024762874,5.95128025301375
"AENJPLPP_00936",NA,"hypothetical protein",249.813359507613,245.546531398757,212.265715861712,3.63671922589958,3.62337366350498,2.97564012650688
"AENJPLPP_00937",NA,"hypothetical protein",257.90916282499,307.923271229893,308.265285849421,6.36425864532427,4.52921707938123,4.95940021084479
"AENJPLPP_00938",NA,"hypothetical protein",102.932356463785,107.92166097768,78.9329797676717,2.72753941942469,4.52921707938123,1.98376008433792
"AENJPLPP_00939",NA,"hypothetical protein",961.087508105679,973.27516276201,940.795785879547,16.3652365165481,13.5876512381437,16.8619607168723
"AENJPLPP_00940",NA,"hypothetical protein",282.196572777119,255.447601213223,246.398896301786,5.45507883884938,1.81168683175249,0.991880042168959
"AENJPLPP_00941",NA,"hypothetical protein",734.405015219141,728.718738344699,675.196975580219,65.4609460661925,45.2921707938123,54.5534023192927
"AENJPLPP_00942",NA,"hypothetical protein",235.934839534968,225.744391769825,246.398896301786,12.7285172906485,19.9285551492774,14.8782006325344
"AENJPLPP_00943",NA,"hypothetical protein",919.451948187744,894.066604246282,965.32900932085,37.2763720654707,38.0454234668023,26.7807611385619
"AENJPLPP_00944",NA,"hypothetical protein",40.4790165868818,47.5251351094369,49.0664468826067,0.909179806474896,3.62337366350498,2.97564012650688
"AENJPLPP_00945",NA,"hypothetical protein",89.0538364911399,80.1986654971748,89.5995986551949,4.54589903237448,1.81168683175249,1.98376008433792
"AENJPLPP_00946",NA,"hypothetical protein",1087.15073119054,949.512595207291,1039.99534153351,60.0058672273431,41.6687971303073,46.6183619819411
"AENJPLPP_00947",NA,"hypothetical protein",461.460789090452,444.558034669524,501.331087713591,24.5478547748222,21.7402419810299,20.8294808855481
"AENJPLPP_00948",NA,"hypothetical protein",242.874099521291,232.675140639952,246.398896301786,13.6376970971234,17.2110249016487,12.8944405481965
"AENJPLPP_00949",NA,"hypothetical protein",131.845939740129,107.92166097768,98.1328937652135,3.63671922589958,6.34090391113372,0.991880042168959
"AENJPLPP_00950",NA,"hypothetical protein",337.7106526677,381.191187856942,364.798365953294,366.399462009383,375.019174172765,447.337899018201
"AENJPLPP_00951",NA,"hypothetical protein",666.168958686969,725.748417400359,725.330084351578,77.2802835503661,63.4090391113372,65.4640827831513
"AENJPLPP_00952",NA,"hypothetical protein",31.2266699384517,31.6834234062913,41.5998136613405,10.0009778712239,18.1168683175249,21.8213609277171
"AENJPLPP_00957",NA,"hypothetical protein",244.030642852345,253.46738725033,218.665687194226,29.0937538071967,23.5519288127824,22.8132409698861
"AENJPLPP_00958",NA,"hypothetical protein",149.194089705936,137.624870421078,121.599455317765,11.8193374841736,15.3993380698962,7.93504033735167
"AENJPLPP_00959",NA,"hypothetical protein",303.014352736087,310.893592174233,273.065443520594,20.9111355489226,25.3636156445349,30.7482813072377
"AENJPLPP_00960",NA,"hypothetical protein",92.5234664843012,120.793051736485,92.7995843214519,10.0009778712239,9.96427757463869,6.94316029518271
"AENJPLPP_00961",NA,"hypothetical protein",388.598559234065,412.874611263233,427.731417389681,26.366214387772,27.1753024762874,27.7726411807309
"AENJPLPP_00962",NA,"hypothetical protein",57.8271665526883,27.7229954805049,33.0665185513219,7.27343845179917,3.62337366350498,2.97564012650688
"AENJPLPP_00963",NA,"hypothetical protein",323.832132695054,264.358564046243,260.265500855566,19.0927759359728,23.5519288127824,19.8376008433792
"AENJPLPP_00964",NA,"hypothetical protein",114.497789774323,118.812837773592,124.799440984022,13.6376970971234,9.05843415876245,12.8944405481965
"AENJPLPP_00965",NA,"hypothetical protein",71.7056865253335,89.1096283301942,83.199627322681,3.63671922589958,1.81168683175249,2.97564012650688
"AENJPLPP_00966",NA,"hypothetical protein",5652.02725885975,5342.61727188587,5223.44326922011,229.113311231674,233.707601296071,205.319168728975
"AENJPLPP_00967",NA,"hypothetical protein",2533.9864383388,2697.05141746054,2695.45459287711,112.738296002887,116.853800648036,113.074324807261
"AENJPLPP_00968",NA,"hypothetical protein",1561.33349692258,1767.34096188218,1697.05906500494,77.2802835503661,64.3148825272134,91.2529638795442
"AENJPLPP_00970",NA,"hypothetical protein",593.306728830582,682.183710216709,652.79707591642,23.6386749683473,21.7402419810299,21.8213609277171
"AENJPLPP_00971",NA,"hypothetical protein",40.4790165868818,34.6537443506311,42.6664755500928,0,1.81168683175249,1.98376008433792
"AENJPLPP_00972",NA,"hypothetical protein",129.532853078022,138.614977402524,165.33259275661,4.54589903237448,10.8701209905149,7.93504033735167
"AENJPLPP_00973",NA,"hypothetical protein",1478.06237708671,1301.00057362084,1315.19410883161,51.8232489690691,34.4220498032973,21.8213609277171
"AENJPLPP_00974",NA,"hypothetical protein",2078.30836590362,2013.87760026239,1764.25876399634,63.6425864532427,53.4447615366985,78.3585233313478
"AENJPLPP_00975",NA,"hypothetical protein",523.914128967356,531.687449036825,553.597520262454,17.274416323023,19.9285551492774,12.8944405481965
"AENJPLPP_00976",NA,"hypothetical protein",1110.28159781161,1100.99896336862,895.995986551949,34.548832646046,31.7045195556686,34.7158014759136
"AENJPLPP_00977",NA,"hypothetical protein",6467.39030725266,6157.47531761642,6437.30449862025,177.290062262605,174.827779264115,167.627727126554
"AENJPLPP_00978",NA,"hypothetical protein",4925.71804695799,4596.07660787513,4820.24507527174,942.819459314467,904.937572460369,955.180480608708
"AENJPLPP_00979",NA,"hypothetical protein",2645.01459811996,2531.70355155896,2694.38793098836,48.1865297431695,65.2207259430896,65.4640827831513
"AENJPLPP_00980",NA,"hypothetical protein",3402.55047996018,3347.55170427096,3512.51759966139,265.48050349067,205.626455403908,216.229849192833
"AENJPLPP_00981",NA,"hypothetical protein",1407.51323389243,1777.24203169665,1446.39352114815,26.366214387772,34.4220498032973,24.797001054224
"AENJPLPP_00982",NA,"hypothetical protein",718.213408584388,763.37248269533,764.796574235414,816.443466214456,810.729857209239,874.838197193022
"AENJPLPP_00983",NA,"hypothetical protein",389.755102565119,394.062578615748,350.931761399513,403.675834074854,428.463935709464,380.88193619288
"AENJPLPP_00984",NA,"hypothetical protein",469.556592407829,492.083169778961,444.798007609718,175.471702649655,177.545309511744,167.627727126554
"AENJPLPP_00985","xerC_5","Tyrosine recombinase XerC",762.162055164431,745.550557029291,742.396674571615,962.821415056915,1100.59975028964,1105.94624701839
"AENJPLPP_00986","groL","60 kDa chaperonin",29945.2199276441,29863.6067743924,29352.4018546864,22844.9609972947,24393.4573461314,23789.2509313803
"AENJPLPP_00987","groS","10 kDa chaperonin",946.05244480198,865.35350178433,841.596230225581,2726.63023961821,2996.53001971862,2994.48584730809
"AENJPLPP_00988","MroQ","Membrane-embedded CAAX protease MroQ",3658.14655612306,3075.27228437315,3177.58576659316,1480.14472494113,1552.61561481188,1650.48839016915
"AENJPLPP_00989","gmuC_2","PTS system oligo-beta-mannoside-specific EIIC component",483.435112380474,468.320602224243,483.197835604801,172.74416323023,152.181693867209,160.684566831371
"AENJPLPP_00990",NA,"hypothetical protein",1105.6554244874,1082.18693072114,1023.99541320223,387.310597558306,454.733394769875,477.094300283269
"AENJPLPP_00991","yycJ","Putative metallo-hydrolase YycJ",2129.19627246998,2191.10674994133,2206.92344782855,5622.36792324076,5658.8038189789,5274.81806425452
"AENJPLPP_00992",NA,"hypothetical protein",1971.90637944667,1912.88668815484,1955.191242083,3851.28566022766,3602.53926493983,3446.78314653713
"AENJPLPP_00993",NA,"hypothetical protein",2972.31636080818,2936.65730697062,2924.78689895886,4703.18713889464,5019.27836737027,4883.02544759779
"AENJPLPP_00994","walK_1","Sensor histidine kinase WalK",3978.50905882495,3884.18968821502,3627.71708364664,5232.32978626303,5084.49909331336,5001.05917261589
"AENJPLPP_00995","walR_1","Transcriptional regulatory protein WalR",3165.45909709416,3179.23351742504,3051.71966372039,3240.31683027653,3544.56528632375,3605.48395328417
"AENJPLPP_00996",NA,"DegV domain-containing protein",3059.05711063721,2821.80489712282,2825.5873433049,11821.1558437866,9994.17040736261,9658.92785064132
"AENJPLPP_00997",NA,"hypothetical protein",608.341792134281,589.113653960728,627.197190586364,4050.39603784566,3748.3800548959,3710.62323775408
"AENJPLPP_00999",NA,"IS30 family transposase IS1252",136.472113064344,117.822730792146,124.799440984022,166.379904584906,153.087537283085,125.968765355458
"AENJPLPP_01001",NA,"hypothetical protein",27.7570399452904,30.6933164248447,36.2665042175789,25.4570345812971,27.1753024762874,25.7888810963929
"AENJPLPP_01002",NA,"hypothetical protein",33.5397566005592,46.5350281279903,35.1998423288266,25.4570345812971,36.2337366350498,26.7807611385619
"AENJPLPP_01003","pisA","Bacteriocin piscicolin-126",42.7921032489893,49.5053490723301,56.533080103873,20.9111355489226,25.3636156445349,29.7564012650688
"AENJPLPP_01004",NA,"hypothetical protein",11853.41259997,11608.01425048,12147.1455891114,12510.3141370946,11615.6301217811,11083.2675911959
"AENJPLPP_01005","opuAA","Glycine betaine transport ATP-binding protein OpuAA",3636.17223283304,3553.49395641185,3596.78388887282,5276.8795967803,4479.39569150803,4512.06231182659
"AENJPLPP_01006",NA,"hypothetical protein",319.205959370839,280.200275749388,318.931904736944,490.957095496444,497.308035316059,505.858821506169
"AENJPLPP_01007",NA,"hypothetical protein",32.3832132695054,20.7922466103786,38.3998279950835,34.548832646046,31.7045195556686,25.7888810963929
"AENJPLPP_01008","feoB","Fe(2+) transporter FeoB",1892.10488960396,1868.33187398974,2169.59028172222,296.392616910816,317.045195556686,291.612732397674
"AENJPLPP_01009",NA,"hypothetical protein",473.02622240099,539.608304888398,519.46433982238,60.915047033818,67.9382561907184,62.4884426566444
"AENJPLPP_01010","nrdH","Glutaredoxin-like protein NrdH",6241.86435769717,6317.87264861077,6447.97111750778,3395.78657718374,3908.714339506,3873.29156466978
"AENJPLPP_01011","nrdE2","Ribonucleoside-diphosphate reductase subunit alpha 2",15584.4213859495,14921.9023173817,14785.0004399959,14644.1591428911,15403.8672869755,15652.8589454683
"AENJPLPP_01012","nrdF","Ribonucleoside-diphosphate reductase 2 subunit beta",8919.26216908664,8902.0518701864,8594.09483767745,8453.55384060358,8319.26593140744,8494.46068113496
"AENJPLPP_01013",NA,"hypothetical protein",852.372434986625,814.858045730554,764.796574235414,840.082141182804,878.668113399958,901.618958331584
"AENJPLPP_01014","sapB","Protein SapB",700.865258618582,745.550557029291,693.330227689008,420.041070591402,394.947729322043,389.808856572401
"AENJPLPP_01015","nagB","Glucosamine-6-phosphate deaminase",543.57536559527,467.330495242796,470.397892939773,780.985453761935,850.586967507794,887.732637741218
"AENJPLPP_01016","ybiT_1","putative ABC transporter ATP-binding protein YbiT",439.486465800431,440.597606743738,453.331302719736,2508.42708606424,2568.06608400915,2439.03302369347
"AENJPLPP_01017",NA,"IS982 family transposase ISEfm1",31.2266699384517,21.7823535918252,18.1332521087894,49.0957095496444,49.8213878731935,55.5452823614617
"AENJPLPP_01018",NA,"putative transporter",269.474596135527,264.358564046243,263.465486521823,464.590881108672,411.252910807815,428.49217821699
"AENJPLPP_01019",NA,"hypothetical protein",135.315569733291,137.624870421078,157.865959535343,114.556655615837,103.266149409892,110.098684680754
"AENJPLPP_01020","rplL","50S ribosomal protein L7/L12",10510.6657926166,10546.6195663692,10659.1522543019,88775.0438436283,89933.0401716095,90892.9114242369
"AENJPLPP_01021","rplJ","50S ribosomal protein L10",27460.9648525406,24071.4809329298,27710.8092078965,205316.438977,199920.547727303,175109.478284635
"AENJPLPP_01022","rplA","50S ribosomal protein L1",7564.94992842268,7485.20877973631,7588.23267658401,42172.305323338,46732.4618250555,43486.9966888137
"AENJPLPP_01023","rplK","50S ribosomal protein L11",8391.87841012612,8535.71228705116,8639.9612988938,49857.6022274703,54791.7506961064,52393.0875874488
"AENJPLPP_01024","sdhB","L-serine dehydratase, beta chain",1591.40362352998,1550.50753294538,1644.79263245608,1216.48258106341,1045.34330192119,1068.25480541597
"AENJPLPP_01025","sdhA","L-serine dehydratase, alpha chain",2030.89008933041,2136.65086596177,1916.79141408792,1351.0411924217,1355.14175015086,1395.57521933173
"AENJPLPP_01026",NA,"Lactate 2-monooxygenase",1231.71864757226,1186.14816377303,1269.32764761526,1294.67204442025,1162.19710256922,1276.54961427145
"AENJPLPP_01027",NA,"hypothetical protein",1341.59026402237,1322.78292721266,1261.861014394,729.162204792866,617.785209627599,701.259189813454
"AENJPLPP_01028","nusG","Transcription termination/antitermination protein NusG",1594.87325352314,1679.22144053344,1686.39244611742,5054.13054419395,4869.81420375069,5095.28777662194
"AENJPLPP_01029","secE","Protein translocase subunit SecE",94.8365531464088,150.496261179884,140.799369315306,99.1005989057636,75.1850035177283,102.163644343403
"AENJPLPP_01030","rpmG3","50S ribosomal protein L33 3",350.432629309291,312.873806137126,362.665042175789,566.41901943386,500.025565563687,493.956261000142
"AENJPLPP_01031",NA,"hypothetical protein",4024.7707920671,4478.25387708298,4179.18128013159,1517.4210970066,1593.37856852632,1677.26915130771
"AENJPLPP_01032","queT_1","Queuosine precursor transporter QueT",565.549688885291,653.470607754757,632.530500030126,1319.21989919507,1212.92433385829,1492.77946346428
"AENJPLPP_01033","ytlR","Putative lipid kinase YtlR",305.327439398194,301.982629341214,300.798652628154,1036.46497938138,1125.0575225183,1115.86504744008
"AENJPLPP_01034",NA,"hypothetical protein",172.324956327011,180.199470623282,158.932621424096,181.835961294979,179.356996343497,175.562767463906
"AENJPLPP_01035",NA,"hypothetical protein",203.551626265463,233.665247621398,200.532435085436,129.103532519435,141.311572876694,141.838846030161
"AENJPLPP_01036","lnrL","Linearmycin resistance ATP-binding protein LnrL",135.315569733291,132.674335513845,133.33273609404,42.7314509043201,40.762953714431,49.594002108448
"AENJPLPP_01037",NA,"hypothetical protein",298.388179411871,328.715517840272,315.731919070687,300.938515943191,378.64254783627,314.42597336756
"AENJPLPP_01038","lnrK","Transcriptional regulatory protein LnrK",274.100769459742,278.220061786495,250.665543856795,168.198264197856,182.980370007002,174.570887421737
"AENJPLPP_01039",NA,"hypothetical protein",647.664265390109,642.579430958845,650.663752138915,723.707125954017,612.350149132342,653.648947789344
"AENJPLPP_01040","recD2","ATP-dependent RecD-like DNA helicase",2495.82050841403,2516.85194683726,2311.45631292628,4542.26231314858,3995.67530743012,4086.54577373611
"AENJPLPP_01041","pspA","Phosphoserine phosphatase 1",996.940351368346,961.393878984651,945.062433434556,1670.16330449438,1699.36224818384,1719.91999312097
"AENJPLPP_01042","trmL","tRNA (cytidine(34)-2'-O)-methyltransferase",463.77387575256,426.736109003486,421.331446057167,1427.41229616559,1062.55432682284,983.945001831607
"AENJPLPP_01043","rlmA","23S rRNA (guanine(745)-N(1))-methyltransferase",254.439532831828,275.249740842155,286.932048074374,631.879965500053,575.210569081416,585.209224879686
"AENJPLPP_01044","cutC","Copper homeostasis protein CutC",540.105735602108,510.895202426447,552.530858373702,1769.26390340015,1778.17062536507,1810.18107695835
"AENJPLPP_01045","mgtE","Magnesium transporter MgtE",2132.66590246314,1981.20406987465,2030.92423618442,5453.26047923643,4491.17165591442,4950.47329046527
"AENJPLPP_01046",NA,"hypothetical protein",2322.33900875596,2457.44552795047,2312.52297481503,4675.91174470039,4501.13593348906,4415.84994773621
"AENJPLPP_01047","ppnKA","NAD kinase 1",1856.25204634129,1819.81663189885,1697.05906500494,1359.22381067997,1264.55740856324,1209.10177140396
"AENJPLPP_01048","yjbM","GTP pyrophosphokinase YjbM",1139.19518108796,1096.04842846139,998.395527872172,820.080185440356,766.343529831303,816.317274705053
"AENJPLPP_01049","yjbK","Putative triphosphatase YjbK",580.58475218899,625.747612274253,569.597448593739,894.632929571297,867.797992409443,856.984356433981
"AENJPLPP_01050",NA,"hypothetical protein",3349.3494867317,3081.21292626183,3231.98552291953,5921.488079571,6311.0110784098,6801.32144915255
"AENJPLPP_01053","pepF1_1","Oligoendopeptidase F, plasmid",12538.0862519539,12607.0321947596,12505.5439837322,8009.87409504383,8663.48642944041,8684.90164923141
"AENJPLPP_01054",NA,"hypothetical protein",373.563495930366,345.547336524864,353.065085177018,537.325265626663,581.551472992549,586.201104921855
"AENJPLPP_01055","mecA","Adapter protein MecA 1",11858.0387732943,12288.2177467338,12193.0120503278,4355.88045282123,5059.13547766883,4895.91988814598
"AENJPLPP_01056","spxA_3","Regulatory protein Spx",27787.1100718978,25973.4764442887,25917.7505729039,5439.6227821393,5830.91406799539,6028.64689630293
"AENJPLPP_01057","yfnB_1","Putative HAD-hydrolase YfnB",197.768909610194,192.080754400641,199.465773196684,602.786211692856,687.53515265007,715.145510403819
"AENJPLPP_01058","rapA","RNA polymerase-associated protein RapA",5521.33786245068,5292.12181583209,5324.77614865158,10324.6458823289,9538.53116917686,8917.99345914111
"AENJPLPP_01059",NA,"hypothetical protein",1257.16260085544,1130.70217281202,1109.32836430241,1935.64380798505,1961.15099537207,2006.5733253078
"AENJPLPP_01060",NA,"hypothetical protein",2767.60819121166,2646.55596140677,2859.72052374497,4185.86382901042,4230.28875214206,4188.70941807951
"AENJPLPP_01061","sbcD","Nuclease SbcCD subunit D",335.397566005592,368.319797098136,346.665113844504,805.533308536758,776.307807405942,828.219835211081
"AENJPLPP_01062","plsC","1-acyl-sn-glycerol-3-phosphate acyltransferase",1302.26779076654,1284.16875493624,1167.99476818379,1544.69649120085,1529.0636859991,1509.64142418116
"AENJPLPP_01063","yfiC","tRNA1(Val) (adenine(37)-N6)-methyltransferase",326.145219357162,334.656159728952,308.265285849421,446.407284979174,465.60351576039,446.346018976032
"AENJPLPP_01064",NA,"hypothetical protein",266.004966142366,261.388243101903,301.865314516907,427.314509043201,421.217188382454,358.068695222994
"AENJPLPP_01065","oatA","O-acetyltransferase OatA",20008.1996272301,20130.8551467723,19796.1779933543,14487.7802161775,14237.1409673269,14243.3974055463
"AENJPLPP_01066",NA,"hypothetical protein",5901.84061836737,6018.86034021389,5734.37431393248,8235.35068704961,7666.15282856066,7247.66746812858
"AENJPLPP_01067","aspS","Aspartate--tRNA ligase",8250.78012373756,8765.41710674677,8148.23016817898,17950.8460990403,17928.4528870226,16794.5128740048
"AENJPLPP_01068","hisS","Histidine--tRNA ligase",2071.36910591729,2192.09685692278,1944.52462319548,7911.68267594454,7252.18238750522,7112.7717823936
"AENJPLPP_01069","iolS","Aldo-keto reductase IolS",8021.78454418892,7231.74139248598,7228.76762007448,1671.07248430086,1931.25816264815,1746.70075425954
"AENJPLPP_01070","cypC","Fatty-acid peroxygenase",3669.7119894336,3471.31507695179,3533.85083743644,1116.47280235117,1184.84318796613,1109.91376718707
"AENJPLPP_01071","dtd","D-aminoacyl-tRNA deacylase",4235.26167831889,4018.84423769176,4129.04817136023,2809.36560200743,2636.00434019987,2723.70259579596
"AENJPLPP_01072","relA","GTP pyrophosphokinase",46165.7401456732,45066.699474505,46399.7921607259,28877.3690132556,29044.05744324,27533.5980905681
"AENJPLPP_01073","rsmE","Ribosomal RNA small subunit methyltransferase E",698.552171956474,818.81847365634,732.796717572844,1131.01967925477,1145.89192108345,1205.13425123529
"AENJPLPP_01074","prmA","Ribosomal protein L11 methyltransferase",792.232181771829,862.38318083999,789.329797676717,1253.75895312888,1155.85619865809,1127.76760794611
"AENJPLPP_01075",NA,"hypothetical protein",270.631139466581,228.714712714165,196.265787530427,601.877031886381,529.012554871727,525.696422349548
"AENJPLPP_01076",NA,"Putative 3-methyladenine DNA glycosylase",182.733846306495,177.229149678942,183.465844865399,1041.92005822023,905.843415876245,938.318519891835
"AENJPLPP_01077",NA,"putative AAA domain-containing protein",927.54775150512,919.809385763893,969.595656875859,1083.74232931808,1200.24252603602,1166.4509295907
"AENJPLPP_01078",NA,"hypothetical protein",898.634168228776,940.601632374272,996.262204094667,157.288106520157,153.993380698962,185.481567885595
"AENJPLPP_01079",NA,"Putative universal stress protein",14930.9744039041,13550.6041480782,13214.8741397525,2471.15071399877,2811.73796287986,2739.57267647066
"AENJPLPP_01080",NA,"hypothetical protein",1700.11869664904,1918.82733004351,1963.72453719302,533.688546400764,420.311344966578,480.069940409776
"AENJPLPP_01081","ybiT_2","putative ABC transporter ATP-binding protein YbiT",529.696845622625,521.786379222359,554.664182151207,812.806746988557,771.778590326561,752.83695200624
"AENJPLPP_01082","ackA","Acetate kinase",1553.23769360521,1554.46796087117,1451.72683059191,8412.64074931221,8099.14598134951,8031.25270144206
"AENJPLPP_01083",NA,"hypothetical protein",671.951675342238,692.084780031175,652.79707591642,7068.87299534231,7802.0293409421,7711.86732786366
"AENJPLPP_01084",NA,"hypothetical protein",5.78271665526883,7.92085585157282,5.3333094437616,11.8193374841736,16.3051814857724,22.8132409698861
"AENJPLPP_01085",NA,"hypothetical protein",20.8177799589678,23.7625675547185,18.1332521087894,36.3671922589958,29.8928327239161,20.8294808855481
"AENJPLPP_01086",NA,"hypothetical protein",6.93925998632259,6.93074887012621,10.6666188875232,15.4560567100732,14.4934946540199,17.8538407590413
"AENJPLPP_01087",NA,"hypothetical protein",13.8785199726452,6.93074887012621,11.7332807762755,14.5468769035983,8.15259074288621,18.8457208012102
"AENJPLPP_01089",NA,"hypothetical protein",28.9135832763441,25.7427815176117,31.9998566625696,21.8203153553975,42.5746405461835,38.6833216445894
"AENJPLPP_01090","comGA","ComG operon protein 1",20.8177799589678,25.7427815176117,27.7332091075603,41.8222710978452,32.6103629715448,44.6346018976032
"AENJPLPP_01091","adeC","Adenine deaminase",4480.44886450229,4503.00655161915,4471.44663764973,550.962962723787,638.619608192753,653.648947789344
"AENJPLPP_01092","trmB","tRNA (guanine-N(7)-)-methyltransferase",341.180282660861,361.38904822801,337.065156845733,848.264759441078,741.885757602645,961.131760861721
"AENJPLPP_01093","thiK","Thiamine kinase",1267.57149083493,1265.35672228876,1325.86072771913,2664.80601277792,2492.88108049143,2726.67823592247
"AENJPLPP_01094",NA,"hypothetical protein",1807.67722643704,1608.92384485073,1640.52598490107,1282.85270693608,1215.64186410592,1315.23293591604
"AENJPLPP_01095","ecsA","ABC-type transporter ATP-binding protein EcsA",999.253438030453,930.700562559806,1002.66217542718,855.538197892877,704.746177551719,704.234829939961
"AENJPLPP_01096","hit","Protein hit",3647.73766614358,3727.75278514646,3843.18278517461,897.360468990722,1060.74263999108,1007.75012284366
"AENJPLPP_01097",NA,"hypothetical protein",5224.10622636986,4763.4046877396,4807.44513260671,1383.77166545479,1282.67427688076,1353.91625756063
"AENJPLPP_01098","prsA_2","Foldase protein PrsA",17111.0585829405,16314.9828402771,16107.6611820488,7071.60053476174,7605.46131969695,7243.69994795991
"AENJPLPP_01099","yhaM","3'-5' exoribonuclease YhaM",4729.10568067885,4448.55066763958,4426.64683832213,3153.03556885494,2956.67290942006,2956.79440570567
"AENJPLPP_01100",NA,"hypothetical protein",7098.86296600801,6661.43977117274,6673.03677603452,4027.66654268379,3551.81203365076,3585.64635244079
"AENJPLPP_01101",NA,"hypothetical protein",1612.22140348895,1567.33935162997,1573.32628590967,691.885832727396,613.255992548218,636.786987072472
"AENJPLPP_01102","ywpJ_1","Phosphatase YwpJ",228.995579548646,209.90268006668,217.599025305473,440.04302633385,433.898996204721,471.143020030256
"AENJPLPP_01103",NA,"hypothetical protein",106.401986456946,105.941447014786,98.1328937652135,219.11233336045,190.227117334011,172.587127337399
"AENJPLPP_01104","yjmB","putative symporter YjmB",25.4439532831828,17.8219256660388,21.3332377750464,38.1855518719456,20.8343985651536,30.7482813072377
"AENJPLPP_01105","xynB","Beta-xylosidase",93.680009815355,75.2481305899418,79.999641656424,161.834005552531,125.912234806798,129.936285524134
"AENJPLPP_01107","pemA","Pectinesterase A",27.7570399452904,25.7427815176117,18.1332521087894,30.0029336136716,43.4804839620598,36.6995615602515
"AENJPLPP_01108",NA,"hypothetical protein",16.1916066347527,16.8318186845922,14.9332664425325,29.0937538071967,29.8928327239161,26.7807611385619
"AENJPLPP_01109",NA,"hypothetical protein",21.9743232900215,18.8120326474854,29.866532885065,37.2763720654707,40.762953714431,49.594002108448
"AENJPLPP_01110","yteR","Unsaturated rhamnogalacturonyl hydrolase YteR",25.4439532831828,14.851604721699,9.59995699877088,20.9111355489226,35.3278932191736,24.797001054224
"AENJPLPP_01111","lipO","Lipoprotein LipO",43.9486465800431,46.5350281279903,39.4664898838359,46.3681701302197,45.2921707938123,49.594002108448
"AENJPLPP_01113","yteP_1","putative multiple-sugar transport system permease YteP",8.09580331737636,9.90106981446602,15.9999283312848,15.4560567100732,20.8343985651536,12.8944405481965
"AENJPLPP_01114",NA,"hypothetical protein",10.4088899794839,9.90106981446602,8.53329511001856,12.7285172906485,15.3993380698962,11.9025605060275
"AENJPLPP_01115","araQ_2","L-arabinose transport system permease protein AraQ",32.3832132695054,15.8417117031456,19.1999139975418,6.36425864532427,19.9285551492774,14.8782006325344
"AENJPLPP_01116","yesS","HTH-type transcriptional regulator YesS",69.3925998632259,66.3371677569223,63.9997133251392,82.7353623892155,93.3018718352532,83.3179235421926
"AENJPLPP_01117","exuR_2","putative HTH-type transcriptional repressor ExuR",358.528432626667,375.250545968262,420.264784168414,487.320376270544,556.187857348015,534.623342729069
"AENJPLPP_01118","uxaB","Altronate oxidoreductase",186.203476299656,155.446796087117,200.532435085436,68.1884854856172,68.8440996065946,63.4803226988134
"AENJPLPP_01119","uxaA","Altronate dehydratase",138.785199726452,131.684228532398,157.865959535343,159.106466133107,126.818078222674,140.846965987992
"AENJPLPP_01120","uxaC","Uronate isomerase",129.532853078022,113.862302866359,122.666117206517,172.74416323023,176.639466095868,169.611487210892
"AENJPLPP_01121","rhgT","Rhamnogalacturonan acetylesterase RhgT",85.5842064979786,78.2184515342816,89.5995986551949,144.559589229508,166.675188521229,140.846965987992
"AENJPLPP_01122",NA,"hypothetical protein",153.820263030151,136.634763439631,145.066016870316,272.753941942469,274.470555010502,266.81573134345
"AENJPLPP_01123",NA,"Putative multidrug export ATP-binding/permease protein",146.881003043828,145.545726272651,134.399397982792,339.124067815136,307.080917982047,346.166134716967
"AENJPLPP_01124",NA,"hypothetical protein",4915.3091569785,5149.54641050378,4812.77844205047,6760.66104094733,8472.35346869052,8665.06404838803
"AENJPLPP_01125","pbpF","Penicillin-binding protein 1F",3735.63495930366,3714.88139438765,3597.85055076158,4762.2838263155,4516.53527155896,4429.73626832657
"AENJPLPP_01126","rluD_2","Ribosomal large subunit pseudouridine synthase D",600.245988816904,544.558839795631,558.930829706216,1324.67497803392,1194.80746554077,1168.43468967503
"AENJPLPP_01127","gmuE_1","Putative fructokinase",212.803972913893,189.110433456301,198.399111307932,300.938515943191,288.964049664522,318.393493536236
"AENJPLPP_01128","mngB","Mannosylglycerate hydrolase",142.254829719613,154.45668910567,145.066016870316,282.754919813693,285.340676001017,235.075569994043
"AENJPLPP_01129",NA,"hypothetical protein",70.5491431942797,58.4163119053495,66.1330371026439,169.107444004331,207.43814223566,178.538407590413
"AENJPLPP_01130","araR_1","Arabinose metabolism transcriptional repressor",479.965482387313,469.310709205689,477.86452616104,496.412174335293,476.473636750905,517.761382012197
"AENJPLPP_01131",NA,"hypothetical protein",562.08005889213,497.033704686194,539.730915708674,500.048893561193,527.200868039975,532.639582644731
"AENJPLPP_01132","rhaR_3","HTH-type transcriptional activator RhaR",253.282989500775,243.566317435864,265.598810299328,287.300818846067,348.749715112354,323.352893747081
"AENJPLPP_01133",NA,"hypothetical protein",170.011869664904,186.140112511961,166.399254645362,259.116244845345,248.201095950091,266.81573134345
"AENJPLPP_01134",NA,"hypothetical protein",21.9743232900215,26.7328884990583,29.866532885065,56.3691480014435,59.7856654478322,68.4397229096582
"AENJPLPP_01135",NA,"hypothetical protein",104.088899794839,85.1492004044078,92.7995843214519,104.555677744613,116.853800648036,92.2448439217132
"AENJPLPP_01136","araQ_3","L-arabinose transport system permease protein AraQ",18.5046932968602,15.8417117031456,28.7998709963127,20.9111355489226,18.1168683175249,15.8700806747033
"AENJPLPP_01137","yteP_2","putative multiple-sugar transport system permease YteP",15.035063303699,9.90106981446602,13.8666045537802,14.5468769035983,18.1168683175249,17.8538407590413
"AENJPLPP_01138","rluB_2","Ribosomal large subunit pseudouridine synthase B",1268.72803416598,1226.74255001234,1173.32807762755,2792.0911856844,2545.41999861225,2711.80003528993
"AENJPLPP_01139","murJ_2","Lipid II flippase MurJ",504.252892339442,560.400551498777,559.997491594968,1387.40838468069,1391.37548678591,1499.72262375947
"AENJPLPP_01140",NA,"hypothetical protein",219.743232900215,226.734498751272,244.265572524281,83.6445421956904,95.1135586670057,83.3179235421926
"AENJPLPP_01141","murE","UDP-N-acetylmuramoyl-L-alanyl-D-glutamate--L-lysine ligase",2328.12172541123,2593.09018440865,2607.98831799942,3622.17234899598,3918.67861708064,3943.71504766378
"AENJPLPP_01142","licC_2","Lichenan permease IIC component",127.219766415914,116.832623810699,117.332807762755,158.197286326632,178.45115292762,193.416608222947
"AENJPLPP_01143",NA,"hypothetical protein",24.2874099521291,18.8120326474854,22.3998996637987,17.274416323023,16.3051814857724,28.7645212228998
"AENJPLPP_01144","licA_1","Lichenan-specific phosphotransferase enzyme IIA component",16.1916066347527,15.8417117031456,13.8666045537802,9.09179806474896,3.62337366350498,7.93504033735167
"AENJPLPP_01145","licR_2","putative licABCH operon regulator",862.781324966109,808.917403841874,1202.12794862387,61.8242268402929,57.0681352002034,61.4965626144755
"AENJPLPP_01146",NA,"hypothetical protein",446.425725786754,396.042792578641,529.064296821151,7.27343845179917,5.43506049525747,8.92692037952063
"AENJPLPP_01147",NA,"hypothetical protein",267.16150947342,247.526745361651,244.265572524281,244.569367941747,251.824469613596,261.856331132605
"AENJPLPP_01148",NA,"hypothetical protein",135.315569733291,151.48636816133,142.932693092811,781.89463356841,732.827323443882,795.487793819505
"AENJPLPP_01149",NA,"hypothetical protein",1018.91467465837,1046.54307938906,1006.92882298219,1129.20131964182,1075.2361346451,1056.35224490994
"AENJPLPP_01150",NA,"hypothetical protein",1267.57149083493,1347.53560174883,1212.79456751139,1601.06563920229,1448.44362198612,1425.33162059679
"AENJPLPP_01151",NA,"hypothetical protein",99.4627264706238,53.4657769981165,63.9997133251392,130.921892132385,134.970668965561,112.082444765092
"AENJPLPP_01152",NA,"hypothetical protein",1177.36111101273,1142.58345658938,1090.12845030487,1385.59002506774,1396.81054728117,1331.10301659074
"AENJPLPP_01153",NA,"putative ABC transporter ATP-binding protein",1973.06292277772,2023.77867007685,1998.92437952185,42098.6617590136,43513.0943250313,38773.5827284268
"AENJPLPP_01154",NA,"putative ABC transporter ATP-binding protein",1833.12117972022,1713.87518488407,1598.92617123973,32340.4348961185,29455.3103540479,29788.1414264182
"AENJPLPP_01155",NA,"hypothetical protein",508.879065663657,492.083169778961,479.997849938544,1031.00990054253,933.018718352532,956.172360650876
"AENJPLPP_01156","leuS","Leucine--tRNA ligase",7280.44026898345,7393.12883046178,7178.63451130312,21533.9237163579,21320.8364794792,20748.1467220903
"AENJPLPP_01157",NA,"Muramidase-2",41122.0546789477,42301.3306753246,42911.8077845059,7752.57620981144,7636.25999583675,7667.23272596605
"AENJPLPP_01158",NA,"hypothetical protein",423.294859165678,436.637178817952,482.131173716049,1204.66324357924,1237.38210608695,1343.00557709677
"AENJPLPP_01159",NA,"hypothetical protein",2219.40665229218,2144.57172181334,2145.05705828092,5429.62180426808,4501.13593348906,4594.38835532662
"AENJPLPP_01160",NA,"hypothetical protein",2233.28517226482,2182.19578710831,2159.99032472345,4361.33553166008,4794.62920023297,3824.68944260351
"AENJPLPP_01161",NA,"putative ABC transporter ATP-binding protein",1663.10931005531,1834.66823662055,1727.99225977876,5740.56129808249,5999.40094334837,5826.30336770047
"AENJPLPP_01162",NA,"putative ABC transporter ATP-binding protein",1046.67171460366,1086.14735864692,1052.79528419854,5068.67742109754,4807.31100805523,4651.91739777242
"AENJPLPP_01163",NA,"hypothetical protein",622.220312106926,543.568732814185,471.464554828526,434.587947495,442.051586947608,491.972500915804
"AENJPLPP_01164",NA,"hypothetical protein",371.250409268259,415.844932207573,414.931474724653,1395.59100293896,1598.81362902157,1533.44654519321
"AENJPLPP_01165","bmr3","Multidrug resistance protein 3",90.2103798221937,86.1393073858544,87.4662748776903,89.0996210345398,74.2791601018521,88.2773237530374
"AENJPLPP_01167","metK","S-adenosylmethionine synthase",3897.55102565119,4418.84745819619,4291.18077845059,7721.66409639129,7599.12041578582,7830.89293292393
"AENJPLPP_01195","lysS","Lysine--tRNA ligase",16980.3691865314,17243.703188874,17305.5224831176,35284.3591094842,37786.3522498617,36149.0681368477
"AENJPLPP_01196","dusB","tRNA-dihydrouridine synthase B",1719.77993327695,1586.15138427746,1519.99319147206,2915.73963936499,2891.45218347697,2924.06236431409
"AENJPLPP_01197","hslO","33 kDa chaperonin",1089.46381785265,1135.65270771925,1109.32836430241,3345.78168782762,3108.85460328727,2848.67948110925
"AENJPLPP_01198","ftsH","ATP-dependent zinc metalloprotease FtsH",32210.8883131784,31038.8637613695,31608.3917493975,30871.2003288551,23918.7953962123,24126.4901457178
"AENJPLPP_01199","hpt","Hypoxanthine-guanine phosphoribosyltransferase",4495.48392780599,4335.67847175467,4303.98072111561,6021.49785828323,5695.03755561395,5261.92362370633
"AENJPLPP_01200","tilS","tRNA(Ile)-lysidine synthase",2387.10543529497,2231.70113618064,2298.65637026125,2515.70052451604,2097.02750775351,2350.75569994043
"AENJPLPP_01201","pnp_1","Polyribonucleotide nucleotidyltransferase",8308.60729029025,8753.53582296941,8700.76102655268,7477.09472844954,8340.10032997259,8247.48255063489
"AENJPLPP_01202",NA,"hypothetical protein",3866.32435571274,3638.64315681626,3740.78324385439,3451.2465453787,3422.27642518045,3676.89931632033
"AENJPLPP_01203",NA,"hypothetical protein",488.061285704689,375.250545968262,451.197978942232,1011.00794480008,976.499202314592,888.724517783387
"AENJPLPP_01204","murJ_3","Lipid II flippase MurJ",1048.98480126577,1053.47382825918,985.595585207144,2341.13800167286,2088.87491701062,2331.90997913922
"AENJPLPP_01205","mfd","Transcription-repair-coupling factor",5657.80997551502,5494.10364004719,5471.9754892994,10077.3489749677,9686.18364596469,9297.88351529182
"AENJPLPP_01206","pth","Peptidyl-tRNA hydrolase",311.110156053463,290.101345563854,294.39868129564,726.434665373442,687.53515265007,691.340389391764
"AENJPLPP_01207","ldh_2","L-lactate dehydrogenase",21723.3533871829,22156.6140308121,21799.3690204312,69683.1770874619,78316.5042064125,78125.4315214381
"AENJPLPP_01208",NA,"hypothetical protein",3784.20977920792,3832.7041251798,4028.78195381751,4091.30912913703,4165.97386961485,4283.92990212773
"AENJPLPP_01209",NA,"putative transcriptional regulatory protein",1873.6001963071,1636.64684033123,1739.72554055503,2263.85771812249,1858.79068937805,1861.75883915114
"AENJPLPP_01210",NA,"hypothetical protein",144.567916381721,132.674335513845,154.665973869086,318.212932266214,307.986761397923,312.442213283222
"AENJPLPP_01211","pepF1_2","Oligoendopeptidase F, plasmid",3836.25422910534,3808.94155762508,3684.25016375051,2316.59014689803,2451.21228336112,2395.39030183804
"AENJPLPP_01212",NA,"hypothetical protein",263523.024153925,265772.436815749,260901.231341263,63926.2505528629,66149.2154443628,66404.3850631275
"AENJPLPP_01213",NA,"hypothetical protein",987.688004719916,1166.3460241441,1101.86173108115,1108.2901840929,991.898540384488,1315.23293591604
"AENJPLPP_01214","mreC","Cell shape-determining protein MreC",6258.05596433192,6004.99884247364,5828.24056014268,5226.87470742418,4894.27197597935,4838.39084570018
"AENJPLPP_01215","thiN","Thiamine pyrophosphokinase",5345.5432761305,4787.16725529432,4985.57766802835,3358.51020511827,2985.6598987281,2949.85124541048
"AENJPLPP_01216","rpe_1","Ribulose-phosphate 3-epimerase",1856.25204634129,1823.77705982464,1833.59178676524,1031.00990054253,1084.29456880387,1123.80008777743
"AENJPLPP_01217","rsgA","Small ribosomal subunit biogenesis GTPase RsgA",6817.82293656195,6461.43816092053,6111.9726225508,3703.99853157873,3678.63011187343,3565.80875159741
"AENJPLPP_01218","prkC","Serine/threonine-protein kinase PrkC",15289.5028365308,14726.8512420368,14869.2667292073,18277.2416495648,18311.6246519383,18358.7077005053
"AENJPLPP_01219","stp","Serine/threonine phosphatase stp",4581.06813430397,4526.76911917386,4438.38011909841,6754.296782302,6751.25097852565,6379.77243123074
"AENJPLPP_01220","rsmB","Ribosomal RNA small subunit methyltransferase B",4748.76691730676,4693.10709205689,4695.44563428771,6651.55946417034,6108.10215325352,6100.0622593391
"AENJPLPP_01221","fmt","Methionyl-tRNA formyltransferase",2545.55187164934,2411.90060680392,2462.92230112911,3973.11575429529,3740.22746415302,3585.64635244079
"AENJPLPP_01222","def_1","Peptide deformylase",1772.98092650542,1620.80512862809,1601.05949501723,1991.10377618002,1802.62839759373,1729.83879354266
"AENJPLPP_01223","priA","primosomal protein N'",4609.98171758031,4465.38248632418,4516.24643697733,5013.21745290258,4511.1002110637,4585.4614349471
"AENJPLPP_01224","rpoZ","DNA-directed RNA polymerase subunit omega",10989.4747316729,10529.7877476846,10537.5527989842,5082.31511819467,4985.76216098285,4407.91490739885
"AENJPLPP_01225","gmk_2","Guanylate kinase",19137.3224989467,18180.3443933225,16936.4574696093,10439.2025379448,9483.27472080841,9210.59807158095
"AENJPLPP_01226",NA,"hypothetical protein",640.725005403786,604.955365663874,581.330729370015,890.087030538923,764.531842999551,800.44719403035
"AENJPLPP_01227",NA,"hypothetical protein",1410.98286388559,1354.46635061895,1338.66067038416,1882.00219940303,1822.55695274301,1706.03367253061
"AENJPLPP_01228",NA,"hypothetical protein",392.068189227227,351.487978413544,346.665113844504,532.779366594289,375.925017588642,378.898176108542
"AENJPLPP_01229",NA,"hypothetical protein",693.925998632259,634.658575107272,684.79693257899,770.075296084237,745.50913126615,713.161750319481
"AENJPLPP_01230",NA,"hypothetical protein",7673.66500154173,7251.54353211491,7804.76504000073,2982.10976523766,2859.74766392131,2873.47648216347
"AENJPLPP_01231","thiT","Thiamine transporter ThiT",1772.98092650542,1786.15299452967,1742.92552622129,795.532330665534,626.843643786362,597.111785385713
"AENJPLPP_01232","prs","Ribose-phosphate pyrophosphokinase",6283.49991761511,6413.91302581109,5868.77371191527,8638.11734131799,8404.4152124998,9045.94598458091
"AENJPLPP_01233","glmU","Bifunctional protein GlmU",8433.51397004406,8680.26790634236,8292.22952316054,12533.0436322564,13335.8267685301,12800.2119441904
"AENJPLPP_01234","purR_1","Pur operon repressor",2291.11233881751,2295.06798299322,2119.45717295086,3664.9037999003,3836.2468662359,3642.18351484442
"AENJPLPP_01235","znuB","High-affinity zinc uptake system membrane protein ZnuB",283.353116108173,277.229954805049,329.598523624467,630.061605887103,558.905387595643,687.372869223089
"AENJPLPP_01236","znuC","High-affinity zinc uptake system ATP-binding protein ZnuC",417.512142510409,456.439318446884,426.664755500928,816.443466214456,797.142205971096,863.927516729163
"AENJPLPP_01237","znuA","High-affinity zinc uptake system binding-protein ZnuA",514.661782318926,534.657769981165,540.797577597426,1575.60860462099,1783.60568586033,1801.25415657883
"AENJPLPP_01238","ispE","4-diphosphocytidyl-2-C-methyl-D-erythritol kinase",3960.00436552809,3805.97123668074,3962.64891671487,4092.21830894351,3898.75006193136,3810.80312201314
"AENJPLPP_01239","mprF_2","Phosphatidylglycerol lysyltransferase",5547.93835906491,5517.86620760191,5557.30844039959,4988.66959812775,5000.25565563687,4823.51264506765
"AENJPLPP_01240","proC","Pyrroline-5-carboxylate reductase",1441.05299049299,1473.27918839254,1474.12673025571,1339.22185493752,1801.72255417785,1571.13798679563
"AENJPLPP_01241","rny","Ribonuclease Y",31931.0048270634,30463.6116051491,31946.523568132,20492.9128379441,19293.5589147481,20248.2391808371
"AENJPLPP_01242","recA","Protein RecA",15994.9942684736,16262.5071702604,16416.993129787,14836.9052618638,13536.9240068546,13722.6603834075
"AENJPLPP_01243","cinA","Putative competence-damage inducible protein",1467.65348710723,1447.53640687493,1405.86036937556,3100.30314007939,2946.70863184543,3038.12856916352
"AENJPLPP_01244","pgsA","CDP-diacylglycerol--glycerol-3-phosphate 3-phosphatidyltransferase",2975.78599080134,2883.19152997251,2804.25410552985,3829.46534487226,3981.1818127761,4101.42397436865
"AENJPLPP_01245",NA,"hypothetical protein",4386.76885468693,4087.16161941157,4106.64827169643,5548.72435891629,4967.64529266533,5148.84929889907
"AENJPLPP_01246",NA,"hypothetical protein",2226.3459122785,2386.15782528631,2239.98996637987,2623.89292148655,2599.77060356482,2622.53083149473
"AENJPLPP_01247",NA,"hypothetical protein",1192.39617431643,1210.90083830919,1147.7281922975,1601.06563920229,1480.14814154178,1486.82818321127
"AENJPLPP_01248","mscL","Large-conductance mechanosensitive channel",2506.22939839351,2276.25595034574,2422.38914935652,2218.39872779875,2162.2482336966,2018.47588581383
"AENJPLPP_01249","elaA","Protein ElaA",1510.44559035622,1497.04175594726,1454.92681625817,1101.92592544757,987.369323305107,1005.76636275932
"AENJPLPP_01250","veg","Protein Veg",6266.1517676493,6463.41837488342,5860.24041680525,3142.12541117724,2947.6144752613,3057.9661700069
"AENJPLPP_01251","sigH","RNA polymerase sigma-H factor",12.7219766415914,9.90106981446602,8.53329511001856,79.0986431633159,92.396028419377,87.2854437108684
"AENJPLPP_01252",NA,"hypothetical protein",1209.74432428224,1076.24628883246,1179.72804896007,2853.9154125247,2461.17656093576,2436.05738356696
"AENJPLPP_01253",NA,"Putative TrmH family tRNA/rRNA methyltransferase",1940.67970950822,1838.62866454634,1906.1247952004,3502.1606145413,4498.41840324143,3971.48768884451
"AENJPLPP_01254","mrnC","Mini-ribonuclease 3",575.958578864775,619.806970385573,579.19740559251,1602.88399881524,1798.09918051435,1715.9524729523
"AENJPLPP_01255","cysS","Cysteine--tRNA ligase",1971.90637944667,1995.0655676149,1906.1247952004,5783.29274898681,6116.25474399641,5833.24652799565
"AENJPLPP_01256","cysE","Serine acetyltransferase",1002.72306802361,906.937995005088,888.529353330683,2139.30008463543,1990.13798468011,2034.34596648853
"AENJPLPP_01257","gltX","Glutamate--tRNA ligase",13832.258239403,13545.653613171,12908.7421776806,17332.6038306374,18832.4846160671,18428.1393034571
"AENJPLPP_01258","yacL","putative PIN and TRAM-domain containing protein YacL",4436.50021792224,4203.00413624083,4451.18006176343,3583.07761731756,3540.03606924437,3441.82374632629
"AENJPLPP_01259","radA","DNA repair protein RadA",5138.52201987188,4946.57447930722,4907.71135014943,6158.78400906094,5355.34627466036,5107.19033712797
"AENJPLPP_01260","dut","Deoxyuridine 5'-triphosphate nucleotidohydrolase",1715.15375995273,1833.67812963911,1749.32549755381,2007.46901269657,1890.49520893372,1781.41655573545
"AENJPLPP_01261","proB","Glutamate 5-kinase 1",1423.70484052719,1390.11020195103,1369.59386515798,1574.69942481452,1536.31043332611,1600.8943880607
"AENJPLPP_01262","proA","Gamma-glutamyl phosphate reductase",3941.49967223123,3871.31829745621,3561.584046544,4532.26133527736,4411.45743531731,4454.53326938079
"AENJPLPP_01263",NA,"hypothetical protein",1387.85199726452,1391.10030893248,1330.12737527414,1928.37036953325,2087.06323017887,1971.85752383189
"AENJPLPP_01264",NA,"hypothetical protein",903.260341552991,921.789599726787,945.062433434556,537.325265626663,381.360078083899,408.654577373611
"AENJPLPP_01265","yfmO_1","Multidrug efflux protein YfmO",8.09580331737636,4.95053490723301,6.39997133251392,27.2753941942469,26.2694590604111,29.7564012650688
"AENJPLPP_01267",NA,"hypothetical protein",1768.35475318121,1768.33106886363,1821.85850598896,870.99425460295,809.824013793363,821.276674915898
"AENJPLPP_01268",NA,"hypothetical protein",68.2360565321722,69.3074887012621,62.9330514363869,348.215865879885,357.808149271117,441.386618765187
"AENJPLPP_01269","msr(C)","ABC-F type ribosomal protection protein Msr(C)",497.313632353119,476.241458075816,515.197692267371,269.117222716569,288.058206248646,283.677692060322
"AENJPLPP_01270","yodC_1","Putative NAD(P)H nitroreductase YodC",139.941743057506,108.911767959126,140.799369315306,343.669966847511,393.13604249029,415.597737668794
"AENJPLPP_01271","yodC_2","Putative NAD(P)H nitroreductase YodC",86.7407498290324,101.981019089,101.33287943147,354.580124525209,378.64254783627,366.995615602515
"AENJPLPP_01272",NA,"hypothetical protein",101.775813132731,96.0403772003204,91.7329224326996,623.697347241779,634.090391113372,630.835706819458
"AENJPLPP_01273",NA,"hypothetical protein",5893.74481504999,5673.31300368903,5773.84080381631,15857.9141845351,15515.2860271283,15639.9645049201
"AENJPLPP_01274",NA,"putative oxidoreductase",2047.08169596516,1960.41182326427,2065.05741662449,474.591858979896,394.041885906167,455.272939355552
"AENJPLPP_01275",NA,"Putative acetyltransferase",71.7056865253335,72.277809645602,61.8663895476346,69.0976652920921,73.3733166859759,73.399123120503
"AENJPLPP_01276","hdfR_2","HTH-type transcriptional regulator HdfR",246.343729514452,216.833428936806,241.065586858024,304.57523516909,336.973750705963,355.093055096487
"AENJPLPP_01277","sacY","Levansucrase and sucrase synthesis operon antiterminator",227.839036217592,193.070861382087,198.399111307932,1109.19936389937,1217.45355093767,1148.59708883165
"AENJPLPP_01278","ptsG_2","PTS system glucose-specific EIICBA component",246.343729514452,290.101345563854,258.132177078062,1497.41914126415,1577.07338704054,1557.25166620527
"AENJPLPP_01279",NA,"hypothetical protein",15.035063303699,13.8614977402524,14.9332664425325,8.18261825827406,7.24674732700996,14.8782006325344
"AENJPLPP_01280","qorB","Quinone oxidoreductase 2",168.85532633385,163.367651938689,184.532506754151,123.648453680586,125.912234806798,126.960645397627
"AENJPLPP_01281","ywnA","Putative HTH-type transcriptional regulator YwnA",427.921032489893,394.062578615748,457.597950274745,353.670944718734,353.278932191736,359.060575265163
"AENJPLPP_01282",NA,"hypothetical protein",1478.06237708671,1401.99148572839,1270.39430950401,195.473658392103,188.415430502259,176.554647506075
"AENJPLPP_01283",NA,"hypothetical protein",285.66620277028,251.487173287437,252.7988676343,190.927759359728,202.003081740403,176.554647506075
"AENJPLPP_01284",NA,"hypothetical protein",120.280506429592,141.585298346864,150.399326314077,69.0976652920921,67.0324127748421,95.2204840482201
"AENJPLPP_01286","ygaZ_2","Inner membrane protein YgaZ",160.759523016473,137.624870421078,127.999426650278,489.138735883494,440.239900115855,594.136145259206
"AENJPLPP_01287",NA,"hypothetical protein",82.1145765048174,104.95134003334,140.799369315306,497.321354141768,452.015864522246,416.589617710963
"AENJPLPP_01288",NA,"Zinc-type alcohol dehydrogenase-like protein",1042.04554127944,986.146553520816,1049.59529853228,954.638796798641,1003.67450479088,945.261680187018
"AENJPLPP_01289","dus","putative tRNA-dihydrouridine synthase",800.327985089206,678.223282290922,711.463479797798,3236.68011105063,3340.75051775159,3203.77253620574
"AENJPLPP_01290","yadH","Inner membrane transport permease YadH",459.147702428345,462.379960335563,461.864597829755,570.05573865976,512.707373385955,571.32290428932
"AENJPLPP_01291","yadG","putative ABC transporter ATP-binding protein YadG",1148.44752773639,1069.31553996233,1025.06207509098,2788.45446645851,2660.46211242853,2586.82314997665
"AENJPLPP_01292",NA,"hypothetical protein",70.5491431942797,83.1689864415146,72.5330084351578,27.2753941942469,27.1753024762874,37.6914416024204
"AENJPLPP_01293","mutS_1","DNA mismatch repair protein MutS",2396.3577819434,2562.39686798381,2439.45573957656,780.076273955461,777.213650821818,756.804472174916
"AENJPLPP_01294","phoR_2","Alkaline phosphatase synthesis sensor protein PhoR",1006.19269801678,1049.5134003334,979.19561387463,1255.57731274183,1169.44384989623,1085.11676613284
"AENJPLPP_01295","arlR_2","Response regulator ArlR",474.182765732044,457.42942542833,468.264569162269,585.511795369833,506.366469474821,487.013100704959
"AENJPLPP_01296",NA,"hypothetical protein",201.238539603355,212.873001011019,230.398967970501,78.189463356841,78.8083771812333,66.4559628253203
"AENJPLPP_01297","bcrA_1","Bacitracin transport ATP-binding protein BcrA",774.884031806023,886.145748394709,805.329726008002,297.301796717291,269.941337931121,273.758891638633
"AENJPLPP_01299",NA,"hypothetical protein",80.9580331737636,89.1096283301942,104.532865097727,118.193374841736,135.876512381437,135.887565777147
"AENJPLPP_01300",NA,"hypothetical protein",8.09580331737636,12.8713907588058,12.7999426650278,3.63671922589958,5.43506049525747,4.95940021084479
"AENJPLPP_01301",NA,"hypothetical protein",15.035063303699,8.91096283301942,10.6666188875232,6.36425864532427,5.43506049525747,4.95940021084479
"AENJPLPP_01303",NA,"hypothetical protein",128.376309746968,101.981019089,105.59952698648,99.1005989057636,123.194704559169,110.098684680754
"AENJPLPP_01305",NA,"hypothetical protein",49.7313632353119,35.6438513320777,43.7331374388451,58.1875076143933,47.1038576255647,46.6183619819411
"AENJPLPP_01306",NA,"hypothetical protein",2951.49858084921,2963.39019546968,2931.18687029138,1318.3107193886,1217.45355093767,1216.04493169914
"AENJPLPP_01307",NA,"hypothetical protein",211.647429582839,241.586103472971,244.265572524281,100.918958518713,112.324583568654,99.1880042168959
"AENJPLPP_01309",NA,"hypothetical protein",13.8785199726452,13.8614977402524,15.9999283312848,7.27343845179917,6.34090391113372,3.96752016867584
"AENJPLPP_01311",NA,"hypothetical protein",10.4088899794839,8.91096283301942,21.3332377750464,6.36425864532427,14.4934946540199,7.93504033735167
"AENJPLPP_01314",NA,"hypothetical protein",6.93925998632259,14.851604721699,10.6666188875232,30.0029336136716,21.7402419810299,22.8132409698861
"AENJPLPP_01316",NA,"hypothetical protein",12.7219766415914,19.802139628932,15.9999283312848,16.3652365165481,21.7402419810299,17.8538407590413
"AENJPLPP_01317",NA,"hypothetical protein",41.6355599179356,21.7823535918252,37.3331661063312,39.0947316784205,35.3278932191736,40.6670817289273
"AENJPLPP_01318",NA,"hypothetical protein",15.035063303699,11.8812837773592,12.7999426650278,40.0039114848954,34.4220498032973,52.5696422349548
"AENJPLPP_01319",NA,"hypothetical protein",49.7313632353119,43.5647071836505,59.7330657701299,110.010756583462,121.383017727417,136.879445819316
"AENJPLPP_01320",NA,"hypothetical protein",400.163992544603,395.052685597194,345.598451955752,856.447377699352,919.431067114389,917.489039006287
"AENJPLPP_01321","ribZ_1","Riboflavin transporter RibZ",282.196572777119,271.289312916369,228.265644192997,608.241290531705,647.678042351515,618.93314631343
"AENJPLPP_01322",NA,"hypothetical protein",48.5748199042581,48.5152420908835,57.5997419926253,119.102554648211,140.405729460818,136.879445819316
"AENJPLPP_01323",NA,"hypothetical protein",48.5748199042581,57.4262049239029,66.1330371026439,182.745141101454,214.68488956267,200.35976851813
"AENJPLPP_01324","noxE","NADH oxidase",43.9486465800431,48.5152420908835,43.7331374388451,110.919936389937,91.4901850035008,97.204244132558
"AENJPLPP_01325",NA,"hypothetical protein",1212.05741094435,1251.49522454851,1140.26155907623,2331.13702380163,2404.10842573555,2514.41590689831
"AENJPLPP_01326",NA,"hypothetical protein",62.4533398769033,71.2877026641554,45.8664612163498,77.2802835503661,106.889523073397,85.3016836265305
"AENJPLPP_01327","rhaR_4","HTH-type transcriptional activator RhaR",115.654333105377,109.901874940573,105.59952698648,200.019557424477,201.097238324526,184.489687843426
"AENJPLPP_01328",NA,"hypothetical protein",16.1916066347527,24.7526745361651,19.1999139975418,10.0009778712239,15.3993380698962,9.91880042168959
"AENJPLPP_01329",NA,"hypothetical protein",23.1308666210753,32.6735303877379,26.666547218808,6.36425864532427,7.24674732700996,4.95940021084479
"AENJPLPP_01330",NA,"hypothetical protein",32.3832132695054,41.5844932207573,50.1331087713591,110.010756583462,114.136270400407,122.993125228951
"AENJPLPP_01331",NA,"hypothetical protein",4.62617332421506,6.93074887012621,8.53329511001856,23.6386749683473,24.4577722286586,49.594002108448
"AENJPLPP_01332",NA,"ISL3 family transposase IS1251",55.5140798905807,48.5152420908835,40.5331517725882,139.104510390659,167.581031937105,145.806366198837
"AENJPLPP_01333",NA,"hypothetical protein",356.21534596456,319.804555007252,345.598451955752,975.549932347563,906.749259292121,890.708277867725
"AENJPLPP_01334",NA,"hypothetical protein",9.25234664843012,7.92085585157282,14.9332664425325,21.8203153553975,24.4577722286586,31.7401613494067
"AENJPLPP_01335",NA,"hypothetical protein",68.2360565321722,54.4558839795631,73.5996703239101,33.6396528395711,30.7986761397923,39.6752016867584
"AENJPLPP_01336",NA,"hypothetical protein",1102.18579449424,1077.2363958139,1092.26177408238,781.89463356841,735.544853691511,752.83695200624
"AENJPLPP_01337","yjiA","P-loop guanosine triphosphatase YjiA",736.718101881249,735.649487214825,733.863379461597,486.411196464069,526.295024624098,462.216099650735
"AENJPLPP_01338","rpmGA_2","50S ribosomal protein L33 1",39.322473255828,46.5350281279903,56.533080103873,32.7304730330962,31.7045195556686,39.6752016867584
"AENJPLPP_01339",NA,"hypothetical protein",312.266699384517,292.081559526748,275.198767298099,205.474636263326,213.779046146794,213.254209066326
"AENJPLPP_01340","rpmF_2","50S ribosomal protein L32",24.2874099521291,21.7823535918252,18.1332521087894,20.9111355489226,12.6818078222674,14.8782006325344
"AENJPLPP_01341","rpsN2_1","Alternate 30S ribosomal protein S14",93.680009815355,123.763372680825,85.3329511001856,89.0996210345398,85.149281092367,89.2692037952063
"AENJPLPP_01342","ndvA","Beta-(1-->2)glucan export ATP-binding/permease protein NdvA",352.745715971398,382.181294838388,351.998423288266,285.482459233117,271.753024762874,305.499052988039
"AENJPLPP_01343","btuD_2","Vitamin B12 import ATP-binding protein BtuD",172.324956327011,203.962038178,204.799082640446,115.465835422312,98.7369323305107,147.790126283175
"AENJPLPP_01344",NA,"hypothetical protein",76.3318598495485,77.228344552835,52.2664325488637,49.0957095496444,42.5746405461835,51.5777621927859
"AENJPLPP_01345","btuD_3","Vitamin B12 import ATP-binding protein BtuD",28.9135832763441,34.6537443506311,23.466561552551,20.0019557424477,10.8701209905149,11.9025605060275
"AENJPLPP_01346","ykoD","Putative HMP/thiamine import ATP-binding protein YkoD",19.661236627914,31.6834234062913,28.7998709963127,16.3652365165481,21.7402419810299,22.8132409698861
"AENJPLPP_01347",NA,"hypothetical protein",17.3481499658065,19.802139628932,14.9332664425325,24.5478547748222,33.5162063874211,24.797001054224
"AENJPLPP_01348",NA,"hypothetical protein",231.308666210753,255.447601213223,262.398824633071,175.471702649655,220.119950057928,199.367888475961
"AENJPLPP_01349",NA,"hypothetical protein",25.4439532831828,22.7724605732719,21.3332377750464,9.09179806474896,16.3051814857724,11.9025605060275
"AENJPLPP_01350",NA,"hypothetical protein",72.8622298563872,57.4262049239029,58.6664038813776,38.1855518719456,39.8571102985548,26.7807611385619
"AENJPLPP_01351","ssaB_1","Manganese ABC transporter substrate-binding lipoprotein",887.068734918238,838.620613285272,828.796287560553,483.683657044645,493.684661652554,506.850701548338
"AENJPLPP_01352","mntD","Manganese transport system membrane protein MntD",481.122025718366,499.013918649087,515.197692267371,271.844762135994,222.837480305556,237.059330078381
"AENJPLPP_01353",NA,"hypothetical protein",111.028159781161,161.387437975796,131.199412316535,63.6425864532427,66.1265693589659,75.3828832048409
"AENJPLPP_01355","scaC_1","Manganese import ATP-binding protein ScaC",595.619815492689,597.034509812301,555.730844039959,385.492237945356,404.006163480805,398.735776951922
"AENJPLPP_01356","xerC_6","Tyrosine recombinase XerC",402.47707920671,400.993327485874,351.998423288266,199.110377618002,197.473864661021,230.116169783198
"AENJPLPP_01357","rpsI","30S ribosomal protein S9",4049.05820201923,4302.01483438549,4082.11504825513,32825.9369127761,30969.8805453929,35537.0781508295
"AENJPLPP_01358","rplM","50S ribosomal protein L13",3466.16036316814,3388.14609051027,3489.05103810884,52987.9083011634,54208.3875362821,59239.0436384989
"AENJPLPP_01359","dps","DNA protection during starvation protein",18507.0063835224,18936.7861271477,18772.1825801521,17612.6312110317,21186.7716539295,20262.1255014275
"AENJPLPP_01360","xylB_2","Xylulose kinase",987.688004719916,938.621418411379,989.862232762153,1054.64857551088,1051.68420583232,1059.32788503645
"AENJPLPP_01361","comC","Type 4 prepilin-like proteins leader peptide-processing enzyme",67.0795132011184,63.3668468125825,49.0664468826067,111.829116196412,73.3733166859759,114.06620484943
"AENJPLPP_01362","msrA_2","Peptide methionine sulfoxide reductase MsrA",2047.08169596516,1729.71689658721,1646.92595623358,172.74416323023,148.558320203704,151.757646451851
"AENJPLPP_01363","yvdM_1","Beta-phosphoglucomutase",23.1308666210753,21.7823535918252,19.1999139975418,40.0039114848954,49.8213878731935,62.4884426566444
"AENJPLPP_01364","glxK","Glycerate kinase",52.0444498974194,33.6636373691845,36.2665042175789,131.83107193886,108.701209905149,142.83072607233
"AENJPLPP_01365","ycjT","Kojibiose phosphorylase",49.7313632353119,43.5647071836505,50.1331087713591,61.8242268402929,78.8083771812333,77.3666432891788
"AENJPLPP_01366","rifL","Putative UDP-kanosamine synthase oxidoreductase subunit",12.7219766415914,10.8911767959126,12.7999426650278,14.5468769035983,19.0227117334011,15.8700806747033
"AENJPLPP_01368","tdh","L-threonine 3-dehydrogenase",4.62617332421506,5.94064188867961,4.26664755500928,11.8193374841736,16.3051814857724,4.95940021084479
"AENJPLPP_01369","ycjP","Inner membrane ABC transporter permease protein YcjP",8.09580331737636,8.91096283301942,6.39997133251392,18.1835961294979,18.1168683175249,17.8538407590413
"AENJPLPP_01370","ycjO","Inner membrane ABC transporter permease protein YcjO",16.1916066347527,15.8417117031456,10.6666188875232,25.4570345812971,29.8928327239161,33.7239214337446
"AENJPLPP_01371",NA,"hypothetical protein",8.09580331737636,11.8812837773592,17.0665902200371,14.5468769035983,17.2110249016487,13.8863205903654
"AENJPLPP_01372","ycjM","Glucosylglycerate phosphorylase",11.5654333105377,15.8417117031456,17.0665902200371,30.9121134201465,37.139580050926,29.7564012650688
"AENJPLPP_01373","purR_2","HTH-type transcriptional repressor PurR",1426.01792718929,1356.44656458184,1335.46068471791,1245.57633487061,1336.11903841746,1227.94749220517
"AENJPLPP_01374","rpoC","DNA-directed RNA polymerase subunit beta'",31735.5490041153,30624.9990431249,30686.7958775155,68130.2979780028,62307.5335176316,64893.7517589041
"AENJPLPP_01375","rpoB","DNA-directed RNA polymerase subunit beta",33908.6939231654,32243.82395779,32286.788710644,68724.9015714374,64314.8825272134,66517.4593879347
"AENJPLPP_01376",NA,"hypothetical protein",397.850905882495,443.567927688078,388.264927505845,479.13775801227,466.509359176266,480.069940409776
"AENJPLPP_01377",NA,"hypothetical protein",151.507176368043,184.159898549068,154.665973869086,206.383816069801,206.532298819784,195.400368307285
"AENJPLPP_01378","yxdL_1","ABC transporter ATP-binding protein YxdL",388.598559234065,399.013113522981,377.598308618321,340.942427428086,364.14905318225,297.564012650688
"AENJPLPP_01379","birA","Bifunctional ligase/repressor BirA",2645.01459811996,2636.6548915923,2506.65543856795,1839.27074849871,2016.40744374052,1919.28788159694
"AENJPLPP_01380",NA,"hypothetical protein",2988.50796744293,2655.46692423979,2647.45480788326,1656.52560739726,1597.00194218982,1422.35598047029
"AENJPLPP_01381",NA,"hypothetical protein",2889.04524097231,2789.13136673508,2714.65450687466,10657.4056914987,10738.7736952129,10287.7797973764
"AENJPLPP_01382","hepT","Heptaprenyl diphosphate synthase component 2",1262.94531751071,1265.35672228876,1293.86087105656,1805.63109565914,1966.58605586733,2062.11860766927
"AENJPLPP_01383",NA,"hypothetical protein",423.294859165678,409.904290318893,407.464841503386,807.351668149708,703.840334135842,794.495913777336
"AENJPLPP_01384",NA,"hypothetical protein",392.068189227227,403.963648430214,402.131532059625,776.439554729561,830.658412358517,791.520273650829
"AENJPLPP_01385","norW","Nitric oxide reductase FlRd-NAD(+) reductase",3048.64822065773,3091.11399607629,3850.64941839588,6514.27331339263,6128.93655181867,6141.72122111019
"AENJPLPP_01386",NA,"hypothetical protein",7352.14595550879,7258.47428098504,8514.09519602102,7755.30374923086,6840.02363328153,7096.9017017189
"AENJPLPP_01387","apbE","FAD:protein FMN transferase",1221.30975759278,1169.31634508844,1260.79435250524,1479.23554513466,1476.52476787828,1413.42906009077
"AENJPLPP_01388","menA","1,4-dihydroxy-2-naphthoate octaprenyltransferase",74.018773187441,58.4163119053495,86.399612988938,246.387727554697,253.636156445349,268.799491427788
"AENJPLPP_01389","gor","Glutathione reductase",4253.76637161575,4004.98273995151,4153.58139480154,7446.1826150294,7228.63045869244,7336.93667192379
"AENJPLPP_01390",NA,"hypothetical protein",2515.48174504194,2258.4340246797,2623.98824633071,6006.95098137964,5810.07966943024,5721.16408323056
"AENJPLPP_01391","rlhA","23S rRNA 5-hydroxycytidine synthase",1124.16011778426,1041.59254448183,1130.66160207746,4183.136289591,4997.53812538924,4661.83619819411
"AENJPLPP_01392","clpC","Negative regulator of genetic competence ClpC/MecB",17858.1855748012,18009.0558855322,18423.3841425301,9109.07248107198,9725.13491284737,9449.64116174367
"AENJPLPP_01393","ctsR","Transcriptional regulator CtsR",1225.93593091699,1109.90992620164,1160.52813496252,649.154381823076,703.840334135842,840.122395717108
"AENJPLPP_01403","srrA_2","Transcriptional regulatory protein SrrA",2198.58887233321,2009.9171723366,2136.5237631709,2549.34017735561,2179.45925859825,2122.62329024157
"AENJPLPP_01404","rcsC","Sensor histidine kinase RcsC",2116.47429582839,2003.97653044792,1950.92459452799,1466.50702784401,1304.41451886179,1404.50213971125
"AENJPLPP_01405","serS","Serine--tRNA ligase",2754.88621457007,2794.08190164231,2571.72181378184,5123.22820948604,4699.51564156596,4836.40708561584
"AENJPLPP_01406","guaB","Inosine-5'-monophosphate dehydrogenase",33929.5117031243,33287.3967162348,32980.118938333,15266.03813052,14042.3846329136,14227.5273248715
"AENJPLPP_01407",NA,"hypothetical protein",3769.17471590422,3707.95064551753,3711.98337285808,6295.16098003218,6432.39409613722,6593.02664029707
"AENJPLPP_01408","ychF","Ribosome-binding ATPase YchF",6300.84806758091,6362.42746277587,6569.57057282554,10622.8568588527,9962.46588780694,9739.27013405701
"AENJPLPP_01409",NA,"hypothetical protein",648.820808721162,585.153226034942,578.130743703758,969.185673702239,779.025337653571,890.708277867725
"AENJPLPP_01410","spo0J","Stage 0 sporulation protein J",2272.60764552065,2245.56263392089,2270.92316115369,4466.80038921116,3750.19174172765,4042.90305188068
"AENJPLPP_01411","soj_1","Sporulation initiation inhibitor protein Soj",1371.66039062977,1374.26849024788,1303.46082805534,3477.61275976648,3564.49384147302,3432.89682594677
"AENJPLPP_01412","rsmG","Ribosomal RNA small subunit methyltransferase G",764.475141826539,709.906705697214,678.396961246476,1979.28443869585,2062.60545795021,2125.59893036808
"AENJPLPP_01413","mnmG","tRNA uridine 5-carboxymethylaminomethyl modification enzyme MnmG",3312.34010013798,3245.57068518196,3298.11856002217,8443.55286273236,8628.15853622123,8644.23456750248
"AENJPLPP_01414","mnmE_1","tRNA modification GTPase MnmE",361.998062619829,341.586908599078,329.598523624467,1082.8331495116,1119.62246202304,1109.91376718707
"AENJPLPP_01415","mnmE_2","tRNA modification GTPase MnmE",962.244051436733,911.888529912321,873.59608688815,3006.65762001248,2445.77722286586,2479.7001054224
"AENJPLPP_01416",NA,"hypothetical protein",21.9743232900215,31.6834234062913,22.3998996637987,120.011734454686,151.275850451333,119.025605060275
"AENJPLPP_01417",NA,"hypothetical protein",4538.27603105498,4416.86724423329,4181.3146039091,5713.28590388825,5546.47923541025,5668.5944409956
"AENJPLPP_01418","misCA","Membrane protein insertase MisCA",2234.44171559587,2259.42413166115,2060.79076906948,6069.6843880264,6276.5890286065,6246.8605055801
"AENJPLPP_01419","rnpA","Ribonuclease P protein component",523.914128967356,491.093062797515,467.197907273516,1924.73365030735,1538.12212015786,1627.67514919926
"AENJPLPP_01420","rpmH","50S ribosomal protein L34",237.091382866022,307.923271229893,269.865457854337,1008.28040538066,1183.03150113438,1458.06366198837
"AENJPLPP_01421","dnaA","Chromosomal replication initiator protein DnaA",7805.51094128186,7845.60772098288,7905.03125754345,9999.1595116109,9826.58937542551,9662.89537081
"AENJPLPP_01422","dnaN","Beta sliding clamp",4393.70811467326,4570.33382635752,4340.24722533319,4857.74770599537,5158.77825341522,5102.23093691713
"AENJPLPP_01423",NA,"hypothetical protein",808.423788406582,913.868743875214,874.662748776903,1069.19545241448,1077.04782147686,1188.27229051841
"AENJPLPP_01424","recF","DNA replication and repair protein RecF",4387.92539801799,4208.94477812951,4057.58182481383,6767.02529959265,6229.48517098094,6532.52195772476
"AENJPLPP_01425","gyrB","DNA gyrase subunit B",10561.553699183,10187.2107321041,9731.15641108742,17336.2405498633,16042.4868951683,16098.2130844022
"AENJPLPP_01426","gyrA","DNA gyrase subunit A",23910.3768262055,23059.5915978914,23026.0301924963,39052.9094073227,36827.9699158646,34436.0913040219
"AENJPLPP_01427","rpsF","30S ribosomal protein S6",3714.81717934469,3850.52605084584,3898.64920338973,12766.7028425205,11497.8704777172,12724.8290609856
"AENJPLPP_01428","ssb_1","Single-stranded DNA-binding protein",17020.8482031183,14589.2263716157,15775.9293346468,34932.5065243784,30806.8287305352,30774.0701883341
"AENJPLPP_01429","rpsR","30S ribosomal protein S18",3595.69321624616,3952.50706993484,4091.7150052539,9666.39970244109,11567.6204207396,12987.6772721603
"AENJPLPP_01431","gdpP","Cyclic-di-AMP phosphodiesterase GdpP",4774.21087058994,4432.70895593644,4863.97821271058,4825.92641276875,4590.81443166081,4403.94738723018
"AENJPLPP_01432","rplI","50S ribosomal protein L9",2237.91134558904,2172.29471729385,2091.7239638433,2653.89585510022,2559.91349326627,2488.62702580192
"AENJPLPP_01433","dnaC","Replicative DNA helicase",2191.64961234689,2249.52306184668,2117.32384917336,4023.12064365141,3925.92536440765,3861.38900416376
"AENJPLPP_01434","purA","Adenylosuccinate synthetase",35257.223447174,35244.8382185547,34234.5133195057,11072.9008630578,10717.9392966477,10420.6917230271
"AENJPLPP_01435",NA,"DegV domain-containing protein",2954.96821084237,2800.02254353099,2767.98760131227,6032.40801596093,5004.78487271625,4801.69128413993
"AENJPLPP_01436","ybiT_3","putative ABC transporter ATP-binding protein YbiT",2584.87434490517,2506.9508770228,2561.05519489432,10364.6497938138,10441.6570548055,10533.7660478343
"AENJPLPP_01437",NA,"hypothetical protein",3094.90995389988,3139.62923816718,3303.45186946594,1731.98753133468,2116.05021948691,1926.23104189212
"AENJPLPP_01438","pox5","Pyruvate oxidase",3389.82850331859,3145.56988005585,3409.05139645242,1159.20425325549,1274.52168613788,1274.56585418711
"AENJPLPP_01439","zupT","Zinc transporter ZupT",858.155151641894,947.532381244398,893.862662774445,1073.74135144685,1018.1679994449,1094.04368651236
"AENJPLPP_01440",NA,"hypothetical protein",377.033125923528,501.984239593427,471.464554828526,516.414130077741,673.947501411926,666.54338833754
"AENJPLPP_01441",NA,"Potassium channel",161.916066347527,157.42701005001,174.932549755381,639.153403951852,663.983223837288,661.583988126696
"AENJPLPP_01442",NA,"hypothetical protein",1.15654333105377,1.9802139628932,6.39997133251392,11.8193374841736,12.6818078222674,7.93504033735167
"AENJPLPP_01443",NA,"hypothetical protein",94.8365531464088,138.614977402524,131.199412316535,264.571323684195,298.928327239161,292.604612439843
"AENJPLPP_01444",NA,"hypothetical protein",483.435112380474,443.567927688078,490.664468826067,1174.66030996557,1271.80415589025,1190.25605060275
"AENJPLPP_01445",NA,"hypothetical protein",482.27856904942,489.112848834621,412.798150947148,1120.10952157707,1275.42752955375,1263.65517372325
"AENJPLPP_01446",NA,"hypothetical protein",55.5140798905807,47.5251351094369,42.6664755500928,50.9140691625942,49.8213878731935,48.602122066279
"AENJPLPP_01447",NA,"hypothetical protein",76.3318598495485,63.3668468125825,79.999641656424,100.918958518713,115.042113816283,91.2529638795442
"AENJPLPP_01449",NA,"hypothetical protein",108.715073119054,80.1986654971748,114.132822096498,140.013690197134,123.194704559169,110.098684680754
"AENJPLPP_01450","yvdM_2","Beta-phosphoglucomutase",663.855872024861,656.440928699097,683.730270690237,486.411196464069,552.564483684509,476.1024202411
"AENJPLPP_01451","lacR_2","Lactose phosphotransferase system repressor",463.77387575256,464.360174298456,444.798007609718,476.410218592845,519.954120712965,493.956261000142
"AENJPLPP_01452","lacG_2","6-phospho-beta-galactosidase",32.3832132695054,16.8318186845922,25.5998853300557,38.1855518719456,53.4447615366985,40.6670817289273
"AENJPLPP_01453","lacF_3","PTS system lactose-specific EIIA component",11.5654333105377,18.8120326474854,8.53329511001856,16.3652365165481,28.9869893080398,20.8294808855481
"AENJPLPP_01454","lacE_2","PTS system lactose-specific EIICB component",26.6004966142366,30.6933164248447,34.1331804400743,50.0048893561193,36.2337366350498,35.7076815180825
"AENJPLPP_01455",NA,"hypothetical protein",77.4884031806023,96.0403772003204,104.532865097727,134.558611358285,101.454462578139,148.782006325344
"AENJPLPP_01456","guaA_1","GMP synthase [glutamine-hydrolyzing]",26510.2862344144,25759.6133362962,25580.6854160581,48496.5600571774,50903.8707551656,50069.1126486469
"AENJPLPP_01457","coaA","Pantothenate kinase",3375.94998334594,3465.37443506311,3470.91778600005,4669.54748605506,4329.93152788845,4669.77123853146
"AENJPLPP_01458","rsmC","Ribosomal RNA small subunit methyltransferase C",1210.90086761329,1176.24709395856,1080.5284933061,1668.34494488143,1587.94350803106,1479.88502291609
"AENJPLPP_01459","degA_1","HTH-type transcriptional regulator DegA",751.753165184948,688.124352105389,740.26335079411,895.542109377772,942.982995927171,1001.79884259065
"AENJPLPP_01460","pdp","Pyrimidine-nucleoside phosphorylase",2521.26446169721,2473.28723965361,2218.65672860483,10281.9144314246,9070.21012316884,9308.79419575568
"AENJPLPP_01461","deoC","Deoxyribose-phosphate aldolase",3842.03694576061,3789.13941799615,3453.85119578001,8399.00305221509,7417.95173261057,7638.46820474315
"AENJPLPP_01462","cdd","Cytidine deaminase",1559.02041026048,1419.81341139443,1475.19339214446,3931.29348319745,2738.36464619389,2925.05424435626
"AENJPLPP_01463","tmpC","Membrane lipoprotein TmpC",63454.9064015959,62959.912843208,61777.8566108681,35433.4645977461,31102.1336841109,30753.2407074486
"AENJPLPP_01464","mglA","Galactose/methyl galactoside import ATP-binding protein MglA",19816.2134342752,20090.260760533,18508.7170936303,19014.586472616,16315.145763347,16356.1018953661
"AENJPLPP_01465",NA,"hypothetical protein",9571.55260780096,10008.0013684623,9622.35689843468,10245.5472391656,8854.6193901903,8966.59558120739
"AENJPLPP_01466",NA,"hypothetical protein",6849.0496065004,7001.04646580892,6630.37030048442,7417.0888612222,6613.56277931246,6753.71120712844
"AENJPLPP_01467","deoB","Phosphopentomutase",6879.1197331078,7314.9103789275,6926.90230555757,9019.97286003744,8854.6193901903,9401.03903967739
"AENJPLPP_01468","punA","Purine nucleoside phosphorylase 1",6951.98196296418,7087.18577319478,6473.57100283783,7314.35154309054,7177.90322740337,7497.62123875516
"AENJPLPP_01469","deoD","Purine nucleoside phosphorylase DeoD-type",9402.69728146711,8928.78475868546,8685.82776011015,6551.5496854581,5989.43666577373,6122.87550030898
"AENJPLPP_01470","gpmA_3","2,3-bisphosphoglycerate-dependent phosphoglycerate mutase",20225.6297734683,22811.0747455483,22009.5014125154,59498.5448953301,73667.7157961356,67902.1239268026
"AENJPLPP_01471","hin","DNA-invertase hin",3646.58112281252,3781.21856214457,3679.98351619551,5906.9412026674,6479.49795376278,6372.82927093556
"AENJPLPP_01472","rpiA","Ribose-5-phosphate isomerase A",1696.64906665587,1927.73829287653,1902.92480953414,3061.20840840097,3212.12075269716,2921.08672418758
"AENJPLPP_01473","rpsL","30S ribosomal protein S12",11841.8471666595,11483.2607708177,11927.4132400284,57161.9527926896,57733.9301108725,59549.5020916978
"AENJPLPP_01474","rpsG","30S ribosomal protein S7",13995.3308490816,13659.5159160373,14236.7362291772,58012.9450915502,53902.212461716,57059.8831858537
"AENJPLPP_01475","fus","Elongation factor G",44860.0027249135,42205.2902981243,43548.604932091,137808.929166432,130755.779551488,139177.631877022
"AENJPLPP_01476","tuf_2","Elongation factor Tu",117487.454285097,121539.592400496,124903.973849119,336287.426818934,341766.568219364,345226.824317033
"AENJPLPP_01477","rpsJ","30S ribosomal protein S10",1700.11869664904,1814.86609699162,1924.25804730919,10879.2455642786,10285.8519872748,11451.2550868406
"AENJPLPP_01478","rplC","50S ribosomal protein L3",12917.4324645395,12141.6819134797,12031.9461051262,62937.9721032247,49903.8196240382,48373.9896565801
"AENJPLPP_01479","rplD","50S ribosomal protein L4",6643.18489357283,6664.41009211708,6627.17031481817,27065.3736589512,30068.5663465961,31738.1775893223
"AENJPLPP_01480","rplW","50S ribosomal protein L23",4192.4695750699,3772.30759931155,3764.24980540694,14767.8075965717,15279.7667390005,15399.9295347153
"AENJPLPP_01481","rplB","50S ribosomal protein L2",11357.255510948,11779.3027582702,11523.1483841913,49317.5494224243,54907.6986533386,55248.7102288532
"AENJPLPP_01482","rpsS","30S ribosomal protein S19",4500.1101011302,4526.76911917386,4185.58125146411,26908.9947322375,27424.4094156533,26297.7155580256
"AENJPLPP_01483","rplV","50S ribosomal protein L22",4886.39557370216,5045.58517745188,4913.04465959319,28804.6346287376,25597.3232458309,26246.1377958328
"AENJPLPP_01484","rpsC","30S ribosomal protein S3",16536.2565474067,15862.503949756,15286.3315277095,89021.4315711829,72624.1841810462,77982.6007953657
"AENJPLPP_01485","rplP","50S ribosomal protein L16",6938.10344299154,7062.43309865861,7305.56727606464,41122.2026468595,34690.1794543967,34268.4635768954
"AENJPLPP_01486","rpmC","50S ribosomal protein L29",2274.92073218276,2147.54204275768,2026.65758862941,10218.2718449714,13369.3429749175,14335.642249468
"AENJPLPP_01487","rpsQ","30S ribosomal protein S17",9312.48690164492,9392.15482600247,9394.09125424169,54121.6555198376,59377.130067272,52358.3717859728
"AENJPLPP_01488","rplN","50S ribosomal protein L14",5144.30473652715,5176.27929900284,5057.04401457475,31191.2316207343,29691.7354855916,31629.0707846838
"AENJPLPP_01489","rplX","50S ribosomal protein L24",11830.281733349,10748.6013905843,10504.4862804329,66983.8222420379,63353.7826629687,61261.4870444814
"AENJPLPP_01490","rplE","50S ribosomal protein L5",5764.21196197197,6013.90980530666,5901.84023046659,36779.050711329,34017.1377964006,36757.0906026973
"AENJPLPP_01491","rpsZ","30S ribosomal protein S14 type Z",3099.53612722409,3508.93914224676,3309.85184079845,23734.1388480272,22195.8812192156,20871.1398473192
"AENJPLPP_01492","rpsH","30S ribosomal protein S8",4813.53334384577,5572.32209158148,5310.9095440978,31375.7951214487,34102.287077493,37289.730185342
"AENJPLPP_01493","rplF","50S ribosomal protein L6",8615.0912730195,8403.03795153731,8772.22737309908,44057.0350621605,43105.464787887,42534.7918483315
"AENJPLPP_01494","rplR","50S ribosomal protein L18",6764.62194333347,6730.747259874,6945.03555766636,44246.1444619073,41130.7261412768,40327.8587545055
"AENJPLPP_01495","rpsE","30S ribosomal protein S5",10695.7127255852,9676.31552967764,10439.419905219,58993.9501027366,57518.3393778939,55455.0212776243
"AENJPLPP_01496","rpmD","50S ribosomal protein L30",1980.00218276405,2084.1751959451,1981.85778930181,12316.6588383154,12518.7560074097,12149.5386365276
"AENJPLPP_01497","rplO","50S ribosomal protein L15",6877.96318977674,6973.32347032842,6361.57150451884,49535.7525759782,40969.4860132508,46638.1995827845
"AENJPLPP_01498","secY","Protein translocase subunit SecY",22859.0789382777,22031.8605511498,21856.9687624238,154206.896156014,144273.68084661,141257.60432545
"AENJPLPP_01499","adk","Adenylate kinase",5911.0929650158,5869.35418601546,6229.30543031355,47178.2493377888,45829.3359394269,45694.9216626818
"AENJPLPP_01500","infA","Translation initiation factor IF-1",3179.3376170668,2875.27067412093,2957.85341751018,20750.2107231765,15757.1462191673,17436.2592612881
"AENJPLPP_01501","rpmJ","50S ribosomal protein L36",3704.40828936521,3300.02656916153,3091.18615360422,19492.8150508218,17003.586759413,19069.8856907404
"AENJPLPP_01502","rpsM","30S ribosomal protein S13",5310.84697619889,5435.68732814185,5384.50921442171,26200.7436629935,27924.434981217,27489.9553687127
"AENJPLPP_01503","rpsK","30S ribosomal protein S11",3592.223586253,4054.48808902384,3799.44964773577,22397.6445325091,21813.6152977159,22612.8812013679
"AENJPLPP_01504","rpoA","DNA-directed RNA polymerase subunit alpha",14649.934374458,14504.0771712113,14095.9368598619,81067.0174443341,65110.2130463527,74036.9019876176
"AENJPLPP_01505","rplQ","50S ribosomal protein L17",20286.9265700141,18466.4853109606,19661.7785953715,96590.3534600865,95160.6625246313,90649.9008139055
"AENJPLPP_01506","ecfA1","Energy-coupling factor transporter ATP-binding protein EcfA1",3145.79786046624,2971.31105132125,3096.51946304799,2742.99547613476,2463.89409118339,2412.25226255491
"AENJPLPP_01507","ecfA2","Energy-coupling factor transporter ATP-binding protein EcfA2",3902.1771989754,3620.82123115022,3573.31732732027,3291.23089943912,3030.04622610604,2987.5426870129
"AENJPLPP_01508","ecfT","Energy-coupling factor transporter transmembrane protein EcfT",1909.45303956977,1943.58000457968,1893.32485253537,1411.04705964904,1383.22289604303,1372.76197836184
"AENJPLPP_01509","truA","tRNA pseudouridine synthase A",646.507722059055,602.975151700981,599.463981478804,1199.20816474039,1154.04451182634,1043.45780436174
"AENJPLPP_01510",NA,"hypothetical protein",770.257858481808,829.709650452253,814.929683006773,1286.48942616198,1152.23282499458,1145.62144870515
"AENJPLPP_01511","lrpC","HTH-type transcriptional regulator LrpC",165.385696340688,196.041182326427,190.932478086665,227.294951618724,192.038804165764,234.083689951874
"AENJPLPP_01512",NA,"IS256 family transposase IS256",150.35063303699,155.446796087117,155.732635757839,143.650409423034,153.087537283085,129.936285524134
"AENJPLPP_01513",NA,"IS256 family transposase ISEf1",37.0093865937205,48.5152420908835,45.8664612163498,26.366214387772,29.8928327239161,29.7564012650688
"AENJPLPP_01514",NA,"hypothetical protein",577.115122195829,568.32140735035,509.864382823609,59.0966874208682,72.4674732700996,75.3828832048409
"AENJPLPP_01515",NA,"hypothetical protein",1475.7492904246,1548.52731898249,1508.25991069578,50.0048893561193,48.009701041441,43.6427218554342
"AENJPLPP_01516",NA,"hypothetical protein",21.9743232900215,25.7427815176117,19.1999139975418,81.8261825827406,85.149281092367,71.415363036165
"AENJPLPP_01517",NA,"IS982 family transposase ISEfm1",20.8177799589678,20.7922466103786,15.9999283312848,50.0048893561193,30.7986761397923,39.6752016867584
"AENJPLPP_01518",NA,"hypothetical protein",5212.54079305932,5032.71378669308,4946.11117814451,3840.37550254996,3873.38644628682,3725.50143838661
"AENJPLPP_01519","rpmB","50S ribosomal protein L28",4766.11506727257,4370.3322161053,4478.91327087099,6016.95195925086,6863.57556209431,7408.35203495995
"AENJPLPP_01520",NA,"putative protein",2366.287655336,2489.12895135676,2437.32241579905,2349.32061993113,2295.4072158304,2442.00866381998
"AENJPLPP_01521",NA,"putative protein",38208.7220280233,38125.0594275829,37537.9651889717,37633.6797294154,38518.2737298897,36610.2923564563
"AENJPLPP_01522","recG","ATP-dependent DNA helicase RecG",6330.91819418831,6589.16196152714,6046.9062473369,6750.6600630761,6403.40710682918,6328.19466903796
"AENJPLPP_01523","plsX","Phosphate acyltransferase",7652.84722158277,7195.10743417246,7181.83449696937,10734.6859750491,10249.6182506397,9774.97781557509
"AENJPLPP_01524","acpP","Acyl carrier protein",3672.02507609571,3553.49395641185,3367.45158279108,8855.41131506548,7917.97729817426,9603.38256827986
"AENJPLPP_01525",NA,"IS110 family transposase ISBth13",78.6449465116561,102.971126070447,66.1330371026439,24.5478547748222,23.5519288127824,40.6670817289273
"AENJPLPP_01526","oppD_1","Oligopeptide transport ATP-binding protein OppD",7059.54049275218,6525.79511471455,6774.36965546599,2564.79623406568,2106.08594191227,2219.82753437413
"AENJPLPP_01527","oppF_1","Oligopeptide transport ATP-binding protein OppF",7230.70890574814,6869.36223727653,7180.76783508062,3520.3442106708,3115.19550719841,3207.74005637441
"AENJPLPP_01528","gsiC","Glutathione transport system permease protein GsiC",3446.49912654022,3690.12871985149,3667.18357353048,1706.53049675338,1599.71947243745,1709.00931265712
"AENJPLPP_01529",NA,"hypothetical protein",3210.56428700525,3180.22362440649,3633.0503930904,1835.63402927281,1745.56026239352,1748.68451434387
"AENJPLPP_01530",NA,"hypothetical protein",51029.0048527542,52716.2660131614,53912.2918432085,12068.4527511478,11660.9222925749,11987.862189654
"AENJPLPP_01531","rnc","Ribonuclease 3",1989.25452941248,1938.62946967245,1917.85807597667,2735.72203768296,2890.5463400611,2767.3453176514
"AENJPLPP_01532","smc_2","Chromosome partition protein Smc",16978.0560998693,16210.0315002438,15696.9963548791,14892.3652300588,14715.4262909096,14776.036988191
"AENJPLPP_01533","yidA_2","Sugar phosphatase YidA",1560.17695359153,1697.04336619948,1657.59257512111,2311.13506805918,2093.40413409,2015.50024568732
"AENJPLPP_01534","ftsY","Signal recognition particle receptor FtsY",3528.61370304504,3645.57390568639,3595.71722698407,4504.07676127663,3995.67530743012,4203.58761871205
"AENJPLPP_01535","gshAB","Glutathione biosynthesis bifunctional protein GshAB",6240.70781436612,6072.32611721201,5850.64045980648,6806.12003127107,6451.41680787062,6341.08910958616
"AENJPLPP_01536","yueI","putative protein YueI",1940.67970950822,2222.79017334762,2106.65723028583,535.506906013714,569.775508586158,634.803226988134
"AENJPLPP_01537","yclN","Petrobactin import system permease protein YclN",4844.76001378422,4981.22822365786,5151.97692267371,81.8261825827406,76.9966903494808,84.3098035843615
"AENJPLPP_01538","yclO","Petrobactin import system permease protein YclO",9790.13929737012,8809.97192091187,10143.9545620346,189.109399746778,172.110249016487,142.83072607233
"AENJPLPP_01539","yclP","Petrobactin import ATP-binding protein YclP",6084.57446467386,5608.956049895,6383.97140418264,130.01271232591,149.46416361958,108.114924596417
"AENJPLPP_01540","yclQ","Petrobactin-binding protein YclQ",18851.6562961764,18515.9906600329,21630.8364420083,339.124067815136,320.668569220191,289.628972313336
"AENJPLPP_01541",NA,"hypothetical protein",10.4088899794839,12.8713907588058,14.9332664425325,28.1845740007218,40.762953714431,33.7239214337446
"AENJPLPP_01542",NA,"IS30 family transposase IS1252",57.8271665526883,53.4657769981165,66.1330371026439,83.6445421956904,80.6200640129858,82.3260435000236
"AENJPLPP_01543",NA,"hypothetical protein",23.1308666210753,23.7625675547185,26.666547218808,81.8261825827406,99.642775746387,96.212364090389
"AENJPLPP_01544",NA,"IS256 family transposase IS256",5.78271665526883,5.94064188867961,4.26664755500928,12.7285172906485,14.4934946540199,12.8944405481965
"AENJPLPP_01545",NA,"hypothetical protein",5101.51263327816,4932.71298156697,4652.77915873762,2280.22295463904,2667.70885975554,2531.27786761518
"AENJPLPP_01546",NA,"hypothetical protein",3859.38509572642,3748.54503175684,3774.91642429446,1546.5148508138,1422.1741629257,1501.7063838438
"AENJPLPP_01547",NA,"IS982 family transposase ISEfm1",5.78271665526883,3.96042792578641,8.53329511001856,13.6376970971234,9.96427757463869,17.8538407590413
"AENJPLPP_01548",NA,"hypothetical protein",18.5046932968602,14.851604721699,23.466561552551,56.3691480014435,58.8798220319559,53.5615222771238
"AENJPLPP_01549",NA,"hypothetical protein",53.2009932284732,59.4064188867961,59.7330657701299,131.83107193886,149.46416361958,138.863205903654
"AENJPLPP_01551","gla","Glycerol facilitator-aquaporin gla",3155.05020711467,3397.05705334329,3448.51788633625,16417.0597655172,15560.5781979221,16400.7364972637
"AENJPLPP_01552","cidA","Holin-like protein CidA",212.803972913893,206.93235912234,250.665543856795,364.581102396433,327.009473131324,307.482813072377
"AENJPLPP_01553","yohK","Inner membrane protein YohK",225.525949555484,281.190382730835,301.865314516907,521.86920891659,567.057978338529,549.501543361603
"AENJPLPP_01554",NA,"hypothetical protein",1314.98976740813,1204.96019642051,1246.92774795146,1663.79904584906,1673.09278912342,1676.27727126554
"AENJPLPP_01555",NA,"hypothetical protein",111.028159781161,101.981019089,102.399541320223,107.283217164038,128.629765054427,122.993125228951
"AENJPLPP_01556",NA,"3-beta-hydroxycholanate 3-dehydrogenase (NAD(+)) 2",1459.55768378985,1449.51662083783,1470.92674458945,2112.02469044118,1889.58936551785,1947.06052277767
"AENJPLPP_01557","queT_2","Queuosine precursor transporter QueT",2865.91437435123,2735.66558973696,2856.52053807871,936.455200669143,966.534924739953,1044.44968440391
"AENJPLPP_01558","bioY2","Biotin transporter BioY2",29044.2726727532,32071.5453430183,30575.8630410853,512.777410851841,527.200868039975,466.183619819411
"AENJPLPP_01559","rpsD","30S ribosomal protein S4",10100.0929100925,9908.99067031759,10156.7545046996,43713.365095313,49427.3459872873,52423.835868756
"AENJPLPP_01560","nirC","Nitrite transporter NirC",291.448919425549,312.873806137126,292.265357518136,1060.10365434973,1168.53800648036,1160.49964933768
"AENJPLPP_01561",NA,"hypothetical protein",643.038092065894,564.360979424563,570.664110482491,1739.26096978648,1505.51175718632,1555.26790612093
"AENJPLPP_01562",NA,"Putative bifunctional phosphatase/peptidyl-prolyl cis-trans isomerase",1294.17198744916,1218.82169416077,1294.92753294532,2007.46901269657,2023.65419106753,2020.45964589817
"AENJPLPP_01563","ymdB","2',3'-cyclic-nucleotide 2'-phosphodiesterase",566.706232216345,534.657769981165,552.530858373702,1347.4044731958,1205.67758653128,1297.379095157
"AENJPLPP_01564",NA,"hypothetical protein",327.301762688216,315.844127081466,311.465271515678,580.056716530984,564.340448090901,573.306664373658
"AENJPLPP_01565","mutS_2","DNA mismatch repair protein MutS",4111.51154189614,4205.97445718517,4086.38169581014,7731.66507426251,7821.95789609138,7355.782392725
"AENJPLPP_01566","mutL","DNA mismatch repair protein MutL",4143.89475516564,4007.95306089585,4082.11504825513,6217.88069648181,5645.21616774076,5440.46203129674
"AENJPLPP_01567","maf","dTTP/UTP pyrophosphatase",1364.72113064344,1326.74335513845,1420.79363581809,2539.33919948438,2398.6733652403,2119.64765011507
"AENJPLPP_01568",NA,"hypothetical protein",459.147702428345,389.112043708515,436.264712499699,2405.68976793257,2853.40676001017,2769.32907773573
"AENJPLPP_01569","treR","HTH-type transcriptional regulator TreR",662.699328693808,717.827561548787,653.863737805172,1193.75308590154,1150.42113816283,1191.24793064492
"AENJPLPP_01570","msrB","Peptide methionine sulfoxide reductase MsrB",3104.16230054831,3045.56907492975,2985.58662661774,1216.48258106341,1268.18078222674,1201.16673106661
"AENJPLPP_01571","ruvA","Holliday junction ATP-dependent DNA helicase RuvA",2103.7523191868,2125.75968916585,2082.12400684453,2716.62926174699,3031.85791293779,3099.625131778
"AENJPLPP_01572","ruvB","Holliday junction ATP-dependent DNA helicase RuvB",4276.89723823682,3936.66535823169,3947.71565027234,5542.36010027096,5052.79457375769,4998.08353248938
"AENJPLPP_01573",NA,"hypothetical protein",1651.54387674478,1376.24870421078,1438.92688792688,1956.55494353398,1792.66412001909,1817.12423725353
"AENJPLPP_01574","yfkJ","Low molecular weight protein-tyrosine-phosphatase YfkJ",4517.45825109601,4018.84423769176,4263.44756934302,4623.17931592485,4492.98334274618,4616.20971625434
"AENJPLPP_01575",NA,"hypothetical protein",14253.2400119066,13312.978472531,15203.1319003868,5156.86786232561,5376.18067322551,4364.27218554342
"AENJPLPP_01576",NA,"IS30 family transposase IS1252",83.2711198358711,122.773265699379,78.9329797676717,28.1845740007218,54.3506049525747,60.5046825723065
"AENJPLPP_01577","brnQ_1","Branched-chain amino acid transport system 2 carrier protein",13966.4172658053,14026.845606154,13948.7375192141,2280.22295463904,2439.43631895473,2475.73258525372
"AENJPLPP_01578",NA,"Potassium channel",1863.19130632762,1977.24364194886,1787.72532554889,766.438576858337,880.47980023171,902.610838373753
"AENJPLPP_01579","cycA","D-serine/D-alanine/glycine transporter",1858.5651330034,2307.93937375203,2022.3909410744,1092.83412738282,1127.77505276593,1301.34661532567
"AENJPLPP_01580","artM_2","Arginine transport ATP-binding protein ArtM",6487.05154388057,5842.6212975164,5860.24041680525,4382.246667209,4325.40231080907,4454.53326938079
"AENJPLPP_01581","mltF_2","Membrane-bound lytic murein transglycosylase F",9445.4893847161,8877.29919565024,9214.8920569313,7155.24507695743,6916.11448021513,7029.45385885141
"AENJPLPP_01582",NA,"hypothetical protein",2802.30449114327,2856.45864147345,2803.1874436411,1692.89279965626,1610.58959342796,1719.91999312097
"AENJPLPP_01583",NA,"hypothetical protein",803.797615082367,694.064993994068,757.329941014147,820.080185440356,804.388953298106,924.43219930147
"AENJPLPP_01584","cobB","NAD-dependent protein deacetylase",639.568462072732,574.262049239029,629.330514363869,970.094853508714,977.405045730468,928.399719470146
"AENJPLPP_01585","dapH_1","2,3,4,5-tetrahydropyridine-2,6-dicarboxylate N-acetyltransferase",1981.1587260951,1829.71770171332,1783.45867799388,1747.44358804475,1647.72917347889,1635.61018953661
"AENJPLPP_01586","nadR","Transcription repressor NadR",2428.74099521291,2266.35488053127,2381.85599758393,1595.61056036344,1578.8850738723,1666.35847084385
"AENJPLPP_01587","def_2","Peptide deformylase",466.086962414667,518.81605827802,519.46433982238,1466.50702784401,1484.67735862117,1614.78070865107
"AENJPLPP_01588","rpsO","30S ribosomal protein S15",10790.5492787316,11625.836176146,12292.2116059817,27399.9518277339,25865.4528969303,20262.1255014275
"AENJPLPP_01589","pnp_2","Polyribonucleotide nucleotidyltransferase",26585.4615509329,24906.1411182893,25015.3546150194,20640.1999665931,20344.3372771646,20497.2010714215
"AENJPLPP_01590",NA,"hypothetical protein",89.0538364911399,89.1096283301942,111.999498318994,92.7363402604394,96.9252454987582,94.2286040060511
"AENJPLPP_01591","kup","Low affinity potassium transport system protein kup",7954.7050309878,8005.01494499578,7965.83098520233,7205.24996631355,7057.42605309183,6940.18465505621
"AENJPLPP_01592",NA,"hypothetical protein",1052.45443125893,985.156446539369,974.928966319621,980.095831379938,960.19402082882,953.19672052437
"AENJPLPP_01593","dinF","DNA damage-inducible protein F",5568.75613902388,5801.03680429564,5843.17382658521,2855.73377213765,2761.91657500667,2898.2734832177
"AENJPLPP_01594",NA,"hypothetical protein",3023.20426737454,2796.0621156052,2879.98709963127,897.360468990722,858.73955825068,890.708277867725
"AENJPLPP_01595","ctc","General stress protein CTC",10613.5981490804,10369.3904166903,10389.2867964476,2407.50812754552,2215.6929952333,2165.27413205484
"AENJPLPP_01596","rsuA","Ribosomal small subunit pseudouridine synthase A",2486.5681617656,2356.45461584291,2293.32306081749,1990.19459637355,2220.22221231268,2134.5258507476
"AENJPLPP_01597","yfnB_2","Putative HAD-hydrolase YfnB",943.739358139873,885.155641413262,893.862662774445,769.166116277762,804.388953298106,801.439074072519
"AENJPLPP_01598","udk","Uridine kinase",2012.38539603355,1872.29230191552,1814.3918727677,5127.77410851841,5221.28144911068,5650.74060023656
"AENJPLPP_01601",NA,"hypothetical protein",3.4696299931613,9.90106981446602,3.19998566625696,13.6376970971234,19.0227117334011,14.8782006325344
"AENJPLPP_01602",NA,"hypothetical protein",303.014352736087,249.506959324544,251.732205745548,624.606527048253,509.989843138326,529.663942518224
"AENJPLPP_01603",NA,"hypothetical protein",503.096349008388,533.667662999719,554.664182151207,796.441510472009,825.223351863259,811.357874494208
"AENJPLPP_01604",NA,"hypothetical protein",728.622298563872,699.015528901301,686.930256356494,1300.1271232591,1362.38849747787,1322.17609621122
"AENJPLPP_01605",NA,"hypothetical protein",246.343729514452,236.635568565738,289.065371851879,579.147536724509,548.035266605128,601.079305554389
"AENJPLPP_01606","ubiB","putative protein kinase UbiB",1754.47623320856,1660.40940788595,1601.05949501723,668.247157759048,653.113102846773,579.257944626672
"AENJPLPP_01607",NA,"hypothetical protein",89.0538364911399,93.0700562559806,85.3329511001856,54.5507883884937,45.2921707938123,50.5858821506169
"AENJPLPP_01608","ddl","D-alanine--D-alanine ligase",2936.46351754551,3115.86667061246,3004.78654061529,6987.95599256605,6715.0172418906,6587.07536004406
"AENJPLPP_01609","murF","UDP-N-acetylmuramoyl-tripeptide--D-alanyl-D-alanine ligase",2247.16369223747,2223.78028032907,2023.45760296315,4821.38051373637,5035.58354885605,4743.17036165196
"AENJPLPP_01610","cshA","ATP-dependent RNA helicase CshA",7430.79090202044,7282.23684853976,7442.09999782494,26979.0015773361,27615.5423764032,28143.604316502
"AENJPLPP_01611","acpS","Holo-[acyl-carrier-protein] synthase",553.984255574754,534.657769981165,600.530643367556,430.951228269101,432.993152788845,416.589617710963
"AENJPLPP_01612","alr","Alanine racemase",3888.29867900276,3783.19877610747,3835.71615195334,2532.06576103258,2664.99132950791,2629.47399178991
"AENJPLPP_01613","ndoA","Endoribonuclease EndoA",898.634168228776,928.720348596913,917.329224326996,574.601637692134,631.372860865743,673.486548632723
"AENJPLPP_01614","rpsN2_2","Alternate 30S ribosomal protein S14",483.435112380474,511.885309407893,497.064440158581,122.739273874111,164.863501689477,163.660206957878
"AENJPLPP_01615",NA,"Zinc-type alcohol dehydrogenase-like protein",3752.98310926947,3500.02817941374,3303.45186946594,830.08116331158,797.142205971096,752.83695200624
"AENJPLPP_01616",NA,"hypothetical protein",6718.36021009132,6792.13389272369,6881.03584434122,7654.38479071215,7573.75680014128,7222.87046707436
"AENJPLPP_01617","kimA","Potassium transporter KimA",1643.4480734274,1670.31047770042,1658.65923700986,5476.89915420477,4730.31431770575,4785.82120346523
"AENJPLPP_01618",NA,"hypothetical protein",669.63858868013,785.154836287155,652.79707591642,395.49321581658,465.60351576039,473.126780114593
"AENJPLPP_01619",NA,"hypothetical protein",1365.8776739745,1213.87115925353,1204.26127240137,605.513751112281,657.642319926154,721.096790656833
"AENJPLPP_01620",NA,"hypothetical protein",20.8177799589678,19.802139628932,26.666547218808,30.9121134201465,31.7045195556686,38.6833216445894
"AENJPLPP_01621",NA,"hypothetical protein",34.696299931613,27.7229954805049,38.3998279950835,45.4589903237448,44.386327377936,50.5858821506169
"AENJPLPP_01622","opuCD","Glycine betaine/carnitine/choline transport system permease protein OpuCD",166.542239671742,181.189577604728,197.332449419179,152.742207487783,143.123259708447,125.968765355458
"AENJPLPP_01623","opuCC","Glycine betaine/carnitine/choline-binding protein OpuCC",744.813905198625,697.035314938408,722.130098685321,429.132868656151,453.827551353999,424.524658048314
"AENJPLPP_01624","opuCB","Carnitine transport permease protein OpuCB",303.014352736087,244.556424417311,261.332162744319,135.467791164759,140.405729460818,143.822606114499
"AENJPLPP_01625","opuCA_2","Carnitine transport ATP-binding protein OpuCA",1560.17695359153,1536.64603520513,1560.52634324464,682.794034662647,731.921480028006,724.07243078334
"AENJPLPP_01626","queA","S-adenosylmethionine:tRNA ribosyltransferase-isomerase",6781.97009329928,6577.28067774978,6335.97161918878,12045.7232559859,12260.590633885,12025.5536312565
"AENJPLPP_01627","yoaB","Calcium-transporting ATPase 1",244.030642852345,206.93235912234,217.599025305473,197.292018005052,201.097238324526,219.20548931934
"AENJPLPP_01628",NA,"Calcium-transporting ATPase 1",4258.39254493996,3942.60600012037,4282.64748334057,3693.9975537075,3788.23716519446,3592.58951273597
"AENJPLPP_01629",NA,"hypothetical protein",15764.8421455939,14826.8520471629,15886.8621710771,7714.39065793949,7281.16937681326,6918.36329412849
"AENJPLPP_01630","tgt","Queuine tRNA-ribosyltransferase",431.390662483055,485.152420908835,398.931546393368,1761.99046494835,1763.67713071105,1915.32036142826
"AENJPLPP_01631",NA,"hypothetical protein",10754.696435469,9430.76899827889,9987.15526438798,12347.5709517356,12798.6616229155,11967.0327087685
"AENJPLPP_01633","adhE","Aldehyde-alcohol dehydrogenase",101353.674816897,100230.509945802,112768.561540784,3106.66739872472,3107.04291645552,2996.46960739243
"AENJPLPP_01634",NA,"IS30 family transposase IS1252",178.10767298228,227.724605732718,183.465844865399,60.0058672273431,75.1850035177283,76.3747632470098
"AENJPLPP_01635",NA,"hypothetical protein",547.044995588431,772.28344552835,754.129955347891,710.069428856894,1212.92433385829,854.008716307474
"AENJPLPP_01636","rhaB","Rhamnulokinase",117.967419767484,95.0502702188738,104.532865097727,82.7353623892155,89.6784981717483,77.3666432891788
"AENJPLPP_01637","rhaA","L-rhamnose isomerase",20.8177799589678,31.6834234062913,35.1998423288266,37.2763720654707,35.3278932191736,39.6752016867584
"AENJPLPP_01638","rhaD","Rhamnulose-1-phosphate aldolase",25.4439532831828,23.7625675547185,27.7332091075603,24.5478547748222,21.7402419810299,15.8700806747033
"AENJPLPP_01639","rhaM","L-rhamnose mutarotase",11.5654333105377,18.8120326474854,19.1999139975418,21.8203153553975,14.4934946540199,15.8700806747033
"AENJPLPP_01640","fucO","Lactaldehyde reductase",35.8528432626667,43.5647071836505,40.5331517725882,24.5478547748222,36.2337366350498,27.7726411807309
"AENJPLPP_01641","iclR","Transcriptional repressor IclR",282.196572777119,321.784768970146,309.331947738173,307.302774588515,327.009473131324,322.361013704912
"AENJPLPP_01642","kdgA","KHG/KDPG aldolase",1550.9246069431,1372.28827628499,1523.19317713831,477.31939839932,422.12303179833,428.49217821699
"AENJPLPP_01643","kdgK","2-dehydro-3-deoxygluconokinase",1035.10628129312,875.254571598796,1121.06164507869,423.677789817301,364.14905318225,380.88193619288
"AENJPLPP_01644","kduI1","4-deoxy-L-threo-5-hexosulose-uronate ketol-isomerase 1",512.348695656818,499.013918649087,552.530858373702,325.486370718013,375.925017588642,352.11741496998
"AENJPLPP_01646","kduD","2-dehydro-3-deoxy-D-gluconate 5-dehydrogenase",402.47707920671,388.121936727068,375.464984840817,547.326243497887,587.892376903683,629.843826777289
"AENJPLPP_01647","fni","Isopentenyl-diphosphate delta-isomerase",2854.34894104069,2615.86264498192,2698.65457854337,4771.37562438025,4658.75268785153,4428.7443882844
"AENJPLPP_01648",NA,"Phosphomevalonate kinase",1253.69297086228,1341.59495986015,1110.39502619117,2987.56484407651,2850.68922976254,2760.40215735621
"AENJPLPP_01649",NA,"hypothetical protein",490.374372366797,437.627285799398,467.197907273516,1525.60371526488,1587.03766461518,1591.96746768118
"AENJPLPP_01650","galK_1","Galactokinase",470.713135738883,513.865523370786,525.864311154894,2498.42610819301,2296.31305924628,2205.94121378376
"AENJPLPP_01651",NA,"Deoxyguanosine kinase",636.098832079571,603.965258682427,593.06401014629,2126.57156734478,1892.30689576548,2076.9968083018
"AENJPLPP_01652",NA,"hypothetical protein",744.813905198625,758.421947788097,815.996344895525,841.900500795753,890.444077806349,954.188600566539
"AENJPLPP_01653",NA,"hypothetical protein",385.128929240904,419.805360133359,402.131532059625,508.231511819467,564.340448090901,521.728902180872
"AENJPLPP_01654","infC","Translation initiation factor IF-3",19555.9911847881,18986.29147622,19833.5111594606,55723.6303388464,55797.2368877291,54344.1156303951
"AENJPLPP_01655","rpmI","50S ribosomal protein L35",2653.11040143734,2736.65569671841,2683.72131210084,11405.6606722276,11257.82197251,11687.3225368768
"AENJPLPP_01656","rplT","50S ribosomal protein L20",4124.23351853773,4235.67766662856,4615.44599263129,20535.6442888485,21144.1970133833,20473.3959504095
"AENJPLPP_01657",NA,"hypothetical protein",60.1402532147958,54.4558839795631,67.1996989913962,89.0996210345398,85.149281092367,90.2610838373753
"AENJPLPP_01658",NA,"hypothetical protein",92.5234664843012,88.1195213487476,100.266217542718,151.833027681308,141.311572876694,157.708926704864
"AENJPLPP_01659",NA,"hypothetical protein",9.25234664843012,7.92085585157282,10.6666188875232,9.09179806474896,15.3993380698962,11.9025605060275
"AENJPLPP_01660","rspR_2","HTH-type transcriptional repressor RspR",564.393145554238,567.331300368903,567.464124816235,419.131890784927,481.002853830286,482.053700494114
"AENJPLPP_01661",NA,"hypothetical protein",1195.86580430959,1204.96019642051,1137.06157340997,74.5527441309415,65.2207259430896,108.114924596417
"AENJPLPP_01662",NA,"1,4-dihydroxy-2-naphthoyl-CoA hydrolase",969.183311423055,929.710455578359,806.396387896754,336.396528395711,293.493266743903,256.89693092176
"AENJPLPP_01663","nnrD","ADP-dependent (S)-NAD(P)H-hydrate dehydratase",1353.15569733291,1244.56447567838,1146.66153040874,549.144603110837,450.204177690494,478.086180325438
"AENJPLPP_01664","pepV","Beta-Ala-Xaa dipeptidase",26036.1034686824,24570.4948515789,24286.8245450016,15792.4532384689,14719.0496645731,14069.8183981667
"AENJPLPP_01665",NA,"hypothetical protein",33.5397566005592,34.6537443506311,20.2665758862941,23.6386749683473,28.0811458921636,32.7320413915756
"AENJPLPP_01666",NA,"3-sulfolactaldehyde dehydrogenase",65.9229698700646,70.2975956827087,63.9997133251392,32.7304730330962,25.3636156445349,26.7807611385619
"AENJPLPP_01667",NA,"hypothetical protein",2425.27136521975,2470.31691870927,2241.05662826863,3377.60298105424,3456.69847498375,3772.11980036855
"AENJPLPP_01668",NA,"hypothetical protein",324.988676026108,435.647071836505,385.064941839588,241.841828522322,297.116640407408,317.401613494067
"AENJPLPP_01669","pepA","Glutamyl aminopeptidase",7972.05318095361,7398.07936536901,7466.63322126624,3157.58146788731,3345.27973483097,3285.10669966359
"AENJPLPP_01670","ytpP","Thioredoxin-like protein YtpP",3211.72083033631,2962.40008848823,2828.78732897115,1255.57731274183,1223.79445484881,1324.15985629556
"AENJPLPP_01671",NA,"Putative universal stress protein",8805.92092264337,8003.03473103289,8458.6287778059,2565.70541387216,2448.49475311349,2378.52834112116
"AENJPLPP_01672",NA,"hypothetical protein",2958.43784083553,3053.48993078132,2997.31990739402,7939.86724994527,8416.19117690619,8217.72614936983
"AENJPLPP_01673","htrA","Serine protease Do-like HtrA",7194.85606248548,7069.36384752874,7241.5675627395,6636.10340746026,6795.63730590359,6624.76680164648
"AENJPLPP_01674","rlmH","Ribosomal RNA large subunit methyltransferase H",234.778296203914,284.160703675175,257.065515189309,447.316464785649,471.038576255647,495.940021084479
"AENJPLPP_01675",NA,"IS3 family transposase IS1485",13.8785199726452,15.8417117031456,14.9332664425325,16.3652365165481,19.0227117334011,16.8619607168723
"AENJPLPP_01676",NA,"IS3 family transposase IS1485",3.4696299931613,9.90106981446602,6.39997133251392,7.27343845179917,16.3051814857724,16.8619607168723
"AENJPLPP_01677",NA,"hypothetical protein",1000.40998136151,1023.77061881579,1010.12880864845,1234.66617719291,1385.03458287478,1357.8837777293
"AENJPLPP_01678",NA,"IS982 family transposase ISEfm1",185.046932968602,242.576210454418,214.399039639216,190.927759359728,179.356996343497,232.099929867536
"AENJPLPP_01679","rhaR_5","HTH-type transcriptional activator RhaR",1813.4599430923,2009.9171723366,1790.92531121515,2012.01491172894,1982.8912373531,1970.86564378972
"AENJPLPP_01680","agaA_2","Alpha-galactosidase AgaA",240.561012859183,215.843321955359,277.332091075603,193.655298779153,213.779046146794,189.449088054271
"AENJPLPP_01681",NA,"hypothetical protein",120.280506429592,147.525940235544,113.066160207746,132.740251745335,158.522597778343,153.741406536189
"AENJPLPP_01683",NA,"IS256 family transposase ISEf1",92.5234664843012,102.971126070447,89.5995986551949,54.5507883884937,55.2564483684509,68.4397229096582
"AENJPLPP_01684",NA,"IS256 family transposase ISEf1",9.25234664843012,14.851604721699,14.9332664425325,9.09179806474896,13.5876512381437,10.9106804638585
"AENJPLPP_01689",NA,"hypothetical protein",19.661236627914,17.8219256660388,19.1999139975418,18.1835961294979,19.9285551492774,31.7401613494067
"AENJPLPP_01690",NA,"hypothetical protein",148.037546374882,137.624870421078,133.33273609404,100.918958518713,120.477174311541,99.1880042168959
"AENJPLPP_01691",NA,"hypothetical protein",417.512142510409,446.538248632418,444.798007609718,528.233467561914,475.567793335029,522.720782223041
"AENJPLPP_01692",NA,"hypothetical protein",761.005511833378,798.026227045961,700.796860910275,716.433687502218,791.707145475838,817.309154747222
"AENJPLPP_01693",NA,"hypothetical protein",2529.36026501459,2492.0992723011,2378.65601191767,1843.81664753109,1808.06345808899,1773.4815153981
"AENJPLPP_01694",NA,"hypothetical protein",65.9229698700646,65.3470607754757,72.5330084351578,81.8261825827406,102.360305994016,106.131164512079
"AENJPLPP_01695",NA,"hypothetical protein",28.9135832763441,29.7032094433981,22.3998996637987,22.7294951618724,21.7402419810299,26.7807611385619
"AENJPLPP_01696",NA,"hypothetical protein",21.9743232900215,22.7724605732719,19.1999139975418,28.1845740007218,42.5746405461835,23.805121012055
"AENJPLPP_01697",NA,"hypothetical protein",109.871616450108,87.129414367301,101.33287943147,100.009778712239,128.629765054427,103.155524385572
"AENJPLPP_01698",NA,"hypothetical protein",233.621752872861,249.506959324544,296.532005073145,234.568390070523,209.249829067413,224.164889530185
"AENJPLPP_01699",NA,"hypothetical protein",2385.94889196392,2256.45381071681,2210.12343349481,2122.93484811888,2192.14106642051,2288.26725728379
"AENJPLPP_01700",NA,"IS30 family transposase IS1252",1836.59080971338,2029.71931196553,2031.99089807317,810.079207569132,1094.2588463785,916.497158964118
"AENJPLPP_01701",NA,"hypothetical protein",217.430146238108,202.971931196553,190.932478086665,208.202175682751,154.899224114838,237.059330078381
"AENJPLPP_01702",NA,"hypothetical protein",254.439532831828,288.121131600961,249.598881968043,415.495171559027,440.239900115855,403.695177162766
"AENJPLPP_01703","norR_1","Anaerobic nitric oxide reductase transcription regulator NorR",4473.50960451597,4801.02875303457,4520.51308453233,4096.76420797588,4468.52557051752,3884.20224513364
"AENJPLPP_01704","sorB_2","PTS system sorbose-specific EIIB component",91.3669231532475,65.3470607754757,85.3329511001856,80.0078229697908,89.6784981717483,101.171764301234
"AENJPLPP_01705","agaC_1","N-acetylgalactosamine permease IIC component 1",41.6355599179356,57.4262049239029,61.8663895476346,78.189463356841,55.2564483684509,68.4397229096582
"AENJPLPP_01706","manZ_2","PTS system mannose-specific EIID component",27.7570399452904,21.7823535918252,22.3998996637987,29.0937538071967,31.7045195556686,27.7726411807309
"AENJPLPP_01707",NA,"hypothetical protein",104.088899794839,81.1887724786214,90.6662605439472,136.376970971234,93.3018718352532,96.212364090389
"AENJPLPP_01708",NA,"hypothetical protein",126.06322308486,139.605084383971,131.199412316535,236.386749683473,183.886213422878,170.603367253061
"AENJPLPP_01709","gmuE_2","Putative fructokinase",158.446436354366,153.466582124223,152.532650091582,200.928737230952,145.840789956075,160.684566831371
"AENJPLPP_01710",NA,"hypothetical protein",8.09580331737636,10.8911767959126,6.39997133251392,11.8193374841736,13.5876512381437,7.93504033735167
"AENJPLPP_01711",NA,"IS30 family transposase IS1252",75.1753165184948,74.2580236084952,76.7996559901671,63.6425864532427,50.7272312890697,40.6670817289273
"AENJPLPP_01712",NA,"IS630 family transposase ISBs2",513.505238987872,462.379960335563,484.264497493554,322.758831298588,287.15236283277,286.653332186829
"AENJPLPP_01713",NA,"IS630 family transposase IS642",513.505238987872,518.81605827802,535.464268153665,230.931670844624,212.873202730918,204.327288686806
"AENJPLPP_01714",NA,"hypothetical protein",334.241022674538,358.41872728367,339.198480623238,385.492237945356,430.275622541216,402.703297120597
"AENJPLPP_01715","sstT","Serine/threonine transporter SstT",2077.15182257256,2194.07707088567,2169.59028172222,1111.9269033188,1144.0802342517,1205.13425123529
"AENJPLPP_01716",NA,"hypothetical protein",543.57536559527,520.796272240913,506.664397157352,331.850629363337,329.727003378953,392.784496698908
"AENJPLPP_01717","manR_2","Transcriptional regulator ManR",56.6706232216345,68.3173817198155,56.533080103873,150.014668068358,176.639466095868,145.806366198837
"AENJPLPP_01718",NA,"hypothetical protein",6.93925998632259,6.93074887012621,12.7999426650278,18.1835961294979,21.7402419810299,25.7888810963929
"AENJPLPP_01719",NA,"hypothetical protein",6.93925998632259,5.94064188867961,6.39997133251392,11.8193374841736,14.4934946540199,10.9106804638585
"AENJPLPP_01721",NA,"hypothetical protein",144.567916381721,129.704014569505,117.332807762755,451.862363818023,444.769117195236,450.313539144707
"AENJPLPP_01722","paiA","Spermidine/spermine N(1)-acetyltransferase",100.619269801678,92.079949274534,90.6662605439472,357.307663944634,368.678270261632,369.971255729022
"AENJPLPP_01723",NA,"hypothetical protein",544.731908926324,469.310709205689,474.664540494783,1507.42011913538,1355.14175015086,1300.35473528351
"AENJPLPP_01724",NA,"hypothetical protein",90.2103798221937,116.832623810699,104.532865097727,58.1875076143933,51.633074704946,58.5209224879686
"AENJPLPP_01725",NA,"hypothetical protein",150.35063303699,119.802944755039,120.532793429012,87.28126142159,81.5259074288621,74.3910031626719
"AENJPLPP_01726",NA,"hypothetical protein",623.37685543798,643.569537940291,628.263852475117,1349.22283280875,1500.07669669106,1513.60894434983
"AENJPLPP_01727","pbuG","Guanine/hypoxanthine permease PbuG",669.63858868013,646.539858884631,632.530500030126,4040.39505997444,4079.01290169073,4406.92302735668
"AENJPLPP_01728","malL_2","Oligo-1,6-glucosidase",205.86471292757,158.417117031456,214.399039639216,220.9306929734,240.048505207205,246.978130500071
"AENJPLPP_01729",NA,"hypothetical protein",172.324956327011,232.675140639952,199.465773196684,622.788167435304,604.197558389455,467.17549986158
"AENJPLPP_01730",NA,"putative oxidoreductase",1445.67916381721,1434.66501611613,1318.39409449787,509.140691625942,498.213878731935,495.940021084479
"AENJPLPP_01731","hchA","Protein/nucleic acid deglycase 1",2178.92763570529,2326.75140639951,2117.32384917336,827.353623892155,880.47980023171,811.357874494208
"AENJPLPP_01732","npr_1","NADH peroxidase",1673.5182000348,1549.51742596393,1624.52605656978,470.045959947521,497.308035316059,462.216099650735
"AENJPLPP_01733",NA,"hypothetical protein",1240.97099422069,1138.62302866359,1250.12773361772,300.938515943191,281.717302337512,260.864451090436
"AENJPLPP_01734","glpK","Glycerol kinase",375.876582592474,337.626480673291,360.531718398284,200.019557424477,217.402419810299,200.35976851813
"AENJPLPP_01735","glpO","Alpha-glycerophosphate oxidase",115.654333105377,109.901874940573,72.5330084351578,50.0048893561193,41.6687971303073,34.7158014759136
"AENJPLPP_01736","glpF","Glycerol uptake facilitator protein",15.035063303699,12.8713907588058,13.8666045537802,11.8193374841736,6.34090391113372,13.8863205903654
"AENJPLPP_01737","mutS2_1","Endonuclease MutS2",1249.06679753807,1214.86126623498,1226.66117206517,2098.38699334406,2043.58274621681,1872.66951961499
"AENJPLPP_01738","pgsA2","Putative cardiolipin synthase",743.657361867571,773.273552509796,797.863092786736,647.336022210126,614.161835964094,716.137390445988
"AENJPLPP_01739",NA,"hypothetical protein",84.4276631669249,86.1393073858544,77.8663178789194,50.0048893561193,67.9382561907184,65.4640827831513
"AENJPLPP_01740",NA,"hypothetical protein",138.785199726452,113.862302866359,147.19934064782,115.465835422312,143.123259708447,125.968765355458
"AENJPLPP_01741","glpE","Thiosulfate sulfurtransferase GlpE",70.5491431942797,78.2184515342816,78.9329797676717,92.7363402604394,95.1135586670057,87.2854437108684
"AENJPLPP_01742","cdr_1","Coenzyme A disulfide reductase",430.234119152001,452.478890521097,465.064583496012,310.030314007939,297.116640407408,301.531532819364
"AENJPLPP_01743","helD_2","DNA helicase IV",2453.02840516504,2425.76210454418,2405.32255913648,1329.2208770663,1421.26831950983,1392.59957920522
"AENJPLPP_01744",NA,"hypothetical protein",1165.7956777022,990.106981446602,962.129023654593,549.144603110837,449.298334274618,524.704542307379
"AENJPLPP_01745",NA,"hypothetical protein",463.77387575256,413.86471824468,376.531646729569,266.389683297144,221.025793473804,272.767011596464
"AENJPLPP_01746","pgaC","Poly-beta-1,6-N-acetyl-D-glucosamine synthase",1968.43674945351,1936.64925570955,1961.59121341552,958.27551602454,882.291487063463,849.049316096629
"AENJPLPP_01747",NA,"hypothetical protein",1984.62835608826,2043.58080970579,1978.65780363555,1049.19349667203,1087.01209905149,1007.75012284366
"AENJPLPP_01748",NA,"hypothetical protein",2026.2639160062,1972.29310704163,1961.59121341552,1071.01381202743,908.560946123874,1057.34412495211
"AENJPLPP_01749","dhaM-2","PEP-dependent dihydroxyacetone kinase 2, phosphoryl donor subunit DhaM",491.53091569785,522.776486203806,597.3306577013,611.878009757605,775.401963990066,577.274184542334
"AENJPLPP_01750","dhaK","PTS-dependent dihydroxyacetone kinase, dihydroxyacetone-binding subunit DhaK",1273.3542074902,1206.94041038341,1374.92717460174,585.511795369833,612.350149132342,527.680182433886
"AENJPLPP_01751","dhaL","PTS-dependent dihydroxyacetone kinase, ADP-binding subunit DhaL",711.274148598066,614.85643547834,659.197047248934,176.38088245613,198.379708076898,157.708926704864
"AENJPLPP_01752",NA,"hypothetical protein",77.4884031806023,72.277809645602,81.0663035451764,419.131890784927,401.288633233177,458.248579482059
"AENJPLPP_01753","anr","Transcriptional activator protein Anr",514.661782318926,527.727021111039,539.730915708674,167.289084391381,189.321273918135,187.465327969933
"AENJPLPP_01754",NA,"Multidrug efflux system permease protein",741.344275205464,707.926491734321,702.930184687779,429.132868656151,459.262611849256,445.354138933863
"AENJPLPP_01755",NA,"Multidrug efflux system ATP-binding protein",34.696299931613,47.5251351094369,37.3331661063312,127.285172906485,126.818078222674,110.098684680754
"AENJPLPP_01758",NA,"hypothetical protein",179.264216313334,161.387437975796,180.265859199142,323.668011105063,285.340676001017,313.434093325391
"AENJPLPP_01759",NA,"hypothetical protein",914.825774863529,904.957781042194,827.729625671801,1380.13494622889,1481.95982837354,1426.32350063896
"AENJPLPP_01760","tyrS1","Tyrosine--tRNA ligase 1",7425.00818536517,7723.82456226494,8078.89714541008,10541.0306762699,10603.8030262473,10824.3869001898
"AENJPLPP_01761",NA,"hypothetical protein",368.937322606151,356.438513320777,385.064941839588,9969.15657799723,10206.1377666777,10091.387549027
"AENJPLPP_01762","gadC_2","putative glutamate/gamma-aminobutyrate antiporter",189.673106292818,203.962038178,191.999139975418,3353.05512627942,3292.74081671015,3544.97927071186
"AENJPLPP_01763","nhaC_1","Na(+)/H(+) antiporter NhaC",40.4790165868818,48.5152420908835,43.7331374388451,369.127001428808,367.772426845755,349.141774843474
"AENJPLPP_01764","nhaC_2","Na(+)/H(+) antiporter NhaC",33.5397566005592,43.5647071836505,24.5332234413034,337.305708202186,279.90561550576,270.783251512126
"AENJPLPP_01765","ccpA_1","Catabolite control protein A",770.257858481808,730.698952307592,804.26306411925,2384.77863238365,2562.6310235139,2711.80003528993
"AENJPLPP_01766","mro_1","Aldose 1-epimerase",225.525949555484,223.764177806932,195.199125641675,342.760787041036,433.898996204721,411.630217500118
"AENJPLPP_01767","pgmB","Beta-phosphoglucomutase",64.7664265390109,33.6636373691845,47.9997849938544,61.8242268402929,65.2207259430896,57.5290424457996
"AENJPLPP_01768","malP","Maltose phosphorylase",269.474596135527,273.269526879262,295.465343184393,242.751008328797,218.308263226175,232.099929867536
"AENJPLPP_01769","ptsG_3","PTS system glucose-specific EIICBA component",853.528978317679,836.640399322379,922.662533770757,488.229556077019,470.132732839771,430.475938301328
"AENJPLPP_01770","mapP","Maltose 6'-phosphate phosphatase",76.3318598495485,94.0601632374272,84.2662892114333,85.4629018086402,84.2434376764908,87.2854437108684
"AENJPLPP_01771",NA,"hypothetical protein",4228.32241833257,4065.37926581975,4109.84825736269,2169.3030182491,2361.53378518937,2330.91809909705
"AENJPLPP_01772",NA,"IS1380 family transposase IS1678",165.385696340688,163.367651938689,172.799225977876,143.650409423034,152.181693867209,145.806366198837
"AENJPLPP_01773",NA,"hypothetical protein",602.559075479012,571.291728294689,562.130815372473,430.951228269101,402.194476649053,408.654577373611
"AENJPLPP_01774","yiaC","Peptidyl-lysine N-acetyltransferase YiaC",92.5234664843012,83.1689864415146,79.999641656424,70.006845098567,72.4674732700996,85.3016836265305
"AENJPLPP_01775","padC","Phenolic acid decarboxylase PadC",64.7664265390109,63.3668468125825,53.333094437616,165.470724778431,173.921935848239,160.684566831371
"AENJPLPP_01776",NA,"hypothetical protein",1291.85890078706,1328.72356910134,1337.59400849541,377.309619687082,429.36977912534,451.305419186876
"AENJPLPP_01777",NA,"hypothetical protein",235.934839534968,303.962843304107,307.198623960668,712.796968276318,749.132504929655,756.804472174916
"AENJPLPP_01778","emrB","Multidrug export protein EmrB",89.0538364911399,108.911767959126,89.5995986551949,1712.8947553987,1686.68044036157,1897.46652066922
"AENJPLPP_01779",NA,"hypothetical protein",290.292376094495,261.388243101903,286.932048074374,2908.46620091319,2813.54964971162,2952.82688553699
"AENJPLPP_01780",NA,"hypothetical protein",94.8365531464088,80.1986654971748,81.0663035451764,93.6455200669143,95.1135586670057,102.163644343403
"AENJPLPP_01781",NA,"hypothetical protein",43.9486465800431,68.3173817198155,67.1996989913962,71.8252047115168,91.4901850035008,81.3341634578546
"AENJPLPP_01782","vdcB","putative UbiX-like flavin prenyltransferase",148.037546374882,126.733693625165,134.399397982792,145.468769035983,174.827779264115,177.546527548244
"AENJPLPP_01783","lpdC","Gallate decarboxylase",253.282989500775,211.882894029573,232.532291748006,287.300818846067,308.8926048138,320.377253620574
"AENJPLPP_01784",NA,"hypothetical protein",168.85532633385,157.42701005001,154.665973869086,176.38088245613,186.603743670506,171.59524729523
"AENJPLPP_01785","btuD_4","Vitamin B12 import ATP-binding protein BtuD",3268.39145355794,3050.51960983698,3173.31911903815,2569.34213309806,2472.95252534215,2469.78130500071
"AENJPLPP_01786","hssR","Heme response regulator HssR",386.285472571958,404.95375541166,385.064941839588,253.661166006496,240.048505207205,278.718291849477
"AENJPLPP_01787","sasA_3","Adaptive-response sensory-kinase SasA",1836.59080971338,1871.30219493408,1838.925096209,889.177850732448,841.528533349032,830.203595295419
"AENJPLPP_01788","gltC_2","HTH-type transcriptional regulator GltC",173.481499658065,174.258828734602,209.065730195455,772.802835503661,770.872746910685,728.039950952016
"AENJPLPP_01789","ydfK","putative membrane protein YdfK",21.9743232900215,21.7823535918252,21.3332377750464,229.113311231674,221.93163688968,228.132409698861
"AENJPLPP_01790",NA,"hypothetical protein",357.371889295614,441.587713725185,334.931833068229,398.220755236004,423.028875214206,480.069940409776
"AENJPLPP_01791",NA,"hypothetical protein",496.157089022065,501.984239593427,530.130958709903,572.783278079184,560.717074427396,627.860066692951
"AENJPLPP_01792",NA,"hypothetical protein",1261.78877417966,1325.753248157,1359.99390815921,1830.17895043397,1985.60876760073,1934.16608222947
"AENJPLPP_01793",NA,"hypothetical protein",767.9447718197,786.144943268602,758.3966029029,1267.396650226,1119.62246202304,1142.64580857864
"AENJPLPP_01794",NA,"hypothetical protein",2074.83873591046,2187.14632201554,2081.05734495578,1080.10561009218,1187.56071821376,1110.90564722923
"AENJPLPP_01795",NA,"hypothetical protein",156.133349692258,151.48636816133,138.666045537802,1141.92983693247,1076.14197806098,1224.97185207866
"AENJPLPP_01796","bceA_1","Bacitracin export ATP-binding protein BceA",467.243505745721,556.44012357299,603.730629033813,2522.06478316136,2693.07247540008,2729.65387604898
"AENJPLPP_01797","bceB_1","Bacitracin export permease protein BceB",2198.58887233321,2445.56424417311,2445.85571090907,6532.45690952213,6330.0337901432,6091.13533895958
"AENJPLPP_01798","mro_2","Aldose 1-epimerase",300.701266073979,298.022201415427,311.465271515678,570.964918466235,600.57418472595,597.111785385713
"AENJPLPP_01799",NA,"hypothetical protein",17491.5613388572,16882.314140646,17028.190392042,8161.70712272514,8255.8568922961,8323.8573138819
"AENJPLPP_01800","bglF_1","PTS system beta-glucoside-specific EIIBCA component",144.567916381721,146.535833254097,205.865744529198,22.7294951618724,27.1753024762874,18.8457208012102
"AENJPLPP_01801","rbsD","D-ribose pyranase",588.680555506367,520.796272240913,685.863594467742,30.9121134201465,52.5389181208222,43.6427218554342
"AENJPLPP_01802","rbsK","Ribokinase",3314.65318680009,2967.35062339547,3755.71651029692,1214.66422145046,1306.22620569355,1121.81632769309
"AENJPLPP_01803","degA_2","HTH-type transcriptional regulator DegA",759.848968502324,782.184515342816,783.996488232956,1827.45141101454,1830.70954348589,1832.00243788607
"AENJPLPP_01804","yecD","Isochorismatase family protein YecD",242.874099521291,271.289312916369,280.53207674186,473.682679173421,499.119722147811,561.404103867631
"AENJPLPP_01805",NA,"putative ABC transporter ATP-binding protein",91.3669231532475,103.961233051893,109.866174541489,163.652365165481,180.262839759373,187.465327969933
"AENJPLPP_01806",NA,"hypothetical protein",829.24156836555,818.81847365634,779.729840677946,1043.73841783318,1009.10956528614,1019.65268334969
"AENJPLPP_01807","treA","Trehalose-6-phosphate hydrolase",711.274148598066,741.590129103505,711.463479797798,4911.38931457739,4859.84992617605,4648.94175764591
"AENJPLPP_01808",NA,"hypothetical protein",666.168958686969,688.124352105389,661.330371026439,386.401417751831,442.051586947608,371.95501581336
"AENJPLPP_01809",NA,"hypothetical protein",82.1145765048174,103.961233051893,106.666188875232,378.218799493557,321.574412636067,319.385373578405
"AENJPLPP_01810","agrA","Accessory gene regulator protein A",301.857809405033,248.516852343097,289.065371851879,1025.55482170368,706.557864383471,858.968116518319
"AENJPLPP_01811",NA,"hypothetical protein",572.488948871614,562.38076546167,593.06401014629,1340.131034744,925.771971025522,1248.77697309072
"AENJPLPP_01812",NA,"hypothetical protein",239.404469528129,211.882894029573,232.532291748006,401.857474461904,269.941337931121,327.320413915756
"AENJPLPP_01813","agrB","Accessory gene regulator protein B",3144.64131713519,2785.17093880929,3263.9853795821,4599.5406409565,2862.46519416893,3780.0548407059
"AENJPLPP_01814",NA,"hypothetical protein",298.388179411871,224.754284788379,295.465343184393,794.623150859059,529.012554871727,683.405349054413
"AENJPLPP_01815",NA,"Deoxyguanosine kinase",924.078121511959,960.403772003204,924.795857548262,4026.75736287731,3703.08788410209,4035.95989158549
"AENJPLPP_01816",NA,"hypothetical protein",656.916612038539,840.600827248165,809.596373563011,1048.28431686555,1196.61915237252,1094.04368651236
"AENJPLPP_01817","yjcD","Putative ATP-dependent DNA helicase YjcD",3122.66699384517,2973.29126528415,2891.72038040754,2955.74355084989,2900.51061763574,2859.59016157311
"AENJPLPP_01818","spxA_4","Regulatory protein Spx",2845.09659439226,2662.39767310991,2597.3216991119,259.116244845345,227.366697384938,212.262329024157
"AENJPLPP_01819","spxA_5","Regulatory protein Spx",1084.83764452843,1092.0880005356,1147.7281922975,79.0986431633159,97.8310889146345,106.131164512079
"AENJPLPP_01820","bsaA","Glutathione peroxidase BsaA",1929.11427619768,1999.02599554069,1838.925096209,144.559589229508,153.087537283085,156.717046662696
"AENJPLPP_01821","luxS","S-ribosylhomocysteine lyase",4770.74124059678,4600.03703580091,4665.57910140265,8397.18469260214,8619.10010206247,8534.13588282172
"AENJPLPP_01822","metB","Cystathionine gamma-synthase",2589.50051822938,2314.87012262216,2617.58827499819,8652.66421822158,9596.50514779294,9435.75484115331
"AENJPLPP_01823","cysM","Cysteine synthase",2040.14243597884,1997.0457815778,2058.65744529198,6286.06918196743,7635.35415242087,7094.91794163456
"AENJPLPP_01824","efp","Elongation factor P",4579.91159097291,4881.22741853175,4519.44642264358,9750.95342444326,10795.8418304131,10591.2950902801
"AENJPLPP_01825","lysA","Diaminopimelate decarboxylase",6757.68268334715,6661.43977117274,7384.50025583231,653.70028085545,584.269003240178,568.347264162814
"AENJPLPP_01826","dapF","Diaminopimelate epimerase",5219.48005304564,4686.17634318677,5199.97670766756,569.146558853285,528.106711455851,524.704542307379
"AENJPLPP_01827","dapA","4-hydroxy-tetrahydrodipicolinate synthase",3562.1534596456,3213.88726177567,3863.4493610609,520.05084930364,499.119722147811,523.71266226521
"AENJPLPP_01828","dapB","4-hydroxy-tetrahydrodipicolinate reductase",2759.51238789428,2375.2666484904,2686.9212977671,419.131890784927,425.746405461835,403.695177162766
"AENJPLPP_01829","dapH_2","2,3,4,5-tetrahydropyridine-2,6-dicarboxylate N-acetyltransferase",2769.92127787377,2500.02012815267,2851.18722863495,651.8819212425,514.519060217707,487.013100704959
"AENJPLPP_01830","asd","Aspartate-semialdehyde dehydrogenase",4842.44692712212,4212.90520605529,4803.1784850517,895.542109377772,818.882447952126,806.398474283364
"AENJPLPP_01831","yclM","Aspartokinase 3",7574.20227507111,6441.63602129159,7458.09992615622,1571.97188539509,1493.73579277993,1335.07053675942
"AENJPLPP_01832","scmP","N-acetylcysteine deacetylase",3865.16781238168,3470.32496997034,4008.51537793122,830.990343118055,709.2753946311,756.804472174916
"AENJPLPP_01833","dapX","putative N-acetyl-LL-diaminopimelate aminotransferase",6137.77545790233,5255.48785751856,6123.70590332707,1617.43087571884,1440.29103124323,1498.7307437173
"AENJPLPP_01834","npr_2","NADH peroxidase",5538.68601241648,5254.49775053712,5372.77593364544,2967.56288833406,3074.43255348398,2827.8500002237
"AENJPLPP_01836",NA,"IS3 family transposase ISEfa10",3.4696299931613,0.990106981446602,2.13332377750464,18.1835961294979,16.3051814857724,15.8700806747033
"AENJPLPP_01837",NA,"hypothetical protein",656.916612038539,614.85643547834,617.597233587594,540.052805046088,517.236590465336,540.574622982083
"AENJPLPP_01838",NA,"hypothetical protein",427.921032489893,365.349476153796,362.665042175789,480.95611762522,526.295024624098,490.980620873635
"AENJPLPP_01839","umuC_1","Protein UmuC",1539.35917363256,1491.10111405858,1529.59314847083,1454.68769035983,1480.14814154178,1503.69014392814
"AENJPLPP_01840","galK_2","Galactokinase",211.647429582839,196.041182326427,228.265644192997,284.573279426642,269.941337931121,280.702051933815
"AENJPLPP_01841","galM","Aldose 1-epimerase",99.4627264706238,89.1096283301942,114.132822096498,248.206087167647,226.460853969061,201.351648560299
"AENJPLPP_01842","lacS","Lactose permease",27.7570399452904,47.5251351094369,40.5331517725882,1531.9679739102,1847.92056838754,1574.11362692214
"AENJPLPP_01843","rhaS_2","HTH-type transcriptional activator RhaS",278.726942783957,248.516852343097,259.198838966814,253.661166006496,259.071216940606,244.002490373564
"AENJPLPP_01844","kefG","Glutathione-regulated potassium-efflux system ancillary protein KefG",427.921032489893,390.102150689961,427.731417389681,595.512773241057,618.691053043475,650.673307662837
"AENJPLPP_01845",NA,"hypothetical protein",72.8622298563872,93.0700562559806,100.266217542718,184.563500714404,167.581031937105,170.603367253061
"AENJPLPP_01846",NA,"hypothetical protein",4178.59105509725,3632.70251492758,3861.3160372834,2133.84500579658,2005.53732275001,2002.60580513913
"AENJPLPP_01847","yifK","putative transport protein YifK",3245.26058693687,3397.05705334329,3489.05103810884,1773.80980243252,1697.55056135208,1894.49088054271
"AENJPLPP_01848","scaC_2","Manganese import ATP-binding protein ScaC",686.986738645937,730.698952307592,641.063795140145,864.629995957626,801.671423050477,838.13863563277
"AENJPLPP_01849","mntB","Manganese transport system membrane protein MntB",684.673651983829,709.906705697214,687.996918245247,688.249113501496,692.970213145327,666.54338833754
"AENJPLPP_01850","ssaB_2","Manganese ABC transporter substrate-binding lipoprotein",2350.09604870125,2556.45622609513,2275.1898087087,2605.70932535705,2391.42661791329,2159.32285180182
"AENJPLPP_01851",NA,"hypothetical protein",2495.82050841403,2238.63188505077,2408.52254480274,1749.2619476577,1789.94658977146,1723.88751328965
"AENJPLPP_01852","queG","Epoxyqueuosine reductase",6842.11034651408,6393.12077920071,6089.572722887,3856.74073906651,3731.16902999425,3663.01299572997
"AENJPLPP_01853",NA,"hypothetical protein",4376.35996470745,4949.54480025156,4723.17884339528,7945.32232878411,9005.89524064163,10112.2170299125
"AENJPLPP_01854","pckA","Phosphoenolpyruvate carboxykinase (ATP)",1032.79319463101,967.33452087333,1123.19496885619,476.410218592845,479.191166998534,465.191739777242
"AENJPLPP_01855","thiO","Glycine oxidase",344.649912654022,364.35936917235,374.398322952064,1276.48844829075,1316.19048326818,1326.1436163799
"AENJPLPP_01856","ribZ_2","Riboflavin transporter RibZ",65.9229698700646,81.1887724786214,84.2662892114333,407.312553300753,303.457544318542,405.678937247104
"AENJPLPP_01857",NA,"hypothetical protein",853.528978317679,836.640399322379,846.929539669342,715.524507695743,663.077380421411,577.274184542334
"AENJPLPP_01858","argR_2","Arginine repressor",2700.52867801054,2678.23938481306,2840.52060974743,899.178828603672,917.619380282636,831.195475337588
"AENJPLPP_01859","algC","Phosphomannomutase/phosphoglucomutase",3789.99249586319,3563.39502622632,3876.24930372593,1368.31560874472,1438.47934441148,1273.57397414494
"AENJPLPP_01860",NA,"hypothetical protein",253.282989500775,254.457494231777,255.998853300557,83.6445421956904,76.0908469336046,97.204244132558
"AENJPLPP_01861","ohrB_1","Organic hydroperoxide resistance protein OhrB",11419.7088508249,10381.2717004676,9211.69207126504,1242.84879545118,1136.83348692469,1051.3928446991
"AENJPLPP_01862","rclA","putative pyridine nucleotide-disulfide oxidoreductase RclA",4125.39006186878,3718.84182231344,3516.7842472164,229.113311231674,194.756334413393,186.473447927764
"AENJPLPP_01863",NA,"hypothetical protein",3203.62502701893,2863.38939034357,2698.65457854337,145.468769035983,132.253138717932,154.733286578358
"AENJPLPP_01864","acuR","Transcriptional regulator AcuR",492.687459028904,498.023811667641,460.797935941002,1183.75210803031,1080.67119514036,1198.1910909401
"AENJPLPP_01865",NA,"hypothetical protein",363.154605950882,361.38904822801,338.131818734486,230.022491038149,225.555010553185,203.335408644637
"AENJPLPP_01866",NA,"hypothetical protein",366.624235944044,301.982629341214,353.065085177018,75.4619239374164,51.633074704946,68.4397229096582
"AENJPLPP_01867",NA,"hypothetical protein",19.661236627914,20.7922466103786,11.7332807762755,29.0937538071967,21.7402419810299,22.8132409698861
"AENJPLPP_01868",NA,"hypothetical protein",363.154605950882,387.131829745621,378.664970507074,768.256936471287,789.895458644086,682.413469012244
"AENJPLPP_01869","mazF","Endoribonuclease toxin MazF",319.205959370839,330.695731803165,313.598595293182,432.76958788205,442.051586947608,428.49217821699
"AENJPLPP_01870",NA,"hypothetical protein",16.1916066347527,31.6834234062913,36.2665042175789,20.0019557424477,28.0811458921636,21.8213609277171
"AENJPLPP_01871",NA,"hypothetical protein",39.322473255828,47.5251351094369,42.6664755500928,40.9130912913703,60.6915088637084,61.4965626144755
"AENJPLPP_01872","ydbD","putative manganese catalase",1323.08557072551,1085.15725166548,1177.59472518256,80.9170027762657,69.7499430224709,78.3585233313478
"AENJPLPP_01873","araN_1","putative arabinose-binding protein",767.9447718197,700.995742864194,751.996631570386,217.2939737475,195.662177829269,201.351648560299
"AENJPLPP_01874","lacF_4","Lactose transport system permease protein LacF",238.247926197076,217.823535918252,241.065586858024,63.6425864532427,55.2564483684509,71.415363036165
"AENJPLPP_01875","araQ_4","L-arabinose transport system permease protein AraQ",123.750136422753,111.882088903466,99.1995556539658,49.0957095496444,55.2564483684509,50.5858821506169
"AENJPLPP_01876",NA,"hypothetical protein",95.9930964774625,94.0601632374272,81.0663035451764,49.0957095496444,42.5746405461835,46.6183619819411
"AENJPLPP_01877",NA,"hypothetical protein",120.280506429592,135.644656458184,114.132822096498,87.28126142159,75.1850035177283,62.4884426566444
"AENJPLPP_01878",NA,"hypothetical protein",9.25234664843012,10.8911767959126,11.7332807762755,10.0009778712239,5.43506049525747,6.94316029518271
"AENJPLPP_01879",NA,"hypothetical protein",67.0795132011184,72.277809645602,76.7996559901671,95.4638796798641,76.9966903494808,90.2610838373753
"AENJPLPP_01880",NA,"hypothetical protein",3.4696299931613,11.8812837773592,15.9999283312848,7.27343845179917,9.96427757463869,6.94316029518271
"AENJPLPP_01882",NA,"hypothetical protein",19.661236627914,25.7427815176117,31.9998566625696,31.8212932266214,28.9869893080398,21.8213609277171
"AENJPLPP_01883",NA,"hypothetical protein",0,4.95053490723301,5.3333094437616,11.8193374841736,9.05843415876245,11.9025605060275
"AENJPLPP_01884","graR","Response regulator protein GraR",2123.41355581471,2227.74070825485,2154.65701527969,2138.39090482895,2398.6733652403,2176.1848125187
"AENJPLPP_01885","graS","Sensor histidine kinase GraS",2064.42984593097,2097.0465867039,1922.12472353168,2131.11746637716,2129.63787072505,2039.30536669938
"AENJPLPP_01886","glcU_2","putative glucose uptake protein GlcU",1892.10488960396,1986.15460478188,1931.72468053045,9308.18285868998,10437.1278377261,11171.544914949
"AENJPLPP_01887","yhdG","putative amino acid permease YhdG",1287.23272746284,1318.82249928687,1415.46032637433,8407.18567047336,6643.45561203638,6859.84237164052
"AENJPLPP_01888",NA,"TelA-like protein",8702.98856617959,8036.69836840207,8149.29683006773,4564.99180831045,4547.33394769875,4434.69566853742
"AENJPLPP_01889",NA,"hypothetical protein",3499.70011976869,3637.65304983482,3598.91721265033,2304.77080941386,2453.02397019287,2387.45526150068
"AENJPLPP_01890","act","Methanol dehydrogenase activator",776.040575137077,780.204301379923,825.596301894296,2138.39090482895,1792.66412001909,1646.52087000047
"AENJPLPP_01891",NA,"hypothetical protein",232.465209541807,254.457494231777,241.065586858024,527.32428775544,509.989843138326,510.818221717014
"AENJPLPP_01892","mtnN","5'-methylthioadenosine/S-adenosylhomocysteine nucleosidase",1635.35227011002,1433.67490913468,1453.86015436941,2922.10389801031,2760.10488817492,2734.61327625982
"AENJPLPP_01893",NA,"hypothetical protein",1430.64410051351,1294.06982475071,1333.3273609404,2017.46999056779,1619.64802758673,1617.75634877757
"AENJPLPP_01894",NA,"hypothetical protein",109.871616450108,80.1986654971748,104.532865097727,145.468769035983,150.370007035457,172.587127337399
"AENJPLPP_01895","pepO","Neutral endopeptidase",6669.78539018707,6717.8758691152,6808.50283590606,6452.44908655234,6917.02032363101,6862.81801176703
"AENJPLPP_01896",NA,"hypothetical protein",2662.36274808577,2586.15943553852,2651.72145543827,2036.56276650377,1749.18363605703,1767.53023514508
"AENJPLPP_01897","prs2","Putative ribose-phosphate pyrophosphokinase 2",8990.96785561197,8519.87057534801,8231.42979550166,7331.62595941356,6349.0565018766,6784.45948843568
"AENJPLPP_01898","iscS_1","Cysteine desulfurase IscS",1080.21147120422,1037.63211655604,1105.0617167474,2895.73768362254,2909.5690517945,2911.16792376589
"AENJPLPP_01899",NA,"hypothetical protein",1142.66481108112,1049.5134003334,1079.46183141735,1745.6252284318,1946.65750071805,1865.72635931981
"AENJPLPP_01900",NA,"hypothetical protein",577.115122195829,500.004025630534,508.797720934857,400.948294655429,381.360078083899,378.898176108542
"AENJPLPP_01901",NA,"hypothetical protein",863.937868297163,744.560450047845,833.062935115562,272.753941942469,282.623145753388,259.872571048267
"AENJPLPP_01902","mnmA","tRNA-specific 2-thiouridylase MnmA",6362.14486412676,6782.23282290922,6964.2354716639,5572.36303388464,6032.91714973579,5986.98793453184
"AENJPLPP_01903","arcD1_1","Arginine/ornithine antiporter ArcD1",2712.09411132108,2770.31933408759,2967.45337450896,96.373059486339,100.548619162263,99.1880042168959
"AENJPLPP_01904","vioD","Capreomycidine synthase",3617.66753953618,3323.78913671624,3827.18285684333,120.011734454686,108.701209905149,117.041844975937
"AENJPLPP_01905","sbnD_2","Staphyloferrin B transporter",663.855872024861,687.134245123942,691.196903911504,139.104510390659,154.899224114838,143.822606114499
"AENJPLPP_01906",NA,"hypothetical protein",919.451948187744,990.106981446602,937.59580021329,931.909301636768,913.090163203255,833.179235421926
"AENJPLPP_01907",NA,"hypothetical protein",1323.08557072551,1126.74174488623,1084.79514086111,1281.9435271296,1193.90162212489,1252.7444932594
"AENJPLPP_01908","topB_2","DNA topoisomerase 3",8196.42258717804,7811.94408361369,7653.2990517979,5726.92360098537,5445.93061624799,5631.89487943535
"AENJPLPP_01909","yfdH","Prophage bactoprenol glucosyl transferase",643.038092065894,629.708040200039,588.797362591281,1821.08715236922,1602.43700268508,1798.27851645232
"AENJPLPP_01910","ogt","Methylated-DNA--protein-cysteine methyltransferase, constitutive",1918.7053862182,1780.21235264099,1833.59178676524,747.345800922364,877.762269984082,824.252315042405
"AENJPLPP_01911",NA,"hypothetical protein",198.925452941248,200.001610252214,198.399111307932,1159.20425325549,1308.94373594117,1306.30601553652
"AENJPLPP_01912",NA,"hypothetical protein",69.3925998632259,78.2184515342816,68.2663608801485,128.19435271296,173.921935848239,166.635847084385
"AENJPLPP_01913","cysL","HTH-type transcriptional regulator CysL",1597.18634018525,1518.82410953909,1591.45953801846,1119.2003417706,1221.98276801705,1253.73637330156
"AENJPLPP_01914","rodA","Peptidoglycan glycosyltransferase RodA",4674.74814411932,4134.68675452101,4399.98029110332,8806.31560551584,8134.47387456868,7518.45071964071
"AENJPLPP_01915","mgsR","Regulatory protein MgsR",588.680555506367,536.637983944058,545.064225152436,1176.47866957852,975.593358898716,1040.48216423524
"AENJPLPP_01916","gcvH","Glycine cleavage system H protein",1664.26585338637,1478.22972329978,1432.52691659437,2690.26304735922,2498.31614098668,2450.9355841995
"AENJPLPP_01917","metN2","Methionine import ATP-binding protein MetN 2",411.729425855141,398.023006541534,427.731417389681,1944.7356060498,2185.80016250938,2196.02241336207
"AENJPLPP_01918","metP_1","Methionine import system permease protein MetP",771.414401812862,685.154031161049,705.063508465284,2206.57939031457,2025.46587789928,1850.84815868728
"AENJPLPP_01919","metQ_1","Methionine-binding lipoprotein MetQ",2793.05214449484,2656.45703122123,2559.98853300557,3163.94572653264,2878.77037565471,3051.02300971172
"AENJPLPP_01920",NA,"putative ABC transporter ATP-binding protein",1798.42487978861,1888.13401361867,1707.72568389246,1824.72387159512,1937.59906655929,1925.23916184995
"AENJPLPP_01921",NA,"hypothetical protein",7966.27046429834,7410.95075612782,7113.56813608922,4231.32281933416,4014.69801916352,3917.92616656739
"AENJPLPP_01922","sufS","Cysteine desulfurase SufS",4256.07945827786,3994.09156315559,3784.51638129323,2016.56081076132,1942.12828363867,2002.60580513913
"AENJPLPP_01923","iscU","Iron-sulfur cluster assembly scaffold protein IscU",2383.63580530181,2338.63269017687,2388.25596891645,1646.52462952604,1654.9759208059,1484.84442312693
"AENJPLPP_01924",NA,"hypothetical protein",10283.9832997301,11074.3465874802,10151.4211952558,5842.38943640768,5670.57978338529,5311.51762581478
"AENJPLPP_01925","xerC_7","Tyrosine recombinase XerC",1730.18882325643,1813.87599001018,1775.99204477261,783.71299318136,899.502511965111,880.789477446036
"AENJPLPP_01926",NA,"hypothetical protein",396.694362551442,385.151615782728,326.39853795821,380.037159106506,409.441223976063,420.557137879639
"AENJPLPP_01927",NA,"hypothetical protein",70.5491431942797,75.2481305899418,71.4663465464055,133.64943155181,136.782355797313,130.928165566303
"AENJPLPP_01928",NA,"hypothetical protein",360.841519288775,319.804555007252,381.864956173331,460.044982076297,490.967131404925,463.207979692904
"AENJPLPP_01929",NA,"hypothetical protein",320.362502701893,279.210168767942,342.398466289495,320.031291879163,317.045195556686,338.231094379615
"AENJPLPP_01930",NA,"hypothetical protein",3.4696299931613,1.9802139628932,3.19998566625696,10.9101576776988,6.34090391113372,9.91880042168959
"AENJPLPP_01931",NA,"hypothetical protein",26.6004966142366,34.6537443506311,17.0665902200371,62.7334066467678,71.5616298542234,60.5046825723065
"AENJPLPP_01932",NA,"hypothetical protein",5.78271665526883,7.92085585157282,8.53329511001856,19.0927759359728,22.6460853969061,18.8457208012102
"AENJPLPP_01933",NA,"hypothetical protein",10.4088899794839,15.8417117031456,19.1999139975418,60.0058672273431,63.4090391113372,72.407243078334
"AENJPLPP_01934",NA,"hypothetical protein",1372.81693396082,1342.58506684159,1227.72783395392,1976.55689927642,2070.7580486931,1985.74384442226
"AENJPLPP_01935",NA,"hypothetical protein",1791.48561980228,1791.1035294369,1590.39287612971,2072.02077895629,1990.13798468011,2057.15920745842
"AENJPLPP_01936",NA,"hypothetical protein",9048.79502216466,8404.02805851876,8291.16286127179,7437.09081696465,7667.96451539241,7469.84859757443
"AENJPLPP_01938",NA,"hypothetical protein",262.535336149205,235.645461584291,241.065586858024,270.935582329519,269.035494515245,300.539652777195
"AENJPLPP_01939",NA,"hypothetical protein",70.5491431942797,59.4064188867961,60.7997276588823,84.5537220021653,86.9609679241195,102.163644343403
"AENJPLPP_01940","yknY","putative ABC transporter ATP-binding protein YknY",33.5397566005592,25.7427815176117,26.666547218808,43.640630710795,60.6915088637084,51.5777621927859
"AENJPLPP_01941",NA,"hypothetical protein",141.098286388559,156.436903068563,106.666188875232,108.192396970513,122.288861143293,107.123044554248
"AENJPLPP_01942","prsA_3","Foldase protein PrsA",2310.77357544542,2401.99953698946,2231.45667126985,13460.4070348608,14750.7541841288,14196.7790435643
"AENJPLPP_01943",NA,"hypothetical protein",277.570399452904,261.388243101903,239.998924969272,90.9179806474896,108.701209905149,105.13928446991
"AENJPLPP_01944",NA,"Putative lipid kinase",2396.3577819434,2360.4150437687,2141.85707261466,1269.21500983895,1135.02180009294,1047.42532453042
"AENJPLPP_01945",NA,"hypothetical protein",142.254829719613,131.684228532398,134.399397982792,99.1005989057636,96.9252454987582,82.3260435000236
"AENJPLPP_01946",NA,"hypothetical protein",35.8528432626667,32.6735303877379,36.2665042175789,5.45507883884938,19.9285551492774,10.9106804638585
"AENJPLPP_01947",NA,"hypothetical protein",25.4439532831828,41.5844932207573,35.1998423288266,16.3652365165481,24.4577722286586,18.8457208012102
"AENJPLPP_01948",NA,"hypothetical protein",149.194089705936,142.575405328311,167.465916534114,107.283217164038,130.441451886179,120.017485102444
"AENJPLPP_01949",NA,"hypothetical protein",451.051899110969,416.835039189019,467.197907273516,315.485392846789,379.548391252147,385.841336403725
"AENJPLPP_01950",NA,"hypothetical protein",121.437049760645,133.664442495291,131.199412316535,248.206087167647,207.43814223566,280.702051933815
"AENJPLPP_01951",NA,"hypothetical protein",25.4439532831828,24.7526745361651,29.866532885065,30.0029336136716,45.2921707938123,42.6508418132652
"AENJPLPP_01952",NA,"hypothetical protein",962.244051436733,948.522488225845,939.729123990794,488.229556077019,516.33074704946,536.607102813407
"AENJPLPP_01953","strA","Sortase A",3257.98256357846,3103.9853868351,3047.45301616538,1245.57633487061,1345.17747257622,1392.59957920522
"AENJPLPP_01954","licT_2","Transcription antiterminator LicT",3632.70260283988,3446.56240241562,4082.11504825513,900.997188216622,995.521914047993,781.60147322914
"AENJPLPP_01956","bglF_2","PTS system beta-glucoside-specific EIIBCA component",294.91854941871,284.160703675175,303.998638294411,145.468769035983,130.441451886179,120.017485102444
"AENJPLPP_01957","bglH_1","Aryl-phospho-beta-D-glucosidase BglH",307.640526060302,333.666052747505,334.931833068229,347.30668607341,313.421821893181,307.482813072377
"AENJPLPP_01958",NA,"hypothetical protein",897.477624897722,1041.59254448183,983.46226142964,474.591858979896,536.259302198737,497.923781168817
"AENJPLPP_01959","fruA_2","PTS system fructose-specific EIIB'BC component",1110.28159781161,1153.47463338529,1110.39502619117,581.875076143933,518.142433881212,517.761382012197
"AENJPLPP_01960",NA,"hypothetical protein",412.885969186194,379.210973894049,381.864956173331,127.285172906485,141.311572876694,132.911925650641
"AENJPLPP_01961","yvdD","LOG family protein YvdD",107.558529788,124.753479662272,138.666045537802,3717.63622867585,3406.87708711056,3793.94116129627
"AENJPLPP_01962",NA,"hypothetical protein",276.41385612185,272.279419897816,284.79872429687,4997.7613961925,4985.76216098285,4959.40021084479
"AENJPLPP_01963",NA,"Deoxyguanosine kinase",486.904742373635,476.241458075816,446.931331387222,6390.62485971204,5937.80359106879,6082.20841858006
"AENJPLPP_01964",NA,"hypothetical protein",617.594138782711,595.054295849408,534.397606264913,650.06356162955,729.203949780377,705.22670998213
"AENJPLPP_01965",NA,"hypothetical protein",1457.24459712774,1493.08132802148,1276.79428083653,1353.76873184112,1350.61253307148,1461.03930211488
"AENJPLPP_01966","rbsR","Ribose operon repressor",306.483982729248,240.595996491524,281.598738630613,590.966874208682,578.833942744921,637.778867114641
"AENJPLPP_01967","gmuD_2","6-phospho-beta-glucosidase GmuD",343.493369322968,332.675945766058,327.465199846962,648.245202016601,673.04165799605,685.389109138751
"AENJPLPP_01968",NA,"hypothetical protein",314.579786046624,343.567122561971,293.332019406888,1038.28333899433,978.310889146345,1080.157365922
"AENJPLPP_01969","ltaS1_2","Lipoteichoic acid synthase 1",1217.84012759962,1218.82169416077,1234.12780528643,1518.33027681308,1718.38495991724,1643.54522987397
"AENJPLPP_01970",NA,"hypothetical protein",117.967419767484,131.684228532398,121.599455317765,85.4629018086402,81.5259074288621,89.2692037952063
"AENJPLPP_01971","ndk","Nucleoside diphosphate kinase",5500.52008249171,5111.92234520881,5044.24407190972,947.365358346841,865.080462161814,888.724517783387
"AENJPLPP_01972","mgtA","Magnesium-transporting ATPase, P-type 1",717.056865253335,718.817668530233,830.929611338058,3683.99657583628,3500.17895894581,3591.5976326938
"AENJPLPP_01973",NA,"Phosphorylated carbohydrates phosphatase",1666.57894004848,1612.88427277651,1634.12601356855,5541.45092046449,4865.28498667131,4928.65192953756
"AENJPLPP_01974",NA,"hypothetical protein",902.103798221937,905.947888023641,938.662462102042,1461.05194900516,1337.02488183334,1420.37222038595
"AENJPLPP_01975","metN","Methionine import ATP-binding protein MetN",50.8879065663657,56.4360979424563,49.0664468826067,105.464857551088,79.7142205971096,99.1880042168959
"AENJPLPP_01976","metP_2","Methionine import system permease protein MetP",27.7570399452904,28.7131024619515,21.3332377750464,43.640630710795,39.8571102985548,33.7239214337446
"AENJPLPP_01977","metQ_2","D-methionine-binding lipoprotein MetQ",87.8972931600862,71.2877026641554,69.3330227689008,114.556655615837,124.100547975046,146.798246241006
"AENJPLPP_01978","abgB","p-aminobenzoyl-glutamate hydrolase subunit B",105.245443125893,104.95134003334,115.199483985251,115.465835422312,153.993380698962,120.017485102444
"AENJPLPP_01979","nhaC_3","Na(+)/H(+) antiporter NhaC",2091.03034254521,2199.0276057929,2058.65744529198,1600.15645939582,1636.85905248837,1565.18670654262
"AENJPLPP_01980",NA,"hypothetical protein",3641.95494948831,3436.66133260116,3283.18529357964,612.78718956408,644.960512103886,667.535268379709
"AENJPLPP_01981","yvbW","putative amino acid permease YvbW",2692.43287469317,2929.7265581005,2778.65422019979,180.017601682029,143.123259708447,152.74952649402
"AENJPLPP_01982",NA,"hypothetical protein",2362.81802534284,2147.54204275768,2245.32327582363,589.148514595732,604.197558389455,518.753262054366
"AENJPLPP_01983","panE","2-dehydropantoate 2-reductase",4219.07007168414,4645.58195694746,4172.78130879908,4657.72814857089,4666.90527859441,4315.67006347714
"AENJPLPP_01984","garK","Glycerate 2-kinase",940.269728146711,946.542274262952,919.4625481045,542.780344465513,516.33074704946,494.948141042311
"AENJPLPP_01985","eat(A)","ABC-F type ribosomal protection protein Eat(A)",2741.00769459742,2561.40676100236,2795.72081041983,770.984475890712,728.298106364501,744.901911668888
"AENJPLPP_01986","pspB","Putative phosphoserine phosphatase 2",1496.56707038357,1355.4564576004,1345.06064171668,1117.38198215765,1111.46987128015,1143.63768862081
"AENJPLPP_01987",NA,"hypothetical protein",92.5234664843012,92.079949274534,93.8662462102042,91.8271604539645,87.8668113399958,96.212364090389
"AENJPLPP_01988","murQ","N-acetylmuramic acid 6-phosphate etherase",200.081996272301,190.100540437748,211.199053972959,280.027380394268,244.577722286586,266.81573134345
"AENJPLPP_01989",NA,"hypothetical protein",634.942288748517,622.777291329913,661.330371026439,810.988387375607,648.583885767392,655.632707873682
"AENJPLPP_01990",NA,"Putative NrdI-like protein",727.465755232819,720.797882493126,692.263565800256,1499.2375008771,1268.18078222674,1295.39533507266
"AENJPLPP_01991","arcD1_2","Arginine/ornithine antiporter ArcD1",4365.95107472796,4102.01322413327,4108.78159547394,4666.81994663564,4410.55159190144,4194.66069833253
"AENJPLPP_01992",NA,"hypothetical protein",1042.04554127944,1102.97917733151,1045.32865097727,949.183717959791,991.898540384488,950.221080397863
"AENJPLPP_01993","bcrA_2","Bacitracin transport ATP-binding protein BcrA",1600.65597017841,1729.71689658721,1692.79241744993,1581.06368345984,1786.32321610796,1763.56271497641
"AENJPLPP_01994","gdx","Guanidinium exporter",92.5234664843012,98.0205911632136,88.5329367664426,166.379904584906,225.555010553185,199.367888475961
"AENJPLPP_01995",NA,"hypothetical protein",1635.35227011002,1659.41930090451,1674.65916534114,4133.13140023488,3973.02922203321,3848.49456361556
"AENJPLPP_01996",NA,"hypothetical protein",2958.43784083553,2908.93431149012,2900.25367551756,4530.44297566441,4255.6523677866,4308.72690318196
"AENJPLPP_01997","pcp","Pyrrolidone-carboxylate peptidase",1927.95773286663,1859.42091115672,1923.19138542043,2454.78547748222,2630.56927970462,2724.69447583813
"AENJPLPP_01998",NA,"hypothetical protein",371.250409268259,329.705624821719,378.664970507074,1626.52267378359,1606.96621976446,1584.03242734383
"AENJPLPP_01999","pnuC","Nicotinamide riboside transporter PnuC",602.559075479012,625.747612274253,603.730629033813,2398.41632948077,2348.8519773671,2413.24414259708
"AENJPLPP_02000",NA,"hypothetical protein",203.551626265463,199.011503270767,179.19919731039,506.413152206517,496.402191900182,468.167379903749
"AENJPLPP_02001",NA,"hypothetical protein",600.245988816904,581.192798109155,554.664182151207,1253.75895312888,1051.68420583232,1124.7919678196
"AENJPLPP_02002",NA,"hypothetical protein",990.001091382023,973.27516276201,1059.19525553105,1393.77264332602,1575.26170020879,1422.35598047029
"AENJPLPP_02003",NA,"hypothetical protein",4275.74069490577,4043.59691222792,4052.24851537007,4939.57388857811,4637.91828928637,4577.52639460975
"AENJPLPP_02004",NA,"hypothetical protein",759.848968502324,759.412054769544,683.730270690237,498.230533948243,500.931408979564,507.842581590507
"AENJPLPP_02005","ywpJ_2","Phosphatase YwpJ",3112.25810386568,3149.53030798164,3111.45272949052,2552.97689658151,2425.84866771658,2457.87874449468
"AENJPLPP_02006","ung","Uracil-DNA glycosylase",520.444498974195,522.776486203806,509.864382823609,518.232489690691,548.035266605128,573.306664373658
"AENJPLPP_02007","pta","Phosphate acetyltransferase",2185.86689569162,2082.1949819822,2074.65737362326,6667.92470068689,6862.66971867843,6724.94668590554
"AENJPLPP_02008","tsaE","tRNA threonylcarbamoyladenosine biosynthesis protein TsaE",375.876582592474,404.95375541166,417.064798502157,502.776432980617,391.324355658538,340.214854463953
"AENJPLPP_02009",NA,"hypothetical protein",1022.38430465153,1008.91901409409,948.262419100813,737.34482305114,577.022255913168,589.176745048362
"AENJPLPP_02010","polC_2","DNA polymerase III PolC-type",1296.48507411127,1287.13907588058,1227.72783395392,642.790123177751,645.866355519763,667.535268379709
"AENJPLPP_02011","exoA","Exodeoxyribonuclease",1445.67916381721,1399.02116478405,1349.32728927169,978.277471766988,913.996006619131,1020.64456339186
"AENJPLPP_02012","yceM","Putative oxidoreductase YceM",1239.81445088964,1257.43586643718,1119.99498318994,583.693435756883,587.892376903683,582.233584753179
"AENJPLPP_02013","murB","UDP-N-acetylenolpyruvoylglucosamine reductase",2527.04717835248,2413.88082076682,2362.65608358639,6198.78792054584,5655.1804453154,5446.41331154975
"AENJPLPP_02014",NA,"hypothetical protein",71.7056865253335,47.5251351094369,71.4663465464055,34.548832646046,31.7045195556686,27.7726411807309
"AENJPLPP_02015",NA,"hypothetical protein",123.750136422753,120.793051736485,130.132750427783,103.646497938138,146.746633371952,118.033725018106
"AENJPLPP_02016",NA,"hypothetical protein",2139.60516244947,1942.58989759823,1925.32470919794,750.073340341789,793.518832307591,744.901911668888
"AENJPLPP_02017",NA,"hypothetical protein",404.790165868818,415.844932207573,406.398179614634,410.949272526653,413.970441055444,399.72765699409
"AENJPLPP_02018",NA,"Fumarate reductase flavoprotein subunit",782.979835123399,820.798687619233,1025.06207509098,918.271604539645,835.187629437898,804.414714199026
"AENJPLPP_02019",NA,"2-haloacrylate reductase",3441.87295321601,3334.68031351216,3325.85176912974,1783.81078030375,1749.18363605703,1896.47464062705
"AENJPLPP_02020","yhfK","putative sugar epimerase YhfK",1537.04608697045,1484.17036518846,1439.99354981563,936.455200669143,842.434376764908,874.838197193022
"AENJPLPP_02021","panT_2","Pantothenic acid transporter PanT",647.664265390109,622.777291329913,569.597448593739,430.951228269101,461.980142096885,441.386618765187
"AENJPLPP_02022","coaBC_1","Coenzyme A biosynthesis bifunctional protein CoaBC",856.99860831084,884.165534431816,907.729267328225,719.161226921643,653.113102846773,712.169870277313
"AENJPLPP_02023","coaBC_2","Coenzyme A biosynthesis bifunctional protein CoaBC",1446.83570714826,1517.83400255764,1429.32693092811,1171.02359073967,1133.21011326118,1019.65268334969
"AENJPLPP_02024","acuI","putative acrylyl-CoA reductase AcuI",1161.16950437798,1214.86126623498,1162.66145874003,754.619239374163,790.801302059962,796.479673861674
"AENJPLPP_02025",NA,"hypothetical protein",128.376309746968,125.743586643718,102.399541320223,582.784255950408,525.389181208222,544.542143150759
"AENJPLPP_02026","potA","Spermidine/putrescine import ATP-binding protein PotA",777.19711846813,753.471412880864,695.463551466513,1451.05097113393,1085.20041221974,1101.97872684971
"AENJPLPP_02027","potB","Spermidine/putrescine transport system permease protein PotB",512.348695656818,506.93477450066,490.664468826067,690.067473114446,577.928099329044,615.957506186924
"AENJPLPP_02028","ydcV","Inner membrane ABC transporter permease protein YdcV",646.507722059055,669.312319457903,660.263709137686,991.005989057636,833.375942606145,863.927516729163
"AENJPLPP_02029","potD","Spermidine/putrescine-binding periplasmic protein",1452.61842380353,1712.88507790262,1583.9929047972,2253.85674025127,2035.43015547392,2007.56520534997
"AENJPLPP_02030","dgaR_1","Transcriptional regulatory protein DagR",3780.74014921476,3747.55492477539,3628.78374553539,7988.96295949491,8427.06129789671,7935.04033735167
"AENJPLPP_02031",NA,"hypothetical protein",5396.43118269687,4554.49211465437,5219.1766216651,168.198264197856,153.087537283085,139.855085945823
"AENJPLPP_02032",NA,"putative phosphotransferase enzyme IIB component",1789.17253314018,1685.16208242212,1859.19167209529,77.2802835503661,64.3148825272134,56.5371624036307
"AENJPLPP_02033",NA,"hypothetical protein",1674.67474336585,1667.34015675608,1955.191242083,124.557633487061,144.029103124323,107.123044554248
"AENJPLPP_02034","manZ_3","PTS system mannose-specific EIID component",316.892872708732,289.111238582408,354.13174706577,130.921892132385,118.665487479788,115.058084891599
"AENJPLPP_02035",NA,"hypothetical protein",144.567916381721,135.644656458184,136.532721760297,270.026402523044,289.869893080398,286.653332186829
"AENJPLPP_02036",NA,"hypothetical protein",76.3318598495485,86.1393073858544,63.9997133251392,240.932648715847,213.779046146794,241.026850247057
"AENJPLPP_02037","gmuE_3","Putative fructokinase",62.4533398769033,83.1689864415146,77.8663178789194,245.478547748222,208.343985651536,181.514047716919
"AENJPLPP_02038",NA,"hypothetical protein",314.579786046624,285.150810656621,306.131962071916,414.585991752553,525.389181208222,529.663942518224
"AENJPLPP_02039",NA,"hypothetical protein",11.5654333105377,16.8318186845922,7.46663322126624,61.8242268402929,70.6557864383471,68.4397229096582
"AENJPLPP_02040",NA,"hypothetical protein",63.6098832079571,61.3866328496893,77.8663178789194,166.379904584906,193.850490997516,174.570887421737
"AENJPLPP_02041",NA,"hypothetical protein",19.661236627914,20.7922466103786,17.0665902200371,34.548832646046,38.0454234668023,51.5777621927859
"AENJPLPP_02042","xerC_8","Tyrosine recombinase XerC",400.163992544603,417.825146170466,377.598308618321,527.32428775544,485.532070909667,499.907541253155
"AENJPLPP_02043","metE","5-methyltetrahydropteroyltriglutamate--homocysteine methyltransferase",974.966028078324,1027.73104674157,986.662247095896,1715.62229481813,1732.87845457126,1737.77383388002
"AENJPLPP_02045","glnR","HTH-type transcriptional regulator GlnR",7899.19095109722,7800.06279983633,9807.95606707759,8415.36828873164,8350.9704509631,8279.2227119843
"AENJPLPP_02046","glnA","Glutamine synthetase",45346.9074672871,44536.9922394311,51750.1681947076,37454.5713075398,37473.8362713844,37775.7514060048
"AENJPLPP_02047",NA,"hypothetical protein",259.065706156043,285.150810656621,275.198767298099,331.850629363337,333.350377042458,366.995615602515
"AENJPLPP_02048","pyrG","CTP synthase",1472.27966043144,1416.84309045009,1442.12687359314,7398.9052650927,7048.36761893306,7079.04786095986
"AENJPLPP_02049","fba","Fructose-bisphosphate aldolase",40394.5889237149,44749.8652404421,40806.2172161088,187888.371266683,205783.166314854,196547.973516074
"AENJPLPP_02050","murA1_1","UDP-N-acetylglucosamine 1-carboxyvinyltransferase",4478.13577784018,4215.87552699963,4565.31288385993,5548.72435891629,4978.51541365584,4513.05419186876
"AENJPLPP_02051","rho","Transcription termination factor Rho",2303.8343154591,2210.90888957026,2298.65637026125,2795.7279049103,2549.94921569163,2385.47150141635
"AENJPLPP_02052","rpmE2","50S ribosomal protein L31 type B",6103.07915797072,6165.39617346799,6133.30586032584,22819.5039627134,28471.5644044063,27686.3476170622
"AENJPLPP_02053","fruA_3","PTS system fructose-specific EIIABC component",19.661236627914,12.8713907588058,15.9999283312848,9.09179806474896,13.5876512381437,6.94316029518271
"AENJPLPP_02054","fruA_4","PTS system fructose-specific EIIABC component",37.0093865937205,44.5548141650971,30.9331947738173,28.1845740007218,21.7402419810299,18.8457208012102
"AENJPLPP_02055","kbaY","D-tagatose-1,6-bisphosphate aldolase subunit KbaY",61.2967965458496,75.2481305899418,76.7996559901671,32.7304730330962,33.5162063874211,42.6508418132652
"AENJPLPP_02056","ydjF","putative HTH-type transcriptional regulator YdjF",154.976806361205,147.525940235544,177.065873532885,75.4619239374164,66.1265693589659,70.4234829939961
"AENJPLPP_02057",NA,"hypothetical protein",2775.70399452904,3079.23271229893,2774.38757264479,467.318420528096,425.746405461835,388.816976530232
"AENJPLPP_02058","yfcJ","putative MFS-type transporter YfcJ",104.088899794839,115.842516829252,99.1995556539658,363.671922589958,490.061287989049,380.88193619288
"AENJPLPP_02059",NA,"hypothetical protein",2.31308666210753,0.990106981446602,4.26664755500928,40.9130912913703,50.7272312890697,36.6995615602515
"AENJPLPP_02060","larR","Lactate racemization regulatory protein",336.554109336646,366.339583135243,369.065013508303,608.241290531705,625.031956954609,618.93314631343
"AENJPLPP_02061",NA,"hypothetical protein",7555.69758177425,7099.06705697214,6901.30242022751,2624.80210129302,2673.1439202508,2637.40903212726
"AENJPLPP_02062",NA,"hypothetical protein",6378.33647076152,6277.27826237146,6453.30442695154,2259.31181909012,2076.19310918835,2020.45964589817
"AENJPLPP_02063",NA,"hypothetical protein",9713.80743752058,9871.36660502262,9535.95728544575,2703.90074445634,2827.13730094976,2777.26411807309
"AENJPLPP_02064",NA,"hypothetical protein",5066.81633334655,4708.94880376004,4746.64540494783,7802.58109916756,7612.70806702396,7930.08093714083
"AENJPLPP_02065",NA,"Nucleoid-associated protein",865.094411628217,923.76981368968,936.529138324537,1197.38980512744,1378.69367896364,1344.98933718111
"AENJPLPP_02066","recR","Recombination protein RecR",3477.72579647867,3252.50143405209,3123.18601026679,4415.88632004857,4284.63935709464,4325.58886389883
"AENJPLPP_02067","tmk","Thymidylate kinase",4663.18271080878,4311.91590419995,4398.91362921457,5260.51436026375,5201.3528939614,5118.10101759183
"AENJPLPP_02068","darA","Cyclic di-AMP receptor A",2020.48119935093,2026.74899102119,1843.19174376401,1430.13983558501,1415.83325901457,1583.04054730166
"AENJPLPP_02069",NA,"hypothetical protein",1956.87131614297,1851.50005530515,1865.59164342781,3166.67326595206,3280.96485230376,3446.78314653713
"AENJPLPP_02070",NA,"hypothetical protein",5705.22825208823,6295.1001880375,5917.84015879787,5285.97139484504,5122.54451678017,5488.07227332085
"AENJPLPP_02071","yabA","Initiation-control protein YabA",1105.6554244874,1067.33532599944,1012.26213242595,741.890722083515,808.918170377487,970.058681241242
"AENJPLPP_02072","rsmI","Ribosomal RNA small subunit methyltransferase I",621.063768775872,643.569537940291,635.730485696383,1232.84781757996,1318.00217009994,1274.56585418711
"AENJPLPP_02073","dinB","DNA polymerase IV",2255.25949555484,2175.26503823818,2161.0569866122,1049.19349667203,1013.63878236552,952.204840482201
"AENJPLPP_02074",NA,"hypothetical protein",622.220312106926,619.806970385573,758.3966029029,1452.86933074688,1314.37879643643,1396.56709937389
"AENJPLPP_02075","nrdD","Anaerobic ribonucleoside-triphosphate reductase",6591.14044367541,6170.34670837522,6971.70210488517,8133.52254872442,7535.71137667448,7769.39637030946
"AENJPLPP_02076","bceA_2","Bacitracin export ATP-binding protein BceA",1237.50136422753,1227.73265699379,1217.0612150664,580.056716530984,512.707373385955,589.176745048362
"AENJPLPP_02077","bceB_2","Bacitracin export permease protein BceB",5828.97838851098,5622.81754763525,5463.44219418939,2606.61850516353,2577.12451816792,2731.63763613331
"AENJPLPP_02078","dltA","D-alanine--D-alanyl carrier protein ligase",541.262278933162,580.202691127709,578.130743703758,2425.69172367502,2898.69893080398,2656.25475292847
"AENJPLPP_02079",NA,"hypothetical protein",1020.07121798942,1212.88105227209,1039.99534153351,2970.29042775348,2969.35471724233,3098.63325173583
"AENJPLPP_02080","dltC","D-alanyl carrier protein",387.442015903011,423.765788059146,356.265070843275,1198.29898493391,1407.68066827168,1176.36973001239
"AENJPLPP_02081","dltD","Protein DltD",941.426271477765,1066.34521901799,860.796144223123,1879.27465998361,1848.82641180342,1976.81692404274
"AENJPLPP_02082",NA,"hypothetical protein",513.505238987872,524.756700166699,492.797792603572,1168.29605132024,1081.57703855624,978.985601620763
"AENJPLPP_02083","ysdC","Putative aminopeptidase YsdC",4897.9610070127,4942.61405138144,4759.44534761285,3240.31683027653,3227.52009076706,3238.48833768165
"AENJPLPP_02084",NA,"hypothetical protein",3936.87349890702,4100.03301017038,3849.58275650712,2335.68292283401,2048.11196329619,2146.42841125363
"AENJPLPP_02085",NA,"putative protein",3145.79786046624,2970.32094433981,2756.254320536,2122.02566831241,2123.29696681392,2253.55145580787
"AENJPLPP_02086","lplJ","Lipoate-protein ligase LplJ",6362.14486412676,6027.77130304691,5834.64053147519,3889.4712120996,3731.16902999425,3828.65696277218
"AENJPLPP_02087",NA,"hypothetical protein",586.367468844259,553.469802628651,570.664110482491,1564.6984469433,1717.47911650136,1673.30163113903
"AENJPLPP_02088",NA,"hypothetical protein",70.5491431942797,72.277809645602,62.9330514363869,167.289084391381,206.532298819784,197.384128391623
"AENJPLPP_02089","trmR","tRNA 5-hydroxyuridine methyltransferase",1047.82825793471,1114.86046110887,1039.99534153351,2441.1477803851,2575.31283133616,2660.22227309715
"AENJPLPP_02091",NA,"hypothetical protein",57.8271665526883,59.4064188867961,54.3997563263683,181.835961294979,196.568021245145,220.197369361509
"AENJPLPP_02092","dauA","C4-dicarboxylic acid transporter DauA",609.498335465334,579.212584146262,668.797004247705,4888.65981941551,4852.60317884904,4488.25719081454
"AENJPLPP_02093","udg","Type-4 uracil-DNA glycosylase",553.984255574754,553.469802628651,487.46448315981,315.485392846789,335.162063874211,360.052455307332
"AENJPLPP_02094","rplU","50S ribosomal protein L21",12192.2797959688,11660.4899204966,11537.0149887451,60264.074292382,67507.0747247613,62382.3114921323
"AENJPLPP_02095",NA,"hypothetical protein",5128.1131298924,4651.52259883614,4734.91212417155,20536.5534686549,22582.6763577948,21544.626395952
"AENJPLPP_02096","rpmA","50S ribosomal protein L27",19650.8277379345,17926.8770060722,17351.388944334,65703.6970745213,59608.1201383204,58856.1779422217
"AENJPLPP_02097","dgaR_2","Transcriptional regulatory protein DagR",12329.9084523642,12162.4741600901,12532.210530951,7178.88375192578,7499.47764003943,7306.18839061655
"AENJPLPP_02098","manX_2","PTS system mannose-specific EIIAB component",13256.2996605383,12009.9976849473,11669.2810629504,5012.3082730961,5002.9731858845,5017.92113333276
"AENJPLPP_02099","manX_3","PTS system mannose-specific EIIAB component",38138.172884829,34682.457453093,34805.1774299882,11801.1538880441,12148.2660503163,11347.1076824129
"AENJPLPP_02100","sorA_1","PTS system sorbose-specific EIIC component",8848.71302589236,8620.86148745556,8782.89399198661,5097.77117490474,4898.80119305873,5126.03605792918
"AENJPLPP_02101","manZ_4","PTS system mannose-specific EIID component",7224.92618909287,7687.19060395142,7265.03412429205,5149.59442387381,4993.91475172574,5582.3008773269
"AENJPLPP_02102",NA,"hypothetical protein",750.596621853894,719.80777551168,698.66353713277,374.582080267657,373.207487341013,447.337899018201
"AENJPLPP_02103",NA,"hypothetical protein",647.664265390109,598.024616793748,653.863737805172,787.34971240726,688.440996065946,712.169870277313
"AENJPLPP_02104","ypdF","Aminopeptidase YpdF",11122.4772147441,10781.2749209721,10878.8846033849,6122.41681680195,6098.13787567888,5707.27776264019
"AENJPLPP_02105",NA,"putative protein",20720.6303191593,19354.6112733182,20475.6416164895,9692.76591682886,10685.3289336762,9757.12397481605
"AENJPLPP_02106","nusB","Transcription antitermination protein NusB",5216.01042305248,6114.90071741422,5810.10730803389,3048.47989111033,3662.32493038766,3666.98051589864
"AENJPLPP_02107","folD","Bifunctional protein FolD protein",3081.03143392723,3048.53939587409,3078.3862109392,1688.34690062388,1612.40128025972,1689.17171181374
"AENJPLPP_02108","xseA","Exodeoxyribonuclease 7 large subunit",4856.32544709476,4501.02633765625,4468.24665198347,2518.42806393546,2489.25770682792,2615.58767119954
"AENJPLPP_02109","xseB","Exodeoxyribonuclease 7 small subunit",475.339309063098,408.914183337447,377.598308618321,348.215865879885,348.749715112354,396.752016867584
"AENJPLPP_02110",NA,"Farnesyl diphosphate synthase",2457.65457848925,2464.37627682059,2269.85649926494,1805.63109565914,1755.52453996816,1841.92123830776
"AENJPLPP_02111","tlyA","Hemolysin A",3074.09217394091,2948.53859074798,2749.85434920348,2142.02762405485,2251.92673186835,2247.60017555486
"AENJPLPP_02112","argR_3","Arginine repressor",1924.48810287347,1868.33187398974,1563.7263289109,1587.42794210517,1501.88838352281,1547.33286578358
"AENJPLPP_02113","recN","DNA repair protein RecN",11904.3005065364,11580.2912549995,11281.0161354445,8305.35753214817,8209.65887808641,8079.85482350834
"AENJPLPP_02114",NA,"hypothetical protein",126.06322308486,120.793051736485,118.399469651508,78.189463356841,60.6915088637084,75.3828832048409
"AENJPLPP_02115",NA,"hypothetical protein",1059.39369124525,1008.91901409409,1106.12837863616,480.046937818745,552.564483684509,506.850701548338
"AENJPLPP_02116",NA,"hypothetical protein",97.1496398085163,114.852409847806,120.532793429012,114.556655615837,106.889523073397,125.968765355458
"AENJPLPP_02117","mraZ","Transcriptional regulator MraZ",4197.09574839411,4448.55066763958,4127.98150947148,3519.43503086432,3099.79616912851,3151.20289397078
"AENJPLPP_02118","rsmH","Ribosomal RNA small subunit methyltransferase H",8984.02859562565,9275.32220219177,10136.4879288133,6684.28993720343,6476.78042351515,6218.0959843572
"AENJPLPP_02119","ftsL","Cell division protein FtsL",1895.57451959712,1871.30219493408,1875.19160042658,880.086052667699,1050.77836241644,1038.4984041509
"AENJPLPP_02120","pbpX_2","Penicillin-binding protein 2X",7334.79780554298,7029.75956827088,7301.30062850963,13319.4841648572,11847.5260362454,11304.4568405996
"AENJPLPP_02121","mraY","Phospho-N-acetylmuramoyl-pentapeptide-transferase",2761.82547455639,2824.77521806716,2642.1214984395,4828.65395218817,4694.98642448658,4634.06355701338
"AENJPLPP_02122","murD","UDP-N-acetylmuramoylalanine--D-glutamate ligase",1852.78241634813,1895.0647624888,1697.05906500494,4011.30130616724,4031.90904406517,3949.66632791679
"AENJPLPP_02123","murG","UDP-N-acetylglucosamine--N-acetylmuramyl-(pentapeptide) pyrophosphoryl-undecaprenol N-acetylglucosamine transferase",2263.35529887222,2206.94846164448,2092.79062573205,3502.1606145413,3011.92935778852,3125.41401287439
"AENJPLPP_02124","divIB","Cell division protein DivIB",5766.52504863407,5716.87771087268,5244.77650699516,7113.42280585958,7446.03287850273,7689.05408689377
"AENJPLPP_02125","ftsA","Cell division protein FtsA",16739.8081736722,17187.2670909316,16772.1915387415,27308.12466728,25745.8815660346,24945.7830605493
"AENJPLPP_02126","ftsZ","Cell division protein FtsZ",17584.0848053415,16634.7873952844,16666.592011755,19803.7545446362,17752.7192643426,18847.7045612946
"AENJPLPP_02127","yggS","Pyridoxal phosphate homeostasis protein",6306.63078423618,5965.39456321578,6031.97298089437,4233.14117894711,3843.49361356291,4087.53765377828
"AENJPLPP_02128","sepF","Cell division protein SepF",13318.7530004152,13305.0576166794,13015.4083665558,9194.53538288062,9194.31067114389,8480.5743605446
"AENJPLPP_02129",NA,"hypothetical protein",19826.6223242547,19770.4562055258,19919.9107724496,14852.3613185739,14257.9753658921,13451.8771318954
"AENJPLPP_02130","divIVA","Cell division protein DivIVA",21590.3509041117,19358.571701244,18326.3179106536,17257.1419067,17590.5732929008,16027.7896014082
"AENJPLPP_02131","ileS","Isoleucine--tRNA ligase",2827.74844442646,2939.62762791496,2822.38735763864,12931.2643874924,13041.4276583703,13270.3630841785
"AENJPLPP_02132","zwf","Glucose-6-phosphate 1-dehydrogenase",3365.54109336646,3369.33405786279,3412.25138211867,5896.94022479617,5866.24196121456,5888.79181035711
"AENJPLPP_02133","dtxR","Diphtheria toxin repressor",646.507722059055,622.777291329913,586.664038813776,1459.23358939221,1616.9304973391,1845.88875847643
"AENJPLPP_02134",NA,"hypothetical protein",356.21534596456,340.596801617631,340.26514251199,320.031291879163,278.093928674007,293.596492482012
"AENJPLPP_02135","sfsA","Sugar fermentation stimulation protein A",1509.28904702516,1437.63533706047,1427.1936071506,1557.4250084915,1827.99201323826,1846.8806385186
"AENJPLPP_02136","iolU_2","scyllo-inositol 2-dehydrogenase (NADP(+)) IolU",2144.23133577368,2192.09685692278,2174.92359116598,2171.12137786205,2303.55980657329,2408.28474238623
"AENJPLPP_02137","yfmL","putative ATP-dependent RNA helicase YfmL",3114.57119052779,2990.12308396874,2973.85334584147,3314.86957440747,3351.62063874211,3209.72381645875
"AENJPLPP_02138","dgaR_3","Transcriptional regulatory protein DagR",3839.7238590985,3956.46749786062,3935.98236949606,2064.74734050449,2148.66058245845,1944.08488265116
"AENJPLPP_02139","ptcB_1","PTS system galactose-specific EIIB component",3281.11343019953,2824.77521806716,3682.11683997301,78.189463356841,74.2791601018521,67.4478428674892
"AENJPLPP_02140","licA_2","Lichenan-specific phosphotransferase enzyme IIA component",5089.94719996762,5171.3287640956,6662.37015714699,119.102554648211,142.21741629257,98.1961241747269
"AENJPLPP_02141","celB","PTS system cellobiose-specific EIIC component",6733.39527339502,6342.62532314693,9303.42499369774,182.745141101454,171.20440560061,151.757646451851
"AENJPLPP_02142",NA,"hypothetical protein",207.021256258624,166.337972883029,231.465629859254,6.36425864532427,4.52921707938123,1.98376008433792
"AENJPLPP_02143",NA,"hypothetical protein",65.9229698700646,41.5844932207573,56.533080103873,1.81835961294979,0.905843415876245,0.991880042168959
"AENJPLPP_02144",NA,"hypothetical protein",62.4533398769033,61.3866328496893,72.5330084351578,5.45507883884938,3.62337366350498,3.96752016867584
"AENJPLPP_02145","eis_2","N-acetyltransferase Eis",521.601042305248,547.529160739971,559.997491594968,304.57523516909,273.564711594626,242.018730289226
"AENJPLPP_02146",NA,"hypothetical protein",1399.41743057506,1956.45139533849,1626.65938034729,240.932648715847,277.188085258131,327.320413915756
"AENJPLPP_02148","xerC_9","Tyrosine recombinase XerC",935.643554822496,1013.86954900132,935.462476435785,523.68756852954,578.833942744921,576.282304500165
"AENJPLPP_02149",NA,"hypothetical protein",204.708169596516,235.645461584291,246.398896301786,129.103532519435,134.064825549684,135.887565777147
"AENJPLPP_02150",NA,"hypothetical protein",708.961061935958,788.125157231495,743.463336460367,630.061605887103,654.924789678525,660.592108084527
"AENJPLPP_02151",NA,"hypothetical protein",685.830195314883,766.34280363967,666.6636804702,1076.46889086628,1030.84980726717,1019.65268334969
"AENJPLPP_02152",NA,"hypothetical protein",252.126446169721,251.487173287437,232.532291748006,349.12504568636,339.691280953592,333.27169416877
"AENJPLPP_02153",NA,"hypothetical protein",452.208442442022,427.726215984932,429.864741167185,428.223688849676,440.239900115855,447.337899018201
"AENJPLPP_02154",NA,"hypothetical protein",1010.81887134099,1067.33532599944,1062.39524119731,1065.55873318858,1230.13535875994,1240.84193275337
"AENJPLPP_02155",NA,"hypothetical protein",2169.67528905686,2260.41423864259,2141.85707261466,96.373059486339,115.947957232159,117.041844975937
"AENJPLPP_02156",NA,"hypothetical protein",197.768909610194,251.487173287437,194.132463752922,10.9101576776988,15.3993380698962,15.8700806747033
"AENJPLPP_02157",NA,"hypothetical protein",336.554109336646,434.656964855058,322.131890403201,39.0947316784205,34.4220498032973,35.7076815180825
"AENJPLPP_02158",NA,"hypothetical protein",136.472113064344,119.802944755039,134.399397982792,11.8193374841736,5.43506049525747,10.9106804638585
"AENJPLPP_02159",NA,"hypothetical protein",1105.6554244874,1236.64361982681,1212.79456751139,191.836939166203,183.886213422878,202.343528602468
"AENJPLPP_02160",NA,"hypothetical protein",1126.47320444637,1184.16794981014,1140.26155907623,135.467791164759,125.912234806798,121.009365144613
"AENJPLPP_02161",NA,"hypothetical protein",368.937322606151,390.102150689961,345.598451955752,36.3671922589958,53.4447615366985,32.7320413915756
"AENJPLPP_02163",NA,"hypothetical protein",587.524012175313,579.212584146262,533.33094437616,70.006845098567,72.4674732700996,85.3016836265305
"AENJPLPP_02164",NA,"hypothetical protein",166.542239671742,156.436903068563,211.199053972959,22.7294951618724,24.4577722286586,10.9106804638585
"AENJPLPP_02165",NA,"hypothetical protein",18.5046932968602,16.8318186845922,38.3998279950835,5.45507883884938,3.62337366350498,2.97564012650688
"AENJPLPP_02166",NA,"hypothetical protein",49.7313632353119,42.5746002022039,38.3998279950835,6.36425864532427,6.34090391113372,5.95128025301375
"AENJPLPP_02167",NA,"hypothetical protein",195.455822948086,172.278614771709,183.465844865399,34.548832646046,28.9869893080398,22.8132409698861
"AENJPLPP_02168",NA,"hypothetical protein",68.2360565321722,84.1590934229612,60.7997276588823,11.8193374841736,13.5876512381437,8.92692037952063
"AENJPLPP_02169",NA,"hypothetical protein",181.577302975441,189.110433456301,185.599168642904,26.366214387772,32.6103629715448,17.8538407590413
"AENJPLPP_02170",NA,"hypothetical protein",83.2711198358711,86.1393073858544,70.3996846576532,18.1835961294979,11.7759644063912,17.8538407590413
"AENJPLPP_02177",NA,"hypothetical protein",10.4088899794839,14.851604721699,23.466561552551,17.274416323023,27.1753024762874,22.8132409698861
"AENJPLPP_02178",NA,"hypothetical protein",72.8622298563872,79.2085585157282,85.3329511001856,5.45507883884938,4.52921707938123,2.97564012650688
"AENJPLPP_02179",NA,"hypothetical protein",87.8972931600862,70.2975956827087,73.5996703239101,16.3652365165481,13.5876512381437,13.8863205903654
"AENJPLPP_02180",NA,"hypothetical protein",64.7664265390109,81.1887724786214,99.1995556539658,21.8203153553975,27.1753024762874,12.8944405481965
"AENJPLPP_02181",NA,"hypothetical protein",62.4533398769033,59.4064188867961,60.7997276588823,13.6376970971234,7.24674732700996,13.8863205903654
"AENJPLPP_02182",NA,"hypothetical protein",488.061285704689,531.687449036825,510.931044712361,89.0996210345398,105.983679657521,106.131164512079
"AENJPLPP_02183",NA,"hypothetical protein",321.519046032947,354.458299357884,295.465343184393,29.0937538071967,30.7986761397923,28.7645212228998
"AENJPLPP_02184","clpP_1","ATP-dependent Clp protease proteolytic subunit",240.561012859183,196.041182326427,173.865887866628,2.72753941942469,1.81168683175249,4.95940021084479
"AENJPLPP_02185",NA,"hypothetical protein",466.086962414667,470.300816187136,413.8648128359,44.5498105172699,45.2921707938123,40.6670817289273
"AENJPLPP_02186",NA,"hypothetical protein",393.22473255828,351.487978413544,371.198337285807,11.8193374841736,15.3993380698962,17.8538407590413
"AENJPLPP_02187",NA,"hypothetical protein",104.088899794839,129.704014569505,114.132822096498,1.81835961294979,3.62337366350498,1.98376008433792
"AENJPLPP_02188",NA,"hypothetical protein",47.4182765732044,41.5844932207573,34.1331804400743,1.81835961294979,0,0.991880042168959
"AENJPLPP_02189",NA,"hypothetical protein",15.035063303699,16.8318186845922,11.7332807762755,0,0,0
"AENJPLPP_02190",NA,"hypothetical protein",149.194089705936,166.337972883029,158.932621424096,4.54589903237448,5.43506049525747,8.92692037952063
"AENJPLPP_02191",NA,"hypothetical protein",358.528432626667,335.646266710398,341.331804400743,20.9111355489226,11.7759644063912,20.8294808855481
"AENJPLPP_02192",NA,"hypothetical protein",58.983709883742,64.3569537940291,66.1330371026439,1.81835961294979,0.905843415876245,1.98376008433792
"AENJPLPP_02193","smc_3","Chromosome partition protein Smc",1157.69987438482,1248.52490360417,1164.79478251753,76.3711037438913,67.0324127748421,95.2204840482201
"AENJPLPP_02195",NA,"hypothetical protein",82.1145765048174,80.1986654971748,78.9329797676717,12.7285172906485,9.96427757463869,7.93504033735167
"AENJPLPP_02196",NA,"hypothetical protein",256.752619493936,292.081559526748,284.79872429687,70.9160249050419,62.5031956954609,87.2854437108684
"AENJPLPP_02197",NA,"hypothetical protein",474.182765732044,442.577820706631,472.531216717278,140.922870003609,191.132960749888,145.806366198837
"AENJPLPP_02198",NA,"hypothetical protein",249.813359507613,232.675140639952,203.732420751693,92.7363402604394,91.4901850035008,78.3585233313478
"AENJPLPP_02211",NA,"hypothetical protein",28.9135832763441,32.6735303877379,34.1331804400743,41.8222710978452,41.6687971303073,32.7320413915756
"AENJPLPP_02212",NA,"hypothetical protein",97.1496398085163,64.3569537940291,89.5995986551949,64.5517662597176,72.4674732700996,86.2935636686994
"AENJPLPP_02214",NA,"hypothetical protein",40.4790165868818,55.4459909610097,31.9998566625696,28.1845740007218,19.9285551492774,26.7807611385619
"AENJPLPP_02215","ccpB","Catabolite control protein B",571.33240554056,564.360979424563,526.930973043646,204.565456456852,203.814768572155,227.140529656692
"AENJPLPP_02216","mta","HTH-type transcriptional activator mta",557.453885567915,550.499481684311,489.597806937315,392.765676397155,445.674960611113,413.613977584456
"AENJPLPP_02217",NA,"hypothetical protein",499.626719015227,527.727021111039,466.131245384764,411.858452333128,370.489957093384,392.784496698908
"AENJPLPP_02218","pncB2","Nicotinate phosphoribosyltransferase pncB2",4082.59795861979,4346.56964855058,3807.98294284578,5533.26830220622,5425.09621768283,5499.97483382688
"AENJPLPP_02219","nadE","NH(3)-dependent NAD(+) synthetase",6085.73100800491,6098.06889872962,5643.70805338853,5301.42745155512,4766.5480543408,4670.76311857363
"AENJPLPP_02220",NA,"hypothetical protein",430.234119152001,415.844932207573,437.331374388451,309.121134201465,265.41212085174,266.81573134345
"AENJPLPP_02221","abfA_1","Intracellular exo-alpha-(1->5)-L-arabinofuranosidase",53.2009932284732,40.5943862393107,44.7997993275975,54.5507883884937,46.1980142096885,41.6589617710963
"AENJPLPP_02222","ugpB","sn-glycerol-3-phosphate-binding periplasmic protein UgpB",30.0701266073979,35.6438513320777,36.2665042175789,36.3671922589958,26.2694590604111,26.7807611385619
"AENJPLPP_02223","melD","Melibiose/raffinose/stachyose import permease protein MelD",48.5748199042581,53.4657769981165,42.6664755500928,46.3681701302197,53.4447615366985,46.6183619819411
"AENJPLPP_02224","araQ_5","L-arabinose transport system permease protein AraQ",40.4790165868818,38.6141722764175,41.5998136613405,33.6396528395711,31.7045195556686,24.797001054224
"AENJPLPP_02225",NA,"hypothetical protein",9.25234664843012,21.7823535918252,20.2665758862941,12.7285172906485,20.8343985651536,15.8700806747033
"AENJPLPP_02226","abfA_2","Intracellular exo-alpha-(1->5)-L-arabinofuranosidase 1",246.343729514452,222.774070825485,234.665615525511,180.926781488504,166.675188521229,149.773886367513
"AENJPLPP_02227",NA,"Extracellular exo-alpha-(1->5)-L-arabinofuranosidase",174.638042989119,194.060968363534,161.0659452016,114.556655615837,122.288861143293,149.773886367513
"AENJPLPP_02228","araR_2","Arabinose metabolism transcriptional repressor",807.267245075528,850.501897062631,857.596158556866,864.629995957626,836.093472853774,853.016836265305
"AENJPLPP_02229","xylT","D-xylose transporter",266.004966142366,221.783963844039,237.865601191767,138.195330584184,132.253138717932,157.708926704864
"AENJPLPP_02230","xylB_3","Xylulose kinase",20.8177799589678,26.7328884990583,23.466561552551,42.7314509043201,31.7045195556686,39.6752016867584
"AENJPLPP_02232","araA","L-arabinose isomerase",38.1659299247743,42.5746002022039,46.9331231051021,49.0957095496444,42.5746405461835,30.7482813072377
"AENJPLPP_02233","ghrB_2","Glyoxylate/hydroxypyruvate reductase B",334.241022674538,306.933164248447,312.53193340443,250.024446780596,202.003081740403,201.351648560299
"AENJPLPP_02234",NA,"hypothetical protein",1353.15569733291,1316.84228532398,1333.3273609404,1575.60860462099,875.044739736453,915.505278921949
"AENJPLPP_02235",NA,"hypothetical protein",951.835161457249,959.413665021757,850.129525335599,1272.85172906485,1085.20041221974,1251.75261321723
"AENJPLPP_02236",NA,"hypothetical protein",108.715073119054,94.0601632374272,100.266217542718,62.7334066467678,49.8213878731935,50.5858821506169
"AENJPLPP_02237","pgl","6-phosphogluconolactonase",1213.2139542754,1107.92971223875,1181.86137273757,1001.91614673534,858.73955825068,868.886916940008
"AENJPLPP_02238",NA,"hypothetical protein",1442.20953382405,1386.14977402524,1349.32728927169,712.796968276318,881.385643647586,784.577113355647
"AENJPLPP_02239",NA,"hypothetical protein",3512.42209641029,3318.83860180901,3454.91785766877,1628.34103339654,1509.13513084982,1518.56834456068
"AENJPLPP_02240","azoR","FMN-dependent NADH-azoreductase",1401.73051723716,1555.45806785261,1463.46011136818,3742.18408345067,4325.40231080907,4041.91117183851
"AENJPLPP_02241",NA,"hypothetical protein",165.385696340688,169.308293827369,202.665758862941,108.192396970513,125.912234806798,120.017485102444
"AENJPLPP_02242",NA,"hypothetical protein",158.446436354366,135.644656458184,172.799225977876,478.228578205795,455.639238185751,482.053700494114
"AENJPLPP_02243",NA,"putative ABC transporter ATP-binding protein",457.991159097291,473.271137131476,439.464698165956,861.902456538201,913.090163203255,1024.61208356053
"AENJPLPP_02244",NA,"hypothetical protein",25.4439532831828,27.7229954805049,26.666547218808,35.4580124525209,20.8343985651536,33.7239214337446
"AENJPLPP_02245",NA,"Fatty acid ABC transporter ATP-binding/permease protein",954.148248119356,940.601632374272,893.862662774445,1450.14179132746,1374.16446188426,1284.4846546088
"AENJPLPP_02246","catE","Catechol-2,3-dioxygenase",5042.52892339442,4893.10870230911,4909.84467392693,2720.26598097289,2630.56927970462,2596.74195039833
"AENJPLPP_02247","amiE","N-acetylmuramyl-L-alanine amidase",653.446982045377,677.233175309476,633.597161918878,570.964918466235,548.035266605128,546.525903235096
"AENJPLPP_02248","gmuF","putative mannose-6-phosphate isomerase GmuF",4301.18464818895,4658.45334770626,4365.84711066325,4204.95660494639,4217.6069443198,4298.80810276027
"AENJPLPP_02249","mtlA","PTS system mannitol-specific EIICB component",106.401986456946,113.862302866359,115.199483985251,46.3681701302197,51.633074704946,55.5452823614617
"AENJPLPP_02250",NA,"hypothetical protein",355.058802633506,365.349476153796,321.065228514448,220.021513166925,247.295252534215,223.173009488016
"AENJPLPP_02251","mtlR","Transcriptional regulator MtlR",209.334342920732,223.764177806932,188.799154309161,210.020535295701,207.43814223566,211.270448981988
"AENJPLPP_02252","mtlF_1","Mannitol-specific phosphotransferase enzyme IIA component",109.871616450108,103.961233051893,92.7995843214519,100.918958518713,91.4901850035008,95.2204840482201
"AENJPLPP_02253",NA,"hypothetical protein",13.8785199726452,17.8219256660388,15.9999283312848,45.4589903237448,59.7856654478322,56.5371624036307
"AENJPLPP_02254","natA_1","ABC transporter ATP-binding protein NatA",12.7219766415914,13.8614977402524,13.8666045537802,37.2763720654707,32.6103629715448,27.7726411807309
"AENJPLPP_02255",NA,"hypothetical protein",26.6004966142366,32.6735303877379,49.0664468826067,3.63671922589958,7.24674732700996,11.9025605060275
"AENJPLPP_02257","mtlD","Mannitol-1-phosphate 5-dehydrogenase",19.661236627914,20.7922466103786,13.8666045537802,33.6396528395711,28.0811458921636,36.6995615602515
"AENJPLPP_02258","gatD","Lipid II isoglutaminyl synthase (glutamine-hydrolyzing) subunit GatD",1213.2139542754,1190.10859169882,1173.32807762755,1637.43283146129,1671.28110229167,1655.44779037999
"AENJPLPP_02259","murT","Lipid II isoglutaminyl synthase (glutamine-hydrolyzing) subunit MurT",1407.51323389243,1449.51662083783,1498.65995369701,3039.38809304558,3178.60454630974,3296.01738012745
"AENJPLPP_02260","ntpJ_1","Potassium/sodium uptake protein NtpJ",870.877128283485,836.640399322379,817.063006784277,561.873120401486,524.483337792346,522.720782223041
"AENJPLPP_02261","queH","Epoxyqueuosine reductase QueH",739.031188543356,670.30242643935,629.330514363869,386.401417751831,399.476946401424,408.654577373611
"AENJPLPP_02262",NA,"hypothetical protein",3687.0601393994,3512.89957017254,3438.91792933748,1908.36841379081,1911.32960749888,1868.70199944632
"AENJPLPP_02263",NA,"hypothetical protein",3698.62557270994,3480.22603978481,3405.85141078616,2147.4827028937,2415.88439014195,2335.8774993079
"AENJPLPP_02264",NA,"hypothetical protein",677.734391997507,639.609110014505,617.597233587594,464.590881108672,477.379480166781,487.013100704959
"AENJPLPP_02265","spsB","Signal peptidase IB",92.5234664843012,107.92166097768,89.5995986551949,63.6425864532427,73.3733166859759,93.2367239638821
"AENJPLPP_02266","COQ5_2","2-methoxy-6-polyprenyl-1,4-benzoquinol methylase, mitochondrial",1975.37600943983,2194.07707088567,2279.45645626371,1539.241412362,1591.56688169456,1558.24354624743
"AENJPLPP_02267",NA,"hypothetical protein",35.8528432626667,20.7922466103786,27.7332091075603,41.8222710978452,33.5162063874211,36.6995615602515
"AENJPLPP_02268",NA,"hypothetical protein",68.2360565321722,67.3272747383689,74.6663322126624,58.1875076143933,48.9155444573172,77.3666432891788
"AENJPLPP_02269","tdk","Thymidine kinase",754.066251847055,773.273552509796,723.196760574073,2108.38797121528,2270.94944360175,2379.52022116333
"AENJPLPP_02270","prfA","Peptide chain release factor 1",3121.51045051411,3081.21292626183,2888.52039474128,6228.79085415951,6138.90082939331,5822.33584753179
"AENJPLPP_02271","prmC","Release factor glutamine methyltransferase",415.199055848302,417.825146170466,389.331589394597,1555.60664887855,1395.90470386529,1496.74698363296
"AENJPLPP_02272","ywlC","Threonylcarbamoyl-AMP synthase",761.005511833378,760.40216175099,648.530428361411,2647.5315964549,2554.47843277101,2601.70135060918
"AENJPLPP_02273",NA,"hypothetical protein",149.194089705936,203.962038178,141.866031204059,221.839872779875,298.022483823285,376.914416024204
"AENJPLPP_02274","glyA","Serine hydroxymethyltransferase",8878.78315249976,9223.83663915655,9037.82618339841,5654.18921646738,5138.84969826594,5063.54761527254
"AENJPLPP_02275","nlhH","Carboxylesterase NlhH",7992.87096091257,7589.1700127882,7438.90001215868,1593.79220075049,1869.66081036857,1638.58582966312
"AENJPLPP_02276","upp","Uracil phosphoribosyltransferase",5627.73984890762,5696.0854642623,5554.10845473333,3213.95061588876,3084.39683105861,3004.40464772978
"AENJPLPP_02277",NA,"hypothetical protein",1523.16756699781,1797.04417132558,1669.32585589738,333.668988976287,373.207487341013,386.833216445894
"AENJPLPP_02279",NA,"hypothetical protein",2042.45552264095,2285.16691317876,2212.25675727231,452.771543624498,502.743095811316,514.78574188569
"AENJPLPP_02280",NA,"hypothetical protein",31.2266699384517,52.4756700166699,39.4664898838359,133.64943155181,149.46416361958,155.725166620527
"AENJPLPP_02281",NA,"hypothetical protein",433.703749145162,514.855630352233,495.997778269829,246.387727554697,298.022483823285,225.156769572354
"AENJPLPP_02282","cna","Collagen adhesin",2871.6970910065,2863.38939034357,2685.85463587834,6458.81334519766,6661.57248035391,6196.27462342949
"AENJPLPP_02283","proX","Prolyl-tRNA editing protein ProX",451.051899110969,485.152420908835,481.064511827297,281.845740007218,257.259530108854,278.718291849477
"AENJPLPP_02284","yecS_2","L-cystine transport system permease protein YecS",142.254829719613,133.664442495291,134.399397982792,250.933626587071,284.434832585141,267.807611385619
"AENJPLPP_02285","glnQ_2","Glutamine transport ATP-binding protein GlnQ",119.123963098538,156.436903068563,108.799512652737,209.111355489226,218.308263226175,239.043090162719
"AENJPLPP_02286","fliY","L-cystine-binding protein FliY",453.364985773076,441.587713725185,443.731345720965,826.44444408568,884.103173895215,868.886916940008
"AENJPLPP_02287","bglC","Aryl-phospho-beta-D-glucosidase BglC",2332.74789873545,2076.25434009352,2182.39022438725,1710.16721597928,1618.74218417085,1511.62518426549
"AENJPLPP_02288","spoIIIE","DNA translocase SpoIIIE",5476.23267253958,5175.28919202139,5046.37739568723,7128.87886256966,6295.6117403399,6412.50447262232
"AENJPLPP_02289","rlmN","putative dual-specificity RNA methyltransferase RlmN",1494.25398372146,1407.93212761707,1587.19289046345,3335.78070995639,3520.10751409509,3445.79126649496
"AENJPLPP_02290",NA,"hypothetical protein",4402.96046132169,4837.6627113481,4741.31209550406,429.132868656151,408.535380560187,423.532778006145
"AENJPLPP_02291",NA,"hypothetical protein",486.904742373635,410.89439730034,442.664683832213,207.292995876276,241.860192038957,200.35976851813
"AENJPLPP_02292","dppE","Dipeptide-binding protein DppE",151140.552132099,148728.920218001,143335.891286759,1091.01576776987,874.138896320576,810.365994452039
"AENJPLPP_02293",NA,"hypothetical protein",8225.33617045438,7683.23017602563,7684.23224657172,83.6445421956904,86.9609679241195,94.2286040060511
"AENJPLPP_02294","oppB","Oligopeptide transport system permease protein OppB",12945.1895044848,14299.1250260518,13731.1384939086,121.830094067636,102.360305994016,98.1961241747269
"AENJPLPP_02295","dppC","Dipeptide transport system permease protein DppC",11667.2091236704,12695.1517161083,11527.4150317463,143.650409423034,131.347295302056,155.725166620527
"AENJPLPP_02296","oppD_2","Oligopeptide transport ATP-binding protein OppD",24171.7556190237,24995.2507466195,23176.4295188104,392.765676397155,349.655558528231,372.946895855529
"AENJPLPP_02297","oppF_2","Oligopeptide transport ATP-binding protein OppF",21522.1148475795,21558.5894140183,19372.7132235196,377.309619687082,337.879594121839,343.19049459046
"AENJPLPP_02298",NA,"IS200/IS605 family transposase ISEfa4",29311.4341822266,30081.4303103107,27484.676887481,555.508861756161,520.859964128841,481.061820451945
"AENJPLPP_02299",NA,"hypothetical protein",4727.94913734779,5143.6057686151,4987.71099180585,2124.75320773183,2144.13136537907,2186.10361294039
"AENJPLPP_02300",NA,"hypothetical protein",264.848422811312,437.627285799398,429.864741167185,186.381860327354,320.668569220191,297.564012650688
"AENJPLPP_02301","metG","Methionine--tRNA ligase",13138.3322407708,12584.2597341863,12297.5449154255,19369.1665971412,18615.9880396727,18839.7695209572
"AENJPLPP_02302",NA,"hypothetical protein",628.003028762195,652.480500773311,687.996918245247,484.592836851119,448.392490858741,540.574622982083
"AENJPLPP_02303","steT_2","Serine/threonine exchanger SteT",1449.14879381037,1493.08132802148,1427.1936071506,2143.8459836678,1837.05044739702,2013.51648560299
"AENJPLPP_02304","dtd3","D-aminoacyl-tRNA deacylase",712.43069192912,636.638789070165,662.397032915191,1125.56460041592,1299.88530178241,1278.53337435579
"AENJPLPP_02305","rnmV","Ribonuclease M5",817.676135055012,691.094673049728,647.463766472659,1068.286272608,985.557636473355,1044.44968440391
"AENJPLPP_02306","rsmA","Ribosomal RNA small subunit methyltransferase A",1553.23769360521,1518.82410953909,1457.06014003567,2494.78938896711,2558.10180643452,2508.4646266453
"AENJPLPP_02307","niaX","Niacin transporter NiaX",18112.625107633,20101.1519373289,20552.4412724797,430.951228269101,402.194476649053,322.361013704912
"AENJPLPP_02308","msmX","Oligosaccharides import ATP-binding protein MsmX",2235.59825892693,2298.03830393756,2481.0555532379,436.40630710795,461.074298681009,471.143020030256
"AENJPLPP_02309","mgsA","Methylglyoxal synthase",747.126991860732,693.074887012622,729.596731906587,150.014668068358,148.558320203704,146.798246241006
"AENJPLPP_02310","folT_2","Folate transporter FolT",188115.242425888,162056.750295254,178470.667240372,12353.0260305744,11912.7467621885,11240.9765179008
"AENJPLPP_02311",NA,"putative ABC transporter ATP-binding protein",2240.22443225114,2119.81904727718,2061.85743095824,1849.27172636994,1769.11219120631,1855.80755889812
"AENJPLPP_02312",NA,"putative ABC transporter ATP-binding protein",1955.71477281192,1988.13481874478,1927.45803297544,1993.83131559945,2233.80986355082,2248.59205559703
"AENJPLPP_02313",NA,"hypothetical protein",41.6355599179356,43.5647071836505,44.7997993275975,12.7285172906485,11.7759644063912,15.8700806747033
"AENJPLPP_02314","dgaR_4","Transcriptional regulatory protein DagR",113.341246443269,124.753479662272,119.46613154026,117.284195035262,125.912234806798,113.074324807261
"AENJPLPP_02315","manX_4","PTS system mannose-specific EIIAB component",28.9135832763441,24.7526745361651,43.7331374388451,0,2.71753024762874,3.96752016867584
"AENJPLPP_02316",NA,"putative phosphotransferase enzyme IIB component",31.2266699384517,35.6438513320777,53.333094437616,10.9101576776988,5.43506049525747,4.95940021084479
"AENJPLPP_02317","sorA_2","PTS system sorbose-specific EIIC component",23.1308666210753,15.8417117031456,18.1332521087894,1.81835961294979,8.15259074288621,9.91880042168959
"AENJPLPP_02318","manZ_5","PTS system mannose-specific EIID component",12.7219766415914,7.92085585157282,13.8666045537802,9.09179806474896,19.0227117334011,10.9106804638585
"AENJPLPP_02319","nodM","Glutamine--fructose-6-phosphate aminotransferase [isomerizing]",12.7219766415914,27.7229954805049,13.8666045537802,52.732428775544,47.1038576255647,33.7239214337446
"AENJPLPP_02320","frlB_1","Fructosamine deglycase FrlB",52.0444498974194,43.5647071836505,26.666547218808,61.8242268402929,68.8440996065946,62.4884426566444
"AENJPLPP_02321","gpsA_1","Glycerol-3-phosphate dehydrogenase [NAD(P)+]",2426.4279085508,2439.62360228443,2318.92294614754,2918.46717878442,2854.31260342605,2833.80128047672
"AENJPLPP_02323","gtaB_1","UTP--glucose-1-phosphate uridylyltransferase",3234.85169695738,2952.49901867377,2945.05347484516,3325.77973208517,2918.62748595326,2894.30596304902
"AENJPLPP_02324",NA,"hypothetical protein",542.418822264216,500.004025630534,543.997563263683,658.246179887825,640.431295024505,629.843826777289
"AENJPLPP_02325",NA,"hypothetical protein",12.7219766415914,9.90106981446602,8.53329511001856,100.918958518713,105.983679657521,90.2610838373753
"AENJPLPP_02326",NA,"hypothetical protein",7130.08963594646,7177.28550850642,7045.30177520908,9637.3059486339,9207.89832238203,8928.90413960497
"AENJPLPP_02327","iadA","Isoaspartyl dipeptidase",4170.49525177988,4339.63889968046,3997.8487590437,6226.06331474009,5435.06049525747,5498.98295378471
"AENJPLPP_02328",NA,"hypothetical protein",19439.1803083517,16419.9341803105,16264.4604796954,2370.23175548005,2152.28395612196,2563.01802896459
"AENJPLPP_02329","lolD_2","Lipoprotein-releasing system ATP-binding protein LolD",17.3481499658065,17.8219256660388,17.0665902200371,22.7294951618724,25.3636156445349,20.8294808855481
"AENJPLPP_02330",NA,"hypothetical protein",18.5046932968602,7.92085585157282,18.1332521087894,25.4570345812971,35.3278932191736,23.805121012055
"AENJPLPP_02331","rnj2","Ribonuclease J 2",16443.7330809224,15409.0349522535,15747.1294636505,12344.8434123161,11699.8735594576,11431.4174859973
"AENJPLPP_02332","ybaK_2","Cys-tRNA(Pro)/Cys-tRNA(Cys) deacylase YbaK",90.2103798221937,71.2877026641554,87.4662748776903,82.7353623892155,90.5843415876245,91.2529638795442
"AENJPLPP_02333",NA,"hypothetical protein",1498.88015704568,1271.29736417744,1390.92710293303,1241.03043583823,1203.86589969953,1071.23044554248
"AENJPLPP_02334","IMPDH","Inosine-5'-monophosphate dehydrogenase",1417.92212387192,1296.0500387136,1356.79392249295,1203.75406377276,1068.89523073397,1035.52276402439
"AENJPLPP_02335","nrnA","putative bifunctional oligoribonuclease and PAP phosphatase NrnA",2126.88318580787,2014.86770724384,1894.39151442412,1648.34298913899,1601.5311592692,1511.62518426549
"AENJPLPP_02336",NA,"hypothetical protein",3190.90305037734,3188.14448025806,3096.51946304799,4255.87067410899,4357.10683036474,4397.004226935
"AENJPLPP_02337",NA,"hypothetical protein",6429.22437732788,6202.03013178152,6232.50541597981,5142.32098542201,5208.59964128841,5515.84491450158
"AENJPLPP_02338",NA,"hypothetical protein",27.7570399452904,31.6834234062913,45.8664612163498,147.287128648933,116.853800648036,157.708926704864
"AENJPLPP_02339",NA,"hypothetical protein",18.5046932968602,19.802139628932,20.2665758862941,86.3720816151151,100.548619162263,109.106804638585
"AENJPLPP_02340","rsmF","Ribosomal RNA small subunit methyltransferase F",553.984255574754,549.509374702864,482.131173716049,1838.36156869224,1739.21935848239,1807.20543683184
"AENJPLPP_02341",NA,"hypothetical protein",5386.02229271739,5687.17450142928,5005.84424391464,960.09387563749,847.869437260165,1092.05992642802
"AENJPLPP_02342","lrp","Leucine-rich protein",323.832132695054,397.032899560087,359.465056509532,220.021513166925,255.447843277101,259.872571048267
"AENJPLPP_02343","tadA_2","tRNA-specific adenosine deaminase",552.8277122437,556.44012357299,471.464554828526,962.821415056915,994.616070632117,984.936881873776
"AENJPLPP_02344",NA,"hypothetical protein",135.315569733291,120.793051736485,151.465988202829,42.7314509043201,28.0811458921636,59.5128025301375
"AENJPLPP_02345",NA,"hypothetical protein",1276.82383748336,1137.63292168215,1223.46118639891,1067.37709280153,999.145287711498,965.099281030397
"AENJPLPP_02346",NA,"hypothetical protein",1886.32217294869,1907.9361532476,1768.52541155135,2541.15755909733,2461.17656093576,2600.70947056701
"AENJPLPP_02347","yutF","Acid sugar phosphatase",2978.09907746345,2844.57735769609,2947.18679862266,2636.6214387772,2622.41668896173,2691.96243444655
"AENJPLPP_02348",NA,"hypothetical protein",876.659844938754,860.402966877097,846.929539669342,875.540153635325,912.184319787379,973.034321367749
"AENJPLPP_02349","ypjQ","putative protein YpjQ",1215.52704093751,1175.25698697712,1091.19511219362,463.681701302197,450.204177690494,434.443458470004
"AENJPLPP_02350","yumC","Ferredoxin--NADP reductase 2",1126.47320444637,1105.94949827585,1146.66153040874,523.68756852954,497.308035316059,542.558383066421
"AENJPLPP_02351",NA,"Putative peptidyl-prolyl cis-trans isomerase",4538.27603105498,4315.87633212574,4420.24686698962,7550.73829277401,6360.83246628299,6097.08661921259
"AENJPLPP_02352","patB","Cystathionine beta-lyase PatB",1266.41494750387,1400.0112717655,1243.72776228521,1043.73841783318,1089.72962929912,1057.34412495211
"AENJPLPP_02353","yugI","General stress protein 13",542.418822264216,558.420337535884,508.797720934857,870.99425460295,792.612988891714,881.781357488205
"AENJPLPP_02354",NA,"hypothetical protein",11080.8416548261,11125.8321505155,10167.4211235871,1959.2824829534,1860.60237620981,1963.92248349454
"AENJPLPP_02358",NA,"hypothetical protein",837.337371682926,927.730241615466,814.929683006773,109.101576776987,116.853800648036,135.887565777147
"AENJPLPP_02359","menH_2","2-succinyl-6-hydroxy-2,4-cyclohexadiene-1-carboxylate synthase",181.577302975441,166.337972883029,187.732492420408,61.8242268402929,76.9966903494808,77.3666432891788
"AENJPLPP_02362",NA,"hypothetical protein",675.421305335399,622.777291329913,591.997348257538,152.742207487783,133.158982133808,145.806366198837
"AENJPLPP_02363","pepC","Aminopeptidase C",11586.2510904966,12460.4963615055,11951.9464634698,1908.36841379081,1923.10557190527,1775.46527548244
"AENJPLPP_02364",NA,"putative ketoamine kinase",736.718101881249,667.33210549501,693.330227689008,376.400439880607,328.821159963077,320.377253620574
"AENJPLPP_02365",NA,"hypothetical protein",1218.99667093067,1144.56367055227,1240.52777661895,946.456178540367,919.431067114389,919.472799090625
"AENJPLPP_02366","ansA","L-asparaginase",810.73687506869,794.065799120175,886.396029553178,1925.64283011383,1791.75827660321,1798.27851645232
"AENJPLPP_02367",NA,"hypothetical protein",2011.2288527025,2149.52225672057,1959.45788963801,761.892677825963,748.226661513778,777.633953060464
"AENJPLPP_02368","yhaX","Stress response protein YhaX",2249.47677889957,2166.35407540517,2124.79048239462,921.908323765544,739.168227355016,848.05743605446
"AENJPLPP_02369",NA,"hypothetical protein",1641.13498676529,1708.92464997684,1670.39251778613,834.627062343954,881.385643647586,806.398474283364
"AENJPLPP_02370","ezrA","Septation ring formation regulator EzrA",22874.1140015814,21416.01400869,21719.3693787748,30125.6728875457,30054.9786953579,30709.5979855931
"AENJPLPP_02371","iscS_2","Cysteine desulfurase IscS",1000.40998136151,950.502702188738,1018.66210375847,2463.87727554697,2590.71216940606,2470.77318504288
"AENJPLPP_02372","thiI_1","putative tRNA sulfurtransferase",349.276085978237,420.795467114806,378.664970507074,660.064539500774,679.382561907184,689.356629307426
"AENJPLPP_02373","thiI_2","putative tRNA sulfurtransferase",2144.23133577368,2026.74899102119,1961.59121341552,2968.47206814053,2838.91326535615,2635.42527204292
"AENJPLPP_02374","rex_1","Redox-sensing transcriptional repressor Rex",663.855872024861,789.115264212942,691.196903911504,120.011734454686,124.100547975046,142.83072607233
"AENJPLPP_02375","valS","Valine--tRNA ligase",10156.7635333142,9976.31794505596,9309.82496503025,18262.6947726612,18309.8129651065,17869.710839716
"AENJPLPP_02376","fpgS","Folylpolyglutamate synthase",2825.43535776435,2669.32842198004,2449.05569657533,2362.95831702825,2478.38758583741,2334.88561926573
"AENJPLPP_02377",NA,"Phosphorylated carbohydrates phosphatase",1576.36856022628,1570.30967257431,1431.46025470561,977.368291960513,917.619380282636,925.424079343639
"AENJPLPP_02378",NA,"hypothetical protein",93.680009815355,104.95134003334,105.59952698648,336.396528395711,317.045195556686,310.458453198884
"AENJPLPP_02379","cspLA_1","Cold shock-like protein CspLA",29279.0509689571,31446.7878377255,31584.925187845,34860.6813196669,35114.1141730268,34242.674695799
"AENJPLPP_02380","rnj1","Ribonuclease J 1",9993.69092363559,9414.92728657574,9681.02330231606,11435.6636058412,12117.4673741765,11925.3737469974
"AENJPLPP_02381",NA,"hypothetical protein",1296.48507411127,1458.42758367085,1426.12694526185,1919.27857146851,2413.16685989432,2422.1710629766
"AENJPLPP_02382",NA,"putative ABC transporter ATP-binding protein",1522.01102366676,1549.51742596393,1633.0593516798,1794.72093798144,1677.62200620281,1877.62891982584
"AENJPLPP_02383",NA,"putative ABC transporter ATP-binding protein",2463.43729514452,2333.68215526964,2477.85556757164,2797.54626452325,2901.41646105161,2766.35343760923
"AENJPLPP_02384",NA,"hypothetical protein",840.807001676088,796.046013083068,863.99612988938,548.235423304362,468.321046008019,499.907541253155
"AENJPLPP_02385","yrdA","Protein YrdA",792.232181771829,736.639594196272,674.130313691467,530.051827174864,606.009245221208,560.412223825462
"AENJPLPP_02386","clpP_2","ATP-dependent Clp protease proteolytic subunit",2014.69848269566,2019.81824215107,2124.79048239462,3955.84133797227,4120.68169882104,4094.48081407346
"AENJPLPP_02387",NA,"hypothetical protein",708.961061935958,787.135050250049,734.930041350349,1155.56753402959,1254.5931309886,1363.83505798232
"AENJPLPP_02388","glpQ","Glycerophosphodiester phosphodiesterase",744.813905198625,826.739329507913,785.063150121708,978.277471766988,910.372632955626,900.627078289415
"AENJPLPP_02389","miaA","tRNA dimethylallyltransferase",1436.42681716878,1368.3278483592,1315.19410883161,1144.65737635189,1181.21981430262,1133.71888819912
"AENJPLPP_02390","hflX","GTPase HflX",3007.01266073979,2877.25088808383,2742.38771598222,1604.70235842819,1548.0863977325,1509.64142418116
"AENJPLPP_02391",NA,"IS30 family transposase IS1252",28.9135832763441,14.851604721699,20.2665758862941,16.3652365165481,11.7759644063912,8.92692037952063
"AENJPLPP_02392",NA,"hypothetical protein",364.311149281936,363.369262190903,391.464913172102,88.1904412280649,57.0681352002034,64.4722027409823
"AENJPLPP_02393","cdr_2","Coenzyme A disulfide reductase",804.954158413421,803.966868934641,830.929611338058,367.308641815858,375.925017588642,340.214854463953
"AENJPLPP_02394","rhaR_6","HTH-type transcriptional activator RhaR",72.8622298563872,75.2481305899418,79.999641656424,69.0976652920921,61.5973522795847,55.5452823614617
"AENJPLPP_02395","araN_2","putative arabinose-binding protein",35.8528432626667,20.7922466103786,29.866532885065,21.8203153553975,9.96427757463869,17.8538407590413
"AENJPLPP_02396","lacF_5","Lactose transport system permease protein LacF",12.7219766415914,14.851604721699,20.2665758862941,12.7285172906485,25.3636156445349,17.8538407590413
"AENJPLPP_02397","lacG_3","Lactose transport system permease protein LacG",16.1916066347527,14.851604721699,17.0665902200371,26.366214387772,23.5519288127824,21.8213609277171
"AENJPLPP_02398","ugl_1","Unsaturated glucuronyl hydrolase",134.159026402237,106.931553996233,100.266217542718,89.0996210345398,105.077836241644,80.3422834156857
"AENJPLPP_02399",NA,"hypothetical protein",137.628656395398,114.852409847806,115.199483985251,90.0088008410147,86.0551245082433,103.155524385572
"AENJPLPP_02400","ugl_2","Unsaturated chondroitin disaccharide hydrolase",204.708169596516,240.595996491524,247.465558190538,153.651387294257,143.123259708447,126.960645397627
"AENJPLPP_02401","yheS","putative ABC transporter ATP-binding protein YheS",4958.10126022749,4803.99907397891,4786.11189483166,2903.01112207434,3096.17279546501,2836.77692060322
"AENJPLPP_02402","rex_2","Redox-sensing transcriptional repressor Rex",3833.94114244323,3540.62256565305,3620.25045042538,3184.85686208156,3291.83497329427,3137.31657338042
"AENJPLPP_02403",NA,"hypothetical protein",351.589172640345,415.844932207573,369.065013508303,70.006845098567,67.9382561907184,93.2367239638821
"AENJPLPP_02404",NA,"Putative two-component membrane permease complex subunit SMU_747c",70.5491431942797,62.3767398311359,56.533080103873,80.0078229697908,65.2207259430896,84.3098035843615
"AENJPLPP_02405",NA,"Putative two-component membrane permease complex subunit SMU_746c",91.3669231532475,80.1986654971748,81.0663035451764,93.6455200669143,127.723921638551,115.058084891599
"AENJPLPP_02406",NA,"hypothetical protein",6.93925998632259,7.92085585157282,6.39997133251392,9.09179806474896,15.3993380698962,22.8132409698861
"AENJPLPP_02407","natA_2","ABC transporter ATP-binding protein NatA",151.507176368043,182.179684586175,150.399326314077,170.016623810806,177.545309511744,164.652087000047
"AENJPLPP_02408",NA,"hypothetical protein",437.173379138323,413.86471824468,364.798365953294,344.579146653986,366.866583429879,370.963135771191
"AENJPLPP_02409",NA,"hypothetical protein",375.876582592474,406.933969374553,378.664970507074,185.472680520879,194.756334413393,237.059330078381
"AENJPLPP_02410",NA,"hypothetical protein",821.145765048174,857.432645932758,875.729410665655,521.86920891659,512.707373385955,498.915661210986
"AENJPLPP_02412","endA","DNA-entry nuclease",1142.66481108112,1057.43425618497,1035.7286939785,3037.56973343263,3134.21821893181,3013.3315681093
"AENJPLPP_02413",NA,"hypothetical protein",7455.07831197257,6608.96410115607,6634.63694803943,2409.32648715847,2311.71239731618,2422.1710629766
"AENJPLPP_02414","yrrK","Putative pre-16S rRNA nuclease",12867.7011013042,11991.1856522998,12445.8109179621,4744.10023018601,4097.12977000826,4002.23597015175
"AENJPLPP_02415",NA,"hypothetical protein",19816.2134342752,18834.8051080587,19050.5813331164,6897.03801191856,6301.95264425104,5945.32897276074
"AENJPLPP_02416","xerC_10","Tyrosine recombinase XerC",2137.29207578736,2266.35488053127,2258.12321848866,1451.05097113393,1414.92741559869,1491.78758342211
"AENJPLPP_02417",NA,"hypothetical protein",779.510205130238,843.571148192505,839.462906448076,831.89952292453,782.648711317076,855.992476391812
"AENJPLPP_02418",NA,"hypothetical protein",2.31308666210753,2.97032094433981,5.3333094437616,9.09179806474896,12.6818078222674,3.96752016867584
"AENJPLPP_02419",NA,"hypothetical protein",5.78271665526883,6.93074887012621,6.39997133251392,10.0009778712239,11.7759644063912,9.91880042168959
"AENJPLPP_02423",NA,"hypothetical protein",4.62617332421506,3.96042792578641,4.26664755500928,17.274416323023,10.8701209905149,9.91880042168959
"AENJPLPP_02424",NA,"hypothetical protein",25.4439532831828,23.7625675547185,42.6664755500928,64.5517662597176,56.1622917843272,48.602122066279
"AENJPLPP_02425",NA,"hypothetical protein",141.098286388559,123.763372680825,122.666117206517,162.743185359006,166.675188521229,156.717046662696
"AENJPLPP_02426",NA,"hypothetical protein",31.2266699384517,29.7032094433981,28.7998709963127,59.0966874208682,55.2564483684509,66.4559628253203
"AENJPLPP_02427",NA,"hypothetical protein",31.2266699384517,31.6834234062913,39.4664898838359,40.0039114848954,49.8213878731935,45.6264819397721
"AENJPLPP_02429",NA,"hypothetical protein",5.78271665526883,8.91096283301942,1.06666188875232,20.9111355489226,17.2110249016487,21.8213609277171
"AENJPLPP_02431",NA,"hypothetical protein",20.8177799589678,25.7427815176117,20.2665758862941,47.2773499366946,43.4804839620598,50.5858821506169
"AENJPLPP_02432",NA,"hypothetical protein",124.906679753807,118.812837773592,111.999498318994,293.665077491391,278.093928674007,278.718291849477
"AENJPLPP_02433",NA,"hypothetical protein",37.0093865937205,52.4756700166699,41.5998136613405,90.9179806474896,108.701209905149,119.025605060275
"AENJPLPP_02435",NA,"hypothetical protein",1955.71477281192,2089.12573085233,2050.12415018196,2717.53844155346,2718.43609104461,2724.69447583813
"AENJPLPP_02436",NA,"hypothetical protein",249.813359507613,293.071666508194,263.465486521823,186.381860327354,185.69790025463,161.67644687354
"AENJPLPP_02437",NA,"hypothetical protein",736.718101881249,704.956170789981,623.997204920107,345.48832646046,282.623145753388,289.628972313336
"AENJPLPP_02438","citS","Citrate-sodium symporter",39.322473255828,46.5350281279903,41.5998136613405,36.3671922589958,34.4220498032973,35.7076815180825
"AENJPLPP_02439","mleS","Malolactic enzyme",47.4182765732044,41.5844932207573,55.4664182151207,31.8212932266214,29.8928327239161,49.594002108448
"AENJPLPP_02440",NA,"hypothetical protein",433.703749145162,468.320602224243,411.731489058396,176.38088245613,210.155672483289,188.457208012102
"AENJPLPP_02441","hmo","4-hydroxymandelate oxidase",269.474596135527,218.813642899699,379.731632395826,160.015645939582,168.486875352982,143.822606114499
"AENJPLPP_02442",NA,"hypothetical protein",12.7219766415914,16.8318186845922,13.8666045537802,5.45507883884938,6.34090391113372,4.95940021084479
"AENJPLPP_02443",NA,"hypothetical protein",11.5654333105377,4.95053490723301,8.53329511001856,11.8193374841736,15.3993380698962,12.8944405481965
"AENJPLPP_02445",NA,"hypothetical protein",200.081996272301,185.150005530515,217.599025305473,249.115266974121,261.788747188235,239.043090162719
"AENJPLPP_02446",NA,"hypothetical protein",622.220312106926,638.619003033058,632.530500030126,386.401417751831,423.028875214206,420.557137879639
"AENJPLPP_02447","nox_2","NADH oxidase",389.755102565119,380.201080875495,361.598380287037,317.303752459739,314.327665309057,334.263574210939
"AENJPLPP_02448",NA,"putative ABC transporter permease",373.563495930366,322.774875951592,348.798437622009,469.136780141046,421.217188382454,389.808856572401
"AENJPLPP_02449","hrtA_2","Putative hemin import ATP-binding protein HrtA",451.051899110969,447.528355613864,393.598236949606,356.398484138159,374.113330756889,327.320413915756
"AENJPLPP_02450",NA,"hypothetical protein",476.495852394151,456.439318446884,457.597950274745,804.624128730283,724.674732700996,751.845071964071
"AENJPLPP_02451",NA,"hypothetical protein",113.341246443269,114.852409847806,131.199412316535,106.374037357563,111.418740152778,122.001245186782
"AENJPLPP_02452","rnhC","Ribonuclease HIII",575.958578864775,557.430230554437,541.864239486179,646.426842403651,619.596896459352,602.071185596558
"AENJPLPP_02453","zapA","Cell division protein ZapA",606.028705472173,586.143333016389,533.33094437616,1154.65835422312,1309.84957935705,1333.08677667508
"AENJPLPP_02454",NA,"hypothetical protein",493.844002359958,556.44012357299,499.197763936086,660.064539500774,672.135814580174,685.389109138751
"AENJPLPP_02455","mutS2_2","Endonuclease MutS2",12294.0556091015,11677.3217391812,11438.8820949799,12799.4333155536,12188.1231606149,11781.5511408829
"AENJPLPP_02456","trxA","Thioredoxin",2079.46490923467,2110.90808444416,2101.32392084207,1976.55689927642,1908.61207725125,1961.9387234102
"AENJPLPP_02457","uvrC_2","UvrABC system protein C",2565.21310827725,2431.70274643285,2412.78919235775,2024.74342901959,2149.56642587433,2034.34596648853
"AENJPLPP_02458","btuD_5","Vitamin B12 import ATP-binding protein BtuD",3077.56180393407,2980.22201415427,2884.25374718627,1998.37721463182,1852.44978546692,1922.26352172344
"AENJPLPP_02459","yhaP","putative protein YhaP",6599.23624699279,6650.54859437683,6724.23654669463,2979.38222581823,3030.95206952192,2958.77816579
"AENJPLPP_02460","fbp","Fructose-1,6-bisphosphatase class 3",2082.93453922783,1964.37225119006,2124.79048239462,1936.55298779153,1943.93997047042,1951.02804294634
"AENJPLPP_02461","puuD","Gamma-glutamyl-gamma-aminobutyrate hydrolase PuuD",1781.0767298228,1647.53801712715,1763.19210210759,1077.37807067275,1180.31397088675,1189.26417056058
"AENJPLPP_02462",NA,"hypothetical protein",1541.67226029467,1566.34924464852,1474.12673025571,1761.08128514187,1519.09940842446,1547.33286578358
"AENJPLPP_02463",NA,"hypothetical protein",8034.50652083051,7646.59621771211,7337.56713272721,7585.28712542006,7387.15305647078,7175.26022505025
"AENJPLPP_02464","ntpK","V-type sodium ATPase subunit K",904.416884884045,914.85885085666,893.862662774445,751.891699954739,673.04165799605,805.406594241195
"AENJPLPP_02465","atpE_1","V-type proton ATPase subunit E",2086.40416922099,1982.1941768561,1957.32456586051,1675.61838333323,1800.81671076198,1776.45715552461
"AENJPLPP_02466","ntpC","V-type sodium ATPase subunit C",6413.03277069313,5939.65178169817,6026.63967145061,4645.90881108672,4117.05832515753,4087.53765377828
"AENJPLPP_02467","ntpG","V-type sodium ATPase subunit G",1643.4480734274,1554.46796087117,1522.12651524956,1289.2169655814,1205.67758653128,1206.12613127745
"AENJPLPP_02468","ntpA","V-type sodium ATPase catalytic subunit A",10673.7384022952,10533.7481756104,10436.2199195527,10720.1390981455,9595.59930437706,9657.93597059915
"AENJPLPP_02469","ntpB","V-type sodium ATPase subunit B",14559.7239946359,13974.3699361373,13793.0048834563,11553.856980683,10236.9364428174,9903.92222105706
"AENJPLPP_02470","ntpD","V-type sodium ATPase subunit D",8243.84086375124,7522.83284503128,7596.76597169403,5560.54369640046,4954.05764142718,5205.3864613027
"AENJPLPP_02471","ntpJ_2","Potassium/sodium uptake protein NtpJ",6227.98583772453,6101.03921967396,6006.37309556432,6021.49785828323,4819.9928158775,5213.32150164005
"AENJPLPP_02472","hisC","Histidinol-phosphate aminotransferase",65.9229698700646,77.228344552835,81.0663035451764,168.198264197856,167.581031937105,191.432848138609
"AENJPLPP_02473","lhpI","Delta(1)-pyrroline-2-carboxylate reductase",27.7570399452904,27.7229954805049,37.3331661063312,153.651387294257,138.594042629065,131.920045608472
"AENJPLPP_02474","yddE","putative isomerase YddE",104.088899794839,108.911767959126,110.932836430241,191.836939166203,173.921935848239,173.579007379568
"AENJPLPP_02475","gloA","Lactoylglutathione lyase",5095.72991662289,5897.07718149596,5691.70783838238,1649.25216894546,1713.85574283786,1805.22167674751
"AENJPLPP_02476",NA,"hypothetical protein",392.068189227227,372.280225023922,390.398251283349,340.033247621611,280.811458921636,289.628972313336
"AENJPLPP_02477","yidA_3","Sugar phosphatase YidA",1355.46878399501,1317.83239230543,1345.06064171668,2144.75516347428,2034.52431205805,1855.80755889812
"AENJPLPP_02478",NA,"hypothetical protein",1687.39672000744,1611.89416579507,1676.79248911865,1621.06759494474,1610.58959342796,1547.33286578358
"AENJPLPP_02479","lipL","Octanoyl-[GcvH]:protein N-octanoyltransferase",182.733846306495,191.090647419194,220.79901097173,386.401417751831,380.454234668023,372.946895855529
"AENJPLPP_02480",NA,"hypothetical protein",538.949192271055,496.043597704748,479.997849938544,560.963940595011,489.155444573172,517.761382012197
"AENJPLPP_02481","rpoE","putative DNA-directed RNA polymerase subunit delta",8433.51397004406,8242.64062054296,7853.83148688334,19611.0084256635,17153.9567664485,17769.5309554569
"AENJPLPP_02482","sigV","RNA polymerase sigma factor SigV",164.229153009635,161.387437975796,157.865959535343,96.373059486339,82.4317508447383,93.2367239638821
"AENJPLPP_02483","rsiV","Anti-sigma-V factor RsiV",410.572882524087,424.755895040592,394.664898838359,250.024446780596,299.834170655037,254.913170837422
"AENJPLPP_02484",NA,"hypothetical protein",580.58475218899,617.82675642268,568.530786704987,351.852585105785,392.230199074414,397.743896909753
"AENJPLPP_02486","rpoN1","RNA polymerase sigma-54 factor 1",2902.92376094495,2858.43885543634,2753.05433486974,591.876054015157,656.736476510278,680.429708927906
"AENJPLPP_02487","cggR","Central glycolytic genes regulator",2054.02095595149,2204.96824768158,2454.38900601909,7097.05756934304,6771.17953367493,7161.37390445988
"AENJPLPP_02488","gap_2","Glyceraldehyde-3-phosphate dehydrogenase",61528.1052120603,64573.7872229659,64984.2422484576,139103.601210853,163530.100181307,168763.429774838
"AENJPLPP_02489","pgk","Phosphoglycerate kinase",38499.0144041177,38703.2819047477,38920.3589967947,64304.4693523564,60374.4636681517,61253.5520041441
"AENJPLPP_02490","tpiA","Triosephosphate isomerase",24453.9521918008,22424.9330227841,23504.9613805461,67069.2851438466,63178.9548837046,59115.0586332278
"AENJPLPP_02491","eno","Enolase",54342.5014962233,54550.934249782,53576.2933482516,101815.409807898,100720.72941128,106379.134522621
"AENJPLPP_02495","dapE","putative succinyl-diaminopimelate desuccinylase",2547.86495831145,2410.91049982248,2468.25561057287,1208.29996280514,1270.89831247437,1229.93125228951
"AENJPLPP_02496",NA,"hypothetical protein",1702.43178331114,1968.33267911585,1894.39151442412,3230.3158524053,2416.79023355782,2725.6863558803
"AENJPLPP_02497","rihB","Pyrimidine-specific ribonucleoside hydrolase RihB",6035.9996447696,5582.22316139594,5720.50770937869,9660.94462360224,7664.34114172891,7802.12841170103
"AENJPLPP_02498","menH_3","2-succinyl-6-hydroxy-2,4-cyclohexadiene-1-carboxylate synthase",1692.02289333166,1581.20084937022,1512.52655825079,984.641730412312,956.570647165315,965.099281030397
"AENJPLPP_02499","yjdJ","putative protein YjdJ",1849.31278635497,1698.03347318092,1629.85936601355,717.342867308693,853.304497755423,789.536513566491
"AENJPLPP_02500","secG","putative protein-export membrane protein SecG",2304.99085879015,2563.38697496525,2424.52247313402,1456.50604997278,1625.98893149786,1839.93747822342
"AENJPLPP_02501","est","Carboxylesterase",1225.93593091699,1118.82088903466,1171.19475385005,734.617283631716,756.379252256665,701.259189813454
"AENJPLPP_02502","rnr","Ribonuclease R",10371.8805928902,10012.9519033695,9910.35560839781,7081.60151263296,6668.81922768092,6300.42202785723
"AENJPLPP_02503","smpB","SsrA-binding protein",1287.23272746284,1430.70458819034,1323.72740394163,1011.91712460656,1110.56402786428,1142.64580857864
"AENJPLPP_02504","atpB","ATP synthase subunit a",5047.15509671863,5221.82422014938,5089.04387123732,5330.52120536231,5406.97934936531,5771.74996538117
"AENJPLPP_02505","atpE_2","ATP synthase subunit c",1623.78683679949,1515.85378859475,1505.05992502952,1762.89964475482,1747.37194922528,1759.59519480773
"AENJPLPP_02506","atpF","ATP synthase subunit b",3814.27990581532,3531.71160282003,3431.45129611621,4900.47915689969,4365.25942110762,4656.87679798326
"AENJPLPP_02507","atpH","ATP synthase subunit delta",2825.43535776435,2807.94339938256,2405.32255913648,2938.46913452686,3005.58845387738,3294.03362004311
"AENJPLPP_02508","atpA","ATP synthase subunit alpha",18700.1491198083,18281.3353054301,17322.5890733377,17979.0306730411,18389.5271857036,18004.6065254509
"AENJPLPP_02509","atpG","ATP synthase gamma chain",9697.61583088582,10080.2791781079,8996.22636973707,12683.0583003248,13334.9209251142,11705.1763776359
"AENJPLPP_02510","atpD","ATP synthase subunit beta",15498.8371794515,14794.1785167751,14113.003450082,15128.7519797423,16058.7920766541,16277.7433720348
"AENJPLPP_02511","atpC","ATP synthase epsilon chain",8671.76189624113,7614.91279430582,7437.83335026993,6777.02627746387,6482.21548401041,6079.23277845355
"AENJPLPP_02512",NA,"hypothetical protein",1720.936476608,1585.16127729601,1650.12594189984,1221.93765990226,1057.11926632758,1251.75261321723
"AENJPLPP_02513","murA1_2","UDP-N-acetylglucosamine 1-carboxyvinyltransferase 1",17401.350959035,16053.5945971752,17117.7899906972,14754.1698994746,15455.5003616805,15215.4398468718
"AENJPLPP_02514",NA,"hypothetical protein",912.512688201421,777.233980435583,911.995914883234,779.167094148986,629.56117403399,663.567748211034
"AENJPLPP_02515",NA,"Putative membrane protein insertion efficiency factor",594.463272161635,518.81605827802,611.19726225508,427.314509043201,401.288633233177,416.589617710963
"AENJPLPP_02516","yvbK","putative N-acetyltransferase YvbK",485.748199042582,480.201886001602,491.73113071482,388.21977736478,294.39911015978,318.393493536236
"AENJPLPP_02517","bglK","Beta-glucoside kinase",178.10767298228,187.130219493408,171.732564089124,158.197286326632,151.275850451333,130.928165566303
"AENJPLPP_02518",NA,"hypothetical protein",172.324956327011,180.199470623282,182.399182976647,587.330154982783,476.473636750905,582.233584753179
"AENJPLPP_02521",NA,"hypothetical protein",5184.78375311403,6159.45553157931,6430.90452728774,957.366336218065,1147.7036079152,1097.01932663887
"AENJPLPP_02522","nagR_1","HTH-type transcriptional repressor NagR",1018.91467465837,1073.27596788812,1023.99541320223,703.705170211569,683.005935570689,729.031830994185
"AENJPLPP_02523","yigZ","IMPACT family member YigZ",736.718101881249,702.975956827088,667.730342358953,432.76958788205,501.83725239544,501.891301337493
"AENJPLPP_02524",NA,"hypothetical protein",142.254829719613,150.496261179884,143.999354981563,145.468769035983,130.441451886179,137.871325861485
"AENJPLPP_02525","ptcB_2","PTS system galactose-specific EIIB component",503.096349008388,568.32140735035,635.730485696383,380.037159106506,385.88929516328,399.72765699409
"AENJPLPP_02526","comFA","ComF operon protein 1",37.0093865937205,30.6933164248447,38.3998279950835,83.6445421956904,91.4901850035008,76.3747632470098
"AENJPLPP_02527",NA,"hypothetical protein",42.7921032489893,36.6339583135243,44.7997993275975,88.1904412280649,103.266149409892,109.106804638585
"AENJPLPP_02528","hpf","Ribosome hibernation promotion factor",42668.3531125666,42798.3643800108,43913.4032980443,7538.91895528984,8281.22050794063,7496.62935871299
"AENJPLPP_02529","secA","Protein translocase subunit SecA",21645.8649840023,21037.7931417774,20434.0418028282,14460.5048219832,13754.3264266649,13465.7634524858
"AENJPLPP_02530","prfB","Peptide chain release factor 2",2583.71780157411,2415.86103472971,2358.38943603138,3172.12834479091,2809.02043263224,2834.79316051888
"AENJPLPP_02531","ftsE","Cell division ATP-binding protein FtsE",4937.28348026852,5046.57528443333,4965.31109214205,3498.5238953154,3156.86430432871,3114.50333241053
"AENJPLPP_02532","ftsX","Cell division protein FtsX",7083.82790270431,6256.48601576108,6141.83915543586,3052.11661033623,3080.77345739511,3176.99177506718
"AENJPLPP_02533","clsA_2","Major cardiolipin synthase ClsA",1726.71919326327,1752.48935716049,1739.72554055503,1213.75504164399,1201.1483694519,1209.10177140396
"AENJPLPP_02534","pstS1_1","Phosphate-binding protein PstS 1",1596.0297968542,1525.75485840921,1394.12708859928,1093.7433071893,1059.83679657521,1013.70140309668
"AENJPLPP_02535",NA,"hypothetical protein",3149.2674904594,3183.19394535083,3129.58598159931,1362.86052990587,1294.45024128715,1288.45217477748
"AENJPLPP_02536",NA,"hypothetical protein",2433.36716853712,2180.21557314542,2141.85707261466,856.447377699352,766.343529831303,776.642073018295
"AENJPLPP_02537","pstB3_1","Phosphate import ATP-binding protein PstB 3",4511.67553444074,4734.69158527765,4478.91327087099,2004.74147327715,1999.19641883887,2102.78568939819
"AENJPLPP_02538","pstB3_2","Phosphate import ATP-binding protein PstB 3",3648.89420947463,3566.36534717066,3417.58469156243,1929.27954933973,1791.75827660321,1837.95371813908
"AENJPLPP_02539","phoU","Phosphate-specific transport system accessory protein PhoU",5345.5432761305,5311.92395546102,5195.71006011255,2354.77569876998,2897.79308738811,2812.97179959117
"AENJPLPP_02540",NA,"hypothetical protein",196.61236627914,218.813642899699,219.732349082978,233.659210264048,220.119950057928,235.075569994043
"AENJPLPP_02541",NA,"hypothetical protein",42.7921032489893,67.3272747383689,53.333094437616,98.1914190992888,93.3018718352532,110.098684680754
"AENJPLPP_02542",NA,"hypothetical protein",11491.4145373502,10855.5329445805,10849.0180704999,7648.9297118733,7505.81854395057,7978.68305920711
"AENJPLPP_02543",NA,"hypothetical protein",2155.79676908422,2324.77119243662,2487.45552457041,1524.6945354584,1516.38187817683,1520.55210464501
"AENJPLPP_02544",NA,"hypothetical protein",261.378792818151,242.576210454418,255.998853300557,150.014668068358,145.840789956075,162.668326915709
"AENJPLPP_02546","hprK","HPr kinase/phosphorylase",2840.47042106805,2437.64338832153,2519.45538123298,2064.74734050449,1895.93026942898,1721.90375320531
"AENJPLPP_02547","lgt","Phosphatidylglycerol--prolipoprotein diacylglyceryl transferase",1442.20953382405,1498.03186292871,1515.72654391705,1186.47964744974,1274.52168613788,1237.86629262686
"AENJPLPP_02548","gpsA_2","Glycerol-3-phosphate dehydrogenase [NAD(P)+]",7418.06892537885,7231.74139248598,7155.16794975057,4255.87067410899,4031.00320064929,3988.34964956138
"AENJPLPP_02549","gtaB_2","UTP--glucose-1-phosphate uridylyltransferase",9394.60147814974,8819.87299072633,8730.62755943774,4921.39029244861,4950.43426776368,4796.73188392909
"AENJPLPP_02550",NA,"hypothetical protein",1845.84315636181,1836.64845058345,1849.59171509652,700.977630792145,711.992924878729,718.121150530326
"AENJPLPP_02551",NA,"hypothetical protein",18375.1604437822,17514.9925017904,17934.8529974815,5424.16672542923,5263.85608965686,4900.87928835683
"AENJPLPP_02552","pepQ","Xaa-Pro dipeptidase",4387.92539801799,4458.45173745405,4148.24808535777,3901.29054958378,3822.65921499775,4054.8056123867
"AENJPLPP_02553","ccpA_2","Catabolite control protein A",10612.4416057494,10506.0251801299,10347.6869827863,13284.9353322112,13269.7001991711,13347.7297274677
"AENJPLPP_02554","ponA_2","Penicillin-binding protein 1A/1B",19480.8158682696,19661.5444375666,19604.1788533789,8529.92494434747,8752.25908419628,8507.35512168316
"AENJPLPP_02555","nfo","putative endonuclease 4",556.297342236861,555.450016591544,487.46448315981,3395.78657718374,3433.14654617097,3348.58702236241
"AENJPLPP_02557",NA,"hypothetical protein",426.764489158839,446.538248632418,482.131173716049,416.404351365502,478.285323582657,503.875061421831
"AENJPLPP_02558","mntH","Divalent metal cation transporter MntH",2628.82299148521,2591.10997044576,2650.65479354952,3744.00244306362,4801.87594755998,4185.73377795301
"AENJPLPP_02559",NA,"hypothetical protein",1452.61842380353,1337.63453193436,1480.52670158822,1677.43674294618,1469.27802055127,1563.20294645828
"AENJPLPP_02560","yheI","putative multidrug resistance ABC transporter ATP-binding/permease protein YheI",3520.51789972766,3447.55250939707,3505.05096644013,939.182740088567,879.573956815834,891.700157909894
"AENJPLPP_02561","yheH","putative multidrug resistance ABC transporter ATP-binding/permease protein YheH",3400.23739329807,3423.78994184235,3377.05153978985,945.546998733892,933.018718352532,921.456559174963
"AENJPLPP_02562","licT_3","Transcription antiterminator LicT",57.8271665526883,36.6339583135243,50.1331087713591,25.4570345812971,18.1168683175249,17.8538407590413
"AENJPLPP_02563","bglF_3","PTS system beta-glucoside-specific EIIBCA component",90.2103798221937,91.0898422930874,121.599455317765,117.284195035262,128.629765054427,104.147404427741
"AENJPLPP_02564","murR_2","HTH-type transcriptional regulator MurR",86.7407498290324,94.0601632374272,91.7329224326996,87.28126142159,121.383017727417,111.090564722923
"AENJPLPP_02565","licH","putative 6-phospho-beta-glucosidase",959.930964774625,972.285055780563,924.795857548262,215.47561413455,197.473864661021,185.481567885595
"AENJPLPP_02566","bglH_2","Aryl-phospho-beta-D-glucosidase BglH",866.25095495927,812.87783176766,757.329941014147,318.212932266214,331.538690210706,304.50717294587
"AENJPLPP_02567","trxB","Thioredoxin reductase",3492.76085978237,3216.85758272001,3427.18464856121,4228.59527991474,3925.92536440765,4015.13041069995
"AENJPLPP_02568","pgcA","Phosphoglucomutase",9436.23703806767,8505.01897062631,8938.62662774444,13484.0457098292,12381.9736516124,11524.6542099611
"AENJPLPP_02569","czrA","HTH-type transcriptional repressor CzrA",247.500272845506,263.368457064796,243.198910635529,416.404351365502,409.441223976063,461.224219608566
"AENJPLPP_02570","yqfL","Putative pyruvate, phosphate dikinase regulatory protein",563.236602223184,584.163119053495,614.397247921337,573.692457885659,604.197558389455,634.803226988134
"AENJPLPP_02571","zur","Zinc-specific metallo-regulatory protein",260.222249487097,200.99171723366,259.198838966814,625.515706854728,562.528761259148,550.493423403772
"AENJPLPP_02572","rpsU","30S ribosomal protein S21",45014.9795312747,49353.8627041688,46026.4604996626,43793.3729182828,48145.5775538224,48708.2532307911
"AENJPLPP_02573","yqeY","putative protein YqeY",37837.471618755,32790.3630115486,34393.4459409298,30533.8946206529,31107.5687446061,32213.2881295213
"AENJPLPP_02574","brnQ_2","Branched-chain amino acid transport system 2 carrier protein",167.698783002796,172.278614771709,204.799082640446,185.472680520879,194.756334413393,180.522167674751
"AENJPLPP_02575",NA,"PhoH-like protein",3486.9781431271,3241.61025725618,3080.5195347167,2405.68976793257,2251.02088845247,2152.37969150664
"AENJPLPP_02576","pgpH","Cyclic-di-AMP phosphodiesterase PgpH",11038.0495515771,10162.4580575679,9862.35582340396,7561.64845045171,7665.24698514479,7240.7243078334
"AENJPLPP_02577","ybeY","Endoribonuclease YbeY",1901.35723625239,1886.15379965578,1890.12486686911,1241.03043583823,1267.27493881087,1275.55773422928
"AENJPLPP_02578","dgkA","Undecaprenol kinase",1033.94973796207,899.017139153515,955.729052322079,840.991320989279,715.616298542234,763.747632470098
"AENJPLPP_02579","era","GTPase Era",6521.74784381218,6314.90232766643,6043.70626167065,6141.50959273792,5844.50171923353,5475.17783277265
"AENJPLPP_02580","recO","DNA repair protein RecO",740.18773187441,775.253766472689,696.530213355265,922.817503572019,923.054440777894,860.951876602656
"AENJPLPP_02581","glyQ","Glycine--tRNA ligase alpha subunit",293.762006087656,282.180489712282,309.331947738173,2833.00427697578,2860.65350733718,2791.15043866345
"AENJPLPP_02582","glyS","Glycine--tRNA ligase beta subunit",2974.62944747028,3085.17335418761,2766.92093942352,11935.7124994024,11925.4285700108,11731.9571387744
"AENJPLPP_02583",NA,"hypothetical protein",432.547205814108,439.607499762291,407.464841503386,1179.20620899794,1168.53800648036,1223.9799720365
"AENJPLPP_02584","tagU_3","Polyisoprenyl-teichoic acid--peptidoglycan teichoic acid transferase TagU",1468.81003043828,1562.38881672274,1438.92688792688,3098.48478046645,3189.47466730026,2888.35468279601
"AENJPLPP_02585","ywqC","putative capsular polysaccharide biosynthesis protein YwqC",1070.95912455579,1108.91981922019,1083.72847897236,1928.37036953325,1994.66720175949,1949.044282862
"AENJPLPP_02586","ywqD","Tyrosine-protein kinase YwqD",881.286018262969,822.778901582126,871.462763110646,1513.7843777807,1295.35608470303,1297.379095157
"AENJPLPP_02587","ywqE","Tyrosine-protein phosphatase YwqE",412.885969186194,407.924076356,360.531718398284,1120.10952157707,1185.749031382,1111.8975272714
"AENJPLPP_02588","pglF","UDP-N-acetyl-alpha-D-glucosamine C6 dehydratase",902.103798221937,879.214999524583,883.196043886921,2150.21024231313,2021.84250423578,2018.47588581383
"AENJPLPP_02589",NA,"hypothetical protein",596.776358823743,607.925686608214,578.130743703758,1304.67302229148,1045.34330192119,1028.57960372921
"AENJPLPP_02590","gph_2","Phosphoglycolate phosphatase",541.262278933162,534.657769981165,483.197835604801,972.822392928138,981.028419393973,877.813837319529
"AENJPLPP_02591","epsN","Putative pyridoxal phosphate-dependent aminotransferase EpsN",1570.58584357101,1581.20084937022,1394.12708859928,2631.16635993835,2444.87137944999,2510.44838672964
"AENJPLPP_02592","epsL","putative sugar transferase EpsL",878.972931600862,803.966868934641,780.796502566699,1452.86933074688,1548.0863977325,1414.42094013294
"AENJPLPP_02593","pglA","N,N'-diacetylbacillosaminyl-diphospho-undecaprenol alpha-1,3-N-acetylgalactosaminyltransferase",526.227215629463,467.330495242796,430.931403055937,1387.40838468069,1404.05729460818,1292.41969494615
"AENJPLPP_02594",NA,"hypothetical protein",181.577302975441,192.080754400641,178.132535421638,636.425864532427,714.710455126357,612.981866060417
"AENJPLPP_02595",NA,"hypothetical protein",402.47707920671,407.924076356,402.131532059625,1214.66422145046,1157.66788548984,1093.05180647019
"AENJPLPP_02596",NA,"hypothetical protein",305.327439398194,293.071666508194,245.332234413034,715.524507695743,650.395572599144,679.437828885737
"AENJPLPP_02597","pglH_2","GalNAc-alpha-(1->4)-GalNAc-alpha-(1->3)-diNAcBac-PP-undecaprenol alpha-1,4-N-acetyl-D-galactosaminyltransferase",462.617332421506,534.657769981165,457.597950274745,1081.01478989865,1118.71661860716,1019.65268334969
"AENJPLPP_02598",NA,"hypothetical protein",321.519046032947,366.339583135243,344.531790067,632.789145306528,538.976832446366,547.517783277265
"AENJPLPP_02599",NA,"hypothetical protein",261.378792818151,238.615782528631,245.332234413034,627.334066467678,492.778818236677,498.915661210986
"AENJPLPP_02600",NA,"hypothetical protein",540.105735602108,578.222477164816,589.864024480033,848.264759441078,784.460398148828,807.390354325533
"AENJPLPP_02601",NA,"IS256 family transposase IS256",4.62617332421506,15.8417117031456,15.9999283312848,12.7285172906485,11.7759644063912,18.8457208012102
"AENJPLPP_02602","wbgU_2","UDP-N-acetylglucosamine 4-epimerase",393.22473255828,381.191187856942,345.598451955752,733.708103825241,673.947501411926,668.527148421878
"AENJPLPP_02603","ugd","UDP-glucose 6-dehydrogenase",853.528978317679,775.253766472689,785.063150121708,1145.56655615837,1449.34946540199,1257.70389347024
"AENJPLPP_02604","glvR","HTH-type transcriptional regulator GlvR",33.5397566005592,47.5251351094369,46.9331231051021,14.5468769035983,9.05843415876245,10.9106804638585
"AENJPLPP_02605","pfkB","ATP-dependent 6-phosphofructokinase isozyme 2",46.2617332421506,54.4558839795631,75.7329941014147,11.8193374841736,8.15259074288621,10.9106804638585
"AENJPLPP_02606","fruA_5","PTS system fructose-specific EIIABC component",28.9135832763441,27.7229954805049,31.9998566625696,15.4560567100732,20.8343985651536,13.8863205903654
"AENJPLPP_02608","lacD2","Tagatose 1,6-diphosphate aldolase 2",16.1916066347527,21.7823535918252,13.8666045537802,16.3652365165481,19.0227117334011,20.8294808855481
"AENJPLPP_02609","yidC","Membrane protein insertase YidC",1372.81693396082,1352.48613665606,1368.52720326923,5467.80735614002,5525.64483684509,5941.36145259206
"AENJPLPP_02610","acyP","Acylphosphatase",2928.36771422813,2861.40917638068,2761.58762997976,402.766654268379,313.421821893181,318.393493536236
"AENJPLPP_02611",NA,"Putative TrmH family tRNA/rRNA methyltransferase",1225.93593091699,1224.76233604945,1029.32872264599,822.807724859781,653.113102846773,664.559628253203
"AENJPLPP_02612",NA,"hypothetical protein",9073.08243211679,8678.28769237947,8948.22658474322,2652.07749548727,2501.93951465019,2568.9693092176
"AENJPLPP_02613",NA,"hypothetical protein",6016.33840814169,5941.63199566106,5903.97355424409,4820.4713339299,4781.9473924107,4614.22595617
"AENJPLPP_02614","eriC","Chloride/fluoride channel protein",274.100769459742,236.635568565738,260.265500855566,600.058672273431,482.814540662039,531.647702602562
"AENJPLPP_02615",NA,"hypothetical protein",1716.31030328379,1742.58828734602,1709.85900766997,1141.02065712599,1226.51198509644,1162.48340942202
"AENJPLPP_02616","dacA","D-alanyl-D-alanine carboxypeptidase DacA",3190.90305037734,3449.53272335996,3258.65207013834,7040.68842134159,6961.40665100894,7026.47821872491
"AENJPLPP_02617",NA,"hypothetical protein",58.983709883742,71.2877026641554,62.9330514363869,25.4570345812971,44.386327377936,41.6589617710963
"AENJPLPP_02618",NA,"hypothetical protein",12248.9504191904,11543.6572966859,11429.2821379811,1959.2824829534,1813.49851858424,1566.17858658479
"AENJPLPP_02619",NA,"hypothetical protein",26.6004966142366,39.6042792578641,35.1998423288266,37.2763720654707,44.386327377936,45.6264819397721
"AENJPLPP_02620",NA,"hypothetical protein",93.680009815355,57.4262049239029,98.1328937652135,102.737318131663,54.3506049525747,98.1961241747269
"AENJPLPP_02621","cspLA_2","Cold shock-like protein CspLA",9562.30026115253,10202.0623368258,10450.0865241065,14587.7899948897,12357.5158793837,15464.4017374562
"AENJPLPP_02622","dinG_2","3'-5' exonuclease DinG",2195.11924234005,2112.88829840705,2090.65730195455,3040.29727285205,3078.05592714748,3069.86873051293
"AENJPLPP_02623",NA,"hypothetical protein",1235.18827756542,1141.59334960793,1134.92824963247,1635.61447184834,1221.07692460118,1305.31413549435
"AENJPLPP_02624","aspB","Asparagine--oxo-acid transaminase",4699.03555407145,4277.26215984932,4212.24779868291,6464.26842403651,5868.95949146219,5880.85677001976
"AENJPLPP_02625","asnS","Asparagine--tRNA ligase",6048.72162141119,6492.13147734537,5842.10716469646,8369.90929840789,8452.42491354124,8745.40633180371
"AENJPLPP_02626","axe2","Acetylxylan esterase",536.636105608947,531.687449036825,565.33080103873,440.952206140324,412.158754223692,401.711417078428
"AENJPLPP_02627",NA,"hypothetical protein",397.850905882495,383.171401819835,426.664755500928,293.665077491391,261.788747188235,292.604612439843
"AENJPLPP_02628","yccF","Inner membrane protein YccF",136.472113064344,154.45668910567,150.399326314077,97.2822392928139,72.4674732700996,83.3179235421926
"AENJPLPP_02629","cadA","Cadmium, zinc and cobalt-transporting ATPase",1719.77993327695,1645.55780316425,1626.65938034729,1044.64759763966,956.570647165315,981.961241747269
"AENJPLPP_02630","ycaM","Inner membrane transporter YcaM",3734.47841597261,4221.81616888831,3771.71643862821,8046.24128730283,8639.93450062763,9091.57246652068
"AENJPLPP_02632",NA,"hypothetical protein",109.871616450108,112.872195884913,101.33287943147,23.6386749683473,28.9869893080398,29.7564012650688
"AENJPLPP_02633","copY","Transcriptional repressor CopY",279.883486115011,272.279419897816,292.265357518136,365.490282202908,383.171764915652,328.312293957925
"AENJPLPP_02634","copZ","Copper chaperone CopZ",161.916066347527,134.654549476738,133.33273609404,117.284195035262,120.477174311541,95.2204840482201
"AENJPLPP_02635","copA","putative copper-importing P-type ATPase A",1921.0184728803,1789.12331547401,1873.05827664907,1515.60273739365,1653.16423397415,1520.55210464501
"AENJPLPP_02636","copB","Copper-exporting P-type ATPase B",3415.27245660177,3487.15678865493,3388.78482056612,1841.99828791814,2061.69961453433,2020.45964589817
"AENJPLPP_02637",NA,"hypothetical protein",49.7313632353119,52.4756700166699,58.6664038813776,35.4580124525209,26.2694590604111,42.6508418132652
"AENJPLPP_02638",NA,"hypothetical protein",176.951129651226,138.614977402524,132.266074205288,80.9170027762657,82.4317508447383,90.2610838373753
"AENJPLPP_02639",NA,"hypothetical protein",45.1051899110969,36.6339583135243,33.0665185513219,10.9101576776988,10.8701209905149,13.8863205903654
"AENJPLPP_02640",NA,"hypothetical protein",15.035063303699,15.8417117031456,17.0665902200371,3.63671922589958,6.34090391113372,6.94316029518271
"AENJPLPP_02641",NA,"hypothetical protein",135.315569733291,88.1195213487476,105.59952698648,21.8203153553975,28.9869893080398,35.7076815180825
"AENJPLPP_02642",NA,"hypothetical protein",45.1051899110969,48.5152420908835,73.5996703239101,36.3671922589958,28.0811458921636,33.7239214337446
"AENJPLPP_02643",NA,"hypothetical protein",23.1308666210753,23.7625675547185,26.666547218808,14.5468769035983,21.7402419810299,19.8376008433792
"AENJPLPP_02644",NA,"hypothetical protein",2102.59577585575,2356.45461584291,2201.59013838479,1837.45238888576,1899.55364309249,1887.54772024753
"AENJPLPP_02645","lytA","Autolysin",65.9229698700646,76.2382375713884,84.2662892114333,100.009778712239,90.5843415876245,93.2367239638821
"AENJPLPP_02646",NA,"hypothetical protein",68.2360565321722,71.2877026641554,83.199627322681,89.0996210345398,141.311572876694,114.06620484943
"AENJPLPP_02652",NA,"hypothetical protein",85.5842064979786,83.1689864415146,73.5996703239101,250.024446780596,276.282241842255,266.81573134345
"AENJPLPP_02653",NA,"hypothetical protein",500.78326234628,543.568732814185,456.531288385993,100.918958518713,93.3018718352532,92.2448439217132
"AENJPLPP_02654",NA,"IS110 family transposase ISSpn10",9.25234664843012,18.8120326474854,4.26664755500928,8.18261825827406,33.5162063874211,27.7726411807309
"AENJPLPP_02655","cbh_3","Choloylglycine hydrolase",4053.68437534345,4137.65707546535,4015.98201115249,3063.02676801392,2924.06254644852,2871.49272207914
"AENJPLPP_02656",NA,"ISL3 family transposase ISEfa5",5.78271665526883,8.91096283301942,3.19998566625696,10.9101576776988,18.1168683175249,10.9106804638585
"AENJPLPP_02657",NA,"IS256 family transposase IS16",10.4088899794839,13.8614977402524,8.53329511001856,15.4560567100732,25.3636156445349,19.8376008433792
"AENJPLPP_02658",NA,"hypothetical protein",62.4533398769033,51.4855630352233,59.7330657701299,51.8232489690691,52.5389181208222,61.4965626144755
"AENJPLPP_02659",NA,"hypothetical protein",211.647429582839,218.813642899699,228.265644192997,205.474636263326,226.460853969061,228.132409698861
"AENJPLPP_02660",NA,"hypothetical protein",148.037546374882,171.288507790262,158.932621424096,501.867253174142,445.674960611113,578.266064584503
"AENJPLPP_02661","pstS1_2","Phosphate-binding protein PstS 1",836.180828351872,880.205106506029,833.062935115562,277.299840974843,222.837480305556,251.937530710916
"AENJPLPP_02663",NA,"ISL3 family transposase IS1476",61.2967965458496,84.1590934229612,53.333094437616,61.8242268402929,84.2434376764908,78.3585233313478
"AENJPLPP_02664","ctpE_2","Calcium-transporting ATPase CtpE",353.902259302452,348.517657469204,303.998638294411,854.629018086402,836.99931626965,809.374114409871
"AENJPLPP_02665","phoR_3","Alkaline phosphatase synthesis sensor protein PhoR",6697.54243013236,6286.18922520448,6257.03863942111,2511.15462548366,2340.69938662422,2454.90310436817
"AENJPLPP_02666","phoP","Alkaline phosphatase synthesis transcriptional regulatory protein PhoP",1903.6703229145,1944.57011156113,1828.25847732148,800.987409504383,889.538234390473,834.171115464095
"AENJPLPP_02667",NA,"hypothetical protein",1689.70980666955,1792.09363641835,1796.25862065891,1541.96895178142,1269.08662564262,1269.60645397627
"AENJPLPP_02668",NA,"hypothetical protein",882.442561594023,860.402966877097,899.195972218206,775.530374923086,724.674732700996,707.210470066468
"AENJPLPP_02669","ffh","Signal recognition particle protein",6193.28953779291,6650.54859437683,6273.0385677524,4971.39518180473,4683.21046008019,4662.82807823628
"AENJPLPP_02670","tag","DNA-3-methyladenine glycosylase 1",333.084479343484,323.764982933039,339.198480623238,437.315486914425,411.252910807815,374.930655939866
"AENJPLPP_02671",NA,"IS1595 family transposase ISCac2",324.988676026108,354.458299357884,362.665042175789,420.041070591402,397.665259569672,378.898176108542
"AENJPLPP_02672","chrR","Quinone reductase",872.033671614539,842.581041211058,851.196187224352,572.783278079184,561.622917843272,522.720782223041
"AENJPLPP_02673","rpsP","30S ribosomal protein S16",4769.58469726573,4371.32232308675,4593.04609296749,16056.1153823467,18680.3029221999,22561.3034391751
"AENJPLPP_02674",NA,"hypothetical protein",518.131412312087,632.678361144379,585.597376925024,4062.21537532983,3139.65327942707,3589.61387260946
"AENJPLPP_02675",NA,"hypothetical protein",388.598559234065,338.616587654738,341.331804400743,360.035203364059,407.62953714431,373.938775897698
"AENJPLPP_02676","rimM","Ribosome maturation factor RimM",733.248471888087,724.758310418913,683.730270690237,927.363402604394,1156.76204207396,1249.76885313289
"AENJPLPP_02677","trmD","tRNA (guanine-N(1)-)-methyltransferase",2426.4279085508,2278.23616430863,2279.45645626371,2682.98960890742,2515.52716588833,2533.26162769952
"AENJPLPP_02678","rplS","50S ribosomal protein L19",4475.82269117807,5313.90416942391,4676.24572029017,14262.3036241717,18037.1540969278,18422.1880232041
"AENJPLPP_02679",NA,"hypothetical protein",75.1753165184948,86.1393073858544,73.5996703239101,270.935582329519,224.649167137309,239.043090162719
"AENJPLPP_02680",NA,"hypothetical protein",12.7219766415914,19.802139628932,15.9999283312848,19.0927759359728,8.15259074288621,18.8457208012102
"AENJPLPP_02684",NA,"hypothetical protein",33.5397566005592,38.6141722764175,34.1331804400743,36.3671922589958,30.7986761397923,38.6833216445894
"AENJPLPP_02686",NA,"hypothetical protein",21.9743232900215,39.6042792578641,30.9331947738173,52.732428775544,30.7986761397923,35.7076815180825
"AENJPLPP_02687",NA,"IS1595 family transposase ISCco3",6.93925998632259,2.97032094433981,2.13332377750464,8.18261825827406,9.96427757463869,9.91880042168959
"AENJPLPP_02693",NA,"hypothetical protein",1937.21007951506,1890.11422758156,1814.3918727677,950.092897766266,876.856426568205,950.221080397863
"AENJPLPP_02694",NA,"hypothetical protein",909.04305820826,857.432645932758,829.862949449305,355.489304331684,310.704291645552,329.304174000094
"AENJPLPP_02695",NA,"hypothetical protein",5.78271665526883,6.93074887012621,3.19998566625696,8.18261825827406,14.4934946540199,13.8863205903654
"AENJPLPP_02696",NA,"hypothetical protein",24.2874099521291,19.802139628932,21.3332377750464,39.0947316784205,57.9739786160797,50.5858821506169
"AENJPLPP_02698",NA,"hypothetical protein",15.035063303699,20.7922466103786,10.6666188875232,29.0937538071967,33.5162063874211,42.6508418132652
"AENJPLPP_02700",NA,"hypothetical protein",5.78271665526883,6.93074887012621,6.39997133251392,15.4560567100732,13.5876512381437,10.9106804638585
"AENJPLPP_02701",NA,"IS21 family transposase ISCth15",20.8177799589678,18.8120326474854,18.1332521087894,37.2763720654707,67.0324127748421,54.5534023192927
"AENJPLPP_02702",NA,"hypothetical protein",62.4533398769033,63.3668468125825,62.9330514363869,115.465835422312,125.006391390922,132.911925650641
"AENJPLPP_02703",NA,"IS4 family transposase IS4Bsu1",41.6355599179356,55.4459909610097,42.6664755500928,50.9140691625942,48.9155444573172,53.5615222771238
"AENJPLPP_02704",NA,"IS30 family transposase IS1252",35.8528432626667,39.6042792578641,44.7997993275975,65.4609460661925,76.0908469336046,49.594002108448
"AENJPLPP_02705",NA,"hypothetical protein",55.5140798905807,63.3668468125825,77.8663178789194,646.426842403651,683.911778986565,728.039950952016
"AENJPLPP_02706",NA,"IS3 family transposase ISEfa8",116.81087643643,119.802944755039,123.732779095269,449.134824398599,446.580804026989,419.56525783747
"AENJPLPP_02707",NA,"IS3 family transposase ISEfa8",250.969902838667,223.764177806932,263.465486521823,1005.55286596123,955.664803749439,965.099281030397
"AENJPLPP_02708","degA_3","HTH-type transcriptional regulator DegA",1860.87821966551,1618.82491466519,1575.45960968718,2819.36657987865,2419.50776380545,2490.61078588626
"AENJPLPP_02709","bfrA","Beta-fructosidase",113.341246443269,125.743586643718,108.799512652737,141.832049810084,149.46416361958,135.887565777147
"AENJPLPP_02710","treP_1","PTS system trehalose-specific EIIBC component",34.696299931613,36.6339583135243,36.2665042175789,28.1845740007218,39.8571102985548,24.797001054224
"AENJPLPP_02711",NA,"hypothetical protein",10.4088899794839,5.94064188867961,7.46663322126624,15.4560567100732,10.8701209905149,9.91880042168959
"AENJPLPP_02712","gmuE_4","Putative fructokinase",30.0701266073979,24.7526745361651,31.9998566625696,31.8212932266214,24.4577722286586,25.7888810963929
"AENJPLPP_02713","dgaR_5","Transcriptional regulatory protein DagR",12.7219766415914,20.7922466103786,19.1999139975418,34.548832646046,29.8928327239161,27.7726411807309
"AENJPLPP_02715","agaC_2","N-acetylgalactosamine permease IIC component 1",17.3481499658065,11.8812837773592,13.8666045537802,10.9101576776988,12.6818078222674,9.91880042168959
"AENJPLPP_02716","manZ_6","PTS system mannose-specific EIID component",28.9135832763441,25.7427815176117,28.7998709963127,15.4560567100732,14.4934946540199,12.8944405481965
"AENJPLPP_02717","manX_5","PTS system mannose-specific EIIAB component",9.25234664843012,13.8614977402524,17.0665902200371,9.09179806474896,9.96427757463869,7.93504033735167
"AENJPLPP_02718",NA,"hypothetical protein",11.5654333105377,5.94064188867961,12.7999426650278,11.8193374841736,19.9285551492774,8.92692037952063
"AENJPLPP_02719",NA,"hypothetical protein",41.6355599179356,58.4163119053495,40.5331517725882,55.4599681949686,57.0681352002034,43.6427218554342
"AENJPLPP_02720",NA,"hypothetical protein",30.0701266073979,29.7032094433981,36.2665042175789,40.9130912913703,33.5162063874211,37.6914416024204
"AENJPLPP_02723",NA,"IS66 family transposase ISRob1",1584.46436354366,1692.09283129224,1691.72575556118,472.773499366946,573.398882249663,588.184865006193
"AENJPLPP_02726",NA,"hypothetical protein",58.983709883742,64.3569537940291,69.3330227689008,65.4609460661925,52.5389181208222,68.4397229096582
"AENJPLPP_02727",NA,"hypothetical protein",79.8014898427098,71.2877026641554,47.9997849938544,64.5517662597176,68.8440996065946,61.4965626144755
"AENJPLPP_02728","xerC_11","Tyrosine recombinase XerC",1227.09247424805,1233.67329888247,1246.92774795146,659.155359694299,670.324127748421,666.54338833754
"AENJPLPP_02729",NA,"hypothetical protein",154.976806361205,158.417117031456,175.999211644133,59.0966874208682,67.0324127748421,73.399123120503
"AENJPLPP_02730",NA,"hypothetical protein",49.7313632353119,40.5943862393107,45.8664612163498,66.3701258726674,63.4090391113372,66.4559628253203
"AENJPLPP_02731",NA,"hypothetical protein",12.7219766415914,5.94064188867961,7.46663322126624,12.7285172906485,7.24674732700996,9.91880042168959
"AENJPLPP_02732",NA,"hypothetical protein",12.7219766415914,14.851604721699,7.46663322126624,16.3652365165481,19.9285551492774,25.7888810963929
"AENJPLPP_02733",NA,"hypothetical protein",8.09580331737636,11.8812837773592,14.9332664425325,10.9101576776988,18.1168683175249,19.8376008433792
"AENJPLPP_02734",NA,"hypothetical protein",47.4182765732044,43.5647071836505,41.5998136613405,57.2783278079184,50.7272312890697,50.5858821506169
"AENJPLPP_02735",NA,"hypothetical protein",47.4182765732044,53.4657769981165,50.1331087713591,69.0976652920921,48.9155444573172,68.4397229096582
"AENJPLPP_02737",NA,"hypothetical protein",330.771392681377,352.47808539499,342.398466289495,762.801857632438,764.531842999551,817.309154747222
"AENJPLPP_02738",NA,"hypothetical protein",34.696299931613,36.6339583135243,47.9997849938544,60.915047033818,73.3733166859759,63.4803226988134
"AENJPLPP_02739","yjhB","Putative metabolite transport protein YjhB",228.995579548646,230.694926677058,185.599168642904,295.483437104341,198.379708076898,202.343528602468
"AENJPLPP_02740","adhR","HTH-type transcriptional regulator AdhR",149.194089705936,152.476475142777,147.19934064782,130.921892132385,111.418740152778,114.06620484943
"AENJPLPP_02741","hdfR_3","HTH-type transcriptional regulator HdfR",374.72003926142,382.181294838388,419.198122279662,282.754919813693,329.727003378953,255.905050879591
"AENJPLPP_02742",NA,"hypothetical protein",364.311149281936,327.725410858825,324.265214180705,282.754919813693,285.340676001017,264.831971259112
"AENJPLPP_02744","araQ_6","L-arabinose transport system permease protein AraQ",9.25234664843012,9.90106981446602,13.8666045537802,19.0927759359728,18.1168683175249,21.8213609277171
"AENJPLPP_02746",NA,"IS256 family transposase ISEf1",23.1308666210753,17.8219256660388,26.666547218808,9.09179806474896,18.1168683175249,10.9106804638585
"AENJPLPP_02747","alsS_1","Acetolactate synthase",378.189669254581,411.884504281787,370.131675397055,2562.97787445273,2603.39397722833,2392.41466171153
"AENJPLPP_02748","alsS_2","Acetolactate synthase",82.1145765048174,104.95134003334,93.8662462102042,570.964918466235,401.288633233177,395.760136825415
"AENJPLPP_02749","aldC","Alpha-acetolactate decarboxylase",572.488948871614,543.568732814185,533.33094437616,2020.19752998722,2097.02750775351,1979.79256416924
"AENJPLPP_02750",NA,"hypothetical protein",1139.19518108796,1168.32623810699,1155.19482551876,888.268670925973,910.372632955626,931.375359596653
"AENJPLPP_02751",NA,"hypothetical protein",3714.81717934469,2944.57816282219,3527.45086610392,178.19924206908,146.746633371952,139.855085945823
"AENJPLPP_02752",NA,"hypothetical protein",38.1659299247743,53.4657769981165,49.0664468826067,10.0009778712239,19.0227117334011,15.8700806747033
"AENJPLPP_02758",NA,"hypothetical protein",231.308666210753,217.823535918252,209.065730195455,310.939493814414,374.113330756889,355.093055096487
"AENJPLPP_02759",NA,"hypothetical protein",436.01683580727,388.121936727068,396.798222615863,773.712015310136,890.444077806349,881.781357488205
"AENJPLPP_02760",NA,"hypothetical protein",464.930419083614,412.874611263233,430.931403055937,140.013690197134,105.077836241644,128.944405481965
"AENJPLPP_02761",NA,"hypothetical protein",260.222249487097,252.477280268884,263.465486521823,90.0088008410147,97.8310889146345,106.131164512079
"AENJPLPP_02762",NA,"hypothetical protein",72.8622298563872,90.0997353116408,92.7995843214519,30.0029336136716,30.7986761397923,32.7320413915756
"AENJPLPP_02763",NA,"hypothetical protein",446.425725786754,418.815253151913,495.997778269829,141.832049810084,125.006391390922,105.13928446991
"AENJPLPP_02764",NA,"hypothetical protein",344.649912654022,375.250545968262,412.798150947148,165.470724778431,181.168683175249,189.449088054271
"AENJPLPP_02765",NA,"hypothetical protein",386.285472571958,399.013113522981,425.598093612176,242.751008328797,292.587423328027,249.953770626578
"AENJPLPP_02766",NA,"hypothetical protein",228.995579548646,254.457494231777,226.132320415492,55.4599681949686,49.8213878731935,51.5777621927859
"AENJPLPP_02767",NA,"hypothetical protein",1961.49748946719,1975.26342798597,2029.85757429567,389.128957171255,406.723693728434,379.890056150711
"AENJPLPP_02768","srtA_1","Sortase A",830.398111696604,689.114459086835,862.929468000627,186.381860327354,139.499886044942,165.643967042216
"AENJPLPP_02769",NA,"hypothetical protein",952.991704788303,915.848957838107,900.262634106958,150.014668068358,154.899224114838,137.871325861485
"AENJPLPP_02770",NA,"hypothetical protein",141.098286388559,147.525940235544,170.665902200371,40.9130912913703,46.1980142096885,50.5858821506169
"AENJPLPP_02771",NA,"hypothetical protein",1705.9014133043,1808.92545510294,1758.92545455258,538.234445433138,525.389181208222,541.566503024252
"AENJPLPP_02772",NA,"hypothetical protein",1040.88899794839,1013.86954900132,1015.46211809221,984.641730412312,1033.5673375148,1151.57272895816
"AENJPLPP_02773",NA,"hypothetical protein",128.376309746968,134.654549476738,147.19934064782,96.373059486339,96.019402082882,70.4234829939961
"AENJPLPP_02774",NA,"hypothetical protein",126.06322308486,119.802944755039,111.999498318994,35.4580124525209,23.5519288127824,34.7158014759136
"AENJPLPP_02775",NA,"hypothetical protein",705.491431942797,629.708040200039,686.930256356494,275.481481361893,264.506277435864,261.856331132605
"AENJPLPP_02776",NA,"hypothetical protein",601.402532147958,625.747612274253,534.397606264913,159.106466133107,201.097238324526,177.546527548244
"AENJPLPP_02778",NA,"hypothetical protein",167.698783002796,173.268721753155,173.865887866628,74.5527441309415,72.4674732700996,61.4965626144755
"AENJPLPP_02779",NA,"hypothetical protein",47.4182765732044,58.4163119053495,44.7997993275975,26.366214387772,17.2110249016487,17.8538407590413
"AENJPLPP_02784",NA,"hypothetical protein",62.4533398769033,62.3767398311359,49.0664468826067,34.548832646046,26.2694590604111,35.7076815180825
"AENJPLPP_02785",NA,"hypothetical protein",114.497789774323,118.812837773592,105.59952698648,43.640630710795,48.9155444573172,36.6995615602515
"AENJPLPP_02786",NA,"hypothetical protein",158.446436354366,136.634763439631,162.132607090353,64.5517662597176,62.5031956954609,58.5209224879686
"AENJPLPP_02787",NA,"hypothetical protein",23.1308666210753,13.8614977402524,13.8666045537802,6.36425864532427,6.34090391113372,7.93504033735167
"AENJPLPP_02788",NA,"hypothetical protein",242.874099521291,235.645461584291,248.532220079291,122.739273874111,115.042113816283,104.147404427741
"AENJPLPP_02789",NA,"hypothetical protein",40.4790165868818,38.6141722764175,53.333094437616,17.274416323023,28.9869893080398,20.8294808855481
"AENJPLPP_02790",NA,"hypothetical protein",40.4790165868818,48.5152420908835,29.866532885065,11.8193374841736,24.4577722286586,22.8132409698861
"AENJPLPP_02791",NA,"hypothetical protein",34.696299931613,39.6042792578641,52.2664325488637,20.9111355489226,14.4934946540199,15.8700806747033
"AENJPLPP_02792",NA,"hypothetical protein",315.736329377678,277.229954805049,274.132105409346,100.009778712239,99.642775746387,93.2367239638821
"AENJPLPP_02793",NA,"hypothetical protein",64.7664265390109,65.3470607754757,53.333094437616,20.0019557424477,25.3636156445349,22.8132409698861
"AENJPLPP_02794",NA,"hypothetical protein",77.4884031806023,81.1887724786214,75.7329941014147,40.0039114848954,40.762953714431,26.7807611385619
"AENJPLPP_02795",NA,"IS110 family transposase ISSpn10",19.661236627914,30.6933164248447,23.466561552551,8.18261825827406,6.34090391113372,3.96752016867584
"AENJPLPP_02796",NA,"hypothetical protein",366.624235944044,424.755895040592,406.398179614634,130.921892132385,146.746633371952,142.83072607233
"AENJPLPP_02797",NA,"hypothetical protein",247.500272845506,277.229954805049,251.732205745548,84.5537220021653,92.396028419377,104.147404427741
"AENJPLPP_02798","topB_3","DNA topoisomerase 3",227.839036217592,260.398136120456,252.7988676343,115.465835422312,93.3018718352532,89.2692037952063
"AENJPLPP_02799",NA,"hypothetical protein",49.7313632353119,54.4558839795631,50.1331087713591,13.6376970971234,21.7402419810299,22.8132409698861
"AENJPLPP_02800",NA,"hypothetical protein",888.225278249292,835.650292340932,823.462978116791,399.129935042479,363.243209766374,395.760136825415
"AENJPLPP_02801",NA,"hypothetical protein",1465.34040044512,1372.28827628499,1330.12737527414,719.161226921643,728.298106364501,700.267309771285
"AENJPLPP_02802","ssbA","Single-stranded DNA-binding protein A",160.759523016473,148.51604721699,152.532650091582,90.9179806474896,96.019402082882,97.204244132558
"AENJPLPP_02803","ssb_2","Single-stranded DNA-binding protein",865.094411628217,737.629701177719,789.329797676717,359.126023557584,275.376398426379,286.653332186829
"AENJPLPP_02804",NA,"hypothetical protein",69.3925998632259,66.3371677569223,50.1331087713591,23.6386749683473,18.1168683175249,17.8538407590413
"AENJPLPP_02809",NA,"hypothetical protein",32.3832132695054,33.6636373691845,25.5998853300557,11.8193374841736,11.7759644063912,7.93504033735167
"AENJPLPP_02810",NA,"hypothetical protein",18.5046932968602,14.851604721699,24.5332234413034,8.18261825827406,6.34090391113372,5.95128025301375
"AENJPLPP_02811",NA,"hypothetical protein",19.661236627914,21.7823535918252,27.7332091075603,10.9101576776988,12.6818078222674,13.8863205903654
"AENJPLPP_02812",NA,"IS30 family transposase IS1252",21.9743232900215,27.7229954805049,26.666547218808,19.0927759359728,19.0227117334011,18.8457208012102
"AENJPLPP_02813",NA,"hypothetical protein",11.5654333105377,26.7328884990583,14.9332664425325,53.6416085820189,48.009701041441,57.5290424457996
"AENJPLPP_02814",NA,"hypothetical protein",35.8528432626667,67.3272747383689,52.2664325488637,176.38088245613,191.132960749888,218.213609277171
"AENJPLPP_02816","manR_3","Transcriptional regulator ManR",1293.01544411811,1370.3080623221,1368.52720326923,941.001099701517,987.369323305107,924.43219930147
"AENJPLPP_02817",NA,"hypothetical protein",100.619269801678,114.852409847806,108.799512652737,141.832049810084,141.311572876694,143.822606114499
"AENJPLPP_02818","gatC_3","PTS system galactitol-specific EIIC component",320.362502701893,355.44840633933,398.931546393368,834.627062343954,701.122803888214,693.324149476102
"AENJPLPP_02819",NA,"hypothetical protein",30.0701266073979,23.7625675547185,28.7998709963127,34.548832646046,43.4804839620598,45.6264819397721
"AENJPLPP_02820",NA,"hypothetical protein",128.376309746968,128.713907588058,121.599455317765,267.298863103619,265.41212085174,283.677692060322
"AENJPLPP_02821","rpe_2","Ribulose-phosphate 3-epimerase",536.636105608947,542.578625832738,518.397677933628,806.442488343233,860.551245082433,717.129270488157
"AENJPLPP_02822","hxlB","3-hexulose-6-phosphate isomerase",312.266699384517,313.863913118573,268.798795965585,460.044982076297,401.288633233177,358.068695222994
"AENJPLPP_02823",NA,"IS66 family transposase ISCth11",7046.81851611059,7371.34647686995,7048.50176087533,2987.56484407651,3190.38051071614,3262.29345869371
"AENJPLPP_02824",NA,"hypothetical protein",12.7219766415914,5.94064188867961,7.46663322126624,9.09179806474896,6.34090391113372,8.92692037952063
"AENJPLPP_02825",NA,"hypothetical protein",12.7219766415914,14.851604721699,11.7332807762755,6.36425864532427,3.62337366350498,11.9025605060275
"AENJPLPP_02826","xerC_12","Tyrosine recombinase XerC",142.254829719613,122.773265699379,108.799512652737,171.834983423755,202.908925156279,188.457208012102
"AENJPLPP_02827",NA,"hypothetical protein",285.66620277028,266.338778009136,253.865529523052,180.926781488504,222.837480305556,203.335408644637
"AENJPLPP_02828",NA,"IS6 family transposase IS1216V",311.110156053463,356.438513320777,385.064941839588,31.8212932266214,48.009701041441,39.6752016867584
"AENJPLPP_02830","gmuE_5","Putative fructokinase",173.481499658065,174.258828734602,166.399254645362,937.364380475618,866.892148993566,834.171115464095
"AENJPLPP_02831",NA,"IS256 family transposase IS256",179.264216313334,167.328079864476,188.799154309161,173.653343036705,225.555010553185,161.67644687354
"AENJPLPP_02832",NA,"hypothetical protein",201.238539603355,211.882894029573,238.93226308052,4254.05231449604,4837.20384077915,4795.74000388692
"AENJPLPP_02833","scrB_1","Sucrose-6-phosphate hydrolase",1104.49888115635,1138.62302866359,1133.86158774372,7729.84671464956,8312.9250274963,8043.15526194809
"AENJPLPP_02834","degA_4","HTH-type transcriptional regulator DegA",409.416339193033,487.132634871728,419.198122279662,2678.44370987504,2593.42969965369,2640.38467225377
"AENJPLPP_02835",NA,"IS3 family transposase ISEfa10",296.075092749764,344.557229543418,329.598523624467,169.107444004331,183.886213422878,222.181129445847
"AENJPLPP_02836",NA,"IS3 family transposase ISEfa10",153.820263030151,182.179684586175,187.732492420408,123.648453680586,112.324583568654,125.968765355458
"AENJPLPP_02837",NA,"IS200/IS605 family transposase ISAac3",40.4790165868818,41.5844932207573,43.7331374388451,36.3671922589958,50.7272312890697,39.6752016867584
"AENJPLPP_02838",NA,"hypothetical protein",12.7219766415914,10.8911767959126,7.46663322126624,12.7285172906485,6.34090391113372,11.9025605060275
"AENJPLPP_02840",NA,"hypothetical protein",100.619269801678,100.000805126107,78.9329797676717,133.64943155181,108.701209905149,122.001245186782
"AENJPLPP_02841","rpiR","HTH-type transcriptional regulator RpiR",290.292376094495,291.091452545301,297.598666961897,560.054760788536,532.635928535232,540.574622982083
"AENJPLPP_02842","nanE_2","Putative N-acetylmannosamine-6-phosphate 2-epimerase",84.4276631669249,93.0700562559806,63.9997133251392,291.846717878442,275.376398426379,312.442213283222
"AENJPLPP_02843","glcB","PTS system glucoside-specific EIICBA component",238.247926197076,277.229954805049,234.665615525511,480.95611762522,404.912006896682,441.386618765187
"AENJPLPP_02845",NA,"hypothetical protein",87.8972931600862,130.694121550951,107.732850763984,133.64943155181,141.311572876694,145.806366198837
"AENJPLPP_02847",NA,"hypothetical protein",2181.2407223674,1988.13481874478,1976.52447985805,980.095831379938,1092.44715954675,1026.59584364487
"AENJPLPP_02848","xerS","Tyrosine recombinase XerS",699.708715287528,719.80777551168,717.863451130312,859.174917118777,990.992696968612,911.537758753273
"AENJPLPP_02849",NA,"IS30 family transposase IS1252",31.2266699384517,37.6240652949709,31.9998566625696,56.3691480014435,83.3375942606146,74.3910031626719
"AENJPLPP_02850","licC_3","Lichenan permease IIC component",368.937322606151,385.151615782728,358.39839462078,600.058672273431,620.502739875228,680.429708927906
"AENJPLPP_02851",NA,"hypothetical protein",378.189669254581,442.577820706631,404.264855837129,279.118200587793,333.350377042458,286.653332186829
"AENJPLPP_02852","lacD","Tagatose 1,6-diphosphate aldolase",1000.40998136151,918.819278782447,915.195900549491,493.684634915868,469.226889423895,454.281059313383
"AENJPLPP_02853","agaS","D-galactosamine-6-phosphate deaminase AgaS",1870.13056631394,1871.30219493408,1852.79170076278,1181.02456861089,1239.1937929187,1216.04493169914
"AENJPLPP_02854","nagR_2","HTH-type transcriptional repressor NagR",467.243505745721,448.518462595311,392.531575060854,456.408262850398,536.259302198737,500.899421295324
"AENJPLPP_02855",NA,"IS3 family transposase IS1485",55.5140798905807,46.5350281279903,34.1331804400743,14.5468769035983,22.6460853969061,15.8700806747033
"AENJPLPP_02857",NA,"hypothetical protein",16.1916066347527,11.8812837773592,8.53329511001856,17.274416323023,14.4934946540199,20.8294808855481
"AENJPLPP_02859","treP_2","PTS system trehalose-specific EIIBC component",342.336825991915,360.398941246563,369.065013508303,448.225644592124,438.428213284103,455.272939355552
"AENJPLPP_02860","scrB_2","Sucrose-6-phosphate hydrolase",65.9229698700646,64.3569537940291,71.4663465464055,30.9121134201465,39.8571102985548,33.7239214337446
"AENJPLPP_02861","rhaS_3","HTH-type transcriptional activator RhaS",84.4276631669249,97.030484181767,88.5329367664426,93.6455200669143,104.171992825768,97.204244132558
"AENJPLPP_02862","agaA_3","Alpha-galactosidase AgaA",491.53091569785,579.212584146262,534.397606264913,455.499083043923,455.639238185751,422.540897963977
"AENJPLPP_02863","crr","PTS system glucose-specific EIIA component",244.030642852345,252.477280268884,213.332377750464,137.286150777709,139.499886044942,147.790126283175
"AENJPLPP_02864",NA,"IS3 family transposase IS1485",25.4439532831828,34.6537443506311,30.9331947738173,16.3652365165481,17.2110249016487,8.92692037952063
"AENJPLPP_02868",NA,"IS256 family transposase ISBsu2",182.733846306495,179.209363641835,163.199268979105,216.384793941025,221.025793473804,238.05121012055
"AENJPLPP_02869",NA,"IS256 family transposase ISBsu2",119.123963098538,125.743586643718,108.799512652737,160.015645939582,154.899224114838,142.83072607233
"AENJPLPP_02871",NA,"hypothetical protein",75.1753165184948,111.882088903466,67.1996989913962,177.290062262605,147.652476787828,180.522167674751
"AENJPLPP_02872",NA,"IS200/IS605 family transposase ISEfa4",1830.80809305811,1954.47118137559,1886.92488120285,3764.00439880607,4354.38930011711,4239.29530023013
"AENJPLPP_02873",NA,"hypothetical protein",2745.63386792164,2891.11238582408,2758.3876443135,6609.73719307249,5982.18991844672,5608.08975842329
"AENJPLPP_02874",NA,"IS256 family transposase ISEf1",35.8528432626667,40.5943862393107,31.9998566625696,50.0048893561193,67.0324127748421,71.415363036165
"AENJPLPP_02875",NA,"hypothetical protein",397.850905882495,432.676750892165,374.398322952064,820.080185440356,768.155216663056,783.585233313478
"AENJPLPP_02876","qseB","Transcriptional regulatory protein QseB",667.325502018023,726.738524381806,726.39674624033,1534.69551332962,1423.98584975746,1469.9662224944
"AENJPLPP_02877",NA,"ISL3 family transposase IS1476",60.1402532147958,74.2580236084952,65.0663752138915,170.92580361728,192.038804165764,189.449088054271
"AENJPLPP_02878","guaA_2","GMP synthase [glutamine-hydrolyzing]",201.238539603355,190.100540437748,189.865816197913,432.76958788205,391.324355658538,453.289179271214
"AENJPLPP_02879",NA,"hypothetical protein",173.481499658065,163.367651938689,169.599240311619,562.78230020796,553.470327100386,612.981866060417
"AENJPLPP_02880",NA,"hypothetical protein",136.472113064344,119.802944755039,136.532721760297,247.296907361172,244.577722286586,246.978130500071
"AENJPLPP_02881","ebgA","Evolved beta-galactosidase subunit alpha",227.839036217592,209.90268006668,236.798939303015,247.296907361172,288.058206248646,253.921290795253
"AENJPLPP_02882",NA,"hypothetical protein",250.969902838667,268.318991972029,270.932119743089,240.023468909372,261.788747188235,283.677692060322
"AENJPLPP_02883",NA,"hypothetical protein",38.1659299247743,36.6339583135243,35.1998423288266,51.8232489690691,46.1980142096885,44.6346018976032
"AENJPLPP_02884",NA,"hypothetical protein",71.7056865253335,97.030484181767,98.1328937652135,75.4619239374164,66.1265693589659,88.2773237530374
"AENJPLPP_02885","araQ_7","L-arabinose transport system permease protein AraQ",15.035063303699,26.7328884990583,15.9999283312848,21.8203153553975,20.8343985651536,20.8294808855481
"AENJPLPP_02886","yteP_3","putative multiple-sugar transport system permease YteP",15.035063303699,15.8417117031456,21.3332377750464,16.3652365165481,14.4934946540199,13.8863205903654
"AENJPLPP_02887",NA,"hypothetical protein",727.465755232819,704.956170789981,923.72919565951,146.377948842458,125.912234806798,118.033725018106
"AENJPLPP_02888",NA,"putative response regulatory protein",220.899776231269,171.288507790262,252.7988676343,134.558611358285,139.499886044942,138.863205903654
"AENJPLPP_02889",NA,"ISL3 family transposase IS1476",16.1916066347527,14.851604721699,21.3332377750464,20.9111355489226,29.8928327239161,20.8294808855481
"AENJPLPP_02890","btuD_6","Vitamin B12 import ATP-binding protein BtuD",267.16150947342,255.447601213223,258.132177078062,135.467791164759,122.288861143293,116.049964933768
"AENJPLPP_02891",NA,"hypothetical protein",142.254829719613,123.763372680825,129.066088539031,53.6416085820189,42.5746405461835,70.4234829939961
"AENJPLPP_02892",NA,"hypothetical protein",135.315569733291,154.45668910567,147.19934064782,36.3671922589958,43.4804839620598,53.5615222771238
"AENJPLPP_02893",NA,"hypothetical protein",208.177799589678,158.417117031456,159.999283312848,50.0048893561193,49.8213878731935,51.5777621927859
"AENJPLPP_02894",NA,"hypothetical protein",389.755102565119,371.290118042476,374.398322952064,131.83107193886,134.064825549684,143.822606114499
"AENJPLPP_02895","hisK","Histidinol-phosphatase",1148.44752773639,1144.56367055227,1066.66188875232,310.939493814414,324.291942883696,321.369133662743
"AENJPLPP_02896",NA,"hypothetical protein",743.657361867571,829.709650452253,792.529783342974,211.838894908651,222.837480305556,239.043090162719
"AENJPLPP_02897",NA,"Putative bifunctional phosphatase/peptidyl-prolyl cis-trans isomerase",225.525949555484,219.803749881146,231.465629859254,80.0078229697908,71.5616298542234,73.399123120503
"AENJPLPP_02898","cutD","Choline trimethylamine-lyase activating enzyme",246.343729514452,188.120326474854,202.665758862941,172.74416323023,122.288861143293,160.684566831371
"AENJPLPP_02899",NA,"IS1182 family transposase ISEfa7",30.0701266073979,27.7229954805049,40.5331517725882,6.36425864532427,7.24674732700996,0
"AENJPLPP_02901",NA,"ISL3 family transposase ISEfa5",9.25234664843012,16.8318186845922,17.0665902200371,31.8212932266214,35.3278932191736,32.7320413915756
"AENJPLPP_02902",NA,"IS66 family transposase ISRob1",69.3925998632259,98.0205911632136,95.9995699877088,39.0947316784205,47.1038576255647,46.6183619819411
"AENJPLPP_02904",NA,"hypothetical protein",25.4439532831828,24.7526745361651,25.5998853300557,39.0947316784205,30.7986761397923,25.7888810963929
"AENJPLPP_02905",NA,"hypothetical protein",1766.0416665191,1700.01368714382,1634.12601356855,2320.22686612393,2313.52408414793,2344.80441968742
"AENJPLPP_02906",NA,"putative ABC transporter ATP-binding protein",237.091382866022,200.001610252214,200.532435085436,320.031291879163,251.824469613596,261.856331132605
"AENJPLPP_02907",NA,"hypothetical protein",277.570399452904,256.43770819467,252.7988676343,257.297885232396,271.753024762874,257.888810963929
"AENJPLPP_02908",NA,"IS3 family transposase ISEfa8",144.567916381721,149.506154198437,159.999283312848,119.102554648211,113.230426984531,82.3260435000236
"AENJPLPP_02909",NA,"IS3 family transposase ISEfa8",23.1308666210753,28.7131024619515,42.6664755500928,14.5468769035983,23.5519288127824,22.8132409698861
"AENJPLPP_02910","resA","Thiol-disulfide oxidoreductase ResA",518.131412312087,501.984239593427,474.664540494783,462.772521495722,457.450925017504,481.061820451945
"AENJPLPP_02911",NA,"hypothetical protein",380.502755916689,416.835039189019,356.265070843275,466.409240721622,483.720384077915,519.745142096535
"AENJPLPP_02912",NA,"IS3 family transposase ISEfa8",8.09580331737636,10.8911767959126,4.26664755500928,33.6396528395711,55.2564483684509,73.399123120503
"AENJPLPP_02913",NA,"IS3 family transposase ISEfa8",455.678072435184,433.666857873612,428.798079278433,555.508861756161,567.057978338529,580.249824668841
"AENJPLPP_02914",NA,"hypothetical protein",57.8271665526883,55.4459909610097,63.9997133251392,120.920914261161,164.863501689477,159.692686789202
"AENJPLPP_02915",NA,"IS30 family transposase IS1062",658.073155369593,636.638789070165,651.730414027668,626.424886661203,607.82093205296,631.827586861627
"AENJPLPP_02916",NA,"hypothetical protein",95.9930964774625,124.753479662272,98.1328937652135,199.110377618002,158.522597778343,167.627727126554
"AENJPLPP_02917",NA,"IS200/IS605 family transposase ISEfa4",153.820263030151,175.248935716049,163.199268979105,107.283217164038,126.818078222674,96.212364090389
"AENJPLPP_02919","xerC_13","Tyrosine recombinase XerC",536.636105608947,481.191992983049,435.198050610947,394.584036010105,321.574412636067,375.922535982035
"AENJPLPP_02920",NA,"IS982 family transposase ISEfm1",18.5046932968602,17.8219256660388,18.1332521087894,18.1835961294979,32.6103629715448,28.7645212228998
"AENJPLPP_02921",NA,"Protein adenylyltransferase NmFic",900.947254890883,911.888529912321,845.86287778059,675.520596210848,697.499430224709,677.454068801399
"AENJPLPP_02922",NA,"hypothetical protein",38.1659299247743,63.3668468125825,63.9997133251392,23.6386749683473,26.2694590604111,23.805121012055
"AENJPLPP_02923",NA,"IS30 family transposase IS1252",52.0444498974194,54.4558839795631,52.2664325488637,9.09179806474896,9.05843415876245,11.9025605060275
"AENJPLPP_02924",NA,"hypothetical protein",309.953612722409,304.952950285553,302.931976405659,60.0058672273431,57.0681352002034,68.4397229096582
"AENJPLPP_02925",NA,"hypothetical protein",248.65681617656,242.576210454418,193.06580186417,45.4589903237448,48.009701041441,34.7158014759136
"AENJPLPP_02926","hsdS","Type-1 restriction enzyme EcoKI specificity protein",3294.99195017218,3136.65891722284,2930.12020840262,201.837917037427,163.051814857724,190.44096809644
"AENJPLPP_02927",NA,"hypothetical protein",12024.581012966,11819.8971445095,10604.7524979756,528.233467561914,529.918398287603,470.151139988087
"AENJPLPP_02928","ohrB_2","Organic hydroperoxide resistance protein OhrB",40185.2545807941,38508.2308294027,36202.5045042538,974.640752541088,934.830405184285,864.919396771332
"AENJPLPP_02929",NA,"hypothetical protein",52.0444498974194,49.5053490723301,63.9997133251392,76.3711037438913,96.019402082882,101.171764301234
"AENJPLPP_02930",NA,"IS256 family transposase ISEf1",72.8622298563872,89.1096283301942,78.9329797676717,32.7304730330962,32.6103629715448,29.7564012650688
"AENJPLPP_02931",NA,"IS30 family transposase IS6770",9.25234664843012,3.96042792578641,6.39997133251392,7.27343845179917,25.3636156445349,18.8457208012102
"AENJPLPP_02933",NA,"hypothetical protein",194.299279617033,190.100540437748,184.532506754151,192.746118972678,182.980370007002,188.457208012102
"AENJPLPP_02934",NA,"hypothetical protein",315.736329377678,367.329690116689,337.065156845733,230.022491038149,218.308263226175,249.953770626578
"AENJPLPP_02935",NA,"IS30 family transposase IS6770",356.21534596456,363.369262190903,318.931904736944,258.20706503887,256.353686692977,254.913170837422
"AENJPLPP_02936",NA,"IS30 family transposase IS1062",572.488948871614,585.153226034942,621.863881142603,422.768610010827,446.580804026989,502.883181379662
"AENJPLPP_02937","bglF_4","PTS system beta-glucoside-specific EIIBCA component",351.589172640345,368.319797098136,339.198480623238,227.294951618724,222.837480305556,242.018730289226
"AENJPLPP_02938",NA,"ISL3 family transposase IS1251",8.09580331737636,6.93074887012621,15.9999283312848,10.0009778712239,22.6460853969061,21.8213609277171
"AENJPLPP_02939","licT_4","Transcription antiterminator LicT",2324.65209541807,2324.77119243662,2313.58963670378,1995.6496752124,2043.58274621681,1831.0105578439
"AENJPLPP_02940","bglH_3","Aryl-phospho-beta-D-glucosidase BglH",2996.60377076031,2841.60703675175,2936.52017973514,2106.56961160233,2116.05021948691,2050.21604716324
"AENJPLPP_02941","bglF_5","PTS system beta-glucoside-specific EIIBCA component",16759.4694103001,15674.3836232812,15971.1284602885,1822.90551198217,1982.8912373531,1859.7750790668
"AENJPLPP_02942",NA,"IS6 family transposase IS1216E",124.906679753807,121.783158717932,117.332807762755,16.3652365165481,27.1753024762874,30.7482813072377
"AENJPLPP_02943","manZ_7","PTS system mannose-specific EIID component",61.2967965458496,49.5053490723301,55.4664182151207,54.5507883884937,53.4447615366985,49.594002108448
"AENJPLPP_02944","sorA_3","PTS system sorbose-specific EIIC component",75.1753165184948,77.228344552835,76.7996559901671,41.8222710978452,29.8928327239161,41.6589617710963
"AENJPLPP_02946",NA,"putative phosphotransferase enzyme IIB component",11.5654333105377,5.94064188867961,9.59995699877088,2.72753941942469,9.96427757463869,5.95128025301375
"AENJPLPP_02947",NA,"hypothetical protein",19.661236627914,19.802139628932,17.0665902200371,12.7285172906485,10.8701209905149,10.9106804638585
"AENJPLPP_02948","frlB_2","Fructosamine deglycase FrlB",130.689396409075,109.901874940573,106.666188875232,130.01271232591,121.383017727417,116.049964933768
"AENJPLPP_02949","fadR","Fatty acid metabolism regulator protein",412.885969186194,399.013113522981,401.064870170872,280.936560200743,257.259530108854,302.523412861533
"AENJPLPP_02950",NA,"IS6 family transposase IS1216V",176.951129651226,170.298400808816,157.865959535343,57.2783278079184,55.2564483684509,63.4803226988134
"AENJPLPP_02951",NA,"IS6 family transposase IS1216V",19.661236627914,24.7526745361651,26.666547218808,10.0009778712239,13.5876512381437,12.8944405481965
"AENJPLPP_02952","hxpB","Hexitol phosphatase B",134.159026402237,127.723800606612,127.999426650278,129.103532519435,136.782355797313,164.652087000047
"AENJPLPP_02953",NA,"hypothetical protein",76.3318598495485,71.2877026641554,73.5996703239101,59.0966874208682,48.009701041441,40.6670817289273
"AENJPLPP_02954","norR_2","Anaerobic nitric oxide reductase transcription regulator NorR",407.103252530925,383.171401819835,372.26499917456,303.666055362615,307.986761397923,297.564012650688
"AENJPLPP_02956","frlB_3","Fructosamine deglycase FrlB",449.895355779915,414.854825226126,483.197835604801,200.019557424477,194.756334413393,205.319168728975
"AENJPLPP_02957",NA,"hypothetical protein",190.829649623871,191.090647419194,203.732420751693,37.2763720654707,38.0454234668023,40.6670817289273
"AENJPLPP_02958","manZ_8","PTS system mannose-specific EIID component",387.442015903011,342.577015580524,425.598093612176,38.1855518719456,46.1980142096885,37.6914416024204
"AENJPLPP_02959","sorA_4","PTS system sorbose-specific EIIC component",985.374918057808,831.689864415146,1067.72855064107,69.0976652920921,50.7272312890697,55.5452823614617
"AENJPLPP_02960","manX_6","PTS system mannose-specific EIIAB component",393.22473255828,408.914183337447,424.531431723424,15.4560567100732,10.8701209905149,6.94316029518271
"AENJPLPP_02961",NA,"hypothetical protein",1066.33295123157,1008.91901409409,1127.4616164112,53.6416085820189,67.9382561907184,57.5290424457996
"AENJPLPP_02962",NA,"hypothetical protein",144.567916381721,162.377544957243,180.265859199142,175.471702649655,200.19139490865,179.530287632582
"AENJPLPP_02963",NA,"IS200/IS605 family transposase ISEfa4",20.8177799589678,20.7922466103786,25.5998853300557,5.45507883884938,9.96427757463869,2.97564012650688
"AENJPLPP_02965",NA,"hypothetical protein",342.336825991915,343.567122561971,378.664970507074,410.949272526653,407.62953714431,379.890056150711
"AENJPLPP_02966",NA,"hypothetical protein",76.3318598495485,100.000805126107,97.0662318764612,80.0078229697908,70.6557864383471,103.155524385572
"AENJPLPP_02968",NA,"IS6 family transposase IS1297",1191.23963098538,1291.09950380637,1179.72804896007,332.759809169812,289.869893080398,338.231094379615
"AENJPLPP_02970",NA,"hypothetical protein",63.6098832079571,57.4262049239029,52.2664325488637,106.374037357563,81.5259074288621,110.098684680754
"AENJPLPP_02971",NA,"hypothetical protein",28.9135832763441,26.7328884990583,37.3331661063312,76.3711037438913,53.4447615366985,51.5777621927859
"AENJPLPP_02972",NA,"hypothetical protein",109.871616450108,91.0898422930874,127.999426650278,210.929715102176,133.158982133808,157.708926704864
"AENJPLPP_02973","srtA_2","Sortase A",37.0093865937205,46.5350281279903,49.0664468826067,74.5527441309415,65.2207259430896,79.3504033735167
"AENJPLPP_02974",NA,"hypothetical protein",136.472113064344,149.506154198437,197.332449419179,239.114289102898,205.626455403908,222.181129445847
"AENJPLPP_02975",NA,"hypothetical protein",61.2967965458496,68.3173817198155,84.2662892114333,161.834005552531,149.46416361958,146.798246241006
"AENJPLPP_02976",NA,"hypothetical protein",26.6004966142366,24.7526745361651,41.5998136613405,58.1875076143933,56.1622917843272,58.5209224879686
"AENJPLPP_02977",NA,"hypothetical protein",9.25234664843012,3.96042792578641,1.06666188875232,10.0009778712239,8.15259074288621,11.9025605060275
"AENJPLPP_02978",NA,"hypothetical protein",19.661236627914,25.7427815176117,36.2665042175789,52.732428775544,30.7986761397923,41.6589617710963
"AENJPLPP_02979",NA,"hypothetical protein",12.7219766415914,14.851604721699,19.1999139975418,31.8212932266214,29.8928327239161,39.6752016867584
"AENJPLPP_02980",NA,"hypothetical protein",34.696299931613,37.6240652949709,53.333094437616,67.2793056791423,54.3506049525747,57.5290424457996
"AENJPLPP_02981",NA,"hypothetical protein",30.0701266073979,28.7131024619515,33.0665185513219,55.4599681949686,57.0681352002034,46.6183619819411
"AENJPLPP_02982",NA,"hypothetical protein",1190.08308765432,1295.05993173216,1228.79449584267,2292.95147192969,2488.35186341205,2270.41341652475
"AENJPLPP_02983",NA,"hypothetical protein",6.93925998632259,6.93074887012621,9.59995699877088,34.548832646046,35.3278932191736,41.6589617710963
"AENJPLPP_02984",NA,"hypothetical protein",256.752619493936,279.210168767942,262.398824633071,373.672900461182,398.571102985548,454.281059313383
"AENJPLPP_02985",NA,"hypothetical protein",159.60297968542,133.664442495291,150.399326314077,339.124067815136,357.808149271117,400.719537036259
"AENJPLPP_02986",NA,"hypothetical protein",4.62617332421506,7.92085585157282,5.3333094437616,12.7285172906485,9.96427757463869,16.8619607168723
"AENJPLPP_02987",NA,"hypothetical protein",188.516562961764,196.041182326427,151.465988202829,188.200219940303,153.087537283085,170.603367253061
"AENJPLPP_02988",NA,"hypothetical protein",18.5046932968602,16.8318186845922,8.53329511001856,16.3652365165481,21.7402419810299,19.8376008433792
"AENJPLPP_02989",NA,"hypothetical protein",292.605462756603,296.041987452534,280.53207674186,303.666055362615,254.541999861225,207.302928813312
"AENJPLPP_02990","umuC_2","Protein UmuC",1133.41246443269,1198.02944755039,1122.12830696744,902.815547829572,752.75587859316,721.096790656833
"AENJPLPP_02991","bin3_1","Putative transposon Tn552 DNA-invertase bin3",215.117059576,236.635568565738,251.732205745548,200.928737230952,212.873202730918,209.28668889765
"AENJPLPP_02992","pemK","Endoribonuclease PemK",7430.79090202044,7407.98043518348,7640.49910913287,1174.66030996557,1373.25861846839,1121.81632769309
"AENJPLPP_02993",NA,"hypothetical protein",8491.34113659675,10346.617956117,9358.89141191286,2170.21219805558,2626.04006262523,2460.85438462119
"AENJPLPP_02994",NA,"hypothetical protein",48.5748199042581,62.3767398311359,51.1997706601114,66.3701258726674,60.6915088637084,60.5046825723065
"AENJPLPP_02995",NA,"hypothetical protein",8.09580331737636,17.8219256660388,22.3998996637987,15.4560567100732,12.6818078222674,16.8619607168723
"AENJPLPP_02996",NA,"hypothetical protein",545.888452257377,597.034509812301,542.930901374931,437.315486914425,487.34375774142,518.753262054366
"AENJPLPP_02997",NA,"hypothetical protein",98.3061831395701,118.812837773592,113.066160207746,84.5537220021653,97.8310889146345,89.2692037952063
"AENJPLPP_02998",NA,"hypothetical protein",35.8528432626667,39.6042792578641,30.9331947738173,25.4570345812971,22.6460853969061,22.8132409698861
"AENJPLPP_02999",NA,"hypothetical protein",15.035063303699,14.851604721699,12.7999426650278,8.18261825827406,5.43506049525747,6.94316029518271
"AENJPLPP_03000",NA,"hypothetical protein",20.8177799589678,18.8120326474854,17.0665902200371,15.4560567100732,19.0227117334011,18.8457208012102
"AENJPLPP_03001",NA,"hypothetical protein",691.612911970152,658.42114266199,634.663823807631,188.200219940303,197.473864661021,211.270448981988
"AENJPLPP_03002","ssb_3","Single-stranded DNA-binding protein",360.841519288775,340.596801617631,324.265214180705,361.853562977009,310.704291645552,311.450333241053
"AENJPLPP_03003",NA,"hypothetical protein",488.061285704689,436.637178817952,429.864741167185,437.315486914425,548.035266605128,475.110540198931
"AENJPLPP_03004",NA,"hypothetical protein",164.229153009635,155.446796087117,142.932693092811,290.937538071967,259.071216940606,273.758891638633
"AENJPLPP_03006","topB_4","DNA topoisomerase 3",77.4884031806023,89.1096283301942,90.6662605439472,144.559589229508,139.499886044942,150.765766409682
"AENJPLPP_03007",NA,"hypothetical protein",43.9486465800431,46.5350281279903,50.1331087713591,95.4638796798641,87.8668113399958,105.13928446991
"AENJPLPP_03008",NA,"hypothetical protein",50.8879065663657,54.4558839795631,38.3998279950835,73.6435643244666,48.9155444573172,70.4234829939961
"AENJPLPP_03012",NA,"hypothetical protein",52.0444498974194,48.5152420908835,40.5331517725882,88.1904412280649,72.4674732700996,72.407243078334
"AENJPLPP_03014",NA,"hypothetical protein",35.8528432626667,48.5152420908835,45.8664612163498,62.7334066467678,75.1850035177283,78.3585233313478
"AENJPLPP_03015",NA,"hypothetical protein",39.322473255828,35.6438513320777,40.5331517725882,63.6425864532427,58.8798220319559,55.5452823614617
"AENJPLPP_03016",NA,"hypothetical protein",6.93925998632259,7.92085585157282,19.1999139975418,29.0937538071967,20.8343985651536,28.7645212228998
"AENJPLPP_03017",NA,"hypothetical protein",241.717556190237,210.892787048126,210.132392084207,33.6396528395711,35.3278932191736,27.7726411807309
"AENJPLPP_03018",NA,"hypothetical protein",126.06322308486,88.1195213487476,105.59952698648,23.6386749683473,19.9285551492774,23.805121012055
"AENJPLPP_03019",NA,"hypothetical protein",8.09580331737636,9.90106981446602,15.9999283312848,0.909179806474896,3.62337366350498,2.97564012650688
"AENJPLPP_03020",NA,"hypothetical protein",15.035063303699,16.8318186845922,17.0665902200371,14.5468769035983,13.5876512381437,12.8944405481965
"AENJPLPP_03021",NA,"hypothetical protein",10.4088899794839,12.8713907588058,12.7999426650278,25.4570345812971,24.4577722286586,26.7807611385619
"AENJPLPP_03022",NA,"hypothetical protein",19.661236627914,30.6933164248447,10.6666188875232,30.0029336136716,28.9869893080398,28.7645212228998
"AENJPLPP_03023",NA,"hypothetical protein",17.3481499658065,13.8614977402524,19.1999139975418,34.548832646046,29.8928327239161,32.7320413915756
"AENJPLPP_03024",NA,"hypothetical protein",17.3481499658065,42.5746002022039,39.4664898838359,86.3720816151151,59.7856654478322,74.3910031626719
"AENJPLPP_03025",NA,"hypothetical protein",21.9743232900215,23.7625675547185,25.5998853300557,46.3681701302197,32.6103629715448,41.6589617710963
"AENJPLPP_03044","sasA_4","Adaptive-response sensory-kinase SasA",228.995579548646,224.754284788379,221.865672860483,99.1005989057636,115.947957232159,135.887565777147
"AENJPLPP_03047","vanX","D-alanyl-D-alanine dipeptidase",1252.53642753123,1502.98239783594,1315.19410883161,554.599681949686,472.8502630874,456.264819397721
"AENJPLPP_03048",NA,"IS6 family transposase IS1216E",454.52152910413,480.201886001602,516.264354156123,175.471702649655,163.9576582736,200.35976851813
"AENJPLPP_03049",NA,"hypothetical protein",897.477624897722,813.867938749107,877.86273444316,553.690502143212,529.918398287603,542.558383066421
"AENJPLPP_03050",NA,"hypothetical protein",11697.2792502778,12866.4402238986,13028.2083092208,4262.23493275431,4300.94453858041,3962.56076846499
"AENJPLPP_03051",NA,"hypothetical protein",20.8177799589678,8.91096283301942,25.5998853300557,52.732428775544,45.2921707938123,46.6183619819411
"AENJPLPP_03052",NA,"hypothetical protein",245.187186183398,330.695731803165,262.398824633071,324.577190911538,300.740014070913,300.539652777195
"AENJPLPP_03053",NA,"hypothetical protein",62.4533398769033,76.2382375713884,58.6664038813776,72.7343845179917,70.6557864383471,74.3910031626719
"AENJPLPP_03054","bin3_2","Putative transposon Tn552 DNA-invertase bin3",798.014898427098,730.698952307592,755.196617236643,540.961984852563,511.801529970078,508.834461632676
"AENJPLPP_03056",NA,"IS6 family transposase IS1216E",101.775813132731,109.901874940573,106.666188875232,20.0019557424477,22.6460853969061,26.7807611385619
"AENJPLPP_03057",NA,"hypothetical protein",387.442015903011,393.072471634301,415.998136613405,316.394572653264,265.41212085174,259.872571048267
"AENJPLPP_03058",NA,"hypothetical protein",501.939805677334,518.81605827802,535.464268153665,405.494193687804,365.054896598127,359.060575265163
"AENJPLPP_03059",NA,"hypothetical protein",147202.522089861,160825.057210334,156306.499853988,25427.9408274899,23647.9482148653,22473.0261154221
"AENJPLPP_03060",NA,"hypothetical protein",36246.067995225,35871.5759378104,33771.5820597872,5383.25363413786,5331.79434584758,5283.74498463404
"AENJPLPP_03061","bin3_3","Putative transposon Tn552 DNA-invertase bin3",2212.46739230585,2302.9888388448,2147.19038205842,1257.39567235478,1214.73602069004,1156.53212916901
"AENJPLPP_03062","ligA_2","DNA ligase",621.063768775872,701.985849845641,626.130528697612,279.118200587793,230.990071048443,247.97001054224
"AENJPLPP_03063",NA,"hypothetical protein",766.788228488646,805.947082897534,838.396244559324,257.297885232396,181.168683175249,182.505927759088
"AENJPLPP_03064","bin3_4","Putative transposon Tn552 DNA-invertase bin3",335.397566005592,400.993327485874,355.198408954523,187.291040133829,171.20440560061,191.432848138609
"AENJPLPP_03065",NA,"Tn3 family transposase TnBth1",3084.50106392039,3084.18324720617,3093.31947738173,1745.6252284318,1884.15430502259,1716.94435299447
"AENJPLPP_03066",NA,"IS6 family transposase IS1216E",34.696299931613,48.5152420908835,49.0664468826067,16.3652365165481,19.9285551492774,16.8619607168723
"AENJPLPP_03067",NA,"hypothetical protein",737.874645212302,638.619003033058,671.996989913962,316.394572653264,257.259530108854,254.913170837422
"AENJPLPP_03068","repD","Replication initiation protein",287.979289432388,299.012308396874,266.66547218808,430.951228269101,471.944419671524,478.086180325438
"AENJPLPP_03070",NA,"hypothetical protein",498.470175684173,495.053490723301,494.931116381077,559.145580982061,647.678042351515,564.379743994138
"AENJPLPP_03071",NA,"hypothetical protein",971.496398085163,967.33452087333,955.729052322079,1053.7393957044,1045.34330192119,1019.65268334969
"AENJPLPP_03072",NA,"hypothetical protein",904.416884884045,999.017944279622,874.662748776903,240.023468909372,233.707601296071,344.182374632629
"AENJPLPP_03073",NA,"hypothetical protein",101.775813132731,92.079949274534,78.9329797676717,56.3691480014435,34.4220498032973,50.5858821506169
"AENJPLPP_03074",NA,"hypothetical protein",723.996125239657,758.421947788097,712.53014168655,340.033247621611,364.14905318225,311.450333241053
"AENJPLPP_03075","repN","Replication initiation protein",239.404469528129,204.952145159447,205.865744529198,171.834983423755,176.639466095868,194.408488265116
"AENJPLPP_03077",NA,"hypothetical protein",19.661236627914,22.7724605732719,27.7332091075603,2.72753941942469,4.52921707938123,5.95128025301375
"AENJPLPP_03078",NA,"hypothetical protein",1023.54084798258,1072.28586090667,1134.92824963247,758.255958600063,780.837024485323,693.324149476102
"AENJPLPP_03079","soj_2","Sporulation initiation inhibitor protein Soj",2103.7523191868,2074.27412613063,2085.32399251079,1546.5148508138,1577.97923045642,1666.35847084385
"AENJPLPP_03080",NA,"hypothetical protein",92.5234664843012,101.981019089,78.9329797676717,163.652365165481,142.21741629257,174.570887421737
"AENJPLPP_03095",NA,"hypothetical protein",31.2266699384517,41.5844932207573,42.6664755500928,80.9170027762657,72.4674732700996,73.399123120503
"AENJPLPP_03096",NA,"hypothetical protein",47.4182765732044,55.4459909610097,59.7330657701299,129.103532519435,125.912234806798,117.041844975937
"AENJPLPP_03099",NA,"hypothetical protein",5.78271665526883,13.8614977402524,11.7332807762755,23.6386749683473,21.7402419810299,25.7888810963929
"AENJPLPP_03100",NA,"hypothetical protein",54.357536559527,37.6240652949709,43.7331374388451,122.739273874111,87.8668113399958,95.2204840482201
"AENJPLPP_03101",NA,"hypothetical protein",20.8177799589678,16.8318186845922,25.5998853300557,33.6396528395711,21.7402419810299,17.8538407590413
"AENJPLPP_03103",NA,"hypothetical protein",17.3481499658065,26.7328884990583,33.0665185513219,57.2783278079184,51.633074704946,57.5290424457996
"AENJPLPP_03104",NA,"hypothetical protein",2.31308666210753,3.96042792578641,5.3333094437616,14.5468769035983,12.6818078222674,13.8863205903654
"AENJPLPP_03105",NA,"hypothetical protein",9.25234664843012,8.91096283301942,11.7332807762755,26.366214387772,24.4577722286586,33.7239214337446
"AENJPLPP_03106",NA,"hypothetical protein",26.6004966142366,21.7823535918252,25.5998853300557,90.9179806474896,56.1622917843272,71.415363036165
"AENJPLPP_03107",NA,"hypothetical protein",4.62617332421506,8.91096283301942,5.3333094437616,34.548832646046,30.7986761397923,25.7888810963929
"AENJPLPP_03109",NA,"hypothetical protein",37.0093865937205,62.3767398311359,47.9997849938544,69.0976652920921,64.3148825272134,60.5046825723065
"AENJPLPP_03115",NA,"hypothetical protein",2953.81166751132,2554.47601213223,2341.32284581134,371.854540848232,416.687971303073,401.711417078428
"AENJPLPP_03118",NA,"hypothetical protein",686.986738645937,683.173817198155,666.6636804702,328.213910137437,280.811458921636,302.523412861533
"AENJPLPP_03119","bin3_5","Putative transposon Tn552 DNA-invertase bin3",64.7664265390109,67.3272747383689,53.333094437616,53.6416085820189,51.633074704946,49.594002108448
"AENJPLPP_03120","umuC_3","Protein UmuC",670.795132011184,689.114459086835,735.996703239101,520.05084930364,434.804839620598,503.875061421831
"AENJPLPP_03121",NA,"hypothetical protein",123.750136422753,135.644656458184,149.332664425325,139.104510390659,121.383017727417,112.082444765092
"AENJPLPP_03123",NA,"hypothetical protein",11.5654333105377,19.802139628932,15.9999283312848,10.0009778712239,8.15259074288621,12.8944405481965
"AENJPLPP_03124","soj_3","Sporulation initiation inhibitor protein Soj",1382.06928060925,1260.40618738152,1194.6613154026,735.526463438191,782.648711317076,802.430954114688
"AENJPLPP_03125",NA,"hypothetical protein",1406.35669056138,1363.37731345197,1387.72711726677,627.334066467678,619.596896459352,625.876306608613
"AENJPLPP_03126",NA,"hypothetical protein",835.024285020819,804.956975916088,814.929683006773,1510.1476585548,1734.69014140301,1556.2597861631
"AENJPLPP_03133","yoeB","Toxin YoeB",5027.49386009072,5359.44909057046,5226.64325488637,706.432709630994,603.291714973579,636.786987072472
"AENJPLPP_03136",NA,"hypothetical protein",189.673106292818,275.249740842155,258.132177078062,90.0088008410147,93.3018718352532,83.3179235421926
"AENJPLPP_03137",NA,"hypothetical protein",308.797069391355,348.517657469204,312.53193340443,141.832049810084,133.158982133808,151.757646451851
"AENJPLPP_03138",NA,"hypothetical protein",55.5140798905807,64.3569537940291,49.0664468826067,16.3652365165481,14.4934946540199,18.8457208012102
"AENJPLPP_03139",NA,"hypothetical protein",47.4182765732044,42.5746002022039,49.0664468826067,43.640630710795,51.633074704946,63.4803226988134
"AENJPLPP_03140",NA,"hypothetical protein",10.4088899794839,16.8318186845922,17.0665902200371,8.18261825827406,8.15259074288621,16.8619607168723
"AENJPLPP_03141",NA,"hypothetical protein",33.5397566005592,33.6636373691845,33.0665185513219,24.5478547748222,12.6818078222674,31.7401613494067
"AENJPLPP_03142",NA,"hypothetical protein",15.035063303699,31.6834234062913,34.1331804400743,11.8193374841736,24.4577722286586,17.8538407590413
"AENJPLPP_03143",NA,"hypothetical protein",50.8879065663657,33.6636373691845,57.5997419926253,41.8222710978452,32.6103629715448,39.6752016867584
"AENJPLPP_03145",NA,"hypothetical protein",12.7219766415914,10.8911767959126,21.3332377750464,10.9101576776988,12.6818078222674,18.8457208012102
"AENJPLPP_03146",NA,"hypothetical protein",15.035063303699,20.7922466103786,19.1999139975418,14.5468769035983,9.96427757463869,18.8457208012102
"AENJPLPP_03147",NA,"hypothetical protein",5.78271665526883,2.97032094433981,12.7999426650278,9.09179806474896,5.43506049525747,5.95128025301375
"AENJPLPP_03148",NA,"hypothetical protein",16.1916066347527,17.8219256660388,23.466561552551,10.0009778712239,5.43506049525747,9.91880042168959
"AENJPLPP_03149",NA,"hypothetical protein",19.661236627914,11.8812837773592,20.2665758862941,30.0029336136716,26.2694590604111,26.7807611385619
"AENJPLPP_03151",NA,"hypothetical protein",72.8622298563872,55.4459909610097,60.7997276588823,53.6416085820189,67.9382561907184,58.5209224879686
"AENJPLPP_03152",NA,"hypothetical protein",53.2009932284732,35.6438513320777,40.5331517725882,30.0029336136716,39.8571102985548,35.7076815180825
"AENJPLPP_03153",NA,"hypothetical protein",54.357536559527,65.3470607754757,50.1331087713591,44.5498105172699,31.7045195556686,32.7320413915756
"AENJPLPP_03155",NA,"hypothetical protein",50.8879065663657,74.2580236084952,60.7997276588823,59.0966874208682,35.3278932191736,57.5290424457996
"AENJPLPP_03156",NA,"hypothetical protein",499.626719015227,449.508569576757,489.597806937315,374.582080267657,357.808149271117,382.865696277218
"AENJPLPP_03158",NA,"hypothetical protein",11.5654333105377,5.94064188867961,3.19998566625696,16.3652365165481,18.1168683175249,15.8700806747033
"AENJPLPP_03159",NA,"hypothetical protein",5.78271665526883,7.92085585157282,8.53329511001856,19.0927759359728,5.43506049525747,14.8782006325344
"AENJPLPP_03160",NA,"hypothetical protein",20.8177799589678,25.7427815176117,17.0665902200371,23.6386749683473,29.8928327239161,18.8457208012102
"AENJPLPP_03161",NA,"hypothetical protein",8.09580331737636,9.90106981446602,8.53329511001856,10.9101576776988,8.15259074288621,6.94316029518271
"AENJPLPP_03162",NA,"hypothetical protein",10.4088899794839,15.8417117031456,23.466561552551,6.36425864532427,13.5876512381437,5.95128025301375
"AENJPLPP_03164",NA,"hypothetical protein",41.6355599179356,31.6834234062913,47.9997849938544,55.4599681949686,40.762953714431,48.602122066279
"AENJPLPP_03165",NA,"hypothetical protein",28.9135832763441,46.5350281279903,40.5331517725882,30.9121134201465,42.5746405461835,31.7401613494067
"AENJPLPP_03166",NA,"hypothetical protein",137.628656395398,108.911767959126,113.066160207746,102.737318131663,83.3375942606146,85.3016836265305
"AENJPLPP_03168",NA,"hypothetical protein",43.9486465800431,52.4756700166699,30.9331947738173,20.9111355489226,19.9285551492774,16.8619607168723
"AENJPLPP_03174",NA,"hypothetical protein",289.135832763441,360.398941246563,340.26514251199,161.834005552531,222.837480305556,306.490933030208
"AENJPLPP_03176",NA,"hypothetical protein",200.081996272301,200.99171723366,207.999068306702,189.109399746778,214.68488956267,220.197369361509
"AENJPLPP_03178",NA,"hypothetical protein",371.250409268259,407.924076356,391.464913172102,347.30668607341,414.87628447132,353.109295012149
"AENJPLPP_03179",NA,"hypothetical protein",941.426271477765,939.611525392825,924.795857548262,843.718860408703,886.820704142844,785.568993397816
"AENJPLPP_03180",NA,"hypothetical protein",239.404469528129,313.863913118573,290.132033740631,278.209020781318,268.129651099369,321.369133662743
"AENJPLPP_03181","yxdL_3","ABC transporter ATP-binding protein YxdL",64.7664265390109,75.2481305899418,60.7997276588823,88.1904412280649,85.149281092367,67.4478428674892
